0	Welcome to The Final CountdownEnd-Time Events Timeline
6	Welcome to The Final CountdownEnd-Time Events Timeline
12	Welcome to The Final CountdownEnd-Time Events Timeline
18	Welcome to The Final CountdownEnd-Time Events Timeline
24	
30	
36	
42	
48	
54	
60	
66	
72	
78	
84	
90	
96	
102	MacKenzie DrebitVice President
108	MacKenzie DrebitVice President
114	
120	
126	
132	
138	
144	
150	
156	
162	DONATE
168	
174	DONATE
180	
186	DONATE
192	DONATE
198	DONATE• Tabea
204	DONATE• TabeaDeuffdpe!ZBehrt Gud!Neut mitv kei inten!
210	DONATE@ TabeaDeuffage!ABebri Gud!Soult mitt kei tuben!
216	DONATE• TabeaDeutfdfe!2Bebrt Guds!Nauit mitv tei fiaben!
222	DONATEQ TabeaDeutfafe!2Bebrt Gud!sanit mitt tei inben!
228	DONATE• TabeaDeutfafe!2Bebrt Gud!Haaft mitt bei taben!
234	DONATE• TabeaDeuffdfe!Z3ebrt Gud!sdgft mitt tei Siuben!
240	DONATEQ TabeaDeutfafe!2Bebrt Gud!Nault mity tei inben!
246	DONATEQ TabeaDeuffafe!2Bebrt Gud)!Saskt mitt bel Caben!
252	DONATE• TabeaDeutfdre!2Bebrt Gud!Nault mitt bei Caben!
258	DONATE• TabeaDeutfage!2Bebrt Gud)!Kauft mitt tei Sinben!
264	DONATE@ TabeaDeutfafe!2Bebrt Gud!Nault mitt tei inben!
270	DONATE• TabeaDeutfdfe!2Bebrt Gud!sicult mitt tei Sinben!
276	DONATEMacKenzie DrebitVice PresidentDeuffage!2Bebrt Gud!Stault mitl bei Caben!
282	DONATE• TabeaDeutfafe!2Bebrt Guố!siduit mitt tei Suben!
288	REVELATION 13:16, 17• 16 And he causeth all, both small and great, richand poor, free and bond, to receive a mark in theirright hand, or in their foreheads:• 17 And that no man might buy or sell, save hethat had the mark, or the name of the beast, or thenumber of his name.• Tabea
294	DONATEREVELATION 13:16, 17• 16 And he causeth all, both small and great, richand poor, free and bond, to receive a mark in theirright hand, or in their foreheads:• 17 And that no man might buy or sell, save hethat had the mark, or the name of the beast, or thenumber of his name.Thank You For Joining Us. Register here for study guides & future updates.finalcountdown.amazingdiscoveries.org
300	DONATEREVELATION 13:16, 17• 16 And he causeth all, both small and great, richand poor, free and bond, to receive a mark in theirright hand, or in their foreheads:• 17 And that no man might buy or sell, save hethat had the mark, or the name of the beast, or thenumber of his name.Thank You For Joining Us. Register here for study guides & future updates.finalcountdown.amazingdiscoveries.org
306	DONATEREVELATION 13:16, 17• 16 And he causeth all, both small and great, richand poor, free and bond, to receive a mark in theirright hand, or in their foreheads:• 17 And that no man might buy or sell, save hethat had the mark, or the name of the beast, or thenumber of his name.Thank You For Joining Us. Register here for study guides & future updates.finalcountdown.amazingdiscoveries.org
312	DONATEREVELATION 13:16, 17• 16 And he causeth all, both small and great, richand poor, free and bond, to receive a mark in theirright hand, or in their foreheads:• 17 And that no man might buy or sell, save hethat had the mark, or the name of the beast, or thenumber of his name.Thank You For Joining Us. Register here for study guides & future updates.finalcountdown.amazingdiscoveries.org
318	DONATEREVELATION 13:16, 17• 16 And he causeth all, both small and great, richand poor, free and bond, to receive a mark in theirright hand, or in their foreheads:• 17 And that no man might buy or sell, save hethat had the mark, or the name of the beast, or thenumber of his name.Thank You For Joining Us. Register here for study guides & future updates.finalcountdown.amazingdiscoveries.org
324	DONATEREVELATION 13:16, 17• 16 And he causeth all, both small and great, richand poor, free and bond, to receive a mark in theirright hand, or in their foreheads:• 17 And that no man might buy of sell, save hethat had the mark, or the name of the beast, or thenumber of his name.Thank You For Joining Us. Register here for study guides & future updates.finalcountdown.amazingdiscoveries.org
330	DONATEREVELATION 13:16, 17• 16 And he causeth all, both small and great, richand poor, free and bond, to receive a mark in theirright hand, or in their forcheads:• 17 And that no man might buy or sell, save hethat had the mark, or the name of the beast, or thenumber of his name.• Tabea
336	REVELATION 13:16, 17• 16 And he causeth all, both small and great, richand poor, free and bond, to receive a mark in theirright hand, or in their foreheads:• 17 And that no man might buy or sell, save hethat had the mark, or the name of the beast, or thenumber of his name.• Tabea
342	DONATEREVELATION 13:16, 17• 16 And he causeth all, both small and great, richand poor, free and bond, to receive a mark in theirright hand, or in their forcheads:• 17 And that no man might buy or sell, save hethat had the mark, or the name of the beast, or thenumber of his name.• Tabea
348	DONATEREVELATION 13:16, 17• 16 And he causeth all, both small and great, richand poor, free and bond, to receive a mark in theirright hand, or in their forcheads:• 17 And that no man might buy or sell, save hethat had the mark, or the name of the beast, or thenumber of his name.• Tabea
354	REVELATION 13:16, 17• 16 And he causeth all, both small and great, richand poor, free and bond, to receive a mark in theirright hand, or in their forcheads:• 17 And that no man might buy or sell, save hethat had the mark, or the name of the beast, or thenumber of his name.• Tabea
360	REVELATION 13:16, 17• 16 And he causeth all, both small and great, richand poor, free and bond, to receive a mark in theirright hand, or in their forcheads:• 17 And that no man might buy or sell, save hethat had the mark, or the name of the beast, or thenumber of his name.• Tabea
366	REVELATION 13:16, 17• 16 And he causeth all, both small and great, richand poor, free and bond, to receive a mark in theirright hand, or in their foreheads:• 17 And that no man might buy or sell, save hethat had the mark, or the name of the beast, or thenumber of his name.• Tabea
372	REVELATION 13:16, 17• 16 And he causeth all, both small and great, richand poor, free and bond, to receive a mark in theirnight hand, or in their forcheads:• 17 And that no man might buy or sell, save hethat had the mark, or the name of the beast, or thenumber of his name.• Tabea
378	DONATEREVELATION 13:16, 17• 16 And he causeth all, both small and great, richand poor, free and bond, to receive a mark in theirright hand, or in their forcheads:• 17 And that no man might buy or sell, save hethat had the mark, or the name of the beast, or thenumber of his name.• Tabea
384	DONATEREVELATION 13:16, 17• 16 And he causeth all, both small and great, richand poor, free and bond, to receive a mark in theirright hand, or in their foreheads:• 17 And that no man might buy or sell, save hethat had the mark, or the name of the beast, or thenumber of his name.
390	REVELATION 13:16, 17• 16 And he causeth all, both small and great, richand poor, free and bond, to receive a mark in theirright hand, or in their foreheads:• 17 And that no man might buy or sell, save hethat had the mark, or the name of the beast, or thenumber of his name.
396	DONATETHEFINALCOUNTDOWNEND-TIME EVENTS TIMELINEBE READY FORTHEIR NEXT MOVE
402	DONATETHEFINALCOUNTDOWNEND -TIME EVENTSTIMELINEBE READY FORTHEIR NEXT MOVE
408	DONATETHEFINALCOUNTDOWNEND -TIME EVENTSTIMELINEBE READY FORTHEIR NEXT MOVE
414	DONATETHEFINALCOUNTDOWNEND-TIME EVENTSTIMELINEBE READY FORTHEIR NEXT MOVE
420	DONATETHEFINALCOUNTDOWNEND •TIME EVENTS TIMELINEBE READY FORTHEIR NEXT MOVE
426	DONATETHEFINALCOUNTDOWNEND-TIME EVENTS TIMELINEBE READY FORTHEIR NEXT MOVE
432	DONATETHEFINALCOUNTDOWNEND-TIME EVENTSTIMELINEBE READY FORTHEIR NEXT MOVE
438	DONATETHEFINALCOUNTDOWNEND-TIME EVENTSTIMELINEBE READY FORTHEIR NEXT MOVE
444	DONATETHEFINALCOUNTDOWNEND-TIME EVENTSTIMELINEBE READY FORTHEIR NEXT MOVE
450	DONATETHEFINALCOUNTDOWNEND -TIME EVENTSTIMELINEBE READY FORTHEIR NEXT MOVE
456	DONATETHEFINALCOUNTDOWNEND -TIME EVENTSTIMELINEBE READY FORTHEIR NEXT MOVE
462	
468	
474	
480	DONATE
486	DONATE
492	DONATE
498	
504	DONATEMacKenzie DrebitVice President
510	DONATEMacKenzie DrebitVice President
516	
522	
528	DONATE
534	DONATEYou're Watching The Final CountdownEnd-Time Events Timeline
540	DONATEYou're Watching The Final CountdownEnd-Time Events Timeline
546	
552	
558	DONATE
564	DONATE
570	
576	DONATE
582	
588	DONATE
594	DONATE
600	DONATE
606	DONATE
612	DONATE
618	DONATE
624	DONATE
630	
636	
642	DONATEAmericasPropheticDestiny.amazingdiscoveries.org
648	DONATEAmericasPropheticDestiny.amazingdiscoveries.org
654	DONATEAmericasPropheticDestiny.amazingdiscoveries.org
660	
666	
672	DONATE
678	
684	
690	DONATE
696	DONATEGet our free resources - in digital or print:finalcountdown.amazingdiscoveries.org.
702	DONATEGet our free resources - in digital or print:finalcountdown.amazingdiscoveries.org.
708	
714	DONATE
720	DONATE
726	DONATE
732	
738	
744	
750	
756	
762	
768	
774	
780	
786	
792	DONATE
798	
804	
810	
816	DONATE
822	DONATE
828	
834	
840	
846	
852	DONATEREVELATION 13:16, 17• 16 And he causeth all, both small and great, rich andpoor, free and bond, to receive a mark in their righthand, or in their loreheads:• 17 And that no man might buy or sell, savehe that had the mark, or the name of the beast, or thenumber of his name.
858	REVELATION 13:16, 17• 16 And he causeth all, both small and great, rich andpoor, free and bond, to receive a mark in their righthand, or in their foreheads:• 17 And that no man might buy or sell, savehe that had the mark, or the name of the beast, or thenumber of his name.
864	REVELATION 13:16, 17• 16 And he causeth all, both small and great, rich andpoor, free and bond, to receive a mark in their righthand, or in their foreheads:• 17 And that no man might buy or sell, savehe that had the mark, or the name of the beast, or thenumber of his name.
870	REVELATION 13:16, 17• 16 And he causeth all, both small and great, rich andpoor, free and bond, to receive a mark in their righthand, or in their foreheads:• 17 And that no man might buy or sell, savehe that had the mark, or the name of the beast, or thenumber of his name.
876	REVELATION 13:16, 17• 16 And he causeth all, both small and great, rich andpoor, free and bond, to receive a mark in their righthand, or in their foreheads:• 17 And that no man might buy or sell, savehe that had the mark, or the name of the beast, or thenumber of his name.
882	REVELATION 13:16, 17• 16 And he causeth all, both small and great, rich andpoor, free and bond, to receive a mark in their righthand, or in their foreheads:• 17 And that no man might buy or sell, savehe that had the mark, or the name of the beast, or thenumber of his name.
888	REVELATION 13:16, 17• 16 And he causeth all, both small and great, rich andpoor, free and bond, to receive a mark in their righthand, or in their foreheads:• 17 And that no man might buy or sell, savehe that had the mark, or the name of the beast, or thenumber of his name.
894	REVELATION 13:16, 17• 16 And he causeth all, both small and great, rich andpoor, Iree and bond, to receive a mark in their righthand, or in their foreheads:• 17 And that no man might buy or sell, savehe that had the mark, or the name of the beast, or thenumber of his name.
900	REVELATION 13:16, 17• 16 And he causeth all, both small and great, rich andpoor, free and bond, to receive a mark in their righthand, or in their foreheads:• 17 And that no man might buy or sell, savehe that had the mark, or the name of the beast, or thenumber of his name.
906	REVELATION 13:16, 17• 16 And he causeth all, both small and great, rich andpoor, free and bond, to receive a mark in their righthand, or in their foreheads:• 17 And that no man might buy or sell, savehe that had the mark, or the name of the beast, or thenumber of his name.
912	REVELATION 13:16, 17• 16 And he causeth all, both small and great, rich andpoor, free and bond, to receive a mark in their righthand, or in their foreheads:• 17 And that no man might buy or sell, savehe that had the mark, or the name of the beast, or thenumber of his name.
918	REVELATION 13:16, 17• 16 And he causeth all, both small and great, rich andpoor, free and bond, to receive a mark in their righthand, or in their foreheads:• 17 And that no man might buy or sell, savehe that had the mark, or the name of the beast, or thenumber of his name.
924	DONATE
930	DONATE
936	DONATE
942	DONATE
948	DONATE000005
954	DONATE
960	DONATE
966	DONATE
972	DONATE
978	DONATE
984	DONATE
990	DONATE
996	DONATE
1002	DONATE
1008	DONATE
1014	DONATE
1020	DONATE
1026	DONATE
1032	DONATE
1038	DONATE
1044	DONATE
1050	DONATE
1056	DONATE
1062	DONATE
1068	DONATE
1074	DONATE
1080	DONATE
1086	DONATE
1092	DONATE
1098	DONATE
1104	DONATE
1110	DONATE
1116	DONATEODDG
1122	DONATE
1128	DONATE
1134	DONATE
1140	DONATE
1146	DONATE
1152	DONATE
1158	DONATE
1164	0909200DONATE
1170	DONATE
1176	DONATE
1182	DONATE
1188	DONATE
1194	DONATE
1200	DONATE
1206	DONATE
1212	DONATE0000@000
1218	DONATE
1224	DONATE
1230	DONATE
1236	DONATE
1242	DONATE
1248	00000000DONATE
1254	DONATE
1260	DONATE
1266	DONATE
1272	DONATE
1278	DONATE
1284	DONATE
1290	DONATE
1296	DONATE
1302	DONATE
1308	DONATE
1314	DONATE
1320	DONATE
1326	DONATE
1332	DONATE
1338	DONATE
1344	DONATE0040900
1350	DONATE
1356	DONATE
1362	DONATE
1368	DONATE
1374	DONATEOD0G
1380	DONATE
1386	DONATE
1392	DONATE0000
1398	DONATE
1404	DONATE
1410	DONATEThank You For Joining Us. Register here for study guides & future updates.finalcountdown.amazingdiscoveries.org
1416	DONATEThank You For Joining Us. Register here for study guides & future updates.finalcountdown.amazingdiscoveries.org
1422	DONATEThank You For Joining Us. Register here for study guides & future updates.finalcountdown.amazingdiscoveries.org
1428	DONATEThank You For Joining Us. Register here for study guides & future updates.finalcountdown.amazingdiscoveries.org
1434	DONATEThank You For Joining Us. Register here for study guides & future updates.finalcountdown.amazingdiscoveries.org
1440	
1446	
1452	
1458	
1464	
1470	
1476	
1482	DONATEADVENTIST HOME P.373• Educate our people to get out of the citiesinto the country, where they can obtain a smallpicce of land and make a home for themselvesand their children.
1488	DONATEADVENTIST HOME P.373• Educate our people to get out of the citiesinto the country, where they can obtain a smallpiece of land and make a home for themselvesand their children.
1494	DONATEADVENTIST HOME P.373• Educate our people to get out of the citiesinto the country, where they can obtain a smallpiece of land and make a home for themselvesand their children.
1500	DONATEADVENTIST HOME P.373• Educate our people to get out of the citiesinto the country, where they can obtain a smallpiece of land and make a home for themselvesand their children.
1506	DONATEADVENTIST HOME P.373• Educate our people to get out of the citiesinto the country, where they can obtain a smallpiece of land and make a home for themselvesand their children.
1512	DONATEADVENTIST HOME P.373• Educate our people to get out of the citiesinto the country, where they can obtain a smallpiece of land and make a home for themselvesand their children.
1518	DONATEADVENTIST HOME P.373• Educate our people to get out of the citiesinto the country, where they can obtain a smallpiece of land and make a home for themselvesand their children.
1524	DONATEADVENTIST HOME P.373• Educate our people to get out of the citiesinto the country, where they can obtain a smallpiece of land and make a home for themselvesand their children.
1530	DONATEADVENTIST HOME P.373• Educate our people to get out of the citiesinto the country, where they can obtain a smallpiece of land and make a home for themselvesand their children.
1536	ADVENTIST HOME P.373• Educate our people to get out of the citiesinto the country, where they can obtain a smallpiece of land and make a home for themselvesand their children.
1542	DONATEADVENTIST HOME P.373• Educate our people to get out of the citiesinto the country, where they can obtain a smallpiece of land and make a home for themselvesand their children.
1548	DONATEADVENTIST HOME P.373• Educate our people to get out of the citiesinto the country, where they can obtain a smallpiece of land and make a home for themselvesand their children.
1554	DONATEADVENTIST HOME P.373• Educate our people to get out of the citiesinto the country, where they can obtain a smallpiece of land and make a home for themselvesand their children.
1560	DONATEADVENTIST HOME P.373• Educate our people to get out of the citiesinto the country, where they can obtain a smallpiece of land and make a home for themselvesand their children.
1566	DONATEADVENTIST HOME P.373• Educate our people to get out of the citiesinto the country, where they can obtain a smallpiece of land and make a home for themselvesand their children.
1572	DONATEADVENTIST HOME P.373• Educate our people to get out of the citiesinto the country, where they can obtain a smallpiece of land and make a home for themselvesand their children.
1578	DONATEADVENTIST HOME P.373• Educate our people to get out of the citiesinto the country, where they can obtain a smallpiece of land and make a home for themselvesand their children.
1584	
1590	
1596	
1602	
1608	
1614	
1620	DONATE
1626	
1632	
1638	
1644	DONATE
1650	
1656	
1662	
1668	DONATE
1674	
1680	
1686	
1692	
1698	
1704	
1710	
1716	
1722	
1728	
1734	
1740	
1746	
1752	
1758	
1764	
1770	
1776	
1782	DONATE
1788	.-DONATE
1794	0) F folormelDONATE90 м 201
1800	DONATEoA folonme (M...xasame
1806	O R folonme(MDONATE...
1812	DONATEO P folonme
1818	DONATEKev 13:O Q Fotow me
1824	DONATEKev 13: 17Ô Q Follow me
1830	0 P folonmeDONATEP0M-Sm
1836	O 0 Fotow melDONATENEV13:17LL LIFESSign Up for notifications and study guides:finalcountdown.amazingdiscoveries.org
1842	O 0 Fotow meDONATENEV13:17No Buy-ASign Up for notifications and study guides:finalcountdown.amazingdiscoveries.org
1848	O Q Fotow meDONATENEV13:17No Bay-No SellLE CELOSign Up for notifications and study guides:finalcountdown.amazingdiscoveries.org
1854	NEV1B: No Buy -No Sel© Q Folow me
1860	Ô Q Fotow meNCV13:N No Buy-No SelПOM9RO©9 +
1866	O) @ fotonmelDONATE...
1872	DONATEwe .Ô Q Fotoume
1878	0 P folorme (MDONATEWe AreHere2025
1884	an folonme (MDONATEwe AreHere2025xtand
1890	DONATEWe AreHere2025we To owmN
1896	DONATEwe AreHere2025O 0 Fotowme CN.
1902	DONATEwe AreHere2025N.
1908	DONATEwe AreHere2025OR folonme (NeN.
1914	DONATEwe AreHere2025N.
1920	DONATEwe AreHere2025O Q Folowme CN. S.L.
1926	DONATEwe AreHere2025O C Fotowme CN.S.L.
1932	DONATEWe AreHere2025OA folonme (MN.S.L.
1938	DONATEwe AreHere2025O Fotowme CN.S.L.
1944	DONATEWe AreHere2025O 0 FotowmeN.S.L.Ф0.
1950	DONATEwe AreHere2025N.S.L.123 4 56720 90 X5т
1956	DONATEWe AreHere2025N.S.L.ast Plaques23|45167
1962	DONATEwe AreHere2025N. S.L.Reu 15,Last Plagues121314751677. 0
1968	DONATEWe AreHere2025N.S.L.O 0 Fotowme CReu 15,16Last Plaques1234/5167
1974	DONATEWe AreHere2025N.S.L.O 0 Fotoume CReu 15,16Last Plaques12|3 475167
1980	DONATETime ofwe AreHere2025N.S.L.O @ Fotowme CReu 15,16Last Plaques12134751677... SM
1986	O C Fotonme CDONATETime of Trouble"N.S.L.We AreHere2025Reu 15,16Last Plaques12 3 41567. 0
1992	O Q Fotowme CDONATETime of Trouble"N.S.L.we AreHere2025Reu 15,16Last Plaques12 3 41567
1998	O Q Fotowme CDONATETime of TroubleN.S.L.we AreHere2025Reu 15,16Last Plaques12 3 4/567
2004	O Q Folowme CDONATETime of Trouble"?N.S.L.We AreHere2025Reu 15,16Last Plaques112 3 475167. 0
2010	DONATETime of Trouble"?N.S.L.We AreHere2025Reu 15,16Last Plaques121314/51670 .
2016	O 0 Folowme CDONATETime of Trouble" ?N.S.L.we AreHere2025Reu 15,16Last Plaques2 3 4/5|67?
2022	DONATETime of Trouble" ?N. S.L.we AreHere2025"Close oReu 15,16Last Plaques1123 4751617
2028	DONATETime of Trouble"?N.S.L.We AreHere2025"Close ofProbationReu 15,16Last Plaques12 3 41567
2034	DONATETime of Trouble"?N. S.L.We AreHere20251o one"Close ofProbationReu 15,16Last Plaques12 3 415|67
2040	DONATETime of Trouble"?N. S.L.we AreHere2025O Q Fotorme C"Close ofProbationReu 15,16Last Plaques12 3 475|67?
2046	DONATETime of Trouble"?N. S.L.we AreHere2025Mao on me"Close ofProbationReu 15,16Last Plaques12 3 415|67
2052	DONATETime of Trouble"?N.S.L.We AreHere2025"Close ofProbationReu 15,16Last Plaques12 3 415|67
2058	DONATETime of Trouble"?N.S.L.(NoRWe AreHere2025© @ Folow me"Close ofProbationReu 15,16Last Plaques2 3 4/5|67
2064	DONATETime of Trouble"?N. S.L(No Buy No Sellwe AreHere2025• @ Folow me"Close ofProbationReu 15, 16Last Plaques12 3 4/5|67. 0
2070	DONATETime of Trouble"?N. S.L(No Buy No Sell)We AreHere2025Ô @ Folowme |"Close ofProbationReu 15,16Last Plaques• 1213)4/5167
2076	DONATETime of Trouble"?N. S.L(No Buy No SEll)We AreHere2025"Close ofProbationReu 15,16Last Plaques• 2 3 4/567
2082	DONATETime of Trouble"?N. S.L(No Buy No Sell)we AreHere2025"Close of ..ProbationReu 15,16Last Plaques12 3 475|67Jacobs Tr20 90 же
2088	DONATETime of Trouble"?N. S.L(No Buy No Sell)We AreHere2025"Close ofProbationReu 15,16Last Plaques12 3 4Y5|67(Jacobs Trouble)
2094	DONATETime of Trouble"?N. S.L(No Buy No Sell)we AreHere2025in Soronm"Close ofProbationReu 15, 16Last Plaques23475167(Jacobs Troable)20 90 кон
2100	DONATETime of Trouble" ?N. S.L(No Buy No Sell)We AreHere2025"Close ofProbationReu 15,16Last Plaques11213)4/567(Jacobs Trouble)
2106	DONATETime of Trouble"?we AreHere2025in losonme"Close ofProbationReu 15,16Last Plaques2 3 475|67
2112	aM fotonme (MDONATEWe AreHere2025Reu 15,16Last Plaques12 3 475|67. 0
2118	Ô Q Fotowme CDONATEKev13:17No Buy-No Selltp vergCOC AADT ÇOM
2124	Ô Q Folow meDONATEKev13:171No Buy-No Selay wanSOM9AOP0 %
2130	O Q Folow meDONATEKev13:17No Buy - No SellDors thTOMORO
2136	© @ Folow meDONATEKev13:17No Buy - No Sell boDors this happenEngage With Us!Write your questions in the chat.
2142	DONATEKev13:17No Buy - No Sell befor orDors this happenEngage With Us!Write your questions in the chat.TOMORO
2148	DONATEKevDoes this happen13:17No Buy - No Sel befer or after CO.PEngage With Us!Write your questions in the chat.TOMOO
2154	© @ Folow meDONATEKevDoes this happenNo Buy - No Sel befor or after CO.P.••0
2160	DONATEKevDors this happen13:17No Buy - NoSe befer or after CO.P.
2166	DONATEKevDors this happen13:17No Buy - No Sell boder or after CO.P.?
2172	© @ Folow meDONATEnevDoes this happen13:17No Buy -No Sell refor or after CO.P?• $0
2178	DONATEClos
2184	Close of Probation
2190	O Q Fotowme CClose of Probation
2196	O Folow meClose of ProbationB.009+
2202	O 0 Folowme CClose of Probation
2208	"Close of Probation• .
2214	O 0 Folowme CClose of Probation
2220	O 0 Fotowme CClose of Probation• .
2226	Close of Probation
2232	O folow meClose of Probation,. 090 +
2238	O Q Folowme CClose of Probation
2244	Close of ProbationP0M XAN
2250	O C FotowmeClose of ProbationM. H.99090-
2256	Close of ProbationM. H.P - DavMOMOAOФO--I.
2262	Close of ProbationM.H.P - Day of AtonemeSOMeBOO--I.90 AM
2268	Close of ProbationM.H.P - Day of AtonementMOMOДO9O.N
2274	O Q FolowmeClose of ProbationM.H.P - Day of Atonement
2280	Close of ProbationM. H.P - Day of AtonementTOMOROCO
2286	in SorowmeClose of ProbationM. H.P - Day of Atonement1..:
2292	Close of ProbationM.H.P - Day of Atonement
2298	Close of ProbationM.H.P - Day of Atonement1.:
2304	Close of ProbationM.H.P - Day of AtonementI.
2310	Close of ProbationM.H.P - Day of Atonement20 SHON
2316	Close of ProbationM.H.P - Day of Atonement
2322	Close of ProbationM.H.P - Day of Atonement
2328	Close of Probationin M. H.P - Day of AtonementTOMOROCCI.P0.
2334	Close of Probationin M.H.P - Day of AtonementWhen9.090+
2340	Close of Probationin M. H.P - Day of AtonementWhen this E1.:
2346	Close of Probationin M.H.P - Day of AtonementWhen this Ends, P1. :
2352	Close of Probationin M. H.P - Day of AtonementWhen this Ends, Probation Clo-I.:
2358	in To ormeClose of Probationin M. H.P - Day of AtonementWhen this Ends, Probation ClosesTOMATOESI.
2364	DONATE
2370	Close of Probationin M.H.P - Day of AtonementWhen this Ends, Probation Closes
2376	a # folonme Min M. H.P - Day of AtonementWhen this Ends, Probation ClosesRin No Buy tri Bes this happenor after
2382	DONATEin M.H.P - Day of AtonementWhen this Ends, Probation ClosesProbatiI this happen
2388	DONATEin M.H.P - Day of AtonementWhen this Ends, Probation ClosesProbation OPenReu N. ButI this happen
2394	DONATEin M.H.P - Day of AtonementWhen this Ends, Probation ClosesProbation OPen-Repethis happen
2400	DONATEin M. H.P - Day of AtonementWhen this Ends, Probation ClosesProbation OPen-Repent & ChangeRev Na Buenthis happen© 0+
2406	DONATEin M. H.P - Day of AtonementWhen this Ends, Probation ClosesProbation OPen-Repent & ChangeRev N. Ruethis happen90 г
2412	DONATEin M. H.P - Day of AtonementWhen this Ends, Probation ClosesProbation OPen-Repent & ChangeRev Na Butthis happen
2418	DONATEhappen
2424	DONATEKev13: 171No Buy- No Sell Dos thishappen» befor or after CO.P?
2430	DONATEKev13: 171No Buy -No Sell Doss thishappen, befor or after COp?
2436	DONATEKev13:17 No Buy - No SellDors thishappenbefor or after CO.P?
2442	© @ Folow me1B: No Buy - No Sell Poor or afer CO.P?
2448	DONATEKev13: 171happen
2454	DONATEhappen1.T No Buy-NoSe Dofor or after CO.P?
2460	Kev13: 17No Buy- No Sell Dos thishappenbefor or after CO.P?0 -
2466	DONATEKev13: 171No Bay-No Sell Dos thishappen→ befor or after CO.P?
2472	DONATEKev13: 171No Buy - No Sell Dos thishappenbefor or after CO.P?Marl90 - XAN
2478	DONATEKev13:17No Buy -No Sell Does this happen→ befor or after CO.P?Mark of Beast
2484	DONATEKevNo Buy - No Sell Doss thishappen13:17→ befor or after COp?Mark of Beast
2490	DONATEKev13: 171No Buy -NoSell Doss this happen→ befor or aster COD?MarK of Beast
2496	DONATEKevhappen13:17No Buy-No Sal Poder o afer cO.P?Mark of Beast
2502	DONATEKevhappen13:17No Buy-No Sall Poor or afer cO.P?Mark of Beast• $0
2508	DONATEKev13:17No Buy-NoSell Doss this happen→ befor or after CO.P.?Mark of Beast
2514	DONATEKev13:17No Buy-No Sell Doss thishappen→ befor or after CO.P.?Mark of Beast
2520	DONATEKev13:17No Buy - No Sell Doss thishappen→ befor or after COp?Mark of Beast1 0
2526	DONATEKev13:17No Buy - NoSell Doss this happen• befor or after CO.P.?MarK of Beast
2532	DONATEKevNo Buy - No Sell Doss thishappen13:17> befor or after COD?Mark of Beast0 ×
2538	DONATEKev13:17No Buy-No Sell Doss thishappen→ befor or after COD?MarK of Beast
2544	DONATEKev13:17No Buy -NoSell Doss this happen→ befor or after CO.D?Mark of Beast
2550	DONATEKev13:17No Buy-NoSe Peter as afer cap?Mark of Beast
2556	DONATEKev13:17No Buy-NoSe Peter as afer cap?MarK of Beast
2562	DONATEKevhappen13:17No Buy-No Sell Poor or afer co.P?Mark of Beast00. SM
2568	DONATEKev13: 171No Buy - No Sell Doss thishappen→ befor or enter COp?Mark of Beast
2574	DONATEKev13:17Mark of Beasthappen
2580	DONATEKev13: 171No Buy - No Sell Doss thishappen→ befor or after CO.P.?Mark of Beast
2586	DONATEKev13: 17No Buy No Sell Dos this happenbefor or after CO.P?Mark of Beast
2592	DONATEKev13:17No Buy - No Sell Doss thishappen→ befor or aster COPSMark of Beast
2598	DONATEKev13:17No Buy-NoSell Doss this happen» befor or after CO.P.!Mark of Beast
2604	DONATEKev13:17No Buy -NoSell Doss this happen→ befor or after CO.P.?Mack of BeastRev
2610	@ Follow meDONATEKev13:17No Buy - No Sell Does this happenb befor or after COp?MacK of BeastRev 14:9
2616	DONATEKev13:17Mack of BeastRev 14:9,10 3'0 -
2622	DONATEKev13:171Mack of BeastRev 14:9,10 3rd Angel-
2628	© @ Folow meMark of BeastRev 14: 9,10 3rd AngelTOMORO90 » 30N
2634	DONATEKev13:17No Buy-NoSell Doss this happenb befor or after C.O.P!Mack of BeastRev 14:9,10 3rd Angel "Those wit. 0$ 3
2640	Mack of BeastRev 14:9,10 31d Angel "Those withthe Mark. 0MO"090 » Хом
2646	DONATEKev13:17No Buy-NoSell Does this happenb befor or after CO.P?MacK of BeastRev 14:9,10 3rd Angel "Those withthe MarK will receive. 0
2652	DONATEKev13: 171No Buy - No Sell befer or after CO.P?Mack of BeastRev 14:9,10 3rd Angel "Those withthe Mark will receive wine/0 +
2658	DONATEKev13:17No Buy-NoSell Does this happenb befor or after CO.P.!Mack of BeastRev 14: 9,10 3rd Angel "Those withthe MarK will receive wine wrath of Goc
2664	DONATEKev13: 17No Buy-No Sell Does this happeno befor or after CO.P.!Mack of BeastRev 14: 9,10 3rd Angel Those withthe Mark will receive wine wrath of Goe
2670	DONATEKev13: 171No Buy -No Sell Does this happenb befor or after CO.P.!Mack of BeastRev 14: 9,10 3rd Angel (Those withthe Mark will receive wine wrath of Goc
2676	DONATEKev13:17No Buy- No Seb befor or after CO.P.?Mark of BeastRev 14: 9,10 3rd Angel (Those withthe MarK will receive wine/wrath of GoeCheck outjudgmentdaydocumentary.com
2682	DONATE13:1 No Buy -NoSe befor or affer CO.P.?Mack of BeastRev 14: 9,10 3rd Angel (Those withthe MarK will receive wine wrath of GocCheck outjudgmentdaydocumentary.com
2688	DONATEKev13:171No Buy -NoSell Doss this happeno befor or after COp!MarK of BeastRev 14: 9,10 3rd Angel (Those withthe Mark will receive wine wrath of GoeCheck outjudgmentdaydocumentary.comTOMORO
2694	DONATEKev13: 17'No Buy-No Sell Does this happenb befor or after COP!MacK of BeastRev 14: 9,10 3rd Angel (Those withthe MarK will receive wine/wrath of GoeCheck outjudgmentdaydocumentary.comTOMORO
2700	DONATECheck outjudgmentdaydocumentary.com
2706	
2712	DONATE
2718	DONATE
2724	DONATE
2730	DONATE
2736	DONATE
2742	DONATE
2748	DONATE
2754	DONATE
2760	
2766	DONATE
2772	
2778	
2784	
2790	DONATE
2796	DONATE
2802	DONATE
2808	DONATEDors thishappen3: 17 No Buy-No Sel befor or after CO.P!Mack of BeastRev 14:9,10 3rà Angel (Those withthe MarK will receive wine/wrath of God.)
2814	DONATERev 14:9,10 31d Angel (Those withthe Mark will receive wine/wrath of GoeRe99+-
2820	DONATEMarA vengRev 14:9,10 3rd Angel (Those withthe Mark will receive wine/wrath of GoeRev18:1-4с том жен
2826	DONATERev 14:9,10 3rd Angel (Those withthe Mark will receive wine/wrath of GoxReu 18: 1-4 "Come O
2832	0 0 fotow meDONATERev 14: 9,10 3rd Angel (Those withthe Mark will receive wine /wrath of GoxRev18: 1-4 "Come Out"25 900 жен
2838	DONATEMars beaDRev 14: 9,10 3rd Angel (Those withthe Mark will receive wine/wrath of GoeRev18: 1-4 "Come Out"Dont rece
2844	DONATEMars DeaDRev 14: 9,10 3rd Angel (Those withthe Mark will receive wine/wrath of GoxRev18: 1-4 "Come Out"Dont receive the Mar
2850	DONATEMark y veaDRev 14:9,10 3rd Angel (Those withthe MarK will receive wine/wrath of GoeRev 18: 1-4 "Come Out".Dont receive the MarKTOMOR
2856	DONATEMars on beasRev 14:9,10 31à Angel (Those withthe Mark will receive wine/wrath of GoxReu 18: 1-4 "Come Out".Dont receive the MarKD POM SON
2862	DONATEMars beasRev 14: 9,10 3rd Angel (Those withthe Mark will receive wine/wrath of GoeRev18: 1-4 "Come Out".Dont receive the MarK9 90 м жет
2868	DONATEMars evenRev 14: 9,10 318 Angel (Those withthe Mark will receive wine /wrath of GoeReu 18: 1-4 "Come Out".Dont receive the MarK25 901 жем
2874	DONATEMarty beasRev 14: 9,10 3rd Angel (Those withthe Mark will receive wine/wrath of GoRev18: 1-4 "Come Out".Dont receive the Mar K20 900 кам
2880	DONATEMark a veaRev 14: 9,10 3rd Angel (Those withthe Mark will receive wine/wrath of GoeRev18: 1-4 "Come Out".Dont receive the MarK0 +
2886	DONATEMars evenRev 14: 9,10 3rd Angel (Those withthe Mark will receive wine/wrath of GoeRev18: 1-4 "Come Out"Dont receive the MarKAngel
2892	DONATEMarty beasRev 14:9,10 318 Angel (Those withthe Mark will receive wine/wrath of GoeReu18:1-4 "Come Out".Dont receive the MarKAngel0 -90 10 ×0M
2898	DONATE
2904	DONATE
2910	
2916	
2922	
2928	DONATE
2934	DONATE
2940	DONATEwe AreHere2025Rey 15,16Last Plagues0234/567When this Ends, ProbationCloseProbation OPen—Repent & Changehoppenle Mark will receire wine/wath of GeRev 18:1-4 "Come Out"Dont receive the MarK
2946	DONATEReu 15,16Last Plaques2 3 47516713:17RevRe
2952	DONATEO M fotowm13:17Reu 15,16Last Plaques2345|67wine/RevReTOMADO
2958	DONATEReu 15,16Last Plaques2345|67(wine/wrath of GeTOMORO13:17RevRe
2964	DONATEReu 15,16Last Plaques2 3 4/5|67(wine/wrath of God)TOMORO13:17RevRe
2970	DONATERev 15,16Last Plaques2 3 4/5|67(wine/wrath of God)TOMORO13:17RevKei
2976	DONATEReu 15,16Last Plaques2 3 4/5|67(wine/wrath of God), •913:17Rev+Kei25 900 3т
2982	DONATE0 A folonm13:17Rev 15,16Last Plaques2 3 4/5|67(wine/wrath of God)Rev+KeiTOMORO
2988	DONATEReu 15,16Last Plaques2 3 4/5|67(wine/wrath of God)TOMOO13:17Rev+Kei
2994	DONATEReu 15,16Last Plaques234/567(wine/wrath of God)Ô 1 Folow me13:17RevKeiTOMORO
3000	DONATEReu 15,16Last Plaques2 3 4/5|67(wine/wrath of God)TOMORO13:17Rev+Kei
3006	DONATE0 M fotonm13:17Reu 15,16Last Plaques•2 3 4/5|67(wine/wrath of God)Rev+KeiTOMORO
3012	DONATEa M folonm13:17Reu 15,16Last Plaques2 3 4/5|67(wine/wrath of God)Rev+Kei90 г.
3018	DONATEReu 15,16Last Plaques234/5|67(wine/wrath of God). 00 +NEV13:17 NgRev lthRev
3024	"Close of Probationin M. H.P - Day of AtonementWhen this Ends, Probation ClosesProbation OPen -Repent & ChangeRev AlE:is happenN 904 AN
3030	DONATEClose of Probationin M.H.P - Day of AtonementWhen this Ends, Probation ClosesProbation OPen -Repent & ChangeRev N... inthis happenonce alter.
3036	DONATEClose of Probationin M. H.P - Day of AtonementWhen this Ends, Probation ClosesProbation OPen —Repent & Change... inRei Nọthis happenone altar.
3042	DONATEClose of Probationin M.H.P - Day of AtonementWhen this Ends, Probation ClosesProbation OPen —Repent & ChangeRev N•n. inthis happen9003 - Hera
3048	DONATEClose of Probationin M. H.P - Day of AtonementWhen this Ends, Probation ClosesProbation OPen -Repent & ChangeRen Nọthis happenpore allar
3054	DONATEClose of Probationin M. H.P - Day of AtonementWhen this Ends, Probation ClosesProbation OPen —Repent & ChangeRev Nthis happenone alter.
3060	DONATEClose of Probationin M. H.P - Day of AtonementWhen this Ends, Probation ClosesProbation OPen —Repent & ChangeRev Nthis happenone altar
3066	DONATEClose of Probationin M. H.P - Day of AtonementWhen this Ends, Probation ClosesProbation OPen —Repent & ChangeRev N... inthis happenpone alar
3072	DONATEClose of Probationin M. H.P - Day of AtonementWhen this Ends. Probation ClosesProbation OPen —Rev 15:5Repent & ChangeRev Ns this happen,. 0goes alter
3078	DONATEClose of Probationin M. H.P - Day of AtonementWhen this Ends, Probation ClosesProbation OPen -Repent & ChangeKev. No Buy ts happen• 20 901 мін
3084	DONATEClose of Probationin M. H.P - Day of AtonementWhen this Ends, Probation ClosesProbation OPen -Repent & ChangeRev No Buy tis happenNobow mReu 1S:
3090	DONATEClose of Probationin M.H.P - Day of AtonementWhen this Ends, Probation ClosesProbation OPen -Repent & ChangeKev No Buy tis happen99% 2Rev 15: 57
3096	DONATEClose of Probationin M. H.P - Day of AtonementWhen this Ends, Probation ClosesProbation OPen —Repent & ChangeRev Nn Buy e:is happenRev 15: 57
3102	DONATEAre•e25Rev 15,16Last Plaques23 475167(wine/wrath of God)RepentRev No 113:17MaRev 14:9the MRev18. T
3108	DONATEAreC.O.PRev 15,16Last Plaques2 3 475167(wine/wrath of God250 +RepentRev No 13:17MaRev 14:9the MRevl8.T
3114	DONATEAreC.O.P. RevIs:Reu 15,16Last Plaques•23 475167(wine/wrath of God25RepentRev No 113:17MaRev 14:9the MRevl8.T2M 904.
3120	DONATEAreC.O.P. Rev1s:5Reu 15,16Last Plaques2 3 475167(wine/wrath of God25RepentRev No 113:17MaRev 14:9the MRevl8.T
3126	DONATEve AreHere2025C.O.P. Reu15:5Reu 15,16Last Plaques12 3 475167(wine/wrath of GodRev13:17NRev 14theRevl.Lor
3132	DONATEve AreHere2025COP. REUSSReu 15,16Last Plaquese• 23 475(67(wine/wrath of GodRev13:17NRev 14theRevl./01
3138	DONATEve AreHere2025C.O.P. Re015:5Reu 15,16Last Plaques•23 475167(wine/wrath of God.0Rev13:17NRev 14theRevl.Lor
3144	DONATEye AreHere2025C.O.P. Reu15:5Reu 15,16Last Plaques123475167(wine/wrath of God0 M folonmRev13:17NRev 14theRevl.Lor
3150	DONATEye AreHere2025C.O.P. RevIs:5Reu 15,16Last Plaques123475167(wine/wrath of GodRev13:17NRev 14theRevl.Lor
3156	DONATEve AreHere2025C.O.P. Reu15:5Reu 15,16Last Plaques23|4/5|67(wine/wrath of God)© @ Folow meRev13:17NRev 14theRevl.Lor0 +
3162	DONATEve AreHere2025C.O.P. RevIs:5Reu 15,16Last Plaques12 3 475167(wine/wrath of God0 ×RevN13:17Rev 14theRevl.Lor
3168	DONATEve AreHere2025C.O.P. Reu15:5Reu 15,16Last Plaques(23 45|67(wine/wrath of God0 +Rev13:17NRev 14theRevl.
3174	DONATEWe AreHere2025C.o.P. Revis:SReu 15,16Last Plaques23 4Y5167(wine/wrath of God)Rev13: 1'ReiRe90 1 кант
3180	DONATEWe AreHere2025who on meC.O.P. Rev15:5Reu 15,16Last Plaques123475167(wine/wrath of GodRev13: 1'ReiRe0 +
3186	DONATEWe AreHere20250 M folon meC.O.P. Revis:5Reu 15,16Last Plaques2 4Y5 47567(wine/wrath of GodRev13: 1'ReiRe
3192	DONATEWe AreHere2025C.O.P. RevI5:5Reu 15,16Last Plaques•2 314Y5167(wine/wrath of GodTOMORRev13: 1'ReiRe
3198	DONATEWe AreHere2025C.O.P. RevIS:SReu 15,16Last Plaques2 3 475167(wine/wrath of God)TOMORRev13: 1'ReiRe
3204	DONATEWe AreHere2025in ToonmC.O.P. Rev15:5Reu 15,16Last Plaques12|3|4Y5167(wine/wrath of God)Rev13: 1'ReiRe
3210	DONATEwe AreHere2025C.O.P. Reu15:5Reu 15,16Last Plaques• 2 3 475|67(wine/wrath of God)Rev13: 1'ReiReTOMORO0 90м 340м
3216	DONATEWe AreHere2025Ô Q FatormeReu 15,16Last Plaques234Y5|67(wine/wrath of God)Rev13: 1'ReiReMORO
3222	DONATEWe AreHere2025C.O.P. Rev15:5Reu 15,16Last Plaques•23 4Y5167(wine/wrath of God)Rev13: 1'ReiRe
3228	DONATE...9010 xient
3234	DONATEe Areere025C.O.P. ReuIS:SReu 15,16Last Plaques2347567(wine/wrath of GodSoon meKepenRev13:17Rev 14:the .RevlEDon
3240	DONATEe Areere025C.O.P. RoUlS:SReu 15,16Last Plaques•23 4/567(wine/wrath of GodKepen13:1 NoRev 14.the .RevlEDon
3246	DONATEe Areere025C.O.P. RevIs:5Reu 15,16Last Plaques2347567(wine/wrath of GodKepenRev13:17- MRev 14:the .RevlEDón
3252	DONATEe Areere025C.O.P. RoUlSiSReu 15,16Last Plaques•23 4/567(wine/wrath of God)O Fotor meKepenRev13: 17NoRev 14:the .RevlEDon
3258	DONATEe Areere025C.O.P. Reuis:5Reu 15,16Last Plaques2347567(wine/wrath of God0- MO C FotoNme CKepenRev13: 17Rev 14:the .RevlEDón0 904 кном
3264	DONATEe Areere025C.O.P. Reu15:5Reu 15,16Last Plaques2347567(wine/wrath of God). 00 -KepenRev13:17NoRev 14.the .RevlEDón20 дом мінн
3270	DONATEe Areere025C.O.P. RevIS:SReu 15,16Last Plaques2347567(wine/wrath of God0 +KepenRev13: 17Rev 14:the .RevlEDon• 20 ром жен
3276	DONATEe Areere025C.O.P. Reu15:5Reu 15,16Last Plaques2347567(wine/wrath of GodKepenRev13: 17Rev 14:the .RevlEDón
3282	DONATEe Areere025C.O.P. ReuIS:SReu 15,16Last Plaques234/567(wine/wrath of God. 0© @ Folow melKepenRev13:17Rev 14the .RevlEDon
3288	DONATEe Areere025C.O.P. RevIs:SReu 15,16Last Plaques2347567(wine/wrath of GodÔ I Fotow meKepenRev13:17 NoRev 14:the .RevlEDon
3294	DONATEe Areere025C.O.P. RevIs:SRev 15,16Last Plaques234567(wine/wrath of God)KepenRev3: 17Rev 14:theRevlEDon
3300	0 M fotonmelDONATE...
3306	DONATEBread0 R folonmel
3312	DONATEBread & WaterWi i'O Q Fotowme C
3318	O Q Fotowme CDONATEBread & Waterwill be sure90 n xian
3324	DONATEBread & Waterwill be sure
3330	DONATE
3336	DONATE
3342	DONATE
3348	DONATE
3354	DONATE
3360	DONATE
3366	DONATE
3372	noon meDONATEBread & Waterwill be sure0 +
3378	DONATEBread & Waterwill be sureWhen?• 1 XANT
3384	DONATEBread & Waterwill be sureWhen?
3390	DONATEBread & Waterwill be sureWhen?90% sie
3396	DONATEBread & Waterwill be sureSomeone scanned the QR codeWhen?90 n sien
3402	DONATEBread & Waterwill be sureSomeone scanned the QR codeWhen?
3408	DONATEBread & Waterwill be sureto on meWhen?
3414	DONATEBread & Waterwill be sureWhen?90 XAN
3420	DONATEBread & Waterwill be sureWhen?
3426	DONATEBread & Waterwill be sureWhen?
3432	DONATEBread & Waterwill be sureWhen?
3438	DONATEBread & Waterwill be sureWhen?
3444	DONATEBread & Waterwill be sureWhen?
3450	DONATEBread & Waterwill be sureWhen?P0 1 XAR
3456	DONATEBread & Waterwill be sureWhen?
3462	DONATEBread & Waterwill be sureWhen?
3468	DONATEBread & Waterwill be sureBeforeWhen?
3474	DONATEBread & Waterwill be sureBefor orWhen?904 XIAN
3480	DONATEBread & Waterwill be sureBefor or AfterWhen?+ 010 2N
3486	DONATEBread & Waterwill be sureBefor or After C.O.P.When?0 м живн
3492	Sorow imDONATEBread & Waterwill be sureBefor or After C.O.P.When?90 1 жінм
3498	DONATEBread & Waterwill be sureBefor or After C.O.P.When?90 % жет
3504	DONATEBread & Waterwill be sureBefor or After C.O.P.When?
3510	DONATEBread & Waterwill be sureBefor or After C.O.P.When?
3516	P fotonme MDONATEBread & Waterwill be sureBefor or After C.O.P.When?70% 230m
3522	DONATEBread & Waterwill be sureBefor or After C.O.P.When?90n sham
3528	DONATE
3534	DONATE
3540	
3546	DONATE
3552	
3558	
3564	
3570	DONATE
3576	
3582	DONATE
3588	
3594	DONATE
3600	DONATE
3606	DONATETracK of Beastv 9,10 3/d Angel (Those withthe Mark will receive wine/wrath of God.)= 18:1-4 "Come Out "Dont receive the MarKAngelBread & WaterWhen?vill be sure1CL.
3612	DONATEWe AreHere2025C.O.P. RevIS:SReu 15,16Last Plaques12341567wine/wrath• of God)O Folor meRepentRev13:17Rev+Revi0 +
3618	DONATEWe AreHere2025MicheC.O.P. Reu15:5Reu 15,16Last Plaques2 3 41567(wine/wrath of God)RepentRev13:17Rev+Rev
3624	DONATEWe AreHere2025Ô C Fotow meRepentRev13:17lichaelstansC.O.P. ReuIs:5Rev 15,16Last Plaques2 3 41567(wine/wrath of GodRev+RevMO.N
3630	DONATEWe AreHere2025RepentRev13:17Michael VaiStancs urC.O.P. Reu15:5Reu 15,16Last Plaques2 3 4/567(wine/wrath of GodRev+Rev
3636	DONATEWe AreHere2025TMichael Dan 121Stands ufC.O.P. Rew15:5Reu 15,16Last Plaques2 3 41567(wine/wrath of GodO Q Folow meRepentRev13:17Rev+Rev0 +
3642	DONATEWe AreHere2025Time of TrouMichael Dan 121Stands afC.O.P. RevI5:5Reu 15,16Last Plaques2 3 47567(wine/wrath of God)RepentRev13:17Rev+Rev
3648	DONATEWe AreHere2025Time of Trouble→Michael Dan 12:1Stands afC.O.P. RewI5:5Rev 15,16Last Plaques23 41567(wine/wrath of God. 0RepentRev13:17Rev+Rev
3654	DONATEWe AreHere2025Time of Trouble→Michael Dan 12:1Stands ulC.O.P. Rev15:5Rev 15,16Last Plaques2 3 41567(wine/wrath of GodRepentRev13:17Rev+Rev
3660	DONATEWe AreHere2025Time of TroubleMichael Dan 12:1Stands afC.O.P. Rew15:5Rev 15,16Last Plaques1234567(wine/wrath of God)TOMORORepentRev13:17Rev+Rev
3666	DONATEWe AreHere2025Time of TroubleMichael Dan 12:Stands ufC.O.P. Rew15:5Rau 15,16Last Plaques12 3 4567(wine/wrath of God0 +RepentRev13:17Rev+Rev
3672	DONATEWe AreHere2025Time of Trouble →Michael Dan 12:1Stands upC.O.P. Rev15:5Ra 15,16LatPlaques12347567(wine/wrath of God)RepentRev13:17Rev+Rev0 9010 ем
3678	DONATEWe AreHere2025Time of Trouble→Michael Dan 12Stands upC.O.P. Rev15:5LớtRau 15,16Plaques11234/567(wine/wrath of God)a M folonmRepentRev13:17Rev+Rev25 901 30н
3684	DONATEWe AreHere2025Time of Trouble→Michael Dan 12: 1Stancs ufC.O.P. Reu15:5Rau 15, 16Last Plaques12 3 41567(wine/wrath of God)in SorowmRepentRev13:17Rev+RevTOMO0 •
3690	DONATEWe AreHere2025Time of Trouble →Michael Dan 12:1Stancs ufC.O.P. Rev15:5LớtReu 15,160Plaques12131475167(wine/wrath of God). 00) 9 fotow meRepentRev13:17Rev+Rev2 0 901 24
3696	DONATEWe AreHere2025Time of Trouble »Michael Dan 12:1Stands arC.O.P. Reu15:5Rau 15,16Last Plaques234567(wine/wrath of God)TOMORepentRev13:17Rev+Rev20 900 2500
3702	DONATEWe AreHere2025Time of Trouble »Michael Dan 12"Stands ufC.O.P. Rev15:5,Ray 15,16Last Plaques12347567(wine/wrath of GodTOMORORepentRev13:17Rev+Rev
3708	DONATEWe AreHere2025Time of Trouble →Michael Dan 12:1Stands upC.O.P. Rev15:5Reu 15,16Last Plaques12131475167(wine/wrath of God)RepentRev13:17Rev+Rev
3714	DONATEWe AreHere2025Time of Trouble→Michael Dan 12:Stands urC.O.P. Rev15:5Rav 15, 16Last Plaques0121314 5167(wine/wrath of God)RepentRev13:17Rev+Rev
3720	DONATEWe AreHere2025Gods PeopleTime of Trouble,Michael Dan 12:Stands ufC.O.P. Rev15:5LớtRa 15, 16Plaques12 3 47567(wine/wrath of GodRepentRev13:17Rev+Rev
3726	DONATEWe AreHere2025Gods People Delird RepentTime of TroubleMichael Dan 12:1Stands afC.O.P. RevI5:5,Rev13:17Rau 15,16Last Plaques12 3 4/567(wine/wrath of GodRev+RevnO m20 900 250т
3732	DONATEWe AreHere2025Gods People Delird RepentTime of Trouble→Michael Dan 12:1Stancs upC.O.P. RevI5:5,Rev13:17Rao 15, 16Last Plaques1234567(wine/wrath of God)Rev+Rev29 900 KIN
3738	DONATE2025(Wine/wraih of God)Re
3744	O M fotonme (MDONATE90 10 20M
3750	O Fotowme CDONATEC.O.P
3756	DONATEMichaeC.O.P
3762	0 9 fotormelDONATEMichaelStandsC.O.P
3768	O 9 folonmeDONATENTichaelStandsTime oC.O.P
3774	DONATEMichaelStandsTime of TroubleC.O.P0 +2 900 мн
3780	0 M folonme (MDONATEMichaelStandsTime of TroubleC.O.P
3786	DONATEMichaelStandsTime of Trouble12 3 4 5 617C.O.P0 +
3792	DONATEMichaelStandsTime of Trouble12 3 4 5 6171 LastPlagC.O.P
3798	DONATEMichaelStandsTime of Trouble1 21 3 4/51 677Last PlaguesGC.O.P0 +
3804	DONATEMichaelStandsTime of Trouble12 3 4 516171 Last PlaguesGods PeopC.O.P
3810	© 0 Fotowme CDONATEMichaelStandsTime of Trouble123 4 5167I Last PlaguesGods People DeliveredC.O.PА 25 900 210н
3816	DONATEMichaelStandsTime of Trouble12 3 4 516171 Last PlaguesGods People DeliveredC.O.P
3822	DONATEMichaelStandsTime of Trouble12 3 4 51617I Last PlaguesGods People DeliveradC.O.P2 дом кон
3828	DONATEMichaelStandsTime of Trouble12 3 4 51617I Last PlaguesGods People DeliveredC.O.P
3834	DONATEMichaelStandsTime of Trouble12 3 4 51617I Last PlaguesGods People DeliveradC.O.P
3840	DONATE
3846	DONATE
3852	DONATE
3858	DONATE
3864	DONATE
3870	DONATE
3876	
3882	DONATEMichaelStandsTime of Trou2347 LastPlaguGods PeoC.O.P
3888	DONATEMichaelStandsTime of Trouble1121314 51 61I Last PlaguesGods People DeliveredC.O.P90 10 зham
3894	O Q Fotowme CDONATEMichaelStandsTime of Trouble12 3 4 51617I Last PlaguesGods People DeliveradC.O.Pдо 10 кон
3900	DONATEMichaelStandsTime of Trouble1234 516171 Last PlaguesGods People Delivered Dan 12:1C.O.P
3906	DONATEMichaelOR fotonmeMStandsTime of Trouble1 2 3 4 51 617I Last PlaguesDan 12.Gods People Delivered Isaiah 33C.O.PTOMORO
3912	DONATEMichaelStandsTime of Trouble1 2 31 4 5 617i Last PlaguesDan 12.Tods Yeople Delivered Isaiah 33. 2C.O.P
3918	00 folow me MDONATEMichaelStandsTime of Trouble12 3 4 51 617I Last PlaguesVan 12.hods Yeople Delivered Isaian 33.1C.O.PTOMO
3924	DONATEMichaelStandsTime of Trouble121 3 4 51 617I Last PlaguesDan 12'.Hods Yeople Delivered Isaiah 33.2C.O.P
3930	DONATEMichaelStandsTime of Trouble1 2 3 4 51 617i Last PlaguesDan 12:1Gods People Delivered Isaiah 33: 2C.O.PTOMORO20 900 0
3936	DONATEMichaelStandsTime of Trouble12 3 4 51617I Last PlaguesDan 12.rods People Delivered Isaian 33: 2C.O.P
3942	DONATEMichaelStandsTime of Trouble12 3 4 51617I Last PlaguesDan 12:Tods Yeople Delivered Isaiah 33. 2C.O.P
3948	DONATEMichaelStandsTime of Trouble12 3 4 51 67I Last PlaguesVan 12.Hods Yeople Delivered Isaiah 33.2in theC.O.P+01 XAN
3954	DONATEMichaelStandsTime of Trouble1 2 3 4 51 6i Last PlaguesVan 12:1Mods Yeople Delivered Isaian 33:2in the mountainsC.O.P0- M2 P0м XM
3960	DONATEMichaelStandsTime of Trouble1 21 31 4 5 61T Last PlaguesDan 12:hods Yeople Delivered Isaiah 33: din the mountainsC.O.P2 990 210m
3966	Ô C Fotow meDONATEMichaelStandsTime of Trouble1 2 3 4 51 60I7 Last PlaguesDan 12:Tods Yeople Delivered Isaiah 33. 1in the mountainsC.O.P0 +
3972	DONATEMichaelStandsTime of Trouble1 2 3 4 51 61i Last PlaguesDan 12:1Hods Yeople Delivered Isaian 33. 2in the mountainsC.O.P
3978	in To ormeDONATEMichaelStandsTime of Trouble1 2 3 4 15 6171 Last PlaguesGods People Delivered Earthis: 2in the mountains, BrealC.O.P9оl xion
3984	DONATEMichaelStandsTime of Trouble1213415 617I Last Plagues2ods People Delivered Man 12:Isaiah 3). oCin the mountains, Bread & Water sureC.O.P
3990	Moon mDONATEMichaelStandsTime of Trouble112 31 4 31 6171 Last PlaguesDads People Delivered Van 12:Isaiah 3). o(in the mountains, Bread & Water sure:C.O.P
3996	DONATEMichaelStandsTime of Trouble12 3 4 51 61I Last Plagues2ods People Veliivered Dan i 33. 6(in the mountains, Bread & Water sure) : 16C.O.P29 90% нен
4002	who ow meDONATEMichaelStandsTime of Trouble12 3 4 51 67I Last PlaguesCin the mountains, Bread & Water sure) : 16Gods People Delivered Pril 8: 2C.O.P0 +
4008	no on meDONATEMichaelStandsTime of Trouble2 3 4156Last Plagues2ods People Delivered Lan 12:1Isaiah 35. 0Cin the mountains, Bread & Water sure) : 16C.O.PC 900 мем
4014	DONATEMichaelStandsTime of Trouble1 21 31 4 151 67I Last Plaguesds People Delivered Dan 12:1Isaiah 3). 0(in the mountains, Bread & Water sure) : 16C.O.P0. м0 900 2іRм
4020	DONATEMichaelStandsTime of Trouble12 3 41516771 Last Plagues7ods People Delivered Van 12:Isaiah 3).(in the mountains, Bread & water sure) : 16C.O.P
4026	DONATEMichaelStandsTime of Trouble112 31 4 3161iT Last Plagues(in the mountains, Bread & Water sure) : 16Cods People Delivered Pril 35: 2C.O.P0 -* P0м конн
4032	DONATEMichaelStandsTime of Trouble12 3 4 5 6771 Last PlaguesVan 12:hods Yeople Delivered Isaian 33.1Cin the mountains, Bread & Water sure) : 16C.O.Pтом намEs
4038	MoronmeDONATEMichaelStandsTime of Trouble1 2 31 4 5 677I Last PlaguesDan 12.Gods People Delivered Isaiah 33: 2(in the mountains, Bread & Water sure) : 16C.O.P
4044	DONATEMichaelStandsTime of Trouble1234567I Last Plaguesods People Delivered Dan 12:1Cin the mountains, Bread & Water sure) : 16C.O.P20 900 мінт
4050	DONATEMichaelStandsTime of Trouble12345617i Last PlaguesDan 12.Gods People Delivered Isaiah 33:2(in the mountains, Bread & Water sure) : 16C.O.P29 900 2Hом
4056	DONATEMichaelStandsTime of Troable12 3 4 5 617I Last PlaguesDan 12.Gods People Delivered Isaiah 33. 2(in the mountains, Bread & Water sure) : 16C.O.P
4062	in To ormeDONATEMichaelStandsTime of Trouble1 2 31 415 6771 Last PlaguesGods People Delivered Van 12:Isaiah 3). c(in the mountains, Bread & Water sure) : 16C.O.P
4068	DONATEMichaelStandsTime of Trouble1234567IT Last PlaguesDan 12.Gods People Delivered Isaiah 33:2(in the mountains, Bread & Water sure) : 16C.O.P. 0
4074	DONATEBread & Waterwill be sureBefore or After C.O.P.When?
4080	DONATEBread & Waterwill be sureBefore or After C.O. P.When? A70 N XIAN
4086	DONATEBread & Waterwill be sureBefore or After C.O. P.When? AlerProbat: -
4092	DONATEBread & Waterwill be sureBefore or After C.O.P.When? AlerProbationCloses
4098	DONATEBread & Waterwill be sureBefore or After C.O.P.When? AlerProbationCloses29 9010 210т
4104	DONATEBread & Waterwill be sureBefore or After C.O.P.No ownWhen? AlerProbationCloses
4110	DONATEBread & Waterwill be sureBefor or After C. O. P.roon meWhen?AfterProbationClosesfinalcountdown.amazingdiscoveries.org
4116	DONATEBread & Waterwill be sureBefor or After C.O.P.When? AlerProbationCloses28 900 25finalcountdown.amazingdiscoveries.org
4122	DONATE
4128	
4134	DONATE
4140	DONATE
4146	DONATEBread & Waterwill be sureBefor or After C.O.P.When!2 AfterProbationClosesVALIDA
4152	DONATEBread & Waterwill be sureBefore or After C.O. P.2 AfterWhen ProbationClosesSign Up for notifications and study guides:finalcountdown.amazingdiscoveries.org
4158	DONATEBread & Waterwill be sureBefor or After C. O. P.When? AfterProbationClosesSign Up for notifications and study guides:finalcountdown.amazingdiscoveries.org
4164	DONATEBread & Waterwill be sureBefore or After C.O. P.When? AftertProbationCloses
4170	DONATEBread & WaterWhenwill be sureBefore or AfterC. O. P.AfterProbationCloses
4176	DONATEBread & WaterWhenwill be sureBefor or AfterC. O. P.AfterProbationCloses
4182	DONATEBread & WaterWhenwill be sureBefore or After C.O.P.AfterProbationCloses
4188	DONATEali CRepent & ChangeMack of BeastRev 14: 9,10 3rd Angel (Those withthe MarK will receive wine/wrath of God.)Reu18:1-4 dead"• 25 001 т
4194	DONATEI ORepent & ChangeDoes this happenB: No Buy - No Sell befor or after CO.P?Mark of BeastRev 14: 9,10 3rd Angel (Those withthe Mark will receive wine/wrath of God.)Ange• 22 900.
4200	DONATERepent & ChangeMark of BeastRev 14: 9,10 3rd Angel (Those withthe Mark will receive wine/wrath of God.)Reul8 1-4 MasAnge20 901 мінт
4206	DONATERepent & ChangeMack of BeastRev 14: 9,10 3rd Angel (Those withthe Mark will receive wine/wrath of God.)AJ"AngeFor Judgment Day Studies Go To:judgmentdaydocumentary.com/bible-studies
4212	DONATEIORepent & ChangeDors this happen13: No Buy - NoSe befor or after CO.P?Mack of BeastRev 14: 9,10 3rd Angel (Those withthe Mark will receive wine/wrath of God.)Re 81 4 14120Ad"For Judgment Day Studies Go To:Ange29 900.judgmentdaydocumentary.com/bible-studies
4218	DONATEaliceRepent & ChangeDors this happenB: No Buy - No Sell befor or after COPP?Mack of BeastRev 14: 9,10 3rd Angel (Those withthe Mark will receive wine/wrath of God.)Re 8 4 1141AJ"For Judgment Day Studies Go To:Angejudgmentdaydocumentary.com/bible-studies
4224	DONATE101Repent & ChangeRev13:17No Buy - No So)Dors this happen• befor or after CO.P?Mack of BeastRev 14: 9,10 3rd Angel (Those withthe MarK will receive wine/wrath of God.)Keus-4r1LEEELithFor Judgment Day Studies Go To:Ange20 90% Xjudgmentdaydocumentary.com/bible-studies
4230	DONATERepent & ChangeDors this happenB: No Buy - No Sell befor or after CO.P?MacK of BeastRev 14:9,10 3rò Angel (Those withthe Mark will receive wine/wrath of God.)Re 81-4 144210For Judgment Day Studies Go To:Ange9 9• 2 0 90м.judgmentdaydocumentary.com/bible-studies
4236	in To owmeDONATEaI CRepent & ChangeDors this happenBiT No Buy - No Sell befor or after CO.P?Mark of BeastRev 14: 9,10 3rd Angel (Those withthe Mark will receive wine/wrath of God.)Rev18 1-4 MeAnge20 000X
4242	DONATERepent & ChangeDors this happenB: No Buy - No Sell befor or after CO.P?Mack of BeastRev 14: 9,10 3rd Angel (Those withthe Mark will receive wine/wrath of God.)Reu 8 1-4 Mi3...• 2 0 901 ін
4248	0) M folonmelDONATE00 Ф01 XM
4254	O M folowme (MDONATEPO ENm
4260	DONATE
4266	DONATE
4272	DONATE
4278	
4284	DONATE
4290	DONATE
4296	DONATE
4302	DONATEKevO Q Fotowme C
4308	DONATERev 18:4 Com=Ô C Fotor me
4314	Rev 18:4 Come Out of t
4320	one u 18:4 Come Out of HerMy PeopleP0 10 xanEs
4326	Ở @ Folowme |Kev 18.3:4 "Come Out of HerMy People"
4332	Ô @ Folowme UReu 18:4 " Come Out of HerMy People"
4338	0 Fotow me CReu 18:4 " Come Out of HerMy People"
4344	one u 18:4 "Come Out of HerMy People"
4350	Ô Q Foloume CKev 183:4 "Come Out of HerMy People"00 10 кант
4356	© @ Folow meone u 18:4 "Come Out of HerMy People"Make. 0
4362	one v 18:4 "Come Out of HerMy People"Make a Decision
4368	© @ Folow me |Rev 18:4 " Come Out of HerMy People"Make a Decision9 •
4374	© @ Folowme |Rev 18:4 "Come Out of HerMy People"Make a Decision5 1-
4380	Kev 18•3:4 "Come Out of HerMy People"Make a DecisionTOMORO ON
4386	Rev 18:4 "Come Out of HerMy People"Make aDecision
4392	Rev 18:4 " Come Out of HerMy People"Make a Decision. 0
4398	Ở @ Folow me Uone v 18:4 "Come Out of HerMy People"Make a Decision
4404	Rev 18:4 "Come Out of HerMy People"Make a DecisionPr.28 000 2
4410	© Q Folowme CRev 18:4 " Come Out of HerMy People"Make a DecisionProbation is st
4416	Rev 18:4 "Come Out of HerMy People"Make a DecisionProbation is still OPen
4422	Rev 18:4 "Come Out of HerMy People"Make a Decisionrobot on 3 i OPen)
4428	Rev 18:4 "Come Out of HerMy People"Make a DecisionFisation is stil OPen)0 +
4434	Ô C Fotorme CRev 18:4 " Come Out of HerMy People"Make a Decisionrobation 5 Fil ofer)
4440	a P fotonme (ueDONATEReu 18:4"Come Out of HerMy. People"Male a DecienPenProbation
4446	DONATEAre the
4452	O 0 fotowmeDONATEAre the flagues Fa
4458	© Q fotowme CAre the PlagynesFallingNow
4464	© Q FolonmeDONATEAre the Plagues FallingNow
4470	O Q Fotowme CDONATEAre the Plagues FallingNowProbation OPen
4476	© 0 Folow me.DONATEAre the Plagues FallingNowProbation OPen
4482	O Q Folonme CDONATEAre the Plagues FallingNowProbation OPen
4488	O Q Fotowme CAre the Plagues FallingNowProbation OPen0 +
4494	DONATEAre the Plagues FallingProbation OPenO. M
4500	"¡re the plaguesNowV? NOFallingProbation OPenB of Her85%
4506	Q Folow me"Ire the flagues.NowV? NOFallingProbation OPen- of Hen
4512	Cp Fotow meC•re the flagues.Now/ NOFallingProbation OPenB of Her9 085%
4518	O Q Folowme CDONATEAre the Pages oProbation OPen
4524	0 M folowme (MeDONATEA 2 0 9000 XAN
4530	DONATENo Bur0 M. fotonmel
4536	O C Fator me• No Bay-No Sell90 10 xin
4542	- No Bay-No Selli• Probation C
4548	0) P folowmel- No Bay-No Selll• Probation Open
4554	- No Bay- No Sell• Probation Open• Bread & Water
4560	O Q Folowme C- No Bay- No Sell•Probation Open• Bread I Water not -* 700 sen
4566	- No Bay- No Sell• Probation Open• Bread & Water not sure
4572	• No Bay-No Selli•Probation Open• Bread & Water not sure• 20 ром коми
4578	0 M folowme (M• No Bay-No Selll• Probation Open• Bread & Water not sure
4584	• No Bay-No Selli• Probation Open• Bread & Water not sure
4590	• No Bay-No Selll• Probation Open• Bread & Water not sure
4596	- No Bay- No Sell•Probation Open• Bread & Water not sure
4602	• No Bay-No Selll• Probation Open• Bread & Water not sure
4608	- No Bay- No Sell•Probation Open• Bread & Water not sure
4614	• No Bay-No Selll• Probation Open• Bread & Water not sure
4620	- No Bay- No Sell•Probation Open• Bread & Water not sure
4626	a M folonme M• No Bay-No Selli• Probation Open• Bread & Water not sure
4632	0 e folonme M- No Bay-No Sell• Probation Open• Bread I Water not sure
4638	© Q Folowme C- No Bay- No Sell•Probation Open• Bread I Water not sure• We
4644	• No Bay-No Selll• Probation Open• Bread I Water not sure• We have a work l
4650	OM fotonme (M• No Bay-No Selll•Probation Open• Bread I Water not sure• We have a work to da
4656	
4662	DONATE
4668	DONATE
4674	
4680	DONATE
4686	DONATE
4692	DONATE
4698	DONATE
4704	
4710	DONATE
4716	
4722	DONATE
4728	DONATE
4734	DONATE
4740	DONATE
4746	DONATE
4752	DONATE
4758	DONATE
4764	DONATE
4770	DONATE
4776	DONATE
4782	DONATE
4788	DONATE
4794	DONATE
4800	DONATE
4806	DONATE
4812	DONATE
4818	DONATE
4824	DONATE
4830	DONATE
4836	DONATE
4842	DONATE
4848	DONATE
4854	DONATEWhy did they not Starve
4860	DONATEWhy did they not Starve28 90м к
4866	O Q Folowme CDONATEWhy did they not StarveBe
4872	DONATEWhy did they not StarveBecause they I
4878	DONATEWhy did they not StarveBecause they Prepared.
4884	DONATEWhy did they not StarveBecause they Prepared.
4890	DONATEWhy did they not StarveBecause they Prepared.
4896	DONATEWhy did they not StarveBecause they Prepared.,.029 900 т
4902	a M fotonme MeDONATEWhy did they not StarveBecause they Prepared.
4908	DONATEWhy did they not StarveBecause they Prepared.
4914	Why did they not StarveBecause they Prepared.
4920	DONATEWhy did they not StarveBecause they Prepared.
4926	DONATEWhy did they not StarveBecause they Prepared.
4932	DONATEWhy did they not StarveBecause they Prepared.
4938	DONATEWhy did they not StarveBecause they Prepared.22 90» 29
4944	a n fotonme MeDONATEWhy did they not StarveBecause they Prepared.20 90 39
4950	Ô 0 Folowme CDONATEWhy did they not StarveBecause they Prepared.
4956	a R fotowme MeDONATEWhy did they not StarveBecause they Prepared.
4962	DONATEWhy did they not StarveBecause they Prepared.
4968	DONATEWhy did they not StarveBecause they Prepared.0 -
4974	DONATEWhy did they not StarveBecause they Prepared.
4980	DONATEWhy did they not StarveBecause they Prepared.
4986	DONATEWhy did they not StarveBecause they Prepared.
4992	DONATEWhy did they not StarveBecause they Prepared.20 Ром жит
4998	DONATE
5004	DONATE
5010	DONATE
5016	
5022	DONATE
5028	
5034	DONATE
5040	DONATE
5046	0 P. Followme MeDONATEWhy did they not StarveBecause they Prepared.
5052	DONATEWhy did they not StarveBecausethey Prepared.Beleive
5058	DONATEWhy did they not StarveBecause they Prepared.Beleive Cau
5064	DONATEWhy did they not StarveBecause they Prepared.Beleive -Causes Action51 -Dup thang
5070	DONATEWhy did they not StarveBecause they Prepared.Beleive Causes ActionFaith20 90 ком
5076	© Q Folow me.DONATEWhy did they not StarveBecause they Prepared.Beleive-Causes ActionFaith withat
5082	DONATEWhy did they not StarveBecause they Prepared.Beleive-Causes ActionFaith what WorksTOMOROOS
5088	DONATEWhy did they not StarveBecause they Prepared.Beleive-Causes ActionFaith what Works= DeathTOMOROO.• 20 90 клен
5094	DONATEWhy did they not StarveBecause they Prepared.Beleive-Causes ActionFaith withat Works= DeathTOMAROO.
5100	DONATEarveTionO 0 Fotowme CFai
5106	DONATEarveTionFaithO Q Folowme C83 Sharewith Work
5112	DONATEarvetionO g Fotow me CFaith with Works= Life
5118	DONATEaithwith Works=LifeNo Buy Are L090+*
5124	0 0 Fotow meDONATEFaithwith Works= Life,. 090 +
5130	O 0 Folowme CDONATENo BuyNFaithwithWorks= Life
5136	O 0 Folowme CDONATENo BuyNo Sellwill happeFaithwithWorks= Life9.099+
5142	DONATE(No Buywill happenFaiththWI= LifeO 0 Folowme CWorks
5148	0 R fotonme (MDONATE(No Buywill happenFaiththWI= LifeWorkstou sof9090+11
5154	O M fotowme (MDONATENo BuiNo Jellwill happenFaiththWI= LifeWorks(mng aldetou sof2rod a1d•066 . 0
5160	who ow maDONATENo BuyNo Sellwill happenFaithwith= LifeSWOMyou sof9a099+
5166	DONATE(No Buywill happenFaiththWI= LifeR fosonme (MPreparefor notWorks$3
5172	DONATECNo BurNo Jellwill happenFaiththWI= Lifetou sofbeing ableto BerWorks9a9904
5178	DONATE(No Buywill happenFaiththWI= LifePreparefor notbeig ableWorksTOMASOO-
5184	DONATENo BuyNo Sell'will happenFaiththWi= LifePreparefor notWorks
5190	DONATE(No Buywill happenFaiththWi= LifePreparefor notbeing ableto BusWorks
5196	DONATE(No Buywill happenFaiththWI= LifePreparefor notWorkse.090+0 000 aM
5202	we ToronmeDONATENo BuyNo Jellwill happenFaiththWI= Life/Preparefor notbeing ableWorkse.09+
5208	
5214	DONATE
5220	DONATE
5226	DONATE
5232	
5238	DONATE
5244	DONATEADVENTIST HOME P.373• Educate our people to get out of the citiesinto the country, where they can obtain a smallpiece of land and make a home for themselvesand their children.
5250	DONATEADVENTIST HOME P.373• Educate our people to get out of the citiesinto the country, where they can obtain a smallpiece of land and make a home for themselvesand their children.
5256	DONATEADVENTIST HOME P.373• Educate our people to get out of the citiesinto the country, where they can obtain a smallpiece of land and make a home for themselvesand their children.
5262	DONATEADVENTIST HOME P.373• Educate our people to get out of the citiesinto the country, where they can obtain a smallpiece of land and make a home for themselvesand their children.
5268	DONATEADVENTIST HOME P.373• Educate our people to get out of the citiesinto the country, where they can obtain a smallpiece of land and make a home for themselvesand their children.
5274	DONATEADVENTIST HOME P.373• Educate our people to get out of the citiesinto the country, where they can obtain a smallpiece of land and make a home for themselvesand their children.
5280	DONATEADVENTIST HOME P.373• Educate our people to get out of the citiesinto the country, where they can obtain a smallpiece of land and make a home for themselvesand their children.
5286	ADVENTIST HOME P.373• Educate our people to get out of the citiesinto the country, where they can obtain a smallpiece of land and make a home for themselvesand their children.
5292	DONATEADVENTIST HOME P.373• Educate our people to get out of the citiesinto the country, where they can obtain a smallpiece of land and make a home for themselvesand their children.
5298	DONATEADVENTIST HOME P.373• Educate our people to get out of the citiesinto the country, where they can obtain a smallpiece of land and make a home for themselvesand their children.
5304	DONATEADVENTIST HOME P.373• Educate our people to get out of the citiesinto the country, where they can obtain a smallpiece of land and make a home for themselvesand their children.
5310	DONATEADVENTIST HOME P.373• Educate our people to get out of the citiesinto the country, where they can obtain a smallpiece of land and make a home for themselvesand their children.
5316	DONATEADVENTIST HOME P.373• Educate our people to get out of the citiesinto the country, where they can obtain a smallpiece of land and make a home for themselvesand their children.
5322	DONATEADVENTIST HOME P.373• Educate our people to get out of the citiesinto the country, where they can obtain a smallpiece of land and make a home for themselvesand their children.
5328	DONATEADVENTIST HOME P.373• Educate our people to get out of the citiesinto the country, where they can obtain a smallpiece of land and make a home for themselvesand their children.
5334	DONATEADVENTIST HOME P.373• Educate our people to get out of the citiesinto the country, where they can obtain a smallpiece of land and make a home for themselvesand their children.
5340	DONATEADVENTIST HOME P.373• Educate our people to get out of the citiesinto the country, where they can obtain a smallpiece of land and make a home for themselvesand their children.
5346	ADVENTIST HOME P.373• Educate our people to get out of the citiesinto the country, where they can obtain a smallpiece of land and make a home for themselvesand their children.
5352	DONATEADVENTIST HOME P.373• Educate our people to get out of the citiesinto the country, where they can obtain a smallpiece of land and make a home for themselvesand their children.
5358	DONATEADVENTIST HOME P.373• Educate our people to get out of the citiesinto the country, where they can obtain a smallpiece of land and make a home for themselvesand their children.
5364	DONATEADVENTIST HOME P.373• Educate our people to get out of the citiesinto the country, where they can obtain a smallpiece of land and make a home for themselvesand their children.
5370	DONATEADVENTIST HOME P.373• Educate our people to get out of the citiesinto the country, where they can obtain a smallpiece of land and make a home for themselvesand their children.
5376	DONATEADVENTIST HOME P.373• Educate our people to get out of the citiesinto the country, where they can obtain a smallpiece of land and make a home for themselvesand their children.
5382	DONATEADVENTIST HOME P.373• Educate our people to get out of the citiesinto the country, where they can obtain a smallpiece of land and make a home for themselvesand their children.
5388	DONATEADVENTIST HOME P.373• Educate our people to get out of the citiesinto the country, where they can obtain a smallpiece of land and make a home for themselvesand their children.
5394	DONATEADVENTIST HOME P.373• Educate our people to get out of the citiesinto the country, where they can obtain a smallpiece of land and make a home for themselvesand their children.
5400	DONATEADVENTIST HOME P.373• Educate our people to get out of the citiesinto the country, where they can obtain a smallpiece of land and make a home for themselvesand their children.
5406	ADVENTIST HOME P.373• Educate our people to get out of the citiesinto the country, where they can obtain a smallpiece of land and make a home for themselvesand their children.
5412	DONATEADVENTIST HOME P.373• Educate our people to get out of the citiesinto the country, where they can obtain a smallpiece of land and make a home for themselvesand their children.
5418	DONATE
5424	DONATEWHAT ARE THINGS WE BUY?• I No buying clothes• No Fuel• • No GroceriesNo medicine• No phone service• No Internet• P No toothpaste,soap, tools, etc.
5430	DONATEWHAT ARE THINGS WE BUY?• T No buying clothes•No Fuel• @ No GroceriesNo medicine••No phone serviceNo InternetNo toothpaste,soap, tools, etc.
5436	DONATEWHAT ARE THINGS WE BUY?• * No buying clothes•No Fuel• @ No Groceries•No medicine•••No phone serviceNo InternetNo toothpaste,soap, tools, etc.
5442	DONATEWHAT ARE THINGS WE BUY?• * No buying clothes•No Fuel• @ No GroceriesNo medicine•••No phone serviceNo InternetNo toothpaste,soap, tools, etc.
5448	DONATEWHAT ARE THINGS WE BUY?• * No buying clothes•No Fuel• @ No GroceriesNo medicine•••No phone serviceNo InternetNo toothpaste,soap, tools, etc.
5454	DONATEWHAT ARE THINGS WE BUY?• T No buying clothes•No Fuel• @ No GroceriesNo medicine•••No phone serviceNo InternetNo toothpaste,soap, tools, etc.
5460	DONATEWHAT ARE THINGS WE BUY?• * No buying clothes•No Fuel• @ No GroceriesNo medicine•••No phone serviceNo InternetNo toothpaste,soap, tools, etc.
5466	DONATEWHAT ARE THINGS WE BUY?• T No buying clothes•No Fuel• @ No GroceriesNo medicine•••No phone serviceNo InternetNo toothpaste,soap, tools, etc.
5472	DONATEWHAT ARE THINGS WE BUY?• T No buying clothes•No Fuel• @ No GroceriesNo medicine•••No phone serviceNo InternetNo toothpaste,soap, tools, etc.
5478	DONATEWHAT ARE THINGS WE BUY?• * No buying clothes•No Fuel• @ No GroceriesNo medicine••No phone serviceNo InternetNo toothpaste,soap, tools, etc.
5484	DONATEWHAT ARE THINGS WE BUY?• * No buying clothes•No Fuel• a No GroceriesNo medicine•••No phone serviceNo InternetNo toothpaste,soap, tools, etc.
5490	DONATEWHAT ARE THINGS WE BUY?• & No buying clothesNo Fuel• a No GroceriesNo medicine•••No phone serviceNo InternetNo toothpaste,soap, tools, etc.
5496	DONATEWHAT ARE THINGS WE BUY?• * No buying clothes•No Fuel• @ No Groceries•No medicine••No phone serviceNo InternetNo toothpaste,soap, tools, etc.
5502	DONATEWHAT ARE THINGS WE BUY?• & No buying clothes•No Fuel• @ No GroceriesNo medicine•••No phone serviceNo InternetNo toothpaste,soap, tools, etc.
5508	DONATEWHAT ARE THINGS WE BUY?• • No buying clothes•No Fuel• a No GroceriesNo medicine•••No phone serviceNo InternetNo toothpaste,soap, tools, etc.
5514	DONATEWHAT ARE THINGS WE BUY?• 7 No buying clothes•No Fuel• @ No GroceriesNo medicine•••No phone serviceNo InternetNo toothpaste,soap, tools, etc.
5520	DONATEWHAT ARE THINGS WE BUY?• * No buying clothes•No Fuel• @ No Groceries•No medicine•••No phone serviceNo InternetNo toothpaste,soap, tools, etc.
5526	DONATEWHAT ARE THINGS WE BUY?• * No buying clothesNo Fuel• @ No GroceriesNo medicine•••No phone serviceNo InternetNo toothpaste,soap, tools, etc.
5532	DONATEWHAT ARE THINGS WE BUY?• * No buying clothes•No Fuel• @ No Groceries•No medicine•••No phone serviceNo InternetNo toothpaste,soap, tools, etc.
5538	DONATEWHAT ARE THINGS WE BUY?• • No buying clothes•No Fuel• @ No GroceriesNo medicine•••No phone serviceNo InternetNo toothpaste,soap, tools, etc.
5544	DONATEWHAT ARE THINGS WE BUY?• • No buying clothes•No Fuel• @ No Groceries•No medicine•••No phone serviceNo InternetNo toothpaste,soap, tools, etc.
5550	DONATEWHAT ARE THINGS WE BUY?• T No buying clothes•No Fuel• @ No GroceriesNo medicine•••No phone serviceNo InternetNo toothpaste,soap, tools, etc.
5556	DONATEWHAT ARE THINGS WE BUY?• * No buying clothesNo Fuel• @ No GroceriesNo medicine•••No phone serviceNo InternetNo toothpaste,soap, tools, etc.
5562	DONATEWHAT ARE THINGS WE BUY?• * No buying clothes•No Fuel• @ No Groceries•No medicine•••No phone serviceNo InternetNo toothpaste,soap, tools, etc.
5568	DONATEWHAT ARE THINGS WE BUY?• * No buying clothes•No Fuel• a No GroceriesNo medicine•••No phone serviceNo InternetNo toothpaste,soap, tools, etc.
5574	DONATEDeuffafe!2Bebrt Gud!Ndult mift tei Siuben!
5580	DONATEDeuffafe!ZBebri Guds!Nauit nift tei inben!
5586	DONATEDeutfdfe!2Bebrt Gud!Nouft mitt tei iuben!
5592	DONATE• One central question in Dutch historiography is why such a highpercentage of Jews from the Netherlands died in the Holocaust.In this article, a recent dissertation on the rate of survival of Jewsin the Netherlands is mobilized to shed light on the discussion ofthe low survival rate there. Wide variations in survival ratesthroughout the country call into question easy explanations forthe overall (low) rate. In particular, theSicherheitspolizen in humar down hidden lers in cestain partsof the country calls for more attention.
5598	TPS://WWW.RESEARCHGATE.NET/PUBLICATION/31402403 THE HOLOCAUST INTHE NETHERLANDS AND THE RATE OF JEWISH SURVIVAL• One central question in Dutch historiography is why such a highpercentage of Jews from the Netherlands died in the Holocaust.In this article, a recent dissertation on the rate of survival of Jewsin the Netherlands is mobilized to shed light on the discussion ofthe low survival rate there. Wide variations in survival ratesthroughout the country call into question easy explanations forthe overall (low) rate. In particular, the greater success of theSicherheitspolizei in hunting down hidden Jews in certain partsof the country calls for more attention.O000Q
5604	TPS://WWW.RESEARCHGATE.NET/PUBLICATION/31402403 THE HOLOCAUST INTHE NETHERLANDS AND THE RATE OF JEWISH SURVIVAL• One central question in Dutch historiography is why such a highpercentage of Jews from the Netherlands died in the Hot caust.In this article, a recent dissertation on the rate of survival of Jewsin the Netherlands is mobilized to shed light on the discussion ofthe low survival rate there. Wide variations in survival ratesthroughout the country call into question easy explanations forthe overall (low) rate. In particular, the greater success of theSicherheitspolizei in hunting down hidden Jews in certain partsof the country calls for more attention.OOD0Q
5610	TPS://W/WW.RESEARCHGATE.NET/PUBLICATION/31402403 THE HOLOCAUST INTHE NETHERLANDS AND THE RATE OF JEWISH SURVIVAL• One central question in Dutch historiography is why such a highpercentage of Jews from the Netherlands died in the Holocaust.In this article, a recent dissertation on the rate of survival of JeNsin the Netherlands is mobilized to shed light on the discussion ofthe low survival rate there. Wide variations in survival ratesthroughout the country call into question easy explanations forthe overall (low) rate. In particular, the greater success of theSicherheitspolizei in hunting down hidden Jews in certain partsof the country calls for more attention.00
5616	TPS://WWW.RESEARCHGATE.NET/PUBLICATION/31402403 THE HOLOCAUST INTHE NETHERLANDS AND THE RATE OF JEWISH SURVIVAL• One central question in Dutch historiography is why such a highpercentage of Jews from the Netherlands died in the Holocaust.In this article, a recent dissertation on the rate of survival of Jewsin the Netherlands is mobilized to shed light on the discussion ofthe low survival rate there. Wide variations in survival ratesthroughout the country call into question easy explanations forthe overall (low) rate. In particular, the greater success of theSicherheitspolizei in hunting down hidden Jews in certain partsof the country calls for more attention.0000
5622	TPS://WWW.RESEARCHGATE.NET/PUBLICATION/31402403 THE HOLOCAUST INTHE NETHERLANDS AND THE RATE OF JEWISH SURVIVAL• One central question in Dutch historiography is why such a highpercentage of Jews from the Netherlands died in the Holocaust.In this article, a recent dissertation on the rate of survival of Jewsin the Netherlands is mobilized to shed light on the discussion ofthe low survival rate there. Wide variations in survival ratesthroughout the country call into question easy explanations forthe overall (low) rate. In particular, the greater success of theSicherheitspolizei in hunting down hidden Jews in certain partsof the country calls for more attention.000
5628	TPS://WWW.RESEARCHGATE.NET/PUBLICATION/31402403 THE HOLOCAUST INTHE NETHERLANDS AND THE RATE OF JEWISH SURVIVAL• One central question in Dutch historiography is why such a highpercentage of Jews from the Netherlands died in the Holocaust.In this article, a recent dissertation on the rate of survival of Jewsin the Netherlands is mobilized to shed light on the discussion ofthe low survival rate there. Wide variations in survival ratesthroughout the country call into question easy explanations forthe overall (low) rate. In particular, the greater success of theSicherheitspolizei in hunting down hidden Jews in certain partsc. the country calls for more attention.0000Q
5634	TPS://W/WW.RESEARCHGATE.NET/PUBLICATION/31402403 THE HOLOCAUST INTHE NETHERLANDS AND THE RATE OF JEWISH SURVIVAL• One central question in Dutch historiography is why such a highpercentage of Jews from the Netherlands died in the Holocaust.In this article, a recent dissertation on the rate of survival of Jewsin the Netherlands is mobilized to shed light on the discussion ofthe low survival rate there. Wide variations in survival ratesthroughout the country call into question easy explanations forthe overall (low) rate. In particular, the greater success of theSicherheitspolizei in hunting down hidden Jews in certain partsof the country calls for more attention.000
5640	TPS://WWW.RESEARCHGATE.NET/PUBLICATION/31402403 THE HOLOCAUST INTHE NETHERLANDS AND THE RATE OF JEWISH SURVIVAL• One central question in Dutch historiography is why such a highpercentage of Jews from the Netherlands died in the Holocaust.In this article, a recent dissertation on the rate of survival of Jewsin the Netherlands is mobilized to shed light on the discussion ofthe low survival rate there. Wide variations in survival ratesthroughout the country call into question easy explanations forthe overall (low) rate. In particular, the greater success of theSicherheitspolizei in hunting down hidden Jews in certain partsof the country calls for more attention.
5646	ET/PUBLICATION/31402403 THE HOLOCAUST INTHE NETHERLANDS AND THE RATE OF JEWISH SURVIVAL• For scholars of the Holocaust, the low survival rate of the Jewsfrom the Netherlands remains a mystery. Of the 140,000 people(native and immigrant) whom the Nazis considered "full" Jews in1941, only 27 percent survived the occupation. Yet in Belgium,60 percent of the approximately 66,000 Jews survived, and inFrance 75 percent of the approximately 320,000 Jews escapeddeath at the hands of the Nazis. Given the comparative weaknessof antisemitism in the Netherlands, how can this remarkably lowsurvival rate be explained?000G
5652	TPS://WWW.RESEARCHGATE.NET/PUBLICATION/31402403 THE HOLOCAUST INTHE NETHERLANDS AND THE RATE OF JEWISH SURVIVAL• For scholars of the Holocaust, the low survival rate of the Jewsfrom the Netherlands remains a mystery. Of the 140,000 people(native and immigrat) whom the Nazis considered "full" Jews in1941, only 27 percent survived the occupation. Yet in Belgium,60 percent of the approximately 66,000 Jews survived, and inFrance 75 percent of the approximately 320,000 Jews escapeddeath at the hands of the Nazis. Given the comparative weaknessof antisemitism in the Netherlands, how can this remarkably lowsurvival rate be explained?0000Q
5658	TPS://WWW.RESEARCHGATE.NET/PUBLICATION/31402403 THE HOLOCAUST INTHE NETHERLANDS AND THE RATE OF JEWISH SURVIVAL• For scholars of the Holocaust, the low survival rate of the Jewsfrom the Netherlands remains a mystery. Of the 140,000 people(native and immigrant) whom the Nazis considered "full" Jews in1941, only 27 percent survived the occupation. Yet in Belgium,60 percent of the approximately 66,000 Jews survived, and inFrance 75 percent of the approximately 320,000 Jews escapeddeath at the hands of the Nazis. Given the comparative weaknessof antisemitism in the Netherlands, how can this remarkably lowsurvival rate be explained?00000
5664	ET/PUBLICATION/31402403 THE HOLOCAUST INTHE NETHERLANDS AND THE RATE OF JEWISH SURVIVAL• For scholars of the Holocaust, the low survival rate of the Jewsfrom the Netherlands remains a mystery. Of the 140,000 people(native and immigrant) whom the Nazis considered "full" Jews in1941, only 27 percent survived the occupation. Yet in Belgium,60 percent of the approximately 66,000 Jews survived, and inFrance 75 percent of the approximately 320,000 Jews escapeddeath at the hands of the Nazis. Given the comparative weaknessof antisemitism in the Netherlands, how can this remarkably lowsurvival rate be explained?00009
5670	TPS://W/WW.RESEARCHGATE.NET/PUBLICATION/31402403 THE HOLOCAUST INTHE NETHERLANDS AND THE RATE OF JEWISH SURVIVAL• For scholars of the Holocaust, the low survival rate of the Jewsfrom the Netherlands remains a mystery. Of the 140,000 people(native and immigrant) whom the Nazis considered "full" Jews in1941, only 27 percent survived the occupation. Yet in Belgium,60 percent of the approximately 66,000 Jews survived, and inFrance 75 percent of the approximately 320,000 Jews escapeddeath at the hands of the Nazis. Given the comparative weaknessof antisemitism in the Netherlands, how can this remarkably lowsurvival rate be explained?9000
5676	TPS://WWW.RESEARCHGATE.NET/PUBLICATION/31402403 THE HOLOCAUST INTHE NETHERLANDS AND THE RATE OF JEWISH SURVIVAL• For scholars of the Holocaust, the low survival rate of the Jewsfrom the Netherlands remains a mystery. Of the 140,000 people(native and immigrant) whom the Nazis considered "full" Jews in1941, only 27 percent survived the occupation. Yet in Belgium,60 percent of the approximately 66,000 Jews survived, and inFrance 75 percent of the approximately 320,000 Jews escapeddeath at the hands of the Nazis. Given the comparative weaknessof a tisemitism in the Netherlands, how can this remarkably lowsurvival rate be explained?O000Q
5682	TPS://WWW.RESEARCHGATE.NET/PUBLICATION/31402403 THE HOLOCAUST INTHE NETHERLANDS AND THE RATE OF JEWISH SURVIVAL• For scholars of the Holocaust, the low survival rate of the Jewsfrom the Netherlands remains a mystery. Of the 140,000 people(native and immigrant) whom the Nazis considered "full" Jews in1941, only 27 percent survived the occupation. Yet in Belgium,60 percent of the approximately 66,000 Jews survived, and inFrance 75 percent of the approximately 320,000 Jews escapeddeath at the hands of the Nazis. Given the comparative weaknessof antisemitism in the Netherlands, how can this remarkably lowsurvival rate be explained?O000
5688	TPS://WWW.RESEARCHGATE.NET/PUBLICATION/31402403 THE HOLOCAUST INTHE NETHERLANDS AND THE RATE OF JEWISH SURVIVAL• For scholars of the Holocaust, the low survival rate of the Jewsfrom the Netherlands remains a mystery. Of the 140,000 people(native and immigrant) whom the Nazis considered "full" Jews in1941, only 27 percent survived the occupation. Yet in Belgium,60 percent of the approximately 66,000 Jews survived, and inFrance 75 percent of the approximately 320,000 Jews escapeddeath at the hands of the Nazis. Given the comparative weaknessof antisemitism in the Netherlands, how can this remarkably lowsurvival rate be explained?
5694	TPS://W/WW.RESEARCHGATE.NET/PUBLICATION/31402403 THE HOLOCAUST INTHE NETHERLANDS AND THE RATE OF JEWISH SURVIVAL• For scholars of the Holocaust, the low survival rate of the Jewsfrom the Netherlands remains a mystery. Of the 140,000 people(native and immigrant) whom the Nazis considered "full" Jews in1941, only 27 percent survived the occupation. Yet in Belgium,60 percent of the approximately 66,000 Jews survived, and inFrance 75 percent of the approximately 320,000 Jews escapeddeath at the hands of the Nazis. Given the comparative weaknessof antisemitism in the Netherlands, how can this remarkably lowsurvival rate be explained?
5700	T/PUBLICATION/31402403 THE HOLOCAUST INTHE NETHERLANDS AND THE RATE OF JEWISH SURVIVAL• Peter Tammes and I have sought to put the testing of hypothesesat the heart of our work. Although the research for ourdissertation focused on explaining the variation in the rate ofsurvival of Jews within the Netherlands, the results have majorimplications for possible explanations of the relatively lowsurvival rate of Jews in that country overall. More fundamentally,the finding that this rate systematically varied with individual,local, and regional characteristics raises questions for historiansresearching national differences.O00G
5706	TPS://WWW.RESEARCHGATE.NET/PUBLICATION/31402403 THE HOLOCAUST INTHE NETHERLANDS AND THE RATE OF JEWISH SURVIVAL• Peter Tammes and I have sought to put the testing of hypothesesat the heart of our work. Although the research for ourdissertation focused on explaining the variation in the rate ofsurvival of Jews within the Netherlands, the results have majorimplications for possible explanations of the relatively lowsurvival rate of Jews in that country overall. More fundamentally,the finding that this rate systematically varied with individual,local, and regional characteristics raises questions for historiansresearching national differences.OODOQ
5712	TPS://WWW.RESEARCHGATE.NET/PUBLICATION/31402403 THE HOLOCAUST INTHE NETHERLANDS AND THE RATE OF JEWISH SURVIVAL• Peter Tammes and I have sought to put the testing of hypothesesat the heart of our work. Although the research for ourdissertation focused on explaining the variation in the rate ofsurvival of Jews within the Netherlands, the results have majorimplications for possible explanations of the relatively lowsurvival rate of Jews in that country overall. More fundamentally,the finding that this rate systematically varied with individual,local, and regional characteristics raises questions for historiansresearching national differences.000G
5718	TPS://WWW.RESEARCHGATE.NET/PUBLICATION/31402403 THE HOLOCAUST INTHE NETHERLANDS AND THE RATE OF JEWISH SURVIVAL• Peter Tammes and I have sought to put the testing of hypothesesat the heart of our work. Although the research for ourdissertation focused on explaining the variation in the rate ofsurvival of Jews within the Netherlands, the results have majorimplications for possible explanations of the relatively lowsurvival rate of Jews in that country overall. Mare fundamentally,the finding that this rate systematically varied with individual,local, and regional characteristics raises questions for historiansresearching national differences.0000Q
5724	TPS://WWW.RESEARCHGATE.NET/PUBLICATION/31402403 THE HOLOCAUST INTHE NETHERLANDS AND THE RATE OF JEWISH SURVIVAL• Peter Tammes and I have sought to put the testing of hypothesesat the heart of our work. Although the research for ourdissertation focused on explaining the variation in the rate ofsurvival of Jews within the Netherlands, the results have majorimplications for possible explanations of the relatively lowsurvival rate of Jews in that country overall. More fundamentally,the finding that this rate systematically varied with individual,local, and regional characteristics raises questions for historiansresearching national differences.O000Q
5730	T/PUBLICATION/31402403 THE HOLOCAUST INTHE NETHERLANDS AND THE RATE OF JEWISH SURVIVAL• Peter Tammes and I have sought to put the testing of hypothesesat the heart of our work. Although the research for ourdissertation focused on explaining the variation in the rate ofsurvival of Jews within the Netherlands, the results have majorimplications for possible explanations of the relatively lowsurvival rate of Jews in that country overall. More fundamentally,the finding that this rate systematically varied with individual,local, and regional characteristics raises questions for historiansresearching national differences.0000
5736	TPS://WWW.RESEARCHGATE.NET/PUBLICATION/31402403 THE HOLOCAUST INTHE NETHERLANDS AND THE RATE OF JEWISH SURVIVAL• To explain the "success" of the persecution of the Jews inthe Netherlands, Blom considers the country's geopraphyand the role of the Dutch bureaucracy and population justas important as the characteristics of the Germanperpetrators. Geographically, the Jews were worse off thanin France and Belgium.... They could not flee to thinlypopulated and forested regions where it was easier to hide,since the Netherlands was heavily populated and lackedforests...
5742	TPS://WWW.RESEARCHGATE.NET/PUBLICATION/31402403 THE HOLOCAUST INTHE NETHERLANDS AND THE RATE OF JEWISH SURVIVAL• To explain the "success" of the persecution of the Jews inthe Netherlands, Blom considers the country's geopraphyand the role of the Dutch bureaucracy and population justas important as the characteristics of the Germanperpetrators. Geographically, the Jews were worse off thanin France and Belgium.... They could not flee to thinlypopulated and forested regions where it was easier to hide,since the Netherlands was heavily populated and lackedtorests...
5748	TPS://WWW.RESEARCHGATE.NET/PUBLICATION/31402403 THE HOLOCAUST INTHE NETHERLANDS AND THE RATE OF JEWISH SURVIVAL• To explain the "success" of the persecution of the Jews inthe Netherlands, Blom considers the country's geopraphyand the role of the Dutch bureaucracy and population justas important as the characteristics of the Germanperpetrators. Geographically, the Jews were worse off thanin France and Belgium.... They could not flee to thinlypopulated and forested regions where it was easier to hide,since the Netherlands was heavily populated and lackedforests...
5754	TPS://WWW.RESEARCHGATE.NET/PUBLICATION/31402403 THE HOLOCAUST INTHE NETHERLANDS AND THE RATE OF JEWISH SURVIVAL• To explain the "success" of the persecution of the Jews inthe Netherlands, Blom considers the country's geopraphyand the role of the Dutch bureaucracy and population justas important as the characteristics of the Germanperpetrators. Geographically, the Jews were worse off thanin France and Belgium.... They could not flee to thinlypopulated and forested regions where it was easier to hide,since the Netherlands was heavily populated and lackedforests...
5760	TPS://WWW.RESEARCHGATE.NET/PUBLICATION/31402403 THE HOLOCAUST INTHE NETHERLANDS AND THE RATE OF JEWISH SURVIVAL• To explain the "success" of the persecution of the Jews inthe Netherlands, Blom considers the country's geopraphyand the role of the Dutch bureaucracy and population justas important as the characteristics of the Germanperpetrators. Geographically, the Jews were worse off thanin France and Belgium.. They could not flee to thinlypopulated and forested regions where it was easier to hide,since the Netherlands was heavily populated and lackedforests...0000Q
5766	TPS://WWW.RESEARCHGATE.NET/PUBLICATION/31402403 THE HOLOCAUST INTHE NETHERLANDS AND THE RATE OF JEWISH SURVIVAL• To explain the "success" of the persecution of the Jews inthe Netherlands, Blom considers the country's geopraphyand the role of the Dutch bureaucracy and population justas important as the characteristics of the Germanperpetrators. Geographically, the Jews were worse off thanin France and Belgium.... They could not flee to thinlypopulated and forested regions where it was easier to hide,since the Netherlands was heavily populated and lackedforests...00000
5772	T/PUBLICATION/31402403 THE HOLOCAUST INTHE NETHERLANDS AND THE RATE OF JEWISH SURVIVAL• To explain the "success" of the persecution of the Jews inthe Netherlands, Blom considers the country's geopraphyand the role of the Dutch bureaucracy and population justas important as the characteristics of the Germanperpetrators. Geographically, the Jews were worse off thanin France and Belgium.... They could not flee to thinlypopulated and forested regions where it was easier to hide,since the Netherlands was heavily populated and lackedforests...
5778	TPS://WWW.RESEARCHGATE.NET/PUBLICATION/31402403 THE HOLOCAUST INTHE NETHERLANDS AND THE RATE OF JEWISH SURVIVAL• To explain the "success" of the persecution of the Jews inthe Netherlands, Blom considers the country's geopraphyand the role of the Dutch bureaucracy and population justas important as the characteristics of the Germanperpetrators. Geographically, the Jews were worse off thanin France and Belgium.... They could not flee to thinlypopulated and forested regions where it was easier to hide,since the Netherlands was heavily populated and lackedforests...
5784	DONATETHE RATE OF• To explain the "success" of the persecution of the Jews inthe Netherlands, Blom considers the country's geopraphyand the role of the Dutch bureaucracy and population justas important as the characteristics of the Germanperpetrators. Geographically, the Jews were worse off thanin France and Belgium…. They could not flee to thinlypopulated and forested regions where it was easier to hide,since the Netherlands was heavily populated and lackedforests...
5790	DONATETREMENE ARCHANDE ANOTHE RATE OF• To explain the "success" of the persecution of the Jews inthe Netherlands, Blom considers the country's geopraphyand the role of the Dutch bureaucracy and population justas important as the characteristics of the Germanperpetrators. Geographically, the Jews were worse off thanin France and Belgium... They could not flee to thinlypopulated and forested regions where it was easier to hide,since the Netherlands was heavily populated and lackedforests...
5796	DONATE• To explain the "success" of the persecution of the Jews inthe Netherlands, Blom considers the country's geopraphyand the role of the Dutch bureaucracy and population justas important as the characteristics of the Germanperpetrators. Geographically, the Jews were worse off thanin France and Belgium….. They could not flee to thinlypopulated and forested regions where it was easier to hide.since the Netherlands was heavily populated and lackedforests...
5802	DONATETREMEN ARCHIE AND THERE OR BE CAUST IN• To explain the "success" of the persecution of the Jews inthe Netherlands, Blom considers the country's geopraphyand the role of the Dutch bureaucracy and population justas important as the characteristics of the Germanperpetrators. Geographically, the Jews were worse off thanin France and Belgium…... They could not flee to thinlypopulated and forested regions where it was casier to hide,since the Netherlands was heavily populated and lackedforests...
5808	DONATETRAM NEAR HANDE AND THE RIGATION• To explain the "success" of the persecution of the Jews inthe Netherlands, Blom considers the country's geopraphyand the role of the Dutch bureaucracy and population justas important as the characteristics of the Germanperpetrators. Geographically, the Jews were worse off thanin France and Belgium….. They could not flce to thinlypopulated and forested regions where it was casier to hide,since the Netherlands was heavily populated and lackedforests...
5814	DONATE
5820	DONATE
5826	DONATE
5832	DONATE
5838	DONATE
5844	DONATE
5850	DONATE
5856	DONATE
5862	DONATE
5868	DONATE
5874	DONATE
5880	
5886	DONATE
5892	
5898	DONATE
5904	DONATE
5910	
5916	DONATE
5922	DONATE
5928	DONATE
5934	DONATE
5940	
5946	
5952	DONATE
5958	DONATE
5964	
5970	DONATE
5976	
5982	DONATE
5988	DONATE
5994	
6000	
6006	
6012	
6018	
6024	DONATEHEBREWS 11:7• By faith Noah, being warned of God of thingsnot seen as yet, moved with fear, preparedan ark to the saving of his house; by thewhich he condemned the world, and became heirof the righteousness which is by faith.
6030	DONATEHEBREWS 11:7• By faith Noah, being warned of God of thingsnot seen as yet, moved with fear, preparedan ark to the saving of his house; by thewhich he condemned the world, and became heirof the righteousness which is by faith.
6036	DONATEHEBREWS 11:7• By faith Noah, being warned of God of thingsnot seen as yet, moved with fear, preparedan ark to the saving of his house; by thewhich he condemned the world, and became heirof the righteousness which is by faith.
6042	DONATEHEBREWS 11:7• By faith Noah, being warned of God of thingsnot seen as yet, moved with fear, preparedan ark to the saving of his house; by thewhich he condemned the world, and became heirof the righteousness which is by faith.
6048	DONATEHEBREWS 11:7• By faith Noah, being warned of God of thingsnot seen as yet, moved with fear, preparedan ark to the saving of his house; by thewhich he condemned the world, and became heirof the righteousness which is by faith.
6054	DONATEHEBREWS 11:7• By faith Noah, being warned of God of thingsnot seen as yet, moved with fear, preparedan ark to the saving of his house; by thewhich he condemned the world, and became heirof the righteousness which is by faith.
6060	DONATEHEBREWS 11:7• By faith Noah, being warned of God of thingsnot seen as yet, moved with fear, preparedan ark to the saving of his house; by thewhich he condemned the world, and became heirof the righteousness which is by faith.
6066	DONATEHEBREWS 11:7• By faith Noah, being warned of God of thingsnot seen as yet, moved with fear, preparedan ark to the saving of his house; by thewhich he condemned the world, and became heirof the righteousness which is by faith.
6072	DONATEHEBREWS 11:7• By faith Noah, being warned of God of thingsnot seen as yet, moved with fear, preparedan ark to the saving of his house; by thewhich he condemned the world, and became heirof the righteousness which is by faith.
6078	HEBREWS 11:7• By faith Noah, being warned of God of thingsnot seen as yet, moved with fear, preparedan ark to the saving of his house; by thewhich he condemned the world, and became heirof the righteousness which is by faith.
6084	DONATEHEBREWS 11:7• By faith Noah, being warned of God of thingsnot seen as yet, moved with fear, preparedan ark to the saving of his house; by thewhich he condemned the world, and became heirof the righteousness which is by faith.
6090	HEBREWS 11:7• By faith Noah, being warned of God of thingsnot seen as yet, moved with fear, preparedan ark to the saving of his house; by thewhich he condemned the world, and became heirof the righteousness which is by faith.
6096	DONATEHEBREWS 11:7• By faith Noah, being warned of God of thingsnot seen as yet, moved with fear, preparedan ark to the saving of his house; by thewhich he condemned the world, and became heirof the righteousness which is by faith.
6102	DONATEHEBREWS 11:7• By faith Noah, being warned of God of thingsnot seen as yet, moved with fear, preparedan ark to the saving of his house; by thewhich he condemned the world, and became heirof the righteousness which is by faith.
6108	DONATEHEBREWS 11:7• By faith Noah, being warned of God of thingsnot seen as yet, moved with fear, preparedan ark to the saving of his house; by thewhich he condemned the world, and became heirof the righteousness which is by faith.
6114	DONATEHEBREWS 11:7• By faith Noah, being warned of God of thingsnot seen as yet, moved with fear, preparedan ark to the saving of his house; by thewhich he condemned the world, and became heirof the righteousness which is by faith.
6120	DONATEHEBREWS 11:7• By faith Noah, being warned of God of thingsnot seen as yet, moved with fear, preparedan ark to the saving of his house; by thewhich he condemned the world, and became heirof the righteousness which is by faith.
6126	DONATEHEBREWS 11:7• By faith Noah, being warned of God of thingsnot seen as yet, moved with fear, preparedan ark to the saving of his house; by thewhich he condemned the world, and became heirof the righteousness which is by faith.
6132	HEBREWS 11:7• By faith Noah, being warned of God of thingsnot seen as yet, moved with fear, preparedan ark to the saving of his house; by thewhich he condemned the world, and became heirof the righteousness which is by faith.
6138	DONATEHEBREWS 11:7• By faith Noah, being warned of God of thingsnot seen as yet, moved with fear, preparedan ark to the saving of his house; by thewhich he condemned the world, and became heirof the righteousness which is by faith.
6144	DONATEHEBREWS 11:7• By faith Noah, being warned of God of thingsnot seen as yet, moved with fear, preparedan ark to the saving of his house; by thewhich he condemned the world, and became heirof the righteousness which is by faith.
6150	DONATEHEBREWS 11:7• By faith Noah, being warned of God of thingsnot seen as yet, moved with fear, preparedan ark to the saving of his house; by thewhich he condemned the world, and became heirof the righteousness which is by faith.
6156	DONATEHEBREWS 11:7• By faith Noah, being warned of God of thingsnot seen as yet, moved with fear, preparedan ark to the saving of his house; by thewhich he condemned the world, and became heirof the righteousness which is by faith.
6162	DONATEHEBREWS 11:7• By faith Noah, being warned of God of thingsnot seen as yet, moved with fear, preparedan ark to the saving of his house; by thewhich he condemned the world, and became heirof the righteousness which is by faith.
6168	HEBREWS 11:7• By faith Noah, being warned of God of thingsnot seen as yet, moved with fear, preparedan ark to the saving of his house; by thewhich he condemned the world, and became heirof the righteousness which is by faith.
6174	DONATEHEBREWS 11:7• By faith Noah, being warned of God of thingsnot seen as yet, moved with fear, preparedan ark to the saving of his house; by thewhich he condemned the world, and became heirof the righteousness which is by faith.
6180	MANUSCRIPT RELEASES, VOL. 12 P.219.4• The Protestant world has set up an idol sabbathin the place where God's Sabbath should be, and they aretreading in the footsteps of the Papacy. For this reason, Isee the necessity of the people of God moving outof the cities into retired country places| where theymay cultivate the land and raise their own produce.Thus they may bring their children up with simple,healthful habits. I see the necessity of making haste toget all things ready for the crisis.
6186	MANUSCRIPT RELEASES, VOL. 12 P.219.4DONATE• The Protestant world has set up an idol sabbathin the place where God's Sabbath should be, and they aretreading in the footsteps of the Papacy. For this reason, Isee the necessity of the people of God moving outof the cities into retired country [places where theymay cultivate the land and raise their own produce.Thus they may bring their children up with simple,healthful habits. I see the necessity of making haste toget all things ready for the crisis.
6192	MANUSCRIPT RELEASES, VOL. 12 P.219.4DONATE• The Protestant world has set up an idol sabbathin the place where God's Sabbath should be, and they aretreading in the footsteps of the Papacy. For this reason, Isee the necessity of the people of God moving outof the cities into retired country [places] where theymay cultivate the land and raise their own produce.Thus they may bring their children up with simple,healthful habits. I see the necessity of making haste toget all things ready for the crisis.0006
6198	MANUSCRIPT RELEASES, VOL. 12 P.219.4DONATE• The Protestant world has set up an idol sabbathin the place where fod's Sabbath should be, and they aretreading in the footsteps of the Papacy. For this reason, Isee the necessity of the people of God moving outof the cities into retired country [places] where theymay cultivate the land and raise their own produce.Thus they may bring their children up with simple,healthful habits. I see the necessity of making haste toget all things ready for the crisis.
6204	MANUSCRIPT RELEASES, VOL. 12 P.219.4DONATE• The Protestant world has set up an idol sabbathin the place where God's Sabbath should be, and they aretreading in the footsteps of the Papacy. For this reason, Isee the necessity of the people of God moving outof the cities into retired country [places] where theymay cultivate the land and raise their own produce.Thus they may bring their children up with simple,healthful habits. I see the necessity of making haste toget all things ready for the crisis.
6210	MANUSCRIPT RELEASES, VOL. 12 P.219.4DONATE• The Protestant world has set up an idol sabbathin the place where God's Sabbath should be, and they aretreading in the footsteps of the Papacy. For this reason, Isee the necessity of the people of God moving outof the cities into retired country [places] where theymay cultivate the land and raise their own produce.Thus they may bring their children up with simple,healthful habits. I see the necessity of making haste toget all things ready for the crisis.
6216	MANUSCRIPT RELEASES, VOL. 12 P.219.4DONATE• The Protestant world has set up an idol sabbathin the place where God's Sabbath should be, and they aretreading in the footsteps of the Papacy. For this reason, Isee the necessity of the people of God moving outof the cities into retired country (places] where theymay cultivate the land and raise their own produce.Thus they may bring their children up with simple,healthful habits. I see the necessity of making haste toget all things ready for the crisis.
6222	MANUSCRIPT RELEASES, VOL. 12 P.219.4DONATE• The Protestant world has set up an idol sabbathin the place where God's Sabbath should be, and they aretreading in the footsteps of the Papacy. For this reason, Isee the necessity of the people of God moving outof the cities into retired country [places] where theymay cultivate the land and raise their own produce.Thus they may bring their children up with simple,healthful habits. I see the necessity of making haste toget all things ready for the crisis.
6228	MANUSCRIPT RELEASES, VOL. 12 P.219.4DONATE• The Protestant world has set up an idol sabbathin the place where God's Sabbath should be, and they aretreading in the footsteps of the Papacy. For this reason, Isee the necessity of the people of God moving outof the cities into retired country [places] where theymay cultivate the land and raise their own produce.Thus they may bring their children up with simple,healthful habits. I see the necessity of making haste toget all things ready for the crisis.
6234	MANUSCRIPT RELEASES, VOL. 12 P.219.4DONATE• The Protestant world has set up an idol sabbathin the place where God's Sabbath should be, and they aretreading in the footsteps of the Papacy. For this reason, Isee the necessity of the people of God moving outof the cities into retired country [places] where theymay cultivate the land and raise their own produce.Thus they may bring their children up with simple,healthful habits. I see the gecessity of making haste toget all things ready for the crisis.
6240	MANUSCRIPT RELEASES, VOL. 12 P.219.4DONATE• The Protestant world has set up an idol sabbathin the place where God's Sabbath should be, and they aretreading in the footsteps of the Papacy. For this reason, Isee the necessity of the people of God moving outof the cities into retired country [places] where theymay cultivate the land and raise their own produce.Thus they may bring their children up with simple,healthful habits. I see the necssity of making haste toget all things ready for the crisis.
6246	MANUSCRIPT RELEASES, VOL. 12 P.219.4DONATE• The Protestant world has set up an idol sabbathin the place where God's Sabbath should be, and they aretreading in the footsteps of the Papacy. For this reason, Isee the necessity of the people of God moving outof the cities into retired country [places] where theymay cultivate the land and raise their own produce.Thus they may bring their children up with simple,healthful habits. I see the necessity of making haste toget all things ready for the crisis.
6252	MANUSCRIPT RELEASES, VOL. 12 P.219.4DONATE• The Protestant world has set up an idol sabbathin the place where God's Sabbath should be, and they aretreading in the footsteps of the Papacy. For this reason, Isee the necessity of the people of God moving outof the cities into retired country [places] where theymay cultivate the land and raise their own produce.Thus they may bring their children up with simple,healthful habits. I see the neerssity of making haste toget all things ready for the crisis.
6258	MANUSCRIPT RELEASES, VOL. 12 P.219.4DONATE• The Protestant world has set up an idol sabbathin the place where God's Sabbath should be, and they aretreading in the footsteps of the Papacy. For this reason, Isee the necessity of the people of God moving outof the cities into retired country [places] where theymay cultivate the land and raise their own produce.Thus they may bring their children up with simple,healthful habits. I see the necessity of making haste toget all things ready for the crisis.
6264	MANUSCRIPT RELEASES, VOL. 12 P.219.4DONATE• The Protestant world has set up an idol sabbathin the place where God's Sabbath should be, and they aretreading in the footsteps of the Papacy. For this reason, Isee the necessity of the people of God moving outof the cities into retired country [places] where theymay cultivate the land and raise their own produce.Thus they may bring their children up with simple,healthful habits. I see the necessity of making haste toget all things ready for the crisis.
6270	MANUSCRIPT RELEASES, VOL. 12 P.219.4DONATE• The Protestant world has set up an idol sabbathin the place where God's Sabbath should be, and they aretreading in the footsteps of the Papacy. For this reason, Isee the necessity of the people of God moving outof the cities into retired country [places] where theymay cultivate the land and raise their own produce.Thus they may bring their children up with simple,healthful habits. I see the necessity of making haste toget all things ready for the crisis.
6276	MANUSCRIPT RELEASES, VOL. 12 P.219.4DONATE• The Protestant world has set up an idol sabbathin the place where God's Sabbath should be, and they aretreading in the footsteps of the Papacy. For this reason, Isee the necessity of the people of God moving outof the cities into retired country [places] where theymay cultivate the land and raise their own produce.Thus they may bring their children up with simple,healthful habits. I see the neessity of making haste toget all things ready for the crisis.
6282	MANUSCRIPT RELEASES, VOL. 12 P.219.4DONATE• The Protestant world has set up an idol sabbathin the place where God's Sabbath should be, and they aretreading in the footsteps of the Papacy. For this reason, Isee the necessity of the people of God moving outof the cities into retired country [places] where theymay cultivate the land and raise their own produce.Thus they may bring their children up with simple,healthful habits. I see the necessity of making haste toget all things ready for the crisis.
6288	MANUSCRIPT RELEASES, VOL. 12 P.219.4DONATE• The Protestant world has set up an idol sabbathin the place where God's Sabbath should be, and they aretreading in the footsteps of the Papacy. For this reason, Isee the necessity of the people of God moving outof the cities into retired country [places] where theymay cultivate the land and raise their own produce.Thus they may bring their children up with simple,healthful habits. I see the necessity of making haste toget all things ready for the crisis.
6294	MANUSCRIPT RELEASES, VOL. 12 P.219.4DONATE• The Protestant world has set up an idol sabbathin the place where God's Sabbath should be, and they aretreading in the footsteps of the Papacy. For this reason, Isee the necessity of the people of God moving outof the cities into retired country [places] where theymay cultivate the land and raise their own produce.Thus they may bring their children up with simple,healthful habits. I see the neessity of making haste toget all things ready for the crisis.
6300	MANUSCRIPT RELEASES, VOL. 12 P.219.4DONATE• The Protestant world has set up an idol sabbathin the place where God's Sabbath should be, and they aretreading in the footsteps of the Papacy. For this reason, Isee the necessity of the people of God moving outof the cities into retired country [places] where theymay cultivate the land and raise their own produce.Thus they may bring their children up with simple,healthful habits. I see the neerssity of making haste toget all things ready for the crisis.
6306	MANUSCRIPT RELEASES, VOL. 12 P.219.4DONATE• The Protestant world has set up an idol sabbathin the place where God's Sabbath should be, and they aretreading in the footsteps of the Papacy. For this reason, Isee the necessity of the people of God moving outof the cities into retired country [places] where theymay cultivate the land and raise their own produce.Thus they may bring their children up with simple,healthful habits. I see the necessity of making haste toget all things ready for the crisis.
6312	MANUSCRIPT RELEASES, VOL. 12 P.219.4DONATE• The Protestant world has set up an idol sabbathin the place where God's Sabbath should be, and they aretreading in the footsteps of the Papacy. For this reason, Isee the necessity of the people of God moving outof the cities into retired country [places] where theymay cultivate the land and raise their own produce.Thus they may bring their children up with simple,healthful habits. I see the necessity of making haste toget all things ready for the crisis.
6318	MANUSCRIPT RELEASES, VOL. 12 P.219.4DONATE• The Protestant world has set up an idol sabbathin the place where God's Sabbath should be, and they aretreading in the footsteps of the Papacy. For this reason, Isee the necessity of the people of God moving outof the cities into retired country [places] where theymay cultivate the land and raise their own produce.Thus they may bring their children up with simple,healthful habits. I see the necessity of making haste toget all things ready for the crisis.
6324	MANUSCRIPT RELEASES, VOL. 12 P.219.4DONATE• The Protestant world has set up an idol sabbathin the place where God's Sabbath should be, and they aretreading in the footsteps of the Papacy. For this reason, Isee the necessity of the people of God moving outof the cities into retired country [places] where theymay cultivate the land and raise their own produce.Thus they may bring their children up with simple,healthful habits. I see the necessity of making haste toget all things ready for the crisis.
6330	MANUSCRIPT RELEASES, VOL. 12 P.219.4DONATE• The Protestant world has set up an idol sabbathin the place where God's Sabbath should be, and they aretreading in the footsteps of the Papacy. For this reason, Isee the necessity of the people of God moving outof the cities into retired country [places] where theymay cultivate the land and raise their own produce.Thus they may bring their children up with simple,healthful habits. I see the necessity of making haste toget all things ready for the crisis.
6336	MANUSCRIPT RELEASES, VOL. 12 P.219.4DONATE• The Protestant world has set up an idol sabbathin the place where God's Sabbath should be, and they aretreading in the footsteps of the Papacy. For this reason, Isee the necessity of the people of God moving outof the cities into retired country [places] where theymay cultivate the land and raise their own produce.Thus they may bring their children up with simple,healthful habits. I see the necessity of making haste toget all things ready for the crisis.
6342	MANUSCRIPT RELEASES, VOL. 12 P.219.4DONATE• The Protestant world has set up an idol sabbathin the place where God's Sabbath should be, and they aretreading in the footsteps of the Papacy. For this reason, Isee the necessity of the people of God moving outof the cities into retired country [places] where theymay cultivate the land and raise their own produce.Thus they may bring their children up with simple,healthful habits. I see the necessity of making haste toget all things ready for the crisis.
6348	MANUSCRIPT RELEASES, VOL. 12 P.219.4DONATE• The Protestant world has set up an idol sabbathin the place where God's Sabbath should be, and they aretreading in the footsteps of the Papacy. For this reason, Isee the necessity of the people of God moving outof the cities into retired country [places] where theymay cultivate the land and raise their own produce.Thus they may bring their children up with simple,healthful habits. I see the necessity of making haste toget all things ready for the crisis.
6354	MANUSCRIPT RELEASES, VOL. 12 P.219.4DONATE• The Protestant world has set up an idol sabbathin the place where God's Sabbath should be, and they aretreading in the footsteps of the Papacy. For this reason, Isee the necessity of the people of God moving outof the cities into retired country [places] where theymay cultivate the land and raise their own produce.Thus they may bring their children up with simple,healthful habits. I see the necessity of making haste toget all things ready for the crisis.
6360	MANUSCRIPT RELEASES, VOL. 12 P.219.4DONATE• The Protestant world has set up an idol sabbathin the place where God's Sabbath should be, and they aretreading in the footsteps of the Papacy. For this reason, Isee the necessity of the people of God moving outof the cities into retired country [places] where theymay cultivate the land and raise their own produce.Thus they may bring their children up with simple,healthful habits. I see the necessity of making haste toget all things ready for the crisis.
6366	MANUSCRIPT RELEASES, VOL. 12 P.219.4DONATE• The Protestant world has set up an idol sabbathin the place where God's Sabbath should be, and they aretreading in the footsteps of the Papacy. For this reason, Isee the necessity of the people of God moving outof the cities into retired country [places] where theymay cultivate the land and raise their own produce.Thus they may bring their children up with simple,healthful habits. I see the necessity of making haste toget all things ready for the crisis.
6372	MANUSCRIPT RELEASES, VOL. 12 P.219.4DONATE• The Protestant world has set up an idol sabbathin the place where God's Sabbath should be, and they aretreading in the footsteps of the Papacy. For this reason, Isee the necessity of the people of God moving outof the cities into retired country [places] where theymay cultivate the land and raise their own produce.Thus they may bring their children up with simple,healthful habits. I see the necessity of making haste toget all things ready for the crisis.
6378	MANUSCRIPT RELEASES, VOL. 12 P.219.4DONATE• The Protestant world has set up an idol sabbathin the place where God's Sabbath should be, and they aretreading in the footsteps of the Papacy. For this reason, Isee the necessity of the people of God moving outof the cities into retired country [places] where theymay cultivate the land and raise their own produce.Thus they may bring their children up with simple,healthful habits. I see the necessity of making haste toget all things ready for the crisis.
6384	MANUSCRIPT RELEASES, VOL. 12 P.219.4DONATE• The Protestant world has set up an idol sabbathin the place where God's Sabbath should be, and they aretreading in the footsteps of the Papacy. For this reason, Isee the necessity of the people of God moving outof the cities into retired country [places] where theymay cultivate the land and raise their own produce.Thus they may bring their children up with simple,healthful habits. I see the necessity of making haste toget all things ready for the crisis.
6390	MANUSCRIPT RELEASES, VOL. 12 P.219.4DONATE• The Protestant world has set up an idol sabbathin the place where God's Sabbath should be, and they aretreading in the footsteps of the Papacy. For this reason, Isee the necessity of the people of God moving outof the cities into retired country [places] where theymay cultivate the land and raise their own produce.Thus they may bring their children up with simple,healthful habits. I see the necessity of making haste toget all things ready for the crisis.
6396	MANUSCRIPT RELEASES, VOL. 12 P.219.4DONATE• The Protestant world has set up an idol sabbathin the place where God's Sabbath should be, and they aretreading in the footsteps of the Papacy. For this reason, Isee the necessity of the people of God moving outof the cities into retired country [places] where theymay cultivate the land and raise their own produce.Thus they may bring their children up with simple,healthful habits. I see the necessity of making haste toget all things ready for the crisis.0006
6402	DONATETHE 3 PILLARSOF A COUNTRY PROPERTY• Land - Water - Wood
6408	DONATETHE 3 PILLARSOF A COUNTRY PROPERTY* Land - Water - Wood
6414	DONATETHE 3 PILLARSOF A COUNTRY PROPERTY* Land - Water - Wood
6420	DONATETHE 3 PILLARSOF A COUNTRY PROPERTY* Land - Water - Wood
6426	DONATETHE 3 PILLARSOF A COUNTRY PROPERTY* Land - Water - Wood
6432	DONATETHE 3 PILLARSOF A COUNTRY PROPERTY* Land - Water - Wood
6438	DONATETHE 3 PILLARSOF A COUNTRY PROPERTY* Land - Water - Wood
6444	DONATETHE 3 PILLARSOF A COUNTRY PROPERTY* Land - Water - Wood
6450	DONATETHE 3 PILLARSOF A COUNTRY PROPERTY* Land - Water - Wood
6456	DONATETHE 3 PILLARSOF A COUNTRY PROPERTY* Land - Water - Wood
6462	DONATETHE 3 PILLARSOF A COUNTRY PROPERTY* Land - Water - Wood
6468	DONATETHE 3 PILLARSOF A COUNTRY PROPERTY* Land - Water - Wood
6474	DONATETHE 3 PILLARSOF A COUNTRY PROPERTY* Land - Water - Wood
6480	DONATETHE 3 PILLARSOF A COUNTRY PROPERTYLand - Water - Wood
6486	DONATETHE 3 PILLARSOF A COUNTRY PROPERTY* Land - Water - Wood
6492	DONATETHE 3 PILLARSOF A COUNTRY PROPERTY* Land - Water - Wood
6498	DONATETHE 3 PILLARSOF A COUNTRY PROPERTYLand - Water - Wood
6504	DONATETHE 3 PILLARSOF A COUNTRY PROPERTY* Land - Water - Wood
6510	DONATETHE 3 PILLARSOF A COUNTRY PROPERTY* Land - Water - Wood
6516	DONATE• How much?
6522	DONATE• How much?
6528	DONATE• How much?
6534	DONATE• How much?
6540	DONATE• How much?
6546	DONATE• How much?
6552	
6558	
6564	
6570	DONATE
6576	no or mDONATE(No Buywill happenFaiththWI= Life/Preparefor notWorks• •9go +
6582	DONATE
6588	DONATE
6594	0 R foloame (MDONATEI Ф0 X
6600	DONATELandWaterW
6606	Ô Q FotowmeDONATELancWater90- xiem
6612	DONATELandWater© Q Fotowme CWood
6618	DONATELandWaterÔ Follow meWood
6624	DONATELandWaterÔ 0 Folou meWood
6630	DONATELandWaterO Q Falow meWood
6636	DONATELandWaterWood
6642	DONATELandWaterO C Fotor meWoodOM 90. 1M
6648	DONATELandWater© Q Folor meWood
6654	DONATELandWaterWood
6660	DONATELandWaterWood
6666	DONATELandWaterÔ Q FotormeWood
6672	DONATELandWaterwho on iWood
6678	DONATELandWaterWood
6684	DONATELandWater© @ Fotow melWood
6690	DONATELandWaterO Q Folow meWood
6696	DONATELandWaterWood
6702	DONATELandWaterin So onmWood
6708	DONATELandWaterr o owirWoodnw mead e
6714	DONATELandWaterÔ Q FoloumeWood
6720	DONATELandWaterWoodHeatingCoo
6726	DONATELandWaterWoodHeatingCooking-
6732	DONATELandWaterWoodHeating
6738	DONATELandWaterWoodHeating
6744	DONATELandWaterWoodHeating
6750	DONATELandWaterWoodHeating
6756	DONATELandWaterWoodHeating
6762	DONATELandWaterDrinkingWoodHeating
6768	DONATELandWaterDrinkingWater GardenWoodHeating
6774	DONATELandWaterDrinkingWater GardenFire PreventionWoodHeating
6780	DONATELandWell /WaterDrinkingWater GardenFire PreventionWoodHeating
6786	DONATELandWell/pand /crukWaterDrinkingWater GardenFire PreventionWoodHeating0 +• 20 90 же
6792	DONATELandWell /pand /crekGardenRoWaterDrinKingWater GardenFire PreventionWoodHeating
6798	DONATELandWell/pand /crakGardenRoot cellarWaterDrinkingWater GardenFire PreventionWoodHeating0 -
6804	DONATELandWell/pand/creckGardenRost cellarHouseshed/WaterDrinkingWater GardenFire PreventionWoodHeatingmORO® 9+
6810	DONATELandWell /pand /crukGardenRost cellarHouseshed/shopothersWaterDrinkingWater GardenFire PreventionmOmeWoodHeating
6816	DONATELandWell /pand /crekGardenRost cellarHouseShed/shopothersWaterDrinkingWater GardenFire PreventionWoodHeating0 +
6822	DONATELandWell /Pand/creckGardenRost cellarHouseShed/shopothersWaterDrinkingWater GardenFire Prevention• @ Fotowme.WoodHeatingTOMO0 +
6828	DONATELandWell/pand /creekGardenRost cellarHouseShed/shopothersWaterDrinkingWater GardenFire PreventionWoodHeating
6834	DONATELandWell/pand /crukGardenRoot cellarHouseshed/shopothersWaterDrinkingWater GardenFire Preventioncleaning. 0WoodHeating
6840	DONATELandWell/pand /creekGardenRost cellarHouseshed/shopothersWaterDrinkingWater GardenFire PreventioncleaningTOMOROWoodHeating
6846	DONATELandWell/pand /creekGardenRost cellarHouseshed/shopothersWaterDrinKingWater GardenFire PreventioncleaningmOmeWoodHeating
6852	DONATELandWell /pand /creekGardenRoot cellarHouseshed/shopothersWaterDrinkingWater GardenFire PreventioncleaningNo on mWoodHeating
6858	DONATELandWell /pand/creekGardenRost cellarHouseshed/shopothersWaterDrinkingWater GardenFire PreventioncleaningTOMOROWoodHeating20 90 кон
6864	DONATELandWell /Pand/creekGardenRoot cellarHouseShed/shopothersWaterDrinkingWater GardenFire PreventioncleaningMoron meWoodHeatingne .." C
6870	DONATELandWell/pand/creckGardenRost cellarHouseShed/shopothersWaterDrinkingWater GardenFire PreventioncleaningmOROWoodHeating
6876	DONATELandWell /pand /crekGardenRoot cellarHouseshed/shopothersWaterDrinKingWater GardenFire PreventioncleaningWho owmWoodHeating• 2 0 90 жонн
6882	DONATELandWell/pand /crukGardenRost cellarHouseShed/shopothersWaterDrinkingWater GardenFire PreventioncleaningWoodHeating
6888	DONATELandWell /pand /crekGardenRoot cellarHouseshed/shopothersWaterDrinkingWater GardenFire PreventionHantingWoodHeating
6894	DONATELandWell/pand /creekGardenRost cellarHouseshed/shopothersWaterDrinkingWater GardenFire Prevention- eaninlydrotherapWoodHeating28 Ром мінн
6900	DONATELandWell/pand/creckGardenRoot cellarHouseshed/shopothersWaterDrinkingWater GardenFire PreventionHaremelBathingTOMOOWoodHeating
6906	DONATELandWell /pand/crekGardenRoot cellerHouseShed/shopothersWaterDrinKigWater GardenFire PreventionHlariemplBathingTOMO.Own oronmWoodHeating
6912	DONATELandWell /pond/creekGardenRoot cellarA MSwe o on meWaterDrinkingWater Garden0 +WoodHeatingCookingBuildin
6918	DONATEandO Q Fotowme CWe2 90- кінн
6924	DONATE/andO Q Folowme CW.
6930	DONATEand- BWe
6936	DONATE/andO M folonme (v€ 8H90 +
6942	DONATE€ 8Hand90+
6948	DONATEandOR folonmeM• 8H1O +
6954	DONATEand8fW.
6960	O O Fotowme CDONATEand0 +
6966	O 0 folowme CDONATE8Hand
6972	DONATEand0 M folowme (M- 8H
6978	O 0 Folowme CDONATE8fand• 20 90*2
6984	DONATEandd m fotonme (MWet
6990	0 M) fotonme (MDONATEand90 +
6996	O Q folowme CDONATExepeaand90 +Wet
7002	DONATEand
7008	DONATE/andWe
7014	DONATEand
7020	DONATEandO Q Folowme CWe
7026	O 0 Folowme CDONATEand0 +2M M TH
7032	O 00 Folowme CDONATEand
7038	DONATE/andO Q Folowme Cpe ShaelW.
7044	© 0 Fotowme CDONATE/and90 +
7050	DONATELandWell/pand /crukGardenRost cellarHouseShed/shopothersWaterDrinkingWater GardenFire Prevention- eaninHydrotherapyBathingWoodHeatingCoolingBuilding
7056	DONATELandWell /pand/crekGardenRoot cellarHouseShed/shopothersWaterDriakingWater GardenFire Prevention: eaninlydrotherapBathing5 1-.OmO»0 ×N PosowikWoodHeatingCoolingBuilding
7062	DONATE
7068	DONATE
7074	DONATE
7080	DONATE
7086	DONATE
7092	DONATE
7098	DONATE
7104	DONATE
7110	DONATE
7116	DONATE
7122	DONATE
7128	DONATE
7134	DONATELandWell/ Pard/creckGardenRoot cellarHouseShed/shopothersWaterDriaKingWater GarderFire PreventionсеалілlydrotherapBathingWoodHcating
7140	DONATE
7146	DONATE
7152	DONATELIVE Q&A TimeWe will answer as many questions as we can!
7158	DONATELIVE Q&A TimeWe will answer as many questions as we can!
7164	DONATELIVE Q&A TimeWe will answer as many questions as we can!
7170	DONATELIVE Q&A TimeWe will answer as many questions as we can!
7176	DONATELIVE Q&A TimeWe will answer as many questions as we can!
7182	DONATELIVE Q&A TimeWe will answer as many questions as we can!
7188	DONATELIVE Q&A TimeWe will answer as many questions as we can!
7194	DONATESign Up for notifications and study guides:finalcountdown.amazingdiscoveries.org
7200	DONATESign Up for notifications and study guides:finalcountdown.amazingdiscoveries.org
7206	DONATE
7212	DONATE
7218	DONATESign up for Our E-Newsletterswelcome.amazingdiscoveries.org
7224	DONATEFarm Programfarm.amazingdiscoveries.org
7230	DONATEFarm Programfarm.amazingdiscoveries.org
7236	DONATEFarm Programfarm.amazingdiscoveries.org
7242	DONATEFarm Programfarm.amazingdiscoveries.org
7248	DONATEHow to Country YouTubehttps://www.youtube.com/@howtocountry
7254	DONATEHow to Country YouTubehttps://www.youtube.com/@howtocountry
7260	DONATEHow to Country YouTubehttps://www.youtube.com/@howtocountry
7266	DONATESign up for Our E-Newsletterswelcome.amazingdiscoveries.org
7272	DONATESign up for Our E-Newsletterswelcome.amazingdiscoveries.org
7278	DONATESign up for Our E-Newsletterswelcome.amazingdiscoveries.org
7284	DONATESign up for Our E-Newsletterswelcome.amazingdiscoveries.org
7290	DONATE
7296	DONATE
7302	DONATE
7308	DONATE
7314	DONATE
7320	DONATE
7326	DONATE
7332	DONATE
7338	DONATE
7344	DONATE
7350	DONATE
7356	DONATE
7362	DONATE
7368	
7374	DONATE
7380	DONATE
7386	DONATE
7392	DONATE
7398	DONATE
7404	DONATE
7410	DONATE
7416	DONATE
7422	DONATE
7428	DONATE
7434	DONATE
7440	DONATE
7446	DONATE
7452	DONATE
7458	DONATE
7464	DONATE
7470	DONATE
7476	DONATE
7482	DONATE
7488	DONATE
7494	DONATE
7500	DONATE
7506	DONATE
7512	DONATE
7518	DONATE
7524	DONATE
7530	DONATE
7536	DONATE
7542	DONATE
7548	DONATE
7554	DONATE
7560	DONATE
7566	
7572	DONATE
7578	DONATE
7584	DONATE
7590	DONATE
7596	DONATE
7602	DONATE
7608	DONATE
7614	DONATE
7620	DONATE
7626	DONATE
7632	DONATE
7638	DONATE
7644	DONATE
7650	DONATE
7656	DONATE
7662	DONATE
7668	DONATE
7674	DONATE
7680	DONATE
7686	DONATE
7692	DONATE
7698	DONATE
7704	DONATE
7710	DONATE
7716	DONATE
7722	DONATE
7728	DONATE
7734	DONATE
7740	DONATE
7746	DONATE
7752	DONATE
7758	DONATE
7764	DONATE
7770	DONATE
7776	
7782	DONATE
7788	DONATE
7794	DONATEcoleedohow much land do we need?
7800	DONATEcoleedohow much land do we need?
7806	DONATEcoleedohow much land do we need?
7812	DONATEcoleedohow much land do we need?
7818	DONATEcoleedohow much land do we need?
7824	DONATE
7830	DONATEIf you've been blessed, please support our work:https://amazingdiscoveries.org/explore-projects
7836	DONATEIf you've been blessed, please support our work:https://amazingdiscoveries.org/explore-projects
7842	DONATEIf you've been blessed, please support our work:https://amazingdiscoveries.org/explore-projects
7848	DONATEIf you've been blessed, please support our work:https://amazingdiscoveries.org/explore-projects
7854	DONATEIf you've been blessed, please support our work:https://amazingdiscoveries.org/explore-projects
7860	DONATEIf you've been blessed, please support our work:https://amazingdiscoveries.org/explore-projects
7866	DONATE
7872	DONATEJoin us for the Next Final Countdown Bible StudySaturday May 17 at 5:30pm PST
7878	DONATEJoin us for the Next Final Countdown Bible StudySaturday May 17 at 5:30pm PST
7884	DONATEJoin us for the Next Final Countdown Bible StudySaturday May 17 at 5:30pm PST
7890	DONATEJoin us for the Next Final Countdown Bible StudySaturday May 17 at 5:30pm PST
7896	DONATEJoin us for the Next Final Countdown Bible StudySaturday May 17 at 5:30pm PST
7902	DONATEJoin us for the Next Final Countdown Bible StudySaturday May 17 at 5:30pm PST
7908	DONATE
7914	DONATE
7920	DONATE
7926	DONATE
7932	DONATE
7938	DONATE
7944	DONATE
7950	DONATEHave a blessed Sabbath!Thank you for watching! Next study May 17 at 5:30pm PST
7956	DONATETHEFINALCOUNTDOWNEND - TINKTIMELINEStay tuned for thenext study date!Have a blessed Sabbath!Thank you for watching! Next study May 17 at 5:30pm PSTSign-upfinalcountdown.amazingdiscoveries.org
7962	DONATETHEFINALCOUNTDOWNEND - TIMEEVENTSTIMELINEStay tuned for thenext study date!Have a blessed Sabbath!Thank you for watching! Next study May 17 at 5:30pm PSTSign-upfinalcountdown.amazingdiscoveries.org
7968	DONATETHEFINALCOUNTDOWNEND - TIMEEVENTSTIMELINKStay tuned for thenext study date!Have a blessed Sabbath!Thank you for watching! Next study May 17 at 5:30pm PSTSign-upfinalcountdown.amazingdiscoveries.org
7974	DONATETHEFINALCOUNTDOWNEND - TINEEVENTSTIMELINEStay tuned for thenext study date!Have a blessed Sabbath!Thank you for watching! Next study May 17 at 5:30pm PSTSign-upfinalcountdown.amazingdiscoveries.org
7980	DONATETHEFINALCOUNTDOWNEND •TIMETIMELINEStay tuned for thenext study date!Have a blessed Sabbath!Thank you for watching! Next study May 17 at 5:30pm PSTSign-upfinalcountdown.amazingdiscoveries.org
7986	DONATETHEFINALCOUNTDOWNEND •TIMEIMELINEStay tuned for thenext study date!Sign-upfinalcountdown.amazingdiscoveries.org
7992	DONATETHEFINALCOUNTDOWNEND •TIMEEVENTSTIMELINKLIVEStay tuned for thenext study date!Amazing DiscoveriesE: support@amazingdiscoveries.org P: 1-866-572-9457Sign-upfinalcountdown.amazingdiscoveries.org
