0	
6	
12	MacKenzie DrebitVice President
18	MacKenzie DrebitVice President
24	DONATEMacKenzie DrebitVice President
30	DONATEMacKenzie DrebitVice President
36	DONATE
42	DONATE
48	DONATE
54	DONATEYou're Watching The Final CountdownEnd-Time Events Timeline
60	DONATEYou're Watching The Final CountdownEnd-Time Events Timeline
66	DONATEYou're Watching The Final CountdownEnd-Time Events Timeline
72	DONATE
78	DONATE
84	DONATE
90	DONATE370 days
96	DONATE
102	DONATE370 days
108	DONATEOOUDOEO370 days
114	DONATE370 days
120	DONATE370 days
126	DONATE370 days
132	DONATE370 days
138	DONATE0020900370 days
144	DONATE370 days
150	DONATE370 days
156	DONATE370 days
162	DONATE370 days
168	DONATE370 days
174	DONATE370 days
180	DONATE370 days
186	DONATE370 days
192	DONATE370 days
198	DONATEMacKenzie DrebitVice President370 days
204	DONATEMacKenzie DrebitVice President370 days
210	DONATE370 days
216	DONATE370 days
222	DONATETHEFINALCOUNTDOWNEND-TIME EVENTSTIMELINETRAPPED FOR 370 DAYSJUST A MIRACLE?Thank You For Joining Us. Register here for study guides & future updates.finalcountdown.amazingdiscoveries.org
228	DONATEPSALMS 91:8• 8 Only with thine eyes shalt thou beholdand see the reward of the wicked.Thank You For Joining Us. Register here for study guides & future updates.finalcountdown.amazingdiscoveries.org
234	DONATEPSALMS 91:8• 8 Only with thine cyes shalt thou beholdand see the reward of the wicked.Thank You For Joining Us. Register here for study guides & future updates.finalcountdown.amazingdiscoveries.org
240	DONATEPSALMS 91:8• 8 Only with thine eyes shalt thou beholdand see the reward of the wicked.Thank You For Joining Us. Register here for study guides & future updates.finalcountdown.amazingdiscoveries.org
246	DONATEPSALMS 91:8• 8 Only with thine eyes shalt thou beholdand see the reward of the wicked.Thank You For Joining Us. Register here for study guides & future updates.finalcountdown.amazingdiscoveries.org
252	DONATEPSALMS 91:8• 8 Only with thine eyes shalt thou beholdand see the reward of the wicked.Thank You For Joining Us. Register here for study guides & future updates.finalcountdown.amazingdiscoveries.org
258	DONATEPSALMS 91:8• 8 Only with thine eyes shalt thou beholdand see the reward of the wicked.Thank You For Joining Us. Register here for study guides & future updates.finalcountdown.amazingdiscoveries.org
264	DONATEPSALMS 91:8• 8 Only with thine eyes shalt thou beholdand see the reward of the wicked.Thank You For Joining Us. Register here for study guides & future updates.finalcountdown.amazingdiscoveries.org
270	DONATEPSALMS 91:8• 8 Only with thine eyes shalt thou beholdand see the reward of the wicked.Thank You For Joining Us. Register here for study guides & future updates.finalcountdown.amazingdiscoveries.org
276	DONATEHEBREWS 11:7• By faith Noah, being warned of God of things notseen as yet, moved with fear, prepared anark to the saving of his house; by the whichhe condemned the world, and became heir of therighteousness which is by faith.
282	DONATEHEBREWS 11:7• By faith Noah, being warned of God of things notseen as yet, moved with fear, prepared anark to the saving of his house; by the whichhe condemned the world, and became heir of therighteousness which is by faith.
288	DONATEHEBREWS 11:7• By faith Noah, being warned of God of things notseen as yet, moved with fear, prepared anark to the saving of his house; by the whichhe condemned the world, and became heir of therighteousness which is by faith.
294	DONATEHEBREWS 11:7• By faith Noah, being warned of God of things notseen as yet, moved with fear, prepared anark to the saving of his house; by the whichhe condemned the world, and became heir of therighteousness which is by faith.
300	DONATEHEBREWS 11:7• By faith Noah, being warned of God of things notseen as yet, moved with fear, prepared anark to the saving of his house; by the whichhe condemned the world, and became heir of therighteousness which is by faith.
306	DONATEHEBREWS 11:7• By faith Noah, being warned of God of things notseen as yet, moved with fear, prepared anark to the saving of his house; by the whichhe condemned the world, and became heir of therighteousness which is by faith.
312	DONATEHEBREWS 11:7• By faith Noah, being warned of God of things notseen as yet, moved with fear, prepared anark to the saving of his house; by the whichhe condemned the world, and became heir of therighteousness which is by faith.
318	DONATEHEBREWS 11:7• By faith Noah, being warned of God of things notseen as yet, moved with fear, prepared anark to the saving of his house; by the whichhe condemned the world, and became heir of therighteousness which is by faith.
324	HEBREWS 11:7• By faith Noah, being warned of God of things notseen as yet, moved with fear, prepared anark to the saving of his house; by the whichhe condemned the world, and became heir of therighteousness which is by faith.
330	DONATEHEBREWS 11:7• By faith Noah, being warned of God of things notseen as yet, moved with fear, prepared anark to the saving of his house; by the whichhe condemned the world, and became heir of therighteousness which is by faith.
336	DONATEHEBREWS 11:7• By faith Noah, being warned of God of things notseen as yet, moved with fear, prepared anark to the saving of his house; by the whichhe condemned the world, and became heir of therighteousness which is by faith.
342	DONATEHEBREWS 11:7• By faith Noah, being warned of God of things notseen as yet, moved with fear, prepared anark to the saving of his house; by the whichhe condemned the world, and became heir of therighteousness which is by faith.
348	DONATEHEBREWS 11:7• By faith Noah, being warned of God of things notseen as yet, moved with fear, prepared anark to the saving of his house; by the whichhe condemned the world, and became heir of therighteousness which is by faith.
354	DONATEHEBREWS 11:7• By faith Noah, being warned of God of things notseen as yet, moved with fear, prepared anark to the saving of his house; by the whichhe condemned the world, and became heir of therighteousness which is by faith.
360	DONATEHEBREWS 11:7• By faith Noah, being warned of God of things notseen as yet, moved with fear, prepared anark to the saving of his house; by the whichhe condemned the world, and became heir of therighteousness which is by faith.
366	HEBREWS 11:7• By faith Noah, being warned of God of things notseen as yet, moved with fear, prepared anark to the saving of his house; by the whichhe condemned the world, and became heir of therighteousness which is by faith.
372	DONATEHEBREWS 11:7• By faith Noah, being warned of God of things notseen as yet, moved with fear, prepared anark to the saving of his house; by the whichhe condemned the world, and became heir of therighteousness which is by faith.
378	DONATEHEBREWS 11:7• By faith Noah, being warned of God of things notseen as yet, moved with fear, prepared anark to the saving of his house; by the whichhe condemned the world, and became heir of therighteousness which is by faith.
384	HEBREWS 11:7• By faith Noah, being warned of God of things notseen as yet, moved with fear, prepared anark to the saving of his house; by the whichhe condemned the world, and became heir of therighteousness which is by faith.
390	DONATEHEBREWS 11:7• By faith Noah, being warned of God of things notseen as yet, moved with fear, prepared anark to the saving of his house; by the whichhe condemned the world, and became heir of therighteousness which is by faith.
396	DONATEHEBREWS 11:7• By faith Noah, being warned of God of things notseen as yet, moved with fear, prepared anark to the saving of his house; by the whichhe condemned the world, and became heir of therighteousness which is by faith.
402	DONATEHEBREWS 11:7• By faith Noah, being warned of God of things notseen as yet, moved with fear, prepared anark to the saving of his house; by the whichhe condemned the world, and became heir of therighteousness which is by faith.
408	DONATEHEBREWS 11:7• By faith Noah, being warned of God of things notseen as yet, moved with fear, prepared anark to the saving of his house; by the whichhe condemned the world, and became heir of therighteousness which is by faith.
414	DONATEMATTHEW 24:37-39• 37 But as the days of Noah were, so shall also the comingof the Son of man be.• 38 For as in the days that were before the flood they wereeating and drinking, marrying and giving in marriage, untilthe day that Noe entered into the ark,• 39 And knew not until the flood came, and took them allaway; so shall also the coming of the Son of man be.
420	DONATEMATTHEW 24:37-39• 37 But as the days of Noah were, so shall also the comingof the Son of man be.• 38 For as in the days that were before the flood they wereeating and drinking, marrying and giving in marriage, untilthe day that Noe entered into the ark,• 39 And knew not until the flood came, and took them allaway; so shall also the coming of the Son of man be.
426	MATTHEW 24:37-39• 37 But as the days of Noah were, so shall also the comingof the Son of man be.• 38 For as in the days that were before the flood they wereeating and drinking, marrying and giving in marriage, untilthe day that Noe entered into the ark,• 39 And knew not until the flood came, and took them allaway; so shall also the coming of the Son of man be.
432	MATTHEW 24:37-39• 37 But as the days of Noah were, so shall also the comingof the Son of man be.• 38 For as in the days that were before the flood they wereeating and drinking, marrying and giving in marriage, untilthe day that Noe entered into the ark,• 39 And knew not until the flood came, and took them allaway; so shall also the coming of the Son of man be.
438	MATTHEW 24:37-39• 37 But as the days of Noah were, so shall also the comingof the Son of man be.• 38 For as in the days that were before the flood they wereeating and drinking, marrying and giving in marriage, untilthe day that Noe entered into the ark,• 39 And knew not until the flood came, and took them allaway; so shall also the coming of the Son of man be.
444	DONATEMATTHEW 24:37-39• 37 But as the days of Noah were, so shall also the comingof the Son of man be.• 38 For as in the days that were before the flood they wereeating and drinking, marrying and giving in marriage, untilthe day that Noe entered into the ark,• 39 And knew not until the flood came, and took them allaway; so shall also the coming of the Son of man be.
450	DONATEMATTHEW 24:37-39• 37 But as the days of Noah were, so shall also the comingof the Son of man be.• 38 For as in the days that were before the flood they wereeating and drinking, marrying and giving in marriage, untilthe day that Noe entered into the ark,• 39 And knew not until the flood came, and took them allaway; so shall also the coming of the Son of man be.
456	DONATEMATTHEW 24:37-39• 37 But as the days of Noah were, so shall also the comingof the Son of man be.• 38 For as in the days that were before the flood they wereeating and drinking, marrying and giving in marriage, untilthe day that Noe entered into the ark,• 39 And knew not until the flood came, and took them allaway; so shall also the coming of the Son of man be.
462	DONATEMATTHEW 24:37-39• 37 But as the days of Noah were, so shall also the comingof the Son of man be.• 38 For as in the days that were before the flood they wereeating and drinking, marrying and giving in marriage, untilthe day that Noe entered into the ark,• 39 And knew not until the flood came, and took them allaway; so shall also the coming of the Son of man be.
468	MATTHEW 24:37-39• 37 But as the days of Noah were, so shall also the comingof the Son of man be.• 38 For as in the days that were before the flood they wereeating and drinking, marrying and giving in marriage, untilthe day that Noe entered into the ark,• 39 And knew not until the flood came, and took them allaway; so shall also the coming of the Son of man be.
474	DONATEMATTHEW 24:37-39• 37 But as the days of Noah were, so shall also the comingof the Son of man be.• 38 For as in the days that were before the flood they wereeating and drinking, marrying and giving in marriage, untilthe day that Noe entered into the ark,• 39 And knew not until the flood came, and took them allaway; so shall also the coming of the Son of man be.
480	DONATEMATTHEW 24:37-39• 37 But as the days of Noah were, so shall also the comingof the Son of man be.• 38 For as in the days that were before the flood they wereeating and drinking, marrying and giving in marriage, untilthe day that Noe entered into the ark,• 39 And knew not until the flood came, and took them allaway; so shall also the coming of the Son of man be.
486	MATTHEW 24:37-39• 37 But as the days of Noah were, so shall also the comingof the Son of man be.• 38 For as in the days that were before the flood they wereeating and drinking, marrying and giving in marriage, untilthe day that Noe entered into the ark,• 39 And knew not until the flood came, and took them allaway; so shall also the coming of the Son of man be.
492	DONATEMATTHEW 24:37-39• 37 But as the days of Noah were, so shall also the comingof the Son of man be.• 38 For as in the days that were before the flood they wereeating and drinking, marrying and giving in marriage, untilthe day that Noe entered into the ark,• 39 And knew not until the flood came, and took them allaway; so shall also the coming of the Son of man be.
498	DONATEMATTHEW 24:37-39• 37 But as the days of Noah were, so shall also the comingof the Son of man be.• 38 For as in the days that were before the flood they wereeating and drinking, marrying and giving in marriage, untilthe day that Noe entered into the ark,• 39 And knew not until the flood came, and took them allaway; so shall also the coming of the Son of man be.
504	DONATEMATTHEW 24:37-39• 37 But as the days of Noah were, so shall also the comingof the Son of man be.• 38 For as in the days that were before the flood they wereeating and drinking, marrying and giving in marriage, untilthe day that Noe entered into the ark,• 39 And knew not until the flood came, and took them allaway; so shall also the coming of the Son of man be.
510	DONATEMATTHEW 24:37-39• 37 But as the days of Noah were, so shall also the comingof the Son of man be.• 38 For as in the days that were before the flood they wereeating and drinking, marrying and giving in marriage, untilthe day that Noe entered into the ark,• 39 And knew not until the flood came, and took them allaway; so shall also the coming of the Son of man be.
516	MATTHEW 24:37-39• 37 But as the days of Noah were, so shall also the comingof the Son of man be.• 38 For as in the days that were before the flood they wereeating and drinking, marrying and giving in marriage, untilthe day that Noe entered into the ark,• 39 And knew not until the flood came, and took them allaway; so shall also the coming of the Son of man be.
522	DONATE
528	DONATE
534	DONATE
540	DONATE
546	DONATE
552	DONATE
558	DONATE
564	DONATE
570	DONATEO Q Fotowme C
576	DONATE100%
582	DONATE0 @ Folow me
588	DONATEO Q Fotowme CShweel
594	DONATE© Q Folow me
600	DONATEO G Fotowme C
606	DONATE0 0 Folow me
612	O @ Folow meDONATE'Judr100%
618	DONATE'Judgestis co© @ Fotow me
624	© Q Fotow meDONATE'Judgocitis comingo e100%
630	O Q Fotowme CDONATEis coming100%
636	DONATE"Judgoentis coming
642	DONATE
648	DONATE
654	DONATE
660	DONATE
666	0 9 folowmelDONATEis coming170
672	DONATE"Judgoentis comingO Q Folonme C
678	DONATE
684	DONATE
690	DONATE
696	DONATE
702	DONATE
708	© I Folow me0 SharelDONATE"Judgentilis coming
714	O @ Fotowme CDONATE"Judgoentis coming100%
720	© Q Fotow me CDONATE'Judgocitis coming100%
726	DONATE"Judgoentis coming0 M folow mel"Godwould not
732	DONATE'Judgentis comingO Q Fotow me C"Godwould notDestroy
738	DONATE"Judgocitis coming"Godwould notDestroyhis creatiThank You For Joining Us. Register here for study guides & future updates.finalcountdown.amazingdiscoveries.org
744	DONATEis coming"Godwould notDestroyhis creation"¿ABOThank You For Joining Us. Register here for study guides & future updates.finalcountdown.amazingdiscoveries.org
750	DONATE"Judgocitis coming"Godwould notDestroyhis creation"Thank You For Joining Us. Register here for study guides & future updates.finalcountdown.amazingdiscoveries.org
756	DONATE"Judgocitis coming"Godwould notDestroyhis creationThank You For Joining Us. Register here for study guides & future updates.finalcountdown.amazingdiscoveries.org
762	DONATE'Judgentis comingO Q Folow me"Godwould notDestroyhis creator"
768	DONATEis comingO Q Follow me"Godwould notDestroyhis creator"
774	DONATE"Judgoentis coming© Q Fotow me C"Godwould notDestroyhis createn
780	DONATEis comingO Q Fotowme C"Godwould notDestroy.his creation100%
786	DONATE"Judgoentis comingO Q Folow me"Godwould notDestroyhis creation100%
792	DONATE"Judgocitis coming"Godwould notDestroy,his creator© Q Folow me CUnderstoo
798	DONATE"Judgoentis coming"Godwould notDestroy,his creation"O Q Folow meUnderstoodPre
804	DONATE"Judgocitis coming"Godwould notDestroy,his creation"© Q Fotow me Cpe ShareUnderstoodPreparedPre100%
810	DONATE"Judgocitis coming"Godwould notDestroy,his creator"© Q Fotow me CUnderstoodPreparedPreached
816	DONATE"Judgoentis coming"Godwould notDestroyhis creatorO Q Fotow me CUnderstoodPreparedPreached
822	DONATE"Judgoentis coming"Godwould notDestroy,his creation© Q Folowme CUnderstoodPreparedPreached
828	DONATE"Judgoentis coming"Godwould notDestroyhis creation"© Q Fotow me CUnderstoodPreparedPreached100%
834	DONATE"Judgoentis coming"Godwould notDestroy,his creation"O Q Fotow me Cpe ShareUnderstoodPreparedPreached100%
840	DONATE"Judgoentis coming"Godwould notDestroy,his creato"O Q Folowme CUnderstoodPreparedPreached100%
846	DONATE"Judgoentis coming"Godwould notDestroy,his creatorUnderstoodPreparedPreached100%
852	DONATE"Judgoentis coming"Godwould notDestroyhis creation"UnderstoodPreparedPreached100%
858	DONATE"Judgoentis coming"Godwould notDestroy,his createnUnderstoodPrepparcoPreached
864	DONATE"Judgocitis coming"Godwould notDestroyhis creation"UnderstoodPrepparcoPreached
870	DONATE"Judgocitis coming"Godwould notDestroyhis creation"to ow myUnderstoodPrepparcoPreached100%
876	DONATE"Judgoentis coming"Godwould notDestroy.his creationUnderstoodPreparedPreached100%
882	DONATE"Judgoentis coming"Godwould notDestroy,his creaton"UnderstoodPreparedPreached
888	DONATE"Judgoentis coming"Godwould notDestroyhis creationUnderstoodPreparedPreached100%
894	DONATE"Judgoentis coming"Godwould notDestroy,his creationUnderstoodPrepparcoPreached100%
900	DONATE"Judgoentis coming"Godwould notDestroy,his creationUnderstoodPreparedPreached
906	DONATE"Judgoentis coming"Godwould notDestroy,his creation"UnderstoodPreparedPreached
912	DONATE"Judgoentis coming"Godwould notDestroyhis creation"UnderstoodPrepparcoPreached
918	DONATE"Judgoentis coming"Godwould notDestroyhis creationUnderstoodPreparedPreached100%
924	DONATE"Judgoentis coming"Godwould notDestroy,his creation"UnderstoodPreparedPreached
930	DONATE
936	DONATE
942	MATTHEW 24:37-39• 37 But as the days of Noah were, so shall also the comingof the Son of man be.• 38 For as in the days that were before the flood they wereeating and drinking, marrying and giving in marriage, untilthe day that Noe entered into the ark,• 39 And knew not until the flood came, and took them allaway; so shall also the coming of the Son of man be.
948	MATTHEW 24:37-39• 37 But as the days of Noah were, so shall also the comingof the Son of man be.• 38 For as in the days that were before the flood they wereeating and drinking, marrying and giving in marriage, untilthe day that Noe entered into the ark,• 39 And knew not until the flood came, and took them allaway; so shall also the coming of the Son of man be.
954	DONATEGENESIS 7:11, 12• 11 In the six hundredth year of Noah's life, in thesecond month, the seventeenth day of themonth, the same day were all the fountains of the greatdeep broken up, and the windows of heaven wereopened.• 12 And the rain was upon the earth forty days andforty nights.0000900
960	DONATEGENESIS 7:11, 12• 11 In the six hundredth year of Noah's life, in thesecond month, the seventeenth day of themonth, the same day were all the fountains of the greatdeep broken up, and the windows of heaven wereopened.• 12 And the rain was upon the earth forty days andforty nights.
966	DONATEGENESIS 7:11, 12• 11 In the six hundredth year of Noah's life, in thesecond menth, the seventeenth day of themonth, the same day were all the fountains of the greatdeep broken up, and the windows of heaven wereopened.• 12 And the rain was upon the earth forty days andforty nights.
972	DONATEGENESIS 7:11, 12• 11 In the six hundredth year of Noah's life, in thesecond month, the seventeenth day of themonth, the same day were all ine fountains of the greatdeep broken up, and the windows of heaven wereopened.• 12 And the rain was upon the earth forty days andforty nights.00098€0
978	DONATEGENESIS 7:11, 12• 11 In the six hundredth year of Noah's life, in thesecond month, the seventeenth day of themonth, the same day were all the fountains of the greatdeep broken up, and the windows of heaven wereopened.• 12 And the rain was upon the earth forty days andforty nights.
984	DONATEGENESIS 7:11, 12• 11 In the six hundredth year of Noah's life, in thesecond month, the seventeenth day of themonth, the same day were all the fountains of the greatdeep broken up, and the windows of heaven wereopened.• 12 And the rain was upon the earth forty days andforty nights.900055
990	GENESIS 7:11, 12• 11 In the six hundredth year of Noah's life, in thesecond month, the seventeenth day of themonth, the same day were all the fountains of the greatdeep broken up, and the windows of heaven wereopened.• 12 And the rain was upon the earth forty days andforty nights.000590
996	DONATEGENESIS 7:11, 12• 11 In the six hundredth year of Noah's life, in thesecond month, the seventeenth day of themonth, the same day were all the fountains of the greatdeep broken up, and the windows of heaven wereopened.• 12 And the rain was upon the earth forty days andforty nights.
1002	DONATEGENESIS 7:11, 12• 11 In the six hundredth year of Noah's life, in thesecond month, the seventeenth day of themonth, the same day were all the fountains of the greatdeep broken up, and the windows of heaven wereopened.• 12 And the rain was upon the earth forty days andforty nights.
1008	DONATEGENESIS 7:11, 12• 11 In the six hundredth year of Noah's life, in thesecond month, the seventeenth day of themonth, the same day were all the fountains of the greatdeep broken up, and the windows of heaven wereopened.• 12 And the rain was upon the earth forty days andforty nights.0000350
1014	DONATEGENESIS 8:14-17• 14 And in the second month, on the seven andtwentieth day of the month, was the earth dried.• 15 And God spake unto Noah, saying,• 16 Go forth of the ark, thou, and thy wife, and thy sons,and thy sons' wives with thee.• 17 Bring forth with thee every living thing that is with thee,
1020	DONATEGENESIS 8:14-17• 14 And in the second month, on the seven andtwentieth day of the month, was the earth dried.• 15 And God spake unto Noah, saying,• 16 Go forth of the ark, thou, and thy wife, and thy sons,and thy sons' wives with thee.• 17 Bring forth with thee every living thing that is with thee,
1026	DONATEGENESIS 8:14-17• 14 And in the second month, on the seven andtwentieth day of the month, was the earth dried.• 15 And God spake unto Noah, saying,• 16 Go forth of the ark, thou, and thy wife, and thy sons,and thy sons' wives with thee.• 17 Bring forth with thee every living thing that is with thee,
1032	GENESIS 8:14-17• 14 And in the second month, on the seven andtwentieth day of the month, was the earth dried.• 15 And God spake unto Noah, saying,• 16 Go forth of the ark, thou, and thy wife, and thy sons,and thy sons' wives with thee.• 17 Bring forth with thee every living thing that is with thee,
1038	DONATE"Judgoentis coming"Godwould notDestroyhis creatinUnderstoodPreparedPreached100%
1044	DONATEO Q Foton me100%
1050	O Q Folon meDONATE2поMonth100%
1056	© f Fotow meDONATEпо2Month17thdav100%
1062	DONATEпо2Month17* day© Q Fotow me
1068	DONATEпо2MonthnoMonth© Q Fotow me C17thdar
1074	DONATEпо2MonthMonth© Q Fotow me C17 dal27 day100%
1080	DONATE2noMonthMonth© G Fotowme C17 da27 day100%
1086	DONATE2MonthMonthBiblical year.01 F folow mel17th"da"27 day
1092	© Q Fotow me CDONATE2MonthnoMonth17thdar27 dayBiblical year 360 days•..0100%
1098	DONATE2MonthnoMonth17* day27 darBiblical year 360 days• em
1104	DONATEпо2MonthnoMorth17* day27* davBiblical year 360 days.....9© Q Folow me.3'
1110	DONATEпо2MonthMorth17* day27 darBiblical year 360 days360+10= 37
1116	DONATE2MonthMorth17* day27 darBiblical year 360 dayso ea360+10= 370 days
1122	DONATEпо2Month2" Alith17* day27 darBiblical year 360 days360+10= 370 daysIn the ArK
1128	DONATEпо2MonthMorth17* day27* davBiblical year 360 days• e360+10= 370 daysIn the ArK
1134	DONATEday27% dar360 daysO Q Folowme360+10= 370 daysIn the Ark100%
1140	DONATEcia.day,0 daysO Q Folow me360+10= 370daysIn the Ark100%
1146	DONATEala.day50 days360+10= 370 daysIn the ArkIf you've been blessed, please support our work:https://amazingdiscoveries.org/explore-projects100%
1152	0 @ Folow me CDONATEara.day50 days360+10= 370daysIn the ArkIf you've been blessed, please support our work:https://amazingdiscoveries.org/explore-projects100%
1158	A ITICEday50 days360+10= 370daysIn the ArkIf you've been blessed, please support our work:100%https://amazingdiscoveries.org/explore-projectsDONATE
1164	DONATE
1170	DONATE
1176	DONATE
1182	DONATE
1188	DONATE
1194	DONATESign Up for notifications and study guides:finalcountdown.amazingdiscoveries.orgGENESIS 6:14• Make thee an ark of gopher wood; rooms shaltthou make in the ark, and shalt pitch it within andwithout with pitch.
1200	DONATESign Up for notifications and study guides:finalcountdown.amazingdiscoveries.orgGENESIS 6:14• Make thee an ark of gopher wood; rooms shaltthou make in the ark, and shalt pitch it within andwithout with pitch.
1206	DONATESign Up for notifications and study guides:finalcountdown.amazingdiscoveries.orgGENESIS 6:14• Make thee an ark of gopher wood; rooms shaltthou make in the ark, and shalt pitch it within andwithout with pitch.
1212	DONATEGENESIS 6:14• Make thee an ark of gopher wood; rooms shaltthou make in the ark, and shalt pitch it within andwithout with pitch.
1218	DONATEGENESIS 6:14• Make thee an ark of gopher wood; rooms shaltthou make in the ark, and shalt pitch it within andwithout with pitch.
1224	DONATEGENESIS 6:14• Make thee an ark of gopher wood; rooms shaltthou make in the ark, and shalt pitch it within andwithout with pitch.
1230	DONATEGENESIS 6:14• Make thee an ark of gopher wood; rooms shaltthou make in the ark, and shalt pitch it within andwithout with pitch.
1236	DONATEGENESIS 6:14• Make thee an ark of gopher wood; rooms shaltthou make in the ark, and shalt pitch it within andwithout with pitch.
1242	DONATEGENESIS 6:14• Make thee an ark of gopher wood; rooms shaltthou make in the ark, and shalt pitch it within andwithout with pitch.
1248	DONATEGENESIS 6:14• Make thee an ark of gopher wood; rooms shaltthou make in the ark, and shalt pitch it within andwithout with pitch.
1254	DONATEGENESIS 6:14• Make thee an ark of gopher wood; rooms shaltthou make in the ark, and shalt pitch it within andwithout with pitch.
1260	DONATEGENESIS 6:14• Make thee an ark of gopher wood; rooms shaltthou make in the ark, and shalt pitch it within andwithout with pitch.
1266	DONATEGENESIS 6:14• Make thee an ark of gopher wood; rooms shaltthou make in the ark, and shalt pitch it within andwithout with pitch.
1272	DONATEGENESIS 6:14• Make thee an ark of gopher wood; rooms shaltthou make in the ark, and shalt pitch it within andwithout with pitch.
1278	DONATEGENESIS 6:14• Make thee an ark of gopher wood; rooms shaltthou make in the ark, and shalt pitch it within andwithout with pitch.
1284	DONATEGENESIS 6:14• Make thee an ark of gopher wood; rooms shaltthou make in the ark, and shalt pitch it within andwithout with pitch.
1290	DONATEGENESIS 6:14• Make thee an ark of gopher wood; rooms shaltthou make in the ark, and shalt pitch it within andwithout with pitch.
1296	DONATEGENESIS 6:14• Make thee an ark of gopher wood; rooms shaltthou make in the ark, and shalt pitch it within andwithout with pitch.
1302	DONATEGENESIS 6:14• Make thee an ark of gopher wood; rooms shaltthou make in the ark, and shalt pitch it within andwithout with pitch.
1308	DONATEGENESIS 6:14• Make thee an ark of gopher wood; rooms shaltthou make in the ark, and shalt pitch it within andwithout with pitch.
1314	DONATEGENESIS 6:15• And this is the fashion which thou shalt make itof: The length of the ark shall be three hundredcubits, the breadth of it fifty cubits, and the heightof it thirty cubits.000988
1320	DONATEGENESIS 6:15• And this is the fashion which thou shalt make itof: The length of the ark shall be three hundredcubits, the breadth of it fifty cubits, and the heightof it thirty cubits.
1326	DONATEGENESIS 6:15• And this is the fashion which thou shalt make itof: The length of the ark shall be three hundredcubits, the breadth of it fifty cubits, and the heightof it thirty cubits.
1332	DONATEGENESIS 6:15• And this is the fashion which thou shalt make itof: The length of the ark shall be three hundredcubits, the breadth of it fifty cubits, and the heightof it thirty cubits.0020980
1338	GENESIS 6:18-22• 18 But with thee will I establish my covenant; and thou shalt come into the ark,thou, and thy sons, and thy wife, and thy sons' wives with thee.• 19 And of every living thing of all flesh, two of every sort shalt thou bringinto the ark, to keep them alive with thee; they shall be male and female.• 20 Of fowls after their kind, and of cattle after their kind, of every creeping thingof the earth alter his kind, two of every sort shall come unto thee, to keep themalive.• 21 And take thou unto thee of all food that is eaten, and thou shalt gather it tothee; and it shall be for food for thee, and for them.• 22 Thus did Noah; according to all that God commanded him, so did he.
1344	ACTS 10:11, 12, 28• 11 And saw heaven opened, and a certain vessel descendingupon him, as it had been a great sheet knit at the four corners,and let down to the earth:• 12 Wherein were all manner of fourfooted beasts of the earth,and wild beasts, and creeping things, and lowls of the air.• 28 And he said unto them, Ye know how that it is an unlawfulthing for a man that is a Jew to keep company, or come unto oneof another nation; but God hath shewed me that I should not callany man common or unclean.
1350	DONATEGENESIS 6:15• And this is the fashion which thou shalt make itof: The length of the ark shall be three hundredcubits, the breadth of it fifty cubits, and the heightof it thirty cubits.
1356	DONATEGENESIS 6:15• And this is the fashion which thou shalt make itof: The length of the ark shall be three hundredcubits, the breadth of it fifty cubits, and the heightof it thirty cubits.
1362	DONATEGENESIS 6:15• And this is the fashion which thou shalt make itof: The length of the ark shall be three hundredcubits, the breadth of it fifty cubits, and the heightof it thirty cubits.
1368	DONATEGENESIS 6:15• And this is the fashion which thou shalt make itof: The length of the ark shall be three hundredcubits, the breadth of it fifty cubits, and the heightof it thirty cubits.
1374	DONATE
1380	DONATE
1386	DONATE
1392	DONATE
1398	DONATE
1404	DONATE
1410	DONATE
1416	DONATE
1422	DONATE
1428	DONATE
1434	DONATE
1440	DONATE- CountryLIvineEllen 6 y
1446	DONATE•CountrLivinc
1452	DONATE
1458	DONATELiving
1464	DONATE
1470	DONATE
1476	DONATE
1482	DONATEGiving
1488	DONATE- CountryLivino
1494	DONATE- CountryLiving
1500	DONATEGENESIS 6:15• And this is the fashion which thou shalt make itof: The length of the ark shall be three hundredcubits, the breadth of it fifty cubits, and the heightof it thirty cubits.
1506	GENESIS 6:18-22• 18 But with thee will I establish my covenant; and thou shalt come into the ark,thou, and thy sons, and thy wife, and thy sons' wives with thee.19 And of every living thing of all flesh, two of every sort shalt thou bringinto the ark, to keep them alive with thee; they shall be male and female.• 20 Of fowls after their kind, and of cattle after their kind, of every creeping thingof the earth alter his kind, two of every sort shall come unto thee, to keep them• 21 And take thou unto thee of all lood that is eaten, and thou shalt gather it tothee; and it shall be for food for thee, and for them.• 22 Thus did Noah; according to all that God commanded him, so did he.
1512	GENESIS 6:18-22• 18 But with thee will I establish my covenant; and thou shalt come into the ark,thou, and thy sons, and thy wife, and thy sons' wives with thee.19 And of every living thing of all flesh, two of every sort shalt thou bringinto the ark, to keep them alive with thee; they shall be male and female.• 20 Of fowls after their kind, and of cattle after their kind, of every creeping thingof the earth alter his kind, two of every sort shall come unto thee, to keep themalive.• 21 And take thou unto thee of all food that is eaten, and thou shalt gather it tothee; and it shall be for food for thee, and for them.• 22 Thus did Noah; according to all that God commanded him, so did he.
1518	GENESIS 6:18-22• 18 But with thee will I establish my covenant; and thou shalt come into the ark,thou, and thy sons, and thy wife, and thy sons' wives with thee.19 And of every living thing of all flesh, two of every sort shalt thou bringinto the ark, to keep them alive with thee; they shall be male and female.• 20 Of fowls after their kind, and of cattle after their kind, of every creeping thingof the earth alter his kind, two ol every sort shall come unto thee, to keep themalive.• 21 And take thou unto thee of all food that is eaten, and thou shalt gather it tothee; and it shall be for food for thee, and for them.• 22 Thus did Noah; according to all that God commanded him, so did he.
1524	GENESIS 6:18-22• 1873ut with thee will I establish my covenant; and thou shalt come into the ark,thou, and thy sons, and thy wife, and thy sons' wives with thee.• 19 And of every living thing of all flesh, two of every sort shalt thou bringinto the ark, to keep them alive with thee; they shall be male and female.• 20 Of fowls after their kind, and of cattle after their kind, of every creeping thingof the earth after his kind, two of every sort shall come unto thee, to keep themalive.• 21 And take thou unto thee of all food that is eaten, and thou shalt gather it tothee; and it shall be for food for thee, and for them.• 22 Thus did Noah; according to all that God commanded him, so did
1530	GENESIS 6:18-22• 18 But with thee will I establish my covenant; and thou shalt come into the ark,thou, and thy sons, and thy wife, and thy sons' wives with thee.• 19 And of every living thing of all flesh, two of every sort shalt thou bringinto the ark, to keep them alive with thee; they shall be male and female.• 20 Of fowls after their kind, and of cattle after their kind, of every creeping thingof the earth after his kind, two of every sort shall come unto thee, to keep themalive.• 21 And take thou unto thee of all food that is eaten, and thou shalt gather it tothee; and it shall be for food for thee, and for them.• 22 Thus did Noah; according to all that God commanded him, so did
1536	GENESIS 6:18-22• 18 But with thee will I establish my covenant; and thou shalt come into the ark,thou, and thy sons, and thy wife, and thy sons' wives with thee.• 19 And of every living thing of all flesh, two of every sort shalt thou bringinto the ark, to keep them alive with thee; they shall be male and female.• 20 Of fowls after their kind, and of cattle after their kind, of every creeping thingof the earth after his kind, two of every sort shall come unto thee, to keep themalive.• 21 And take thou unto thee of all food that is eaten, and thou shalt gather it tothee; and it shall be for food for thee, and for them.• 22 Thus did Noah; according to all that God commanded him, so did
1542	GENESIS 6:18-22• 18 But with thee will I establish my covenant; and thou shalt come into the ark,thou, and thy sons, and thy wife, and thy sons' wives with thee.• 19 And of every living thing of all flesh, two of every sort shalt thou bringinto the ark, to keep them alive with thee: they shall be male and female.• 20 Of fowls after their kind, and of cattle after their kind, of every creeping thingof the earth after his kind, two of every sort shall come unto thee, to keep themalive.• 21 And take thou unto thee of all food that is eaten, and thou shalt gather it tothee; and it shall be for food for thee, and for them.• 22 Thus did Noah; according to all that God commanded him, so did
1548	GENESIS 6:18-22• 18 But with thee will I establish my covenant; and thou shalt come into the ark,thou, and thy sons, and thy wife, and thy sons' wives with thee.• 19 And of every living thing of all flesh, two of every sort shalt thou bringinto the ark, to keep them alive with thee; they shall be male and female.and of cattle after their kind, of every creeping thingof the earth after his kind, to of every sort shall come unto thee, to keep themalive.• 21 And take thou unto thee of all food that is eaten, and thou shalt gather it tothee; and it shall be for food for thee, and for them.• 22 Thus did Noah; according to all that God commanded him, so did
1554	GENESIS 6:18-22• 18 But with thee will I establish my covenant; and thou shalt come into the ark,thou, and thy sons, and thy wife, and thy sons' wives with thee.• 19 And of every living thing of all flesh, two of every sort shalt thou bringinto the ark, to keep them alive with thee; they shall be male and female.• 20 Of fowls after their kind, and of cattle after their kind, of every creeping thingof the earth after his kind, two of every sort shall come unto thee, to keep themalive.• 21 And take thou unto thee of all food that is eaten, and thou shalt gather it tothee; and it shall be for food for thee, and for them.• 22 Thus did Noah; according to all that God commanded him, so did
1560	GENESIS 6:18-22• 18 But with thee will I establish my covenant; and thou shalt come into the ark,thou, and thy sons, and thy wife, and thy sons' wives with thee.• 19 And of every living thing of all flesh, two of every sort shalt thou bringinto the ark, to keep them alive with thee; they shall be male and female.• 20 Of fowls after their kind, and of cattle after their kind, of every creeping thingof the earth after his kind, two of every sort shall come unto thee, to keep themalive.• 21 And take thou unto thee of all food that is eaten, and thou shalt gather it tothee; and it shall be for food for thee, and for them.• 22 Thus did Noah; according to all that God commanded him, so did
1566	GENESIS 6:18-22• 18 But with thee will I establish my covenant; and thou shalt come into the ark,thou, and thy sons, and thy wife, and thy sons' wives with thee.• 19 And of every living thing of all flesh, two of every sort shalt thou bringinto the ark, to keep them alive with thee; they shall be male and female.• 20 Of fowls after their kind, and of cattle after their kind, of every creeping thingof the earth after his kind, two of every sort shall come unto thee, to keep themalive.• 21 And take thou unto thee of all food that is eaten, and thou shalt gather; tothee; and it shall be for food for thee, and for them.• 22 Thus did Noah; according to all that God commanded him, so did
1572	GENESIS 6:18-22• 18 But with thee will I establish my covenant; and thou shalt come into the ark,thou, and thy sons, and thy wife, and thy sons' wives with thee.• 19 And of every living thing of all flesh, two of every sort shalt thou bringinto the ark, to keep them alive with thee; they shall be male and female.• 20 Of fowls after their kind, and of cattle after their kind, of every creeping thingof the earth after his kind, two of every sort shall come unto thee, to keep themalive.• 21 And take thou unto thee of all food that is eaten, and thou shalt gather it tothee; and it shall be for food for thee, and for them.• 22 Thus did Noah; according to all that God commanded him, so did
1578	DONATEGENESIS 6:18-22• 18 But with thee will I establish my covenant; and thou shalt come into the ark• 19 And of every living thing of all flesh, two of every sort shalt thou bringinto the ark, to keep them alive with thee; they shall be male and female.• 20 Of fowls alter their kind, and of cattle after their kind, of every creeping thingof the earth after his kind, two of every sort shall come unto thee, to keep them• 21 And take thou unto thee of all food that is eaten, and thou shalt gather it tothee; and it shall be for food for thee, and for them.• 22 Thus did Noah; according to all that God commanded him, so did he.
1584	DONATEGENESIS 6:18-22• 18 But with thee will I establish my corenant; and thou shalt come into the ark,chou, and thy sons, and thy wife, and thy sons' wives with thee.• 19 And of every living thing of all flesh, two of every sort shalt thou bringinto the ark, to keep them alive with thee; they shall be male and femalc.• 20 Of fowls alter their kind, and of cattle alter their kind, of every creeping thingof the carth alter his kind, two of every sort shall come unto thee, to keep themalive.• 21 And take thou unto thee of all food that is eaten, and thou shalt gather it tothee; and it shall be for foox for thee, and for them.• 22 Thus did Noah; according to all that God commanded him, so did he.
1590	DONATEGENESIS 6:18-22• 18 But with thee will I establish my corenant; and thou shalt come into the ark,thou, and thy sons, and thy wife, and thy sons' wives with thee.• 19 And of every living thing of all flesh, two of every sort shalt thou bringinto the ark, to keep them alive with thee; they shall be male and female.• 20 Of fowls alter their kid, and of cattle alter their kind, of every creeping thingof the carth alter his kind, two of every sort shall come unto thee, to keep themalive.• 21 And take thou unto thee of all food that is eaten, and thou shalt gather it tothee; and it shall be for food for thee, and for them.• 22 Thus did Noah; according to all that God commanded him, so did he.
1596	DONATEGENESIS 6:18-22• 18 But with thee will I establish my corenant; and thou shalt come into the ark.thou, and thy sons, and thy wife, and thy sons' wives with thee.• 19 And of every living thing of all flesh, two of every sort shalt thou bringinto the ark, to kep them alive with thee; they shall bc male and femalc.• 20 Of fowls after their kid, and of cattle alter their kind, of every creeping thingof the earth alter his kind, two of every sort shall come unto thee, to keep themalive.• 21 And take thou unto thee of all food that is eaten, and thou shalt gather it tothee; and i shall be for food for thee, and for them.• 22 Thus did Noah; according to all that God commanded him, so did he.
1602	DONATE
1608	DONATE
1614	DONATEACTS 10:11, 12, 28• 11 And sas heaven opened, and a certain vessel descendingupon him, as it had been a great sheet knit at the four corners,and let down to the earth:• 12 Wherein were all manner of lourfooted beasts of the carth,and wild beasts, and erceping tlungs, and fowls of the air.• 28 And he said unto them, Ye know how that it is an unlawfulthing for a man that is a Jew to keep company, or come unto oneof another nation; but God hath shewed me that I should not callàlv man common or unclean.
1620	ACTS 10:11, 12, 28• 11 And saw heaven opened, and a certain vessel descendingupon him, as it had been a great sheet knit at the four corners,and let down to the earth:• 12 Wherein were all manner of fourfooted beasts of the carth,and wild beasts, and creeping things, and lowls of the air.• 28 And he said unto them, Ye know how that it is an unlawfulthing for a man that is a Jew to keep company, or come unto oneof another nation; but God hath shewed me that I should not callany man common or unclean.
1626	ACTS 10:11, 12, 28• 11 And saw heaven opened, and a certain vessel descendingupon him, as it had been a great sheet knit at the four corners,and let down to the earth:• 12 Wherein were all manner of fourfooted beasts of the earth,and wild beasts, and creeping things, and lowls of the air.• 28 And he said unto them, Ye know how that it is an unlawfulhing for a man that is a Jew to keep company, or come unto oncof another nation; but God hath shewed me that I should not callany man common or unclean.0000980
1632	ACTS 10:11, 12, 28• 11 And saw heaven opened, and a certain vessel descendingupon him, as it had been a great sheet knit at the four corners,and let down to the earth:• 12 Wherein were all manner of fourfooted beasts of the earth,and wild beasts, and creeping things, and lowls of the air.• 28 And he said unto them, Ye know how that it is an unlawfulthing for a man that is a Jew to keep company, or come unto oneof another nation; but God hath shewed me that I should not callany man common or unclean.0005980
1638	DONATEACTS 10:11, 12, 28• 11 And saw heaven opened, and a certain vessel descendingupon him, as it had been a great sheet knit at the four corners,and let down to the earth:• 12 Wherein were all manner of fourfooted beasts of the earth,and wild beasts, and creping things, and fowls of the air.• 28 And he said unto them, Ye know how that it is an unlawfulthing for a man that is a Jew to keep company, or come unto oneof another nation; but God hath shewed me that I should not callany man common or unclean.0000900
1644	ACTS 10:11, 12, 28• 11 And saw heaven opened, and a certain vessel descendingupon him, as it had been a great sheet knit at the four corners,and let down to the earth:• 12 Wherein were all manner of fourfooted beasts of the earth,and wild beasts, and creeping things, and lowls of the air.• 28 And he said unto them, Ye know how that it is an unlawfulthing for a man that is a Jew to keep company, or come unto oneof another nation; but God hath shewed me that I should not callany man common or unclean.
1650	DONATEACTS 10:11, 12, 28• 11 And saw heaven opened, and a certain vessel descendingupon him, as it had been a great sheet knit at the four corners,and let down to the earth:• 12 Wherein were all manner of fourfooted beasts of the earth,and wild beasts, and creeping things, and fowls of the air.• 28 And he said unto them, Ye know how that it is an unlawfulthing for a man that is a Jew to keep company, or come unto oneof another nation; but God hath shewed me that I should not callany man common or unclean.0009900
1656	ACTS 10:11, 12, 28• 11 And saw heaven opened, and a certain vessel descendingupon him, as it had been a great sheet knit at the four corners,and let down to the earth:• 12 Wherein were all manner of fourfooted beasts of the earth,and wild beasts, and creeping things, and fowls of the air.• 28 And he said unto them, Ye know how that it is an unlawfulthing for a man that is a Jew to keep company, or come unto oneof another nation; but God hath shewed me that I should not callany man common or unclean.0005900
1662	ACTS 10:17, 12, 28• 11 And saw heaven opened, and a certain vessel descendingupon him, as it had been a great sheet knit at the four corners,and let down to the earth:• 12 Wherein were all manner of fourfooted beasts of the earth,and wild beasts, and creeping things, and fowls of the air.• 28 And he said unto them, Ye know how that it is an unlawfulthing for a man that is a Jew to keep company, or come unto oneof another nation; but God hath shewed me that I should not callany man common or unclean.
1668	DONATEACTS 10:11, 12, 28• 11 And saw heaven opened, and a certain vessel descendingupon him, as it had been a great sheet knit at the four corners,and let down to the earth:• 12 Wherein were all manner of fourfooted beasts of the earth,and wild beasts, and creeping things, and lowls of the air.• 28 And he said unto them, Ye know how that it is an unlawfulthing for a man that is a Jew to keep company, or come unto oneof another nation; but God hath shewed me that I should not callany man common or unclean.
1674	DONATEACTS 10:11, 12, 28• 11 And saw heaven opened. and a ceranu vessel descendingupon lun as u had been a great sheet kan at the low corners,and let down to the earth:• 12 Wherein wereI be arle sod toad of the eull.al go a lame, and of of the an.• 24 And he said unto thera. Ye kumr hen that t san letillimy lot a man lates a len to keep companyto keep empany or come unto outFanother manon: but Cod hath shewed me that I slouhl not cal
1680	DONATE
1686	DONATE
1692	DONATE
1698	DONATE
1704	DONATEdasday10 days360+10= 370daysIn the ArkT 9
1710	DONATEO Q Folowme C
1716	O Q Folowme CDONATE100%
1722	DONATEO Q Folow me
1728	DONATEO g Folow me.
1734	DONATE000000O G Fotow me
1740	© G Fotow meDONATE100%
1746	© G Fotow meDONATE3900009• ..100%
1752	DONATEO Fotow me
1758	DONATE© Q Fotow me
1764	DONATEAll Lines• Animals© Q Foton me
1770	DONATE© G Fotow meWheelAll Kinds 31400 kirof Animals
1776	DONATEAll Linds 31400 Kinds• Animals© Q Foton me
1782	DONATEAll Linds 31400 Kinds• AnimalsÔ Q Fotoume C
1788	DONATEO Q Foton me
1794	© Fotow meDONATEEnd of the to U
1800	JIVNOO• a 70o1 Uppop ayffo pus
1806	© Q Follow meDONATEEnd of the World100%
1812	DONATEEnd of the World100%6870
1818	Ô 1 Follow meDONATEEnd of the World•..0
1824	© 0 Fotow meDONATEEnd of the World100%
1830	© Q Folow meDONATEEnd of the WorldPrepparePAORPOOTO100%
1836	O Follow meDONATEEnd of the WorldPreppare100%
1842	© Q Fotonme CEnd of the WorldPreppare - Also for 1PAOLOOTO100%DONATE
1848	DONATEEnd of the WorldPrepare - Also for AnimalsFELO
1854	DONATEEnd of the WorldPreppare - Also der AnimalsAnimals-DO LOOS
1860	DONATEEnd of the WorldPreppare-Also der AnimalsAnimals = Kinds100%
1866	we ow meEnd of the WorldPreppare - Also der AnimalsAnimals = Kinds of PeopleDONATE
1872	Rev© G Foton meDONATE
1878	Rev 1DONATE
1884	Rev 7© Q Fotow meDONATE
1890	Rev 7© Q Foton meDONATE
1896	Rev 1O Q Follow meDONATE
1902	0 (N folow meDONATERev 7
1908	Rev 1© G Fotow meDONATE
1914	Rev 7© Q Fotow meDONATE
1920	Rev 7© Q Fotow meDONATE
1926	© Q Fotow meDONATERev 714
1932	© Q Fotow meDONATERev 7144,000
1938	© Fotow meDONATERev 7144,000 from I-
1944	O @ Folow me.DONATERev 7144,000 from IsraclDOLPOSTO
1950	© Q Fotow meDONATERev 7144,000 from Israc(Supposed to YDOLFOOTO
1956	© Foton meDONATERev 7144,000 from Isracl(Supposed to Knaw-YDOLPOOTO
1962	O @ Folow me.DONATERev 7144,000 from Isracl100%
1968	O Q Fotow meDONATERev 7144,000 from Isracl(spared to ros- Prophor)•DOLPOOTO100%
1974	© Q Fotow meRev 7144,000 from Isracl(supposed to ros- Prophos)Be sure to get our free resources:finalcountdown.amazingdiscoveries.org100%DONATE
1980	© G Fotow meRev 1•144,000 from Isracl(supposed to ros- Prophos)Be sure to get our free resources:finalcountdown.amazingdiscoveries.org100%DONATE
1986	O G Folon meRev 1•144,000 from Isracl(supposed to ros- Prophos)• Great MuBe sure to get our free resources:finalcountdown.amazingdiscoveries.org100%DONATE
1992	© Q Foton meDONATERev 7•144,000 from Isracl(spared to ros- Prophor)•Great Matitute100%
1998	© G Fotow meDONATERev 7•144,000 from Israel(spared to ra- Propho)•Great Mutitute
2004	© Foion meDONATERev 7•144,000 from Israel(spared to ros- Propho)•Great MatituteDOLOR TO100%
2010	O Q Foton meDONATERev 7•144,000 from Isracl(Supposed to Knao-Prophesy)•Great Matitude -of' All l100%
2016	© @ Folow me lRev 7•144,000 from Israel(Supposed to Knao- Prophesy)•Great Matitude -of' All Kinds100%DONATE
2022	© @ Fotow meRev 7•144,000 from Israel(Supposed to Knao- Prophesy)•Great Matitude -of' All KindsDOLPORTODONATE
2028	© Q Foton meRev 7•144,000 from Isracl(Supposed to Knas- Prophesy)•Great Mattitude -of' All KindsDONATE
2034	© Q Fotow meRev 7•144,000 from Israel(Supposed to Knao-Prophesy)•Great Matitude -of' All KindsDONATE
2040	DONATERev 7•144,000 from Israc- Roul(Supposed to Knas - Prophesy)•Great Matitude -of' All KindsPOLIOSTO
2046	DONATERev 7•144,000 from Israc- Rav(Supposed to Knas- Prophesy)•Great Matitude -of' All Kinds
2052	O G Fotow meWthaeetDONATEinds
2058	ЗАO Q Folow meDONATE
2064	O Q Fotow meDONATEЗА.М. С: ELO.
2070	A I TICE M3 A.M. CAngets MosaDONATE
2076	Ce Share3A. M. (Angels Massages)100%DONATE
2082	© C Folow me3 A.M. (Argets Massages)Given by 1DOLPOOTO100%DONATE
2088	© Q Folow me3 A.M. (Angels Massag s)Given by 144,000DONATE
2094	O Q Folow me3 A.M. (Angets Massages)Given by 144,000DONATE
2100	DONATE3 A.M. (Angels Mossages)Given by 144,000DOLPOOTO
2106	© Folow me3A. A.M. (Argets Massages)Given by 144,000LABO..... TO100%DONATE
2112	O Q Folow me3A.M. (Angets (Angels Massages)Given by 144,000DONATE
2118	© Q Folow me3 A.M. (Angels Massages)Given by 144,000-100%DONATE
2124	O C Folow me3 A.M. (Argets Massages)Given by 144,000"Come out"100%DONATE
2130	O Q Folow me3A.M. (Angels (Angels Massage)Given by 144,000"Come out""Do not100%DONATE
2136	Come out""Do not recic ofDONATE100%
2142	"Come out""Do not reccic ofthe PlagDONATE100%
2148	© Q Foion me"Come out""Do not reccic ofthePlaquesDONATE
2154	© Q Folow me"Come out""Do not reccic ofthePlaques = JudgeDONATE
2160	© Q Foion me"Come out""Do not reccic ofthePlaques - Judgment:DONATE
2166	© G Foton me"Come out""Do not reccic ofthePlagues = Judgment:DONATE
2172	& Folow me"Come out""Do not recric ofthe Plaques - Judgment.DONATE
2178	O 4 Foton me"Come out""Do not reccic ofthe Plaques - Judgment.DONATE
2184	O Q Foion me"Come out""Do not reccic ofthePlaques - Judgment:DONATE
2190	© Q Foton me"Come out""Do not reccic ofthePlagues = Judgment:DONATE
2196	$ Folow me"Come out""Do not reccic ofthePlaques - Judgment.DONATE
2202	"Come out""Do not reccic ofthe Plaques = Judgment.DONATE
2208	DONATEISAIAH 60:1-7• 1 Arise, shine; for thy light is come, and the glory ofthe Lord is risen upon thee.• 2 For, behold, the darkness shall cover the earth, andgross darkness the people: but the Lord shall ariseupon thee, and his glory shall be seen upon thee.• 3 And the Gentiles shall come to thy light, andkings to the brightness of thy rising.0005980
2214	DONATEISAIAH 60:1-7• 1 Arise, shine; for thy light is come, and the glory ofthe Lord is risen upon thee.• 2 For, behold, the darkness shall cover the earth, andgross darkness the people: but the Lord shall ariseupon thee, and his glory shall be seen upon thee.• 3 And the Gentiles shall come to thy light, andkings to the brightness of thy rising.0000980
2220	DONATEISAIAH 60:1-7• 1 Arise, shine; for thy light is come, and the glory ofthe Lord is risen upon thee.• 2 For, behold, the darkness shall cover the earth, andgross darkness the people: but the Lord shall ariseupon thee, and his glory shall be seen upon thee.• 3 And the Gentiles shall come to thy light, andkings to the brightness of thy rising.0000960
2226	DONATEISAIAH 60:1-7• 1 Arise, shine; for thy light is come, and the glory ofthe Lord is risen upon thee.• 2 For, behold, the darkness shall cover the earth, andgross darkness the people: but the Lord shall ariseupon thee, and his glory shall be seen upon thee.• 3 And the Gentiles shall come to thy light, andkings to the brightness of thy rising.0005960
2232	DONATEISAIAH 60:1-7• 1 Arise, shine; for thy light is come, and the glory ofthe Lord is risen upon thee.• 2 For, behold, the darkness shall cover the earth, andgross darkness the people: but the Lord shall ariseupon thee, and his glory shall be seen upon thee.• 3 And the Gentiles shall come to thy light, andkings to the brightness of thy rising.0000980
2238	ISAIAH 60:1-7• 1 Arise, shine; for thy light is come, and the glory ofthe Lord is risen upon thee.• 2 For, behold, the darkness shall cover the earth, andgross darkness the people: but the Lord shall ariseupon thee, and his glory shall be seen upon thee.• 3 And the Gentiles shall come to thy light, andkings to the brightness of thy rising.DONATE
2244	DONATEISAIAH 60:1-7• 1 Arise, shine; for thy light is come, and the glory ofthe Lord is risen upon thee.• 2 For, behold, the darkness shall cover the earth, andgross darkness the people: but the Lord shall ariseupon thee, and his glory shall be seen upon thee.• 3 And the Gentiles shall come to thy light, andkings to the brightness of thy rising.0005800
2250	ISAIAH 60:1-7• 1 Arise, shine; for thy light is come, and the glory ofthe Lord is risen upon thee.• 2 For, behold, the darkness shall cover the earth, andgross darkness the people: but the Lord shall ariseupon thee, and his glory shall be seen upon thee.• 3 And the Gentiles shall come to thy light, andkings to the brightness of thy rising.DONATE
2256	ISAIAH 60:1-7• 4 Lift up thine eyes round about, and see: all theygather themselves together, they come to thee: thysons shall come from far, and thy daughters shall benursed at thy side.• 5 Then thou shalt see, and flow together, and thineheart shall fear, and be enlarged; because theabundance of the sea shall be converted unto thee, theforces of the Gentiles shall come unto thee.DONATE
2262	DONATEISAIAH 60:1-7• 4 Lift up thine eyes round about, and see: all theygather themselves together, they come to thee: thysons shall come from far, and thy daughters shall benursed at thy side.• 5 Then thou shalt see, and flow together, and thineheart shall fear, and be enlarged; because theabundance of the sea shall be converted unto thee, theforces of the Gentiles shall come unto thee.0000900
2268	DONATEISAIAH 60:1-7• 4 Lift up thine eyes round about, and see: all theygather themselves together, they come to thee: thysons shall come from far, and thy daughters shall benursed at thy side.• 5 Then thou shalt see, and flow together, and thineheart shall fear, and be enlarged; because theabundance of the sea shall be converted unto thee, theforces of the Gentiles shall come unto thee.00099e0
2274	DONATEISAIAH 60:1-7• 4 Lift up thine eyes round about, and see: all theygather themselves together, they come to thee: thysons shall come from far, and thy daughters shall benursed at thy side.• 5 Then thou shalt see, and flow together, and thineheart shall fear, and be enlarged; because theabundance of the sea shall be converted unto thee, theforces of the Gentiles shall come unto thee.00009E0
2280	DONATEISAIAH 60:1-7• 4 Lift up thine eyes round about, and see: all theygather themselves together, they come to thee: thysons shall come from far, and thy daughters shall benursed at thy side.• 5 Then thou shalt see, and flow together, and thineheart shall fear, and be enlarged; because theabundance of the sea shall be converted unto thee, theforces of the Gentiles shall come unto thee.0009980.
2286	ISAIAH 60:1-7• 4 Lift up thine eyes round about, and see: all theygather themselves together, they come to thee: thysons shall come from far, and thy daughters shall benursed at thy side.• 5 Then thou shalt see, and flow together, and thineheart shall fear, and be enlarged; because theabundance of the sea shall be converted unto thee, theforces of the Gentiles shall come unto thee.DONATE
2292	ISAIAH 60:1-7• 4 Lift up thine eyes round about, and see: all theygather themselves together, they come to thee: thysons shall come from far, and thy daughters shall benursed at thy side.• 5 Then thou shalt see, and flow together, and thineheart shall fear, and be enlarged; because theabundance of the sea shall be converted unto thee, theforces of the Gentiles shall come unto thee.DONATE
2298	ISAIAH 60:1-7• 4 Lift up thine eyes round about, and see: all theygather themselves together, they come to thee: thysons shall come from far, and thy daughters shall benursed at thy side.• 5 Then thou shalt see, and flow together, and thineheart shall fear, and be enlarged; because theabundance of the sea shall be converted unto thee, theforces of the Gentiles shall come unto thee.DONATE
2304	ISAIAH 60:1-7• 4 Lift up thine eyes round about, and see: all theygather themselves together, they come to thee: thysons shall come from far, and thy daughters shall benursed at thy side.• 5 Then thou shalt see, and flow together, and thineheart shall fear, and be enlarged; because theabundance of the sea shall be converted unto thee, theforces of the Gentiles shall come unto thee.DONATE
2310	ISAIAH 60:1-7• 4 Lift up thine eyes round about, and see: all theygather themselves together, they come to thee: thysons shall come from far, and thy daughters shall benursed at thy side.• 5 Then thou shalt see, and flow together, and thineheart shall fear, and be enlarged; because theabundance of the sea shall be converted unto thee, theforces of the Gentiles shall come unto thee.DONATE
2316	DONATEISAIAH 60:1-7• 6 The multitude of canels shall cover thee, thedromedaries of Midian and Ephah; all they fromSheba shall come: they shall bring gold and incense;and they shall shew forth the praises of the Lord.• 7 All the flocks of Kedar shall be gathered togetherunto thee, the rams of Nebaioth shall minister untothee: they shall come up with acceptance on minealtar, and I will glorify the house of my glory.0000800
2322	ISAIAH 60:1-7• 6 The multitude of camels shall cover thee, thedromedaries of Midian and Ephah; all they fromSheba shall come: they shall bring gold and incense;and they shall shew forth the praises of the Lord.• 7 All the flocks of Kedar shall be gathered togetherunto thee, the rams of Nebaioth shall minister untothee: they shall come up with acceptance on minealtar, and I will glorify the house of my glory.DONATE
2328	DONATEISAIAH 60:1-7• 6 The multitude of camels shall cover thee, thedromedaries of Midian and Ephah; all they fromSheba shall come: they shall bring gold and incense;and they shall shew forth the praises of the Lord.• 7 All the flocks of Kedar shall be gathered togetherunto thee, the rams of Nebaioth shall minister untothee: they shall come up with acceptance on minealtar, and I will glorify the house of my glory.0005900
2334	DONATEISAIAH 60:1-7• 6 The multitude of camels shall cover thee, thedromedaries of Midian and Ephah; all they fromSheba shall come: they shall bring gold and incense;and they shall shew forth the praises of the Lord.• 7 All the flocks of Kedar shall be gathered togetherunto thee, the rams of Nebaioth shall minister untothee: they shall come up with acceptance on minealtar, and I will glorify the house of my glory.0000800
2340	DONATEISAIAH 60:1-7• 6 The multitude of camels shall cover thee, thedromedaries of Midian and Ephah; all they fromSheba shall come: they shall bring gold and incense;and they shall shew forth the praises of the Lord.• 7 All the flocks of Kedar shall be gathered togetherunto thee, the rams of Nebaioth shall minister untothee: they shall come up with acceptance on minealtar, and I will glorify the house of my glory.0005900
2346	DONATEISAIAH 60:1-7• 6 The multitude of camels shall cover thee, thedromedaries of Midian and Ephah; all they fromSheba shall come: they shall bring gold and incense;and they shall shew forth the praises of the Lord.• 7 All the flocks of Kedar shall be gathered togetherunto thee, the rams of Nebaioth shall minister untothee: they shall come up with acceptance on minealtar, and I will glorify the house of my glory.0000960
2352	DONATEISAIAH 60:1-7* 6 The multitude of camels shall cover thee, thedromedaries of Midian and Ephah; all they fromSheba shall come: they shall bring gold and incense;and they shall shew forth the praises of the Lord.• 7 All the flocks of Kedar shall be gathered togetherunto thee, the rams of Nebaioth shall minister untothee: they shall come up with acceptance on minealtar, and I will glorify the house of my glory.0009900
2358	DONATEISAIAH 60:1-7• 6 The multitude of camels shall cover thee, thedromedaries of Midian and Ephah; all they fromSheba shall come: they shall bring gold and incense;and they shall shew forth the praises of the Lord.• 7 All the flocks of Kedar shall be gathered togetherunto thee, the rams of Nebaioth shall minister untothee: they shall come up with acceptance on minealtar, and I will glorify the house of my glory.0009900
2364	ISAIAH 60:1-7• 6 The multitude of camels shall cover thee, thedromedaries of Midian and Ephah; all they fromSheba shall come: they shall bring gold and incense;and they shall shew forth the praises of the Lord.• 7 All the flocks of Kedar shall be gathered togetherunto thee, the rams of Nebaioth shall minister untothee: they shall come up with acceptance on minealtar, and I will glorify the house of my glory.DONATE
2370	ISAIAH 60:1-7• 6 The multitude of camels shall cover thee, thedromedaries of Midian and Ephah; all they fromSheba shall come: they shall bring gold and incense;and they shall shew forth the praises of the Lord.• 7 All the flocks of Kedar shall be gathered togetherunto thee, the rams of Nebaioth shall minister untothee: they shall come up with acceptance on minealtar, and I will glorify the house of my glory.DONATE
2376	ISAIAH 60:1-7• 6 The multitude of camels shall cover thee, thedromedaries of Midian and Ephah; all they fromSheba shall come: they shall bring gold and incense;and they shall shew forth the praises of the Lord.• 7 All the flocks of Kedar shall be gathered togetherunto thee, the rams of Nebaioth shall minister untothee: they shall come up with acceptance on minealtar, and I will glorify the house of my glory.DONATE
2382	ISAIAH 60:1-7• 6 The multitude of camels shall cover thee, thedromedaries of Midian and Ephah; all they fromSheba shall come: they shall bring gold and incense;and they shall shew forth the praises of the Lord.• 7 All the flocks of Kedar shall be gathered togetherunto thee, the rams of Nebaioth shall minister untothee: they shall come up with acceptance on minealtar, and I will glorify the house of my glory.DONATE
2388	ISAIAH 60:1-7• 6 The multitude of camels shall cover thee, thedromedaries of Midian and Ephah; all they fromSheba shall come: they shall bring gold and incense;and they shall shew forth the praises of the Lord.• 7 All the flocks of Kedar shall be gathered togetherunto thee, the rams of Nebaioth shall minister untothee: they shall come up with acceptance on minealtar, and I will glorify the house of my glory.DONATE
2394	SIGNS OF THE TIMES, DECEMBER20, 1877, ART. A, PAR.3• He directed Noah to build an ark and at thesame time preach to the inhabitants of the worldthat God would bring the flood waters upon theearth to destroy the wicked.DONATE00009e0
2400	SIGNS OF THE TIMES, DECEMBER20, 1877, ART. A, PAR.3• He directed Noah to build an ark and at thesame time preach to the inhabitants of the worldthat God would bring the flood waters upon theearth to destroy the wicked.DONATE
2406	SIGNS OF THE TIMES, DECEMBER20, 1877, ART. A, PAR.3• He directed Noah to build an ark and at thesame time preach to the inhabitants of the worldthat God would bring the flood waters upon theearth to destroy the wicked.DONATE
2412	SIGNS OF THE TIMES, DECEMBER20, 1877, ART. A, PAR.3• He directed Noah to build an ark and at thesame time preach to the inhabitants of the worldthat God would bring the flood waters upon theearth to destroy the wicked.DONATE
2418	SIGNS OF THE TIMES, DECEMBER20, 1877, ART. A, PAR.3• He directed Noah to build an ark and at thesame time preach to the inhabitants of the worldthat God would bring the flood waters upon theearth to destroy the wicked.DONATE
2424	SIGNS OF THE TIMES, DECEMBER20, 1877, ART. A, PAR.3• He directed Noah to build an ark and at thesame time preach to the inhabitants of the worldthat God would bring the flood waters upon theearth to destroy the wicked.DONATE
2430	SIGNS OF THE TIMES, DECEMBER20, 1877, ART. A, PAR.3• He directed Noah to build an ark and at thesame time preach to the inhabitants of the worldthat God would bring the flood waters upon theearth to destroy the wicked.DONATE
2436	SIGNS OF THE TIMES, DECEMBER20, 1877, ART. A, PAR.3• He directed Noah to build an ark and at thesame time preach to the inhabitants of the worldthat God would bring the flood waters upon theearth to destroy the wicked.DONATE
2442	SIGNS OF THE TIMES, DECEMBER20, 1877, ART. A, PAR.3• He directed Noah to build an ark and at thesame time preach to the inhabitants of the worldthat God would bring the flood waters upon theearth to destroy the wicked.DONATE0000960
2448	SIGNS OF THE TIMES, APRIL 18, 1895• Noah's light was to shine forth for one hundred and twenty yearsamid the moral darkness of people who were encompassedwithin a certain limit of years. Under Noah's direction hiscarpenters built an ark, and they were impressed day by day withthe unwavering faith, the unswerving integrity, of themessenger of God. Every blow of the hammer, everyadvance that was made, was a warning to the world of theflood that swept away the unbelieving and ungodly. Noah's faithwas a working faith; it was a saving faith, that moved him withfear, and led him to act in accordance with the word of God.This is the quality of faith that will save the soul. Is it ycuDONATE
2454	SIGNS OF THE TIMES, APRIL 18, 1895• Noah's light was to shine fort, for one hundred and twenty yearsamid the moral darkness of people who were encompassedwithin a certain limit of years. Under Noah's direction hiscarpenters built an ark, and they were impressed day by day withthe unwavering faith, the unswerving integrity, of themessenger of God. Every blow of the hammer, everyadvance that was made, was a warning to the world of theflood that swept away the unbelieving and ungodly. Noah's faithwas a working faith; it was a saving faith, that moved him withfear, and led him to act in accordance with the word of God.This is the quality of faith that will save the soul. Is it ycuDONATE
2460	SIGNS OF THE TIMES, APRIL 18, 1895• Noah's light was to shine forth for one hundred and twenty yearsamid the moral darkness of people who were encompassedwithin a certain limit of years. Unde? Noah's direction hiscarpenters built an ark, and they were impressed day by day withthe unwavering faith, the unswerving integrity, of themessenger of God. Every blow of the hammer, everyadvance that was made, was a warning to the world of theflood that swept away the unbelieving and ungodly. Noah's faithwas a working faith; it was a saving faith, that moved him withfear, and led him to act in accordance with the word of God.This is the quality of faith that will save the soul. Is it ycHDONATE
2466	SIGNS OF THE TIMES, APRIL 18, 1895• Noah's light was to shine forth for one hundred and twenty yearsamid the moral darkness of people who were encompassedwithin a certain limit of years. Under Noah's direction hiscarpenters built an ark, and they were impressed day by day withthe unwavering faith, the unswerving integrity, of themessenger of God. Every blow of the hammer, everyadvance that was made, was a warning to the world of theflood that swept away the unbelieving and ungodly. Noah's faithwas a working faith; it was a saving faith, that moved him withfear, and led him to act in accordance with the word of God.This is the quality of faith that will save the soul. Is it yc'uDONATE
2472	SIGNS OF THE TIMES, APRIL 18, 1895• Noah's light was to shine forth for one hundred and twenty yearsamid the moral darkness of people who were encompassedwithin a certain limit of years. Under Noah's direction hiscarpenters built an ark, and they were impressed day by day withthe unwavering faith, the unswerving integrity, of themessenger of God. Every blow of the hammer, everyadvance that was made, was a warning to the world of theflood that swept away the unbelieving and ungodly. Noah's faithwas a working faith; it was a saving faith, that moved him withfear, and led him to act in accordance with the word of God.This is the quality of faith that will save the soul. Is it yc'uDONATE
2478	SIGNS OF THE TIMES, APRIL 18, 1895• Noah's light was to shine forth for one hundred and twenty yearsamid the moral darkness of people who were encompassedwithin a certain limit of years. Under Noah's direction hiscarpenters built an ark, and they were impressed day by day withthe unwavering faith, the unswerving integrity, of themessenger of God, Every blow of the hammer, everyadvance that was made, was a warning to the world of theflood that swept away the unbelieving and ungodly. Noah's faithwas a working faith; it was a saving faith, that moved him withfear, and led him to act in accordance with the word of God.This is the quality of faith that will save the soul. Is it ycuDONATE
2484	SIGNS OF THE TIMES, APRIL 18, 1895• Noah's light was to shine forth for one hundred and twenty yearsamid the moral darkness of people who were encompassedwithin a certain limit of years. Under Noah's direction hiscarpenters built an ark, and they were impressed day by day withthe unwavering faith, the unswerving integrity, of themessenger of God. Every blow of the hammer, everyadvance that was made, was a warning to the world of theflood that swept away the unbelieving and ungodly. Noah's faithwas a working faith; it was a saving faith, that moved him withfear, and led him to act in accordance with the word of God.This is the quality of faith that will save the soul. Is it ycHDONATE
2490	SIGNS OF THE TIMES, APRIL 18, 1895• Noah's light was to shine forth for one hundred and twenty yearsamid the moral darkness of people who were encompassedwithin a certain limit of years. Under Noah's direction hiscarpenters built an ark, and they were impressed day by day withthe unwavering faith, the unswerving integrity, of themessenger of God. Every blow of the hammer, everyadvance that was made, was a warning to the world of theflood that swept away the unbelieving and ungodly. Noah's faithwas a working faith; it was a saving faith, that moved him withfear, and led him to act in accordance with the word of God.This is the quality of faith that will save the soul. Is it yc'uDONATE
2496	SIGNS OF THE TIMES, APRIL 18, 1895• Noah's light was to shine forth for one hundred and twenty yearsamid the moral darkness of people who were encompassedwithin a certain limit of years. Under Noah's direction hiscarpenters built an ark, and they were impressed day by day withthe unwavering faith, the unswerving integrity, of themessenger of God. Every blow of the hammer, everyadvance that was made, was a warning to the world of theflood that swept away the unbelieving and ungodly. Noah's faithwas a working faith; it was a saving faith, that moved him withfear, and led him to act in accordance with the word of God.This is the quality of faith that will save the soul. Is it ycHDONATE
2502	SIGNS OF THE TIMES, APRIL 18, 1895• Noah's light was to shine forth for one hundred and twenty yearsamid the moral darkness of people who were encompassedwithin a certain limit of years. Under Noah's direction hiscarpenters built an ark, and they were impressed day by day withthe unwavering faith, the unswerving integrity, of themessenger of God. Every blow of the hammer, everyadvance that was made, was a warning to the world of theflood that swept away the unbelieving and ungodly. Noah's faithwas a working faith; it was a saving faith, that moved him withfear, and led him to act in accordance with the word of God.This is the quality of faith that will save the soul. Is it yc'uDONATE
2508	SIGNS OF THE TIMES, APRIL 18, 1895• Noah's light was to shine forth for one hundred and twenty yearsamid the moral darkness of people who were encompassedwithin a certain limit of years. Under Noah's direction hiscarpenters built an ark, and they were impressed day by day withthe unwavering faith, the unswerving integrity, of themessenger of God. Every blow of the hammer, everyadvance that was made, was a warning to the world of theflood that swept away the unbelieving and ungodly. Noah's faithwas a working faith; it was a saving faith, that moved him withfear, and led him to act in accordance with the word of God.This is the quality of faith that will save the soul. Is it yc'uDONATE
2514	SIGNS OF THE TIMES, APRIL 18, 1895• Noah's light was to shine forth for one hundred and twenty yearsamid the moral darkness of people who were encompassedwithin a certain limit of years. Under Noah's direction hiscarpenters built an ark, and they were impressed day by day withthe unwavering faith, the unswerving integrity, of themessenger of God. Every blow of the hammer, everyadvance that was made, was a warning to the world of theflood that swept away the unbelieving and ungodly. Noah's faithwas a working faith; it was a saving faith, that moved him withfear, and led him to act in accordance with the word of God.This is the quality of faith that will save the soul. Is it yc'uDONATE
2520	DONATE
2526	DONATEIf you've been blessed, please support our work:https://amazingdiscoveries.org/explore-projects
2532	DONATEIf you've been blessed, please support our work:https://amazingdiscoveries.org/explore-projects
2538	DONATEIf you've been blessed, please support our work:https://amazingdiscoveries.org/explore-projects
2544	DONATEIf you've been blessed, please support our work:https://amazingdiscoveries.org/explore-projects
2550	DONATE
2556	DONATE
2562	DONATE
2568	DONATE
2574	DONATE
2580	DONATE
2586	DONATE
2592	DONATE
2598	You're Watching The Final CountdownEnd-Time Events TimelineDONATE
2604	You're Watching The Final CountdownEnd-Time Events TimelineDONATE
2610	You're Watching The Final CountdownEnd-Time Events TimelineDONATE
2616	DONATE
2622	DONATE
2628	DONATE
2634	DONATE
2640	DONATE
2646	DONATE
2652	DONATE
2658	DONATE
2664	DONATE
2670	DONATE
2676	Engage With Us.Write your questions in the chat.DONATE
2682	Engage With Us!Write your questions in the chat.DONATE
2688	Engage With Us!Write your questions in the chat.DONATE
2694	Engage With Us!Write your questions in the chat.DONATE
2700	Engage With Us!Write your questions in the chat.DONATE
2706	Engage With Us!Write your questions in the chat.DONATE
2712	Engage With Us!Write your questions in the chat.DONATE
2718	DONATE
2724	DONATE
2730	DONATE
2736	DONATE
2742	DONATE
2748	DONATE
2754	SPIRITUAL GIFTS VOL.3 P.76.2• The whole surface of the earth was changed at the flood. A thirddreadful curse now rested upon it in consequence of man'stransgression. The beautiful trees and shrubbery bearing flowerswere destroyed, yet Noah preserved seed and took itwith him in the ark, and God by his miraculous powerpreserved a few of the diflerent kinds of trees and shrubs alivefor future generations. Soon after the flood trees and plantsseemed to spring out of the very rocks. In God's providenceseeds were scattered and driven into the crevices of the rocks andthere securely hid for the future use of man.00084
2760	SPIRITUAL GIFTS VOL.3 P.76.2• The whole surface of the earth was changed at the flood. A thirddreadful curse now rested upon it in consequence of tan'stransgression. The beautiful trees and shrubbery bearing flowerswere destroyed, yet Noah preserved seed and took itwith him in the ark, and God by his miraculous powerpreserved a few of the different kinds of trees and shrubs alivefor future generations. Soon after the flood trees and plantsseemed to spring out of the very rocks. In God's providenceseeds were scattered and driven into the crevices of the rocks andthere securely hid for the future use of man.DONATE0000
2766	SPIRITUAL GIFTS VOL.3 P.76.2• The whole surface of the earth was changed at the flood. A thirddreadful curse now rested upon it in consequence of man'stransgression. The beautiful trees and shrublery bearing flowerswere destroyed, yet Noah preserved seed and took itwith him in the ark, and God by his miraculous powerpreserved a few of the different kinds of trees and shrubs alivefor future generations. Soon after the flood trees and plantsseemed to spring out of the very rocks. In God's providenceseeds were scattered and driven into the crevices of the rocks andthere securely hid for the future use of man.DONATE0000
2772	SPIRITUAL GIFTS VOL.3 P.76.2• The whole surface of the earth was changed at the flood. A thirddreadful curse now rested upon it in consequence of man'stransgression. The beautiful trees and shrubbery bearing flowerswere destroyed, yet Noah preserved seed and took itwith him in the ark, and God by his miraculous powerpreserved a few of the different kinds of trees and shrubs alivefor future generations. Soon after the flood trees and plantsseemed to spring out of the very rocks. In God's providenceseeds were scattered and driven into the crevices of the rocks andthere securely hid for the future use of man.DONATE
2778	SPIRITUAL GIFTS VOL.3 P.76.2• The whole surface of the earth was changed at the flood. A thirddreadful curse now rested upon it in consequence of man'stransgression. The beautiful trees and shrubbery bearing flowerswere destroyed, yet Noah preserved seed and took itwith him in the ark, and God by his miraculous powerpreserved a few of the different kinds of trees and shrubs alivefor future generations. Soon after the flood trees and plantsseemed to spring out of the very rocks. In God's providenceseeds were scattered and driven into the crevices of the rocks andthere securely hid for the future use of man.DONATE000
2784	SPIRITUAL GIFTS VOL.3 P.76.2• The whole surface of the earth was changed at the flood. A thirddreadful curse now rested upon it in consequence of man'stransgression. The beautiful trees and shrubbery bearing flowerswere destroyed, yet Noah preserved seed and took itwith him in the ark, and God by his miraculous powerpreserved a tew of the difterent kinds of trees and shrubs alivetor future generations. Soon alter the flood trees and plantsseemed to spring out of the very rocks. In God's providenceseeds were scattered and driven into the crevices of the rocks andthere securely hid for the future use of man.DONATE
2790	SPIRITUAL GIFTS VOL.3 P.76.2• The whole surface of the earth was changed at the flood. A thirddreadful curse now rested upon it in consequence of man'stransgression. The beautiful trees and shrubbery bearing flowerswere destroyed, yet Noah preserved seed and took itwith him in the ark, and God by his miraculous powerpreserved a few of the different kinds of trees and shrubs alivefor future generations. Soon after the flood trees and plantsseemed to spring out of the very rocks. In God's providenceseeds were scattered and driven into the crevices of the rocks andthere securely hid for the future use of man.DONATE
2796	DONATE
2802	DONATE
2808	DONATE
2814	O I Fotow meDONATE
2820	370 days0 a Folow meDONATE
2826	370 daysO Q Folow meDONATE
2832	370 days Destroy© G Folow meDONATE
2838	• @ Folow me.370 days Destroy the EarthDONATE
2844	• @ Folow me.370 days Destroy the EarthDONATE
2850	© @ Folow me.370 days Destroy the Earth8 peoDONATE
2856	DONATE370 days Destroy the Earth8 peopleFELO
2862	• @ Folow me |Wheel370 days Destroy the Earth8 people6000 AnimalsDONATE
2868	• @ Folow me |Wheel370 days Destroy the Earth8 people6000 Animals• ePDONATE
2874	who ow me370 days Destroy the Earth8 people6000 Animals• WalDONATE
2880	370 days Destroy the Earth8 people6000 Animals• WaterDONATE
2886	© @ Folow me.370 days Destroy the Earth8 people6000 Animals• WaterDONATE
2892	• @ Folow me.370 days Destroy the Earth8 people6000 Animals• WaterDONATE
2898	we ow me370 days Destroy the Earth8 people6000 Animals• Water - | lilDONATE
2904	• @ Folow me.370 days Destroy the Earth8 people6000 Animals• Water - I litreDONATE
2910	© @ Follow me |370 days Destroy the Earth8 people6000 Animals• Water - | litre per ani,DONATE
2916	370 days Destroy the Earth8 people6000 Animals• Water - I litre per animalDONATE
2922	we ow me370 days Destroy the Earth8 people6000 Animals• Water - I litre per animalDONATE
2928	who ow me370 days Destroy the Earth8 people6000 Animals• Water - I litre per animal = 600-• ..DONATE
2934	@ Follow me370 days Destroy the Earth8 people6000 Animals• Water - I litre per animal = 6000 litres/o eDONATE
2940	DONATE370 days Destroy the Earth8 people6000 Animals• Water - / Itre per animal = 6000 litres/da.ER Oo eP
2946	DONATE370 days Destroy the Earth8 people6000 Animals• Water - I litre per animal = 6000 litres/da.× 370=o e
2952	we ow me370 days Destroy the Earth8 people6000 Animals• Water - I litre per animal = 6000 litres/da.× 370=DONATE
2958	@ Follow me.370 days Destroy the Earth8 people6000 Animals• Water - I litre per animal = 6000 litres/da.× 370=2DONATE
2964	370 days Destroy the Earth8 people6000 Animals• Water - I litre per animal = 6000 li tres/dax 370=2.2.DONATE
2970	370 days Destroy the Earth8 people6000 Animals• Water - I litre per animal = 6000 litres/dax 370=2.2mlitesDONATE
2976	DONATE370 days Destroy the Earth8 people6000 Animals• Water - I litre per animal = 6000 litres/da.x 370=2.2mlitres•..Ф
2982	• @ Follow me I370 days Destroy the Earth8 people6000 Animals• Water - I litre per animal = 6000 /i res/dax 370=2.2m• FoodlitresDONATE
2988	• @ Follow me.370 days Destroy the Earth8 people6000 Animals• Water - I litre per animal = 6000 litres/dax 370=2.2m• Food-litres•..0DONATE
2994	370 days Destroy the Earth8 people6000 Animals• Water - I litre per animal = 6000 litres/dax 370=2.2m• Food-litresDONATE
3000	© @ Folow me |370 days Destroy the Earth8 people6000 Animals• Water - I litre per animal = 6000 /ires/da• Food - 2%x 370=2.2mlitresDONATE
3006	© @ Folow me I370 days Destroy the Earth8 people6000 Animals• Water - I litre per animal = 6000 litre/da• Food - 2% body wex 370=2.2mlitresDONATE
3012	370 days Destroy the Earth8 people6000 Animals• Water - I litre per animal = 6000 litre/da• Food - 2% body weight× 370=2.2mlitresDONATE
3018	we ow me370 days Destroy the Earth8 peopleb000 Animals• Water - I litre per animal = 6000 litre/da• Food -2% body weightx 370 = 2.2mlitresDONATE
3024	370 days Destroy the Earth8 people6000 Animals• Water - I litre per animal = 6000 litre/da.• Food - 2% body weightx 370=2.2mlitresDONATE
3030	woow me370 days Destroy the Earth8 people6000 Animals• Water - I litre per animal = 6000 litres/da• Food - 2% body weight× 370=2.2mlitresDONATE
3036	• @ Folow me.370 days Destroy the Earth8 people6000 Animals• Water - I litre per animal = 6000 litres/da• Food - 2% body weightx 370=2.2mlitresDONATE
3042	• @ Folow me I370 days Destroy the Earth8 people6000 Animals• Water - I litre per animal = 6000 litres/da• Food - 2% body weightx 370= 2.2mlitresDONATE
3048	© @ Follow me.370 days Destroy the Earth8 peopleb000 Animals• Water - I litre per animal = 6000 litres/da• Food - 2% body weightx 370=2.2mlitresDONATE
3054	370 days Destroy the Earth8 people6000 Animals• Water - I litre per animal = 6000 litres/da• Food -2% body weightx 370=2.2mlitresDONATE
3060	DONATE370 days Destroy the Earth8 people6000 Animals 300,000 /b.• Water - I litre per animal = 6000 litre/da• Food - 2% body weight× 370=2.2mlitres,...
3066	370 days Destroy the Earth8 people6000 Animals 300/000 lb.• Water - I litre per animal = 6000 /i tres/da• Food - 2% body weight× 370=2.2mlitresDONATE
3072	who owe370 days Destroy the Earth8 people6000 Animals 300/000 /b.• Water - I litre per animal = 6000 litres/da• Food - 2% body weight× 370=2.2mlitres6000ldDONATE
3078	370 days Destroy the Earth8 people6000 Animals 300/000 /b.• Water - I litre per animal = 6000 /i tres/da• Food - 2% body weight× 370=2.2mlitres6000lb per dalDONATE
3084	© @ Folow me370 days Destroy the Earth8 people6000 Animals 300/000/b.• Water - I litre per animal = 6000 litre/da• Food - 2% body weight× 370=2.2mlitres6000lb per dayDONATE
3090	370 days Destroy the Earth8 people6000 Animals 300/000 /b.• Water - I litre per animal = 6000 litre/da• Food - 2% body weight× 370=2.2mlitres6000lb per darlDONATE
3096	370 days Destroy the Earth8 people6000 Animals 300/000 /b.• Water - I litre per animal = 6000 litres/da• Food - 2% body weight× 370= 2.2mlitres6000lb per darDONATE
3102	370 days Destroy the Earth8 people6000 Animals 300/000 lb.• Water - I litre per animal= 6000 litres/da• Food - 2% body weight× 370=2.2mlitres6000lb per darlDONATE
3108	DONATE370 days Destroy the Earth8 people6000 Animals 300/000 16.• Water - I litre per animal = 6000 litre/da• Food - 2% body weight× 370= 2.2mlitres6000lb per dal• Cleaning
3114	© @ Folow me I370 days Destroy the Earth& people6000 Animals 300/000 1b.• Water - I litre per animal = 6000 litre/da• Food - 2% body weight× 370=2.2mlitres6000lb per day• CleaningDONATE
3120	• @ Folow me.370 days Destroy the Earth& people6000 Animals 300,000 1b.• Water - 1 litre per animal = 6000 litres/da• Food - 2% body weight× 370=2.2mlitres6000lb per darl• CleaningNO eDONATE
3126	© @ Folow me I370 days Destroy the Earth& people6000 Animals 300/000/b.• Water - I litre per animal = 6000 litre/da• Food - 2% body weight× 370=2.2mlitres6000lb per day• CleaningDONATE
3132	• @ Folow me.370 days Destroy the Earth& people6000 Animals 300/000 1b.• Water - I litre per animal = 6000 litre/da• Food - 2% body weight× 370=2.2mlitres6000lb per darl• CleaningDONATE
3138	O M Folow meDONATE
3144	O Q Follow meDONATE• e
3150	O Q Folow meDONATE
3156	0 M folowmDONATE
3162	O Q Folow meDONATE
3168	O Q Foltow mDONATE1F Q.
3174	O Q Foltow mDONATE
3180	O Q Foltow mDONATE
3186	eoowaDONATE
3192	DONATE
3198	wwow mWshaeelDONATE
3204	O M folow meDONATE
3210	0 M folow mDONATE
3216	DONATE
3222	0 M folowmDONATTE
3228	DONATE
3234	weoowaDONATE
3240	DONATE
3246	DONATE
3252	DONATE
3258	DONATE
3264	DONATE
3270	0 M folowmDONATTE
3276	0 (N folow meDONATE
3282	DONATE
3288	0 M folow meDONATE
3294	O Q Folow me.DONATE370 daysSAORPOOTO
3300	O Q Follow meDONATE370 daysSIAOLPOOTO
3306	O Q Follow meDONATE370 daysSIAOCPOOTO100%
3312	© Q Follow meDONATE370 days• DOCOOT
3318	O Q Folow meDONATE
3324	O Q Folow meDONATESeedsDOLPOOT
3330	O Q Folon meDONATESeeds - Gr66g0•POSTI
3336	Seeds- GardenO Q Folow meDONATE
3342	© Q Fotow meDONATESeeds- GardenPAOLROOTO
3348	Seeds- Garden© Q Foton meDONATE
3354	Seeds - Garden© Q Fotow meDONATE
3360	O Q Folow meDONATESeeds- GardenLEennoDAOGPOOTO
3366	O Q Folow me.DONATESeeds - Garden66H0
3372	© Q Folow me.DONATESeeds- GardenPAORPOTO
3378	Seeds- Garden© @ Fotow meDONATE
3384	© Q Fotow meSeeds - GardenAnimDONATE
3390	© @ Folow me.DONATESeeds - GardenAnimals-DOLPOSTO
3396	© Q Folon me.DONATESeeds - GardenAnimals- DifferentAOLPOOTO100%
3402	© G Fotow meSeeds - GardenAnimals- Different KoalaDONATE
3408	© @ Folow me.Seeds - GardenAnimals- Different KoalaPAORPOOTODONATE
3414	O @ Folow me.WheelDONATESeeds - GardenAnimals- Different Koala66H9DOLPOSTO
3420	© @ Fotow meSeeds - GardenAnimals- Different KoalaDOCTORTODONATE
3426	DONATESeeds - GardenAnimals- Different KoalaDOCTORTO
3432	0 M folow meDONATE
3438	O Q Folow meDONATEParking Lis100%
3444	0 M folowmelDONATENadis Parking List :OLPOST0UUY7 7
3450	HINOOOO
3456	BIVNOONOCSKa wo OW• a0o UU.poz
3462	NOOS•870JIVNOO
3468	Nadis Parking List:• Bean• Peas• Radisles• Eur• PineDONATE
3474	Nades Parking List:• BeanWater fill• Peas• Radishes• Eur• Pine. •DONATE
3480	Nadis Parking List:• Bean• Water fiter• Peas• Shovels• Radisles• Eur• Pine. •DONATE
3486	O 0 Folow meDONATENades Parking List:• BeanWater fiter• Peas• Shovels• Radishes• Pite• Eur• Pine• .100%
3492	Nadis Parking List:• BeanWater fiter• Peas• Shovels• Radishes• Pitch Fork• Eur• PineFE QDONATE
3498	© Q Fotow meDONATENadis Parking List:• BeanWater fiter• Peas• Shovels• Radishes• Pitch Fark• Eur• Pine• Wagon• .100%
3504	0 A folow meDONATENades Parking List:• BeanWater fiter• Peas• Shovels• Radishes• Pitch Fork• Eur• Pine• Wagon. •100%
3510	© Q Fotow meSe ShareDONATENadis Parking List:• BeanWater fitter• Peas• Shovels• Radishes• Pitch Fork• Eur• Pine• Wagon. •• Yoke100%
3516	© 0 Fotow meDONATENadis Parking List:• Bean" Water fiter• Peas• Shovels• Radishes• Pitch Fork• Eur• Pine• Wagon.. ...• Yoke100%
3522	Packing List:• Water fiter• Shovelses• Pitch Fark• Wagon• Yoke0UUPDONATE
3528	O Q Folow meDONATE• List:• Water fiter• ShovelsPitch ForkWagonYoke
3534	• List:• Water fiter• ShovelsPitch ForkWagonYokeDONATE
3540	• List:• Water fiter• ShovelsPitch ForkWagonYokeDONATE
3546	• List:• Water fitter• ShovelsPitch ForkWagonYokeDONATE
3552	• List:• Water fitter• ShovelsPitch ForkWagonYokeDONATE
3558	-oala0 M fotow meDONATE
3564	-oala0 M folow meDONATE
3570	Koala0 M folow meDONATE
3576	-oala0 M Folow mewheelDONATE
3582	-oala0 M Folow meDONATE
3588	Foala→ 240 -DONATE
3594	0 M. folow melLoalaDONATE100%
3600	-oala0 M fotowmel→10-1DONATE
3606	Loala→125017DONATE
3612	Loala→ 4010DONATE
3618	Loala0 M folow me→12501DONATE
3624	- oa laO Q Follow meDONATE
3630	O Q Folow meDONATE
3636	© Q Folow meDONATE
3642	O Q Folow me'WarningDONATE
3648	O Q Folow meDONATEDoing M100%
3654	© Q Follow me"WarningDONATEDang
3660	O Q Folow meDONATEWarningNothiz
3666	QI TICEMO Q Foltow meDONATEWhât
3672	BITICEMDONATEWhátDidulif Nook100%• 8 70
3678	QI TICE -ww ow aWhátit NoahDidilPrepare• 8 70DONATE
3684	BITICE -© @ Follow me.Whatit NoahDidilPrepareDONATE
3690	I TICE -© @ Folow melWhátit NoahDidilPrepareDONATE
3696	QI TICE -• @ Follow me.Whatit NoahDidilPrepareDONATE
3702	A TICE -Whatit NoahDidilPrepareDONATE
3708	A NICENWhatit NoahDidilPrepareDONATE
3714	WhátDidil$ $© @ Follow melit NoahPrepare•..0DONATE
3720	Whatit NoohDidilPrepare$ $DONATE
3726	A TICENWhatDidil# *it NoahPrepare$1000000000977DONATE
3732	I TICE -WhatDidil# $© @ Folow melit NoahPrepare-$1000,000• ...DONATE
3738	O Q Foton meDONATE
3744	O F Fosow meDONATE
3750	© Fotow meDONATE
3756	O 0 Fotow meWhieeDONATE
3762	© Q Foion meDONATE*eel
3768	O Q Foion meDONATE
3774	O G Fotow meDONATE
3780	DONATE
3786	O Q Fosow meDONATE
3792	O Q Fotow meDONATE
3798	DONATE
3804	DONATE
3810	DONATESPIRITUAL GIFTS VOL.3 P.76.2• The whole surface of the earth was changed at the flood. A thirddreadlul curse now rested upon it in consequence of man'stransgression. The beautiful trees and shrubbery bearing flowerswere destroyed, yet Noal preserved seed and took itwith him in the ark, and God by his miraculous powerpreserved a lew of the dillerent kinds of trees and shrubs alivefor future generations. Soon alter the flood trees and plantsseemed to spring out of the very rocks. In God's providenceseeds were scattered and driven into the crevices of the rocks andthere securely hid for the future use of man.
3816	SPIRITUAL GIFTS VOL.3 P.76.2• The whole surface of the earth was changed at the flood. A thirddreadful curse now rested upon it in consequence of man'stransgression. The beautiful trees and shrubbery bearing flowerswere destroyed, yet Noah preserved seed and took itwith him in the ark, and God by his miraculous powerreserved a lew of the different kinds of trees and shrubs aliveor luture generations. Soon alter the flood trees and plantsseemed to spring out of the very rocks. In God's providenceseeds were scattered and driven into the crevices of the rocks andthere securely hid for the future use of man.DONATE
3822	SPIRITUAL GIFTS VOL.3 P.76.2• The whole surface of the earth was changed at the flood. A thirddreadful curse now rested upon it in consequence of man'stransgression. The beautiful trees and shrubbery bearing flowerswere destroyed, yet Noah preserved seed and took itwith him in the ark, and God by his miraculous powerpreserved a few of the different kinds of trees and shrubs alivefor future generations. Soon after the flood trees and plantsseemed to spring out of the very rocks. In God's providenceseeds were scattered and driven into the crevices of the rocks andthere securely hid for the future use of man.DONATE
3828	FROM ETERNITY PAST P.53• While giving his warning message, his faith wasperfected and made evident, an example ofbelieving just what God says. All that hepossessed he invested in the ark. As hebegan to construct that immense boat, multitudescame from every direction to see the strange sight andto hear the earnest words of the preacher.DONATE
3834	FROM ETERNITY PAST P.53• While giving his warning message, his faith wasperfected and made evident, an example ofbelieving just what God says. All that hepossessed he invested in the ark. As hebegan to construct that immense boat, multitudescame from every direction to see the strange sight andto hear the earnest words of the preacher.DONATE
3840	FROM ETERNITY PAST P.53• While giving his warning message, his faith wasperfected and made evident, an example ofbelieving just what God says. All that hepossessed he invested in the ark. As hebegan to construct that immense boat, multitudescame from every direction to see the strange sight andto hear the earnest words of the preacher.DONATE
3846	FROM ETERNITY PAST P.53• While giving his warning message, his faith wasperfected and made evident, an example ofbelieving just what God says. All that hepossessed he invested in the ark. As hebegan to construct that immense boat, multitudescame from every direction to see the strange sight andto hear the earnest words of the preacher.DONATE
3852	FROM ETERNITY PAST P.53• While giving his warning message, his faith wasperfected and made evident, an exanple ofbelieving just what God says. All that hepossessed he invested in the ark. As hebegan to construct that immense boat, multitudescame from every direction to see the strange sight andto hear the earnest words of the preacher.DONATE0000
3858	FROM ETERNITY PAST P.53• While giving his warning message, his faith wasperfected and made evident, an example ofbelieving just what God says. All that hepossessed he invested in the ark. As hebegan to construct that immense boat, multitudescame from every direction to see the strange sight andto hear the earnest words of the preacher.DONATE0000
3864	FROM ETERNITY PAST P.53• While giving his warning message, his faith wasperfected and made evident, an example ofbelieving just what God says. All that hepossessed he invested in the ark. As hebegan to construct that immense boat, multitudescame from every direction to see the strange sight andto hear the earnest words of the preacher.DONATE0000
3870	FROM ETERNITY PAST P.53• While giving his warning message, his faith wasperfected and made evident, an example ofbelieving just what God says. All that hepossessed he invested in the ark. As hebegan to construct that immense boat, multitudescame from every direction to see the strange sight andto hear the earnest words of the preacher.DONATE
3876	FROM ETERNITY PAST P.53• While giving his warning message, his faith wasperfected and made evident, an example ofbelieving just what God says. All that hepossessed he invested in the ark. As hebegan to construct that immense boat, multitudescame from every direction to see the strange sight andto hear the earnest words of the preacher.DONATE
3882	FROM ETERNITY PAST P.53• While giving his warning message, his faith wasperfected and made evident, an example ofbelieving just what God says. All that hepossessed he invested in the ark. As hebegan to construct that immense boat, multitudescame from every direction to see the strange sight andto hear the earnest words of the preacher.DONATE1000
3888	FROM ETERNITY PAST P.53• While giving his warning message, his faith wasperfected and made evident, an example ofbelieving just what God says. All that hepossessed he invested in the ark. As hebegan to construct that immense boat, multitudescame from every direction to see the strange sight andto hear the earnest words of the preacher.DONATE00000
3894	DONATEFROM ETERNITY PAST P.53• While giving his warning message, his faith wasperfected and made evident, an example ofbelieving just what God says. All that hepossessed he invested in the ark. As hebegan to construct that immense boat, multitudescame from every direction to see the strange sight andto hear the earnest words of the preacher.
3900	DONATEFROM ETERNITY PAST P.53• While giving his warning message, his faith wasperfected and made evident, an example ofbelieving just what God says. All that hepossessed he invested in the ark. As hebegan to construct that immense boat, multitudescame from every direction to see the strange sight andto hear the earnest words of the preacher.
3906	DONATEFROM ETERNITY PAST P.53• While giving his warning message, his faith wasperfected and made evident, an example ofbelieving just what God says. All that hepossessed he invested in the ark. As hebegan to construct that immense boat, multitudescame from every direction to see the strange sight andto hear the earnest words of the preacher.
3912	O M folow meDONATE
3918	O Q Folow meDONATE
3924	O Q Foton meDONATE
3930	© Q Fotow meDONATE
3936	O g Fotow meDONATETnil AnĐI
3942	Д I TICe -O Q Fosow meDONATEo e
3948	O Q Foion meDONATE
3954	0 a Folow meDONATE
3960	© Q Fotow meDONATE
3966	O Q Folow meDONATE
3972	who?© Q Foton meDONATEW.
3978	O Q Folon meDONATEwho?
3984	who?© Q Folow meDONATE
3990	whoW.O Q Folon meDONATE
3996	who?W.O Q Folow meDONATE3 A.
4002	who?W.O Q Folow me3 AM Reu14DONATE
4008	who© @ Folow me3 AM Reul4 "Loud GDONATEW.• e
4014	who?W.© @ Folow me3 AM Reul4 Loud GilDONATE
4020	who© @ Follow me3 AM Reul4 Loud GalDONATE100%
4026	who© @ Folow me3 AM Reul4 Loud GilHide?DONATE
4032	who© @ Folow me3 AM Reu14 Loud CriHide?DONATE
4038	who© @ Folow me3 AM Reul4 Loud GiNo!Hide?DONATE
4044	who2© @ Folow me3 AM Reul4 Loud GilNo SayHide?100%DONATE
4050	who© @ Follow me3 AM Reul4 Loud GriNo Buy Reul3:1No Sell'Hide?DONATE
4056	who© @ Folow me3 AM Reul4 Loud GilNo Buy Reul3: 17No Sell'Hide?DONATE
4062	who© @ Folow me3 AM Reul4 Loud GriNo Buy Reo13:17No Sell'Hide?100%DONATE
4068	who© @ Folow me3 AM Reul4 Loud GriNo Buy Reul3: 17No Sell(PrHide?DONATE
4074	who0 D Folow me3 AM Reul4 Loud GriNo Buy Reul3: 17No Sell(Prepare )Hide?100%DONATE
4080	who3 AM Reul4 Loud GiNo Buy Reul3: 17No Sell'(Prepare )Hide?DONATE
4086	who© @ Folow mel3 AM Reul4 Loud GilNo Buy Reul3: 17No Sell(Prepare )Hide?DONATE
4092	who© @ Folow me3 AM Reul4 Loud GriNo Buy Reus: 17No Sell(Prepare)Hide?DONATE
4098	who© @ Folow me3 AM Reul4 Loud GiNo Buy Reul3:17No Sell'(Prepare )Hide?DONATE
4104	whoW.O @ Folow me3 AM Reu 14 "Loud GriNo Buy Reul3: 17No Sell'(Prepare )Hide?Engage With Us!Write your questions in the chat.DONATE
4110	who© @ Folow me3 AM Reu 14 Loud GriNo BuY Reus: 17No Sell'(Prepare )Hide?Engage With Us!Write your questions in the chat.DONATE
4116	O G Fotow me.DONATE14 "Loud Gri"113:17Engage With Us!Write your questions in the chat.
4122	0 C FolomeDONATEEngage With Us!Write your questions in the chat.
4128	@ I TICEO Q Fotow meDONATECountry Living TEngage With Us!Write your questions in the chat.
4134	O Q Fotow meCountry Living Jarmo6680DONATE
4140	O Q Foton meCountry Living Jarne/DONATE
4146	O 4 Fotow meCountry Living Jarne/•..0DONATE
4152	O Q Folow meCountry Living Jarne/How to Surviv100%DONATE
4158	O Q Fotow meCountry Living JourneHow to SurviveNo Bay100%DONATE
4164	DONATECountry Living JourneHow to SurviveNo ByNoSel6 EQ
4170	DONATECountry Living JourneyHow to SurviveNo ByNoSell• oe
4176	O Q Follow meCountry Living JourneHow to SurviveNo BayNo SellDONATE
4182	O Q Folow meCountry Living JourneyHow to SurviveNo BayNoSe'lDONATE
4188	O G Foton meCountry Living JourneHow to SurviveNo ByNoSelDONATE
4194	JIVNOOO UPsung of mon
4200	DONATECountry Living JourneHow to SurviveNo BayNoSellA 0 CE
4206	O Q Folow meCountry Living JournaHow to SurviveNo BayNoSe'lDONATE
4212	O Q Fotow meDONATTE
4218	•8700B0977moy hopes?JIVNOO
4224	DONATE< Sinday Law isComing !!POLIOSTO
4230	O Q Folow me< Sunday Law isComing!!!•...DONATE
4236	© Q Fotow me= Sunday Law isComing!!!DOCTODONATE
4242	© Q Folow me< Sunday Law isComing!!!DONATE
4248	© Foton me< Sunday Law isComing!!!POLDOGDONATE
4254	© Q Folow me< Sunday Law isFaithComing!!!DONATE
4260	© Q Fotow meDONATESunday Law isComing!!!th t Works
4266	© g Folow me.- Sunday Law isComing!!!Faith IWorks'"DeadDONATE
4272	O Q Folow meDONATESDead
4278	Ifwedov© Foion meDONATE
4284	If we do not prepreDONATE
4290	If we do not prepreWe will takDONATE
4296	DONATEIf we do not propreWe willtaletheMark of
4302	© Q Foson meIf we do not propreWe will take theMark of the Beastinge•DOLPOOTODONATE
4308	• @ Folow me.If we do not propreWe will take theMark of the BeastDONATE
4314	O Q Foton meDONATE
4320	O Q Foton meDONATE
4326	O Q Fotow meDONATE
4332	O Q Follow meDONATE
4338	'WamiO Q Fosow meDONATE
4344	Д I TICe -"WaringJudeO Q Fotow meDONATE
4350	"WaningJudgem intO Q Folow meDONATE
4356	O Q Folow meDONATE• e
4362	O Q Folow meDONATE"Waming"He must
4368	O Q Folow meDONATE"Waning"He must prepare"
4374	"He must prepari"DONATE
4380	"Waming"He must prepare"DONATE
4386	"Warning"He must prepare"DONATE
4392	"Waming"He must preparePerDONATE
4398	"Waming"He must prepare"Perceives• PrepDONATE
4404	O Q Folow meDONATE"WaningPerceives- PreparesPreaches"He must prepari"o e
4410	"He must prepare"Perceives- PreparesPreachesDONATE
4416	"Waming"He must prepar"© Q Fotow meDONATEPerceives• PreparesPreaches
4422	Perceives- PreparesPreaches"He must prepare"O Q Folow meDONATE
4428	"Waming"He must prepar"Perceives• PreparesPreachesDONATE
4434	"He must prepar"Perceives• PreparesPreaches120 yearSDONATE
4440	Perceives• PreparesPreaches"He must prepare"O Q Folow meDONATE120 yearS
4446	"Waring"He must prepar"© Q Foton meDONATEPerceives• PreparesPreaches)Bullin': 12e years =
4452	"Waming"He must prepar"O Q Folow meDONATEPerceives• PreparesPreachesBuilding. Gatering,120 pers
4458	"He must prepar"Perceives• PreparesPreachesBulling. Gathering, PlaingDONATE
4464	"Waming"He must prepare"Perceives- PreparesPreachesFinDONATE
4470	"Waming"He must prepar"DONATEPerceives• PreparesPreaches)0 N folow meFinal Warnin120 yees
4476	"Waning"He must prepare"Perceines• PreparesPreachesFinal Warning.DONATE
4482	"Waming"He must prepar"Perceives• PreparesPreachesBubing, Gathering, Maning120 years yFinal WarringDONATE
4488	"Waning"He must prepare"Perceines• PreparesPreachesBubing, Gatein, PaigFinal Warning.DONATE
4494	"Waming"He must preparePerceives• PreparesPreachesBubing, Gating Paig120 yearSFinal Warning.DONATE
4500	Final WarringDONATEing, RangERO.
4506	Final WarringDONATE
4512	0 M folow meFinal WaringDONATEig. PRaingo e
4518	O M Folow meFinal WarringDONATEiz, Planing
4524	0 (F folow meFinal WarringDONATEinz, RarigDoor
4530	Final Warringiz, PlayDoor wasshutDONATE
4536	0 M folow meFinal Waring,DONATEin, PlayDoor wasshut
4542	Final Warringing PlaningDoor wasshutDONATE
4548	Final Warringwe To ow aDONATEDoor wasshut100%
4554	Final Warringing PlaningDoor wasshutDONATE
4560	Final Warringing PlaningDoor wasshutDONATE
4566	0 M folow meshseeFinal WarsingDONATEinz, PlangDoor wasshut100%
4572	Final Warsinginz, PlangDoor wasshutA o e0 N folow methweeDONATEdal
4578	Final Warringin, RangDoor wasshutDONATE
4584	O Q Folow meFinal WarringDONATEing PlaningDoor wasshut
4590	to ow meFinal WarringDONATEin PlaingDoor wasshut
4596	"WarningJudge enl"He must prepai"Perceives- PreparesPreaches000• Gathering, PlainBut 120 years oFinal Warning.Door wshutDONATE
4602	"WarningJudgmentis Coming"He must preprie"184PerceiresPreparesPreaches" Gathering, ManigBusing 120 yars oFinal WarningDoor wshutDONATE
4608	"WaningJudgmentis Coming"He must prepare"1844 MePerceines- PreparesPreachesGatheing, ManigSub 120 years oFinal WarningDoor wshutDONATE
4614	"WamingJudgmentis Coming"He must prepare"1844 Messageof J.Perceires< PreparesPreachesButting, aftering, PReingDONATEFinal WarningDoor wshut
4620	sWamingJudge intis Comin"He must prepare"1844 Messageof JudgmentPerceires• PreparePreaches," Gathering, ManyBuiding 120 yers-Final WarringDONATEDoor wshut• e
4626	"WarningJudgmentis Coming"He must prepu"1844 Messageof Judgment188Perceines- PreparesPreaches" Gathering, ManigBuding 20 yars oDONATEFinal WarningDoor wshut
4632	"WaningJudgmentis Coming"He must prepar"1844 Messageof Judgment1888PerceiresPreparesPreachesDONATEFinal WarningDoor wshut
4638	"WaningJudgmentis Coming"He must prepare"Perceires• PreparesPreaches,•Gatting, PlainSub 120 yearsDONATEFinal WarningDoor wshut1888 out of gitieso ea
4644	"WarningJudgun intis Coming"He must prepai"Perceires- PreparesPreaches• Gathering, PaigSub 120 years oDONATEFinal WarningDoor wshut1888 out of gities
4650	"WaningJudgun sntis Coming"He must prepai"1844 Messageof Judgment1888 out of gitiesPerceines- PreparesPreaches•Gatting, PlainSub 120 yearsDONATEFinal WarningDoor wshut
4656	"WaningJudgmentis Coming"He must prepar"1844 Messageof Judgment1888 out of siticsPerceires< PreparesPreachesDONATEFinal WarningDoor wshut
4662	"WaningJudgmentis Coming"He must prepui"Perceines• PreparesPreaches• Gathering, PaigBuiding 120 yearsDONATEFinal WarningDoor wshut1888 out of sities27 0
4668	"WaningJudgmentis Coming"He must prepu"Perceires- PreparesPreaches," Gathering, Paigwid 120 yes.DONATEFinal WarningDoor wshut1888 out of gitieso ea
4674	"WaningJudgun intis Coming"He must prepare"Perceires- PreparesPreaches,• Gathering, PaigSub 120 years oDONATEFinal WarningDoor wshut1888 out of gities
4680	• 8 70no to to geThyS1 100CJIVNOOLenno)S:MY MI on G
4686	s Comm"He must prepar"1844 Messageof Judgment1888 out of gitiesIst Seige000Bulling, Gathering, Plain1120 years -DONATEDoor oshut
4692	"WamingJudgm enlisComin"He must prepait"1844 Messageof Judgment1888 out of gities11<Perceins- PreparesPreachesally iting PriFinal WarringDONATEDoor nshut
4698	"WaringJudgm enlisсочім)"He must preprie"1844 Messageof Judgment1888 out of gities11 <Perceins- PreparesPreachesBut, in, thingFinal WarringDONATEDoor nshut
4704	"WaringJudge sulisсотім"He must prepre"1844 Messageof Judgment1888 out of gities11Perceins/ PreparesPreachesBuilding, Gathering, Planing120 ReASFinal WarringDONATEDoor nshut
4710	"Waring5 tong"He must prepai"1844 Messagcof Judgment1888 out of gities11 <Perceins- PreparesPreachesBulling, Gathering, Plaing1120 yearSFinal WarringDONATEDoor nshut
4716	"Waring"He must prepai"1844 Messageof Judgment1888 out of cities11 <Perceins- PreparesPreachesBuilding. Gathering Maring1120 yeASFinal WaringDONATEDoor nshut
4722	"WamingJudgmentisсотім)"He must prepare"Perceins/ PreparesPreachesBuilding, Gathering, Planing120 vReASFinal WaringDONATEDoor nshut1844 Messageof Judgment1888 out of gities11<o e
4728	"WaringJudge snisComiN)"He must prepris"1844 Messageof Judgment1888 out of gities11Perceins- PreparesPreachesBuilding. Gathering, PlacingFinal WarringDONATEDoor nshut
4734	"WamingJudge enl"He must prepari"1844 Messageof Judgment1888 out of gities11Perceins- PreparesPreachesBuiding, Gathering Planing120 yeeAS137 yearsDONATEFind Waring,Door nshut
4740	"WaringJudgm enlisсочім"He must prepai"1844 Messageof Judgment1888 out of cities11Perceines/ PreparesPreachesBurbling. Gathering, Plaing137 yearsFinal WarringDONATEDoor nshut
4746	"WaringJudge sul"He must preprit"1844 Messageof Judgment1888 out of gities11Perceins- PreparesPreachesBubin Gathering, Praig120 VReAS137 yearsBuilding, PlantFinal WarringDONATEDoor nshut
4752	"WarmingJudgm ‹nis"He must prepri"1844 Messageof Judgment1888 out of cities11Perceins- PreparesPreachesButting. Gathering, Mang120 vreAS137 yearsBuilding, Planting, PlainFinal WaringDONATEDoor nshut
4758	"Waring5 tong"He must preprie"1844 Messageof Judgment1888 out of cities11Perceines- PreparesPreachesBulling, Gathering, Plaing120 vReAS137 yearsBuilding, Planting, Planing,Final WarringDONATEDoor nshut
4764	"WaningJuage enisсочім"He must preprie"1844 Messageof Judgment1888 out of gities11Perceines/ PreparesPreachesBubing, Gathering, Paig120 VREAS137 yearsBuilding, Planting, PlaningFinal WaringDONATEDoor nshut
4770	"WaringJudge sulisComM"He must prepari"1844 Messageof Judgment1888 out of gities11Perceines- PreparesPreachesBusting, Gathering, Paig137 yearsBuilding, Planting, Planing• eFinal WarringDONATEDoor nshut
4776	"Waming5 tong"He must prepai"1844 Messageof Judgment1888 out of cities11Perceins- PreparesPreachesBuilding, Gathering, Paring1120 yeAS137 yearsBuilding, Planting, PlaningFinal WarringDONATEDoor nshut
4782	"WarmingJudge sulisComM"He must prepair"1844 Messageof Judgment1888 out of gities11Perceines- PreparesPreachesBuilding, Gathering, Paring1120 yeAS137 yearsBuilding, Planting, PlaningFinal WarringDONATEDoor nshut
4788	"Wamingis"He must prepai"1844 Messageof Judgment1888 out of gities11Perceins/ PreparesPreachesBulbi. Gathering, Planing137 yearsBuilding, Planting, PlaningFinal WarringDONATEDoor nshut
4794	Perceires- PreparesPreaches)Outing. rating, Praig120 ye -137 yearsBuilding, Plastig, PlaninggiliesFinal WaringDoor wasshutDONATE
4800	Perceires• PreparesPreachesFinal WarringReu 18:4137 yearsBuilding, Plastig, PlaningSitiesDoor wasshutDONATE
4806	Perceires• PreparesPreaches)Final Waring,Rev 18:4137 yearsBuilding, Planting, Plaig Loud GaySitiesDoor wasshutDONATE
4812	Perceires- PreparesPreaches)Final WarsingButig. Gattering, Play120 yreASRev 18:4137 yearsBulding, Plantig, Plenig Lond CotFinal WarniwSitiesDoor wasshutDONATE
4818	Perceires• PreparesPreaches)Final Warring120 yeSRev 18:4137 yearsBuilding, Plastig, Plaig Land ColFinal WarninggiliesDoor wasshutDONATE
4824	Perceires• PreparesPreaches)Final Waring,Butig. Gatering, PaigReu 18:4137 yearsBulding, Plantig, Planig Lond ColFinal WarningSitiesDoor wasshutDONATE
4830	Door wasshutgiliesPerceires• PreparesPreaches)Final Waring.Butig. Gatering, Poaiy120 ycers -Rev 18:4137 yearsBulding, Plantig, Planig Lond CotFinal WarningD O et oow mDONATE
4836	Perceires• PreparesPreaches)Final Waring120 yearSRev 18:4137 yearsBuilding, Plastig, Plaig Lound CofFinal WarninggiliesDoor wasshutDONATE
4842	Perceires• PreparesPreaches)Final WarringBubig. Gathering, Plainy120 VCAS137 yearsRev 18:4Building, Plastig, Planing Loud CofFinal WarninggiliesDoor wasshutDONATE
4848	Final Waling„ PasigcarsRev 18:44 PlarnigsLoud CrFinal WarsingDoor wasshutDONATE
4854	Final Walringplaig(S →carsReu 18:4+ Planig Loud CayFinal Warningloow mDONATEDoor wasshutCloso e
4860	Fina! Waring„PlaigDoor wasshutcars>Rev 18:4Close oft, Planing Land CrfFinal WaringProbatDONATE
4866	Final Waring" Paiy(S →carsReu 18:44, Planigl Loud CefFinal WaringDoor wasshutClose ofProbationDONATE
4872	Final WarringcarsReu 18:41, Planing Loud CafFinal WarningDoor wasshutClose ofProbationDONATE
4878	Final Waring„Paigycars?Reu 18:44, Planigl Loud CrfFinal WwarsingDoor wasshutClose ofProbation0 e12 341DONATE
4884	Fina! Waring„Plaigycars>Reu 18:44, Plarig Loud CrfFinal WarningDoor wasshutClose ofProbationo eloow m123456 77 last1DONATE
4890	Final Waring„PaigyReu 18:41, Planing Loud CufFinal WarringDoor wasshutClose ofProbationo erwo owm12 3456 77 last p'aguesDONATE
4896	Final Waring.PrasingcarsReu 18:44, Plarig Loud CrfFinal WaringDoor wasshutClose ofProbationDONATE12345 677 lat p'agues
4902	Final Waring„Plaingcars?Reu 18:41, Planig Land CufFinal WwaringDoor wasshutClose ofProbationo ewu o ow metiall12/3415|6 77 lat p'aguesDONATE
4908	Final Warringcars?Reu 18:41, Plaing Land CafFinal WaringDoor wasshutClose ofProbation• eDONATE123451677 last plagues
4914	Final Waringcars?Rev 18:4Final WarningDoor wasshutClose ofProbationo ewe ow me12345677 last plaguesDONATE
4920	7 PreachesCoNBulbig. Grating, PlaingдеRev 18:4137 yearsBuilding, Plantig, Plaing- Loud CelFinal WarningFiliesDONATEDoor wasshut1234Close of7 kProbation
4926	7 PreachesBuilding, Gating, Plainy120 yerSдеRev 18:4137 yearsBuilding, Planting, Planing• Loud CelFinal WarningitiesDONATEDoor wasshut1234Close ofProbation
4932	0 Q Folon meDONATE4laraingDoor wasshut1234567Close of7 last p'aguesProbation
4938	O Q Follow me4laringDoor wasshutClose ofProbation12345677 last p'agues→ Flee into 1DONATE
4944	4laringO Q Folow meDoor wasshutClose ofProbation12345677 last p'agues→ Flee into theMountainSDONATE
4950	4laringO Q Follow meDoor wasshutClose ofProbation12345677 last p'agues→ Flee into theMountainSDONATE
4956	O Q Follow me4lavingDoor wasshutClose ofProbation12345677 last p'agues" Flee into theMountainsDONATE
4962	O Q Fotow me4lavingDoor wasshutClose ofProbationCountry Pr12345677 last p'agues" Flee into theMountainsDONATE
4968	O Q Fotow me4laringDoor wasshutClose ofProbationCountry PropertyG12345677 last p'aguesflee into theMountainsDONATE
4974	O Fotow me4larningDoor wasshut1234567| Close ofProbation7 last p'aguesFlee into theCountry PropertyMountainsGrowing FordDONATE
4980	O Q Follow me4larningDoor wasshut1234567| Close of7 last p'aguesProbationFlee into theCountry PropertyMountainsGrowing1 Food,water, HeTODONATE
4986	: 4NarningO @ Folow melVoor wasshut1234567Close of7 last plaguesProbationFlee into theCountry PropentyGrowsing Ford, Wite, HAat..MountainSDONATE
4992	: 4NarningJoor wasshut12 3415167Close of7 last plaguesProbationI Flee into theCountry PropertyGrowing Food, Water, Heat..MountainS(ArK)DONATE100%
4998	:4darning© Q Fotow meJoor wasshut1234567Close of7 last plaguesProbation→ Flee into theCountry PropetyGrowing Food, Water, Hast...MountainS(ArK)DONATE
5004	:4NarningO M Folow meJoor wasshut1234567Close of7 last plaguesProbation" Flee into theCountry PropertyGrowing Food, Water, Hasr...Mountains(AnK)DONATE
5010	"WarmingPercensPreparesFinal Warning.Preaches)"He must prepu"Bulli, atking, Paig120 yearS1844 Messagc137 yearsRev 18:4of JudgmentBuilding, Planting, PlanigLoud CeyFinal Warning1888 out of sitiesDONATEDoor wishutCloseProbatioountr
5016	DONATE100%
5022	O Q Foton meDONATE
5028	O Q Foton meDONATEHere+2025
5034	© Q Follow meDONATEHere2025
5040	No BuyNoStHere+2025O Q Foton meDONATEo e
5046	Here+2025© Q Fotow meDONATENo BuyNo SellW
5052	Here2025© G Fotow meDONATENo BuyNo Sellwe Have toVo
5058	Here2025© Q Fotow meDONATENo BuyNo SellWe Have toraise our own
5064	Here2025© Q Fotow meDONATENo BuyNo sellWe Have toraise our ownProvisions• ..
5070	Here2025O Q Folow meDONATENo BuyNo Sellwe Have tovase our ounProvisions• e
5076	Here+2025No BuyNo Sellwe Have tovaile our ounProvisionsC.O.PDONATE
5082	Here2025No BuyNo Sellwe Have tovaise our ounProvisionso e0Q Folow meC.O.P1234DONATE
5088	Here2025No BuyNo Sellwe Have toVase our ounProvisions• . .© g Folow me.C.O.P1234DONATE
5094	Here2025No BuyNo Sellwe Haue tovase our ounProvisionsOQ Folow me.C.O.P1234100%DONATE
5100	Here+2025No BuyNo sellLand GiLwe Haue tovaile our ounProvisionso e00 Folow me.C.O.P1234DONATE
5106	Here+2025No BuyNosellLoud Gywe Have toraise our ounProvisionso ewho ow meC.O.P1234DONATE
5112	2025We Hauc toraise our ownProvisions© Q Folow meDONATE
5118	Ark© Q Folon meDONATE
5124	Ark© Q Folow me= Countr./DONATE
5130	ArkSel© Q Fotow me= Countr.PropertyDONATE
5136	ArkSelf Suffi© @ Follow me= Countr.PropertyDONATE
5142	© Q Fotow meArk= Countr./Self Sufficient_ProperlyDONATE
5148	ArkSelf Sufficient_FoodWa© @ Folow mel= Countr.)PropertyDONATE
5154	ArkSelf Sufficient.FoodWate© Q Fotow me= Countr.Property6009777DONATE
5160	ArkSelf Sufficient.FoodWate• @ Folow me.= Countr.PropertyDONATE
5166	ArkSelf Sufficient.FoodWate© @ Follow me.= Countr.PropertyA ONE DDONATE
5172	ArkSelf Sufficient.FoodWate© @ Follow mel= Countr.!ProperlyA ONE GDONATE
5178	O G Fotow me=CountrPropertyDONATE
5184	NeO C Folow meDONATE
5190	O Q Follow meNo Bail No SellI SharelDONATE
5196	O Q Folow meNo Buy No SellDONATE100%
5202	How тиÔ Q Folow meNo Buy No SellDONATE•..0
5208	O Q Folow meNo Bay No SellHow much FordHouDONATE
5214	O Q Fotow meDONATEHow much FoodHowwill we grow
5220	O Q Follow meNo Bay No SellHow much Food?Howwill we growDONATE• e
5226	O Q Folow meNo Bay No SellHow much Food?Howwill we growDONATE
5232	O Q Folow meNo Bay No SellHow much Food?Howwill we growDONATE• e
5238	O Q Follow meNo Bay No SellHow much Food?Howwill we growDONATE
5244	DONATE
5250	No Bay No SellHow much Food?Howwill we growDONATE
5256	O Q Folow meNoNo Bay No SellHow much Food?Howwill we growDONATE100%
5262	O Q Folon meNo Mark=No Bay No SellHow much FoodHowwill we growDONATE
5268	O Q Folon meNo Mark-No Bay No SellHow much Food?Howwill we growDONATE
5274	© Q Folow meNo Mark=No Bay No SellHow much FordHowwill we growDONATE
5280	Ô Q Folow meNo Mark=No Bay No SellHow much FoodHowwill we growDONATE
5286	O Q Folow meNo Mark-No Bay No SellHow much Food?Howwill we growDONATE
5292	O Q Folow meNo Mark=No Bay No SellHow much FoodHow?will we growDONATE100%
5298	O Q Folow meNo Mark=No Bay No SellHow much Food?Howwill we growDONATE
5304	© Q Folow meNo Mark=No Bay No SellHow much Ford?Howwill we growDONATE
5310	O Q Folow meNo Mark=No Bay No SellHow much Food?Howwill we growDONATE
5316	0 Q Folow me.No Mark=No Bay No SellHow much FoodHowwill we growDONATE
5322	O Q Folow meNo Mark=No Bay No SellHow much Food?Howwill we growDONATE
5328	O Q Folow meNo Mark=No Bay No SellHow much Food?Howwill we growDONATE100%
5334	O Q Folow meNo Mark-No Bay No SellHow much FoodHow?will we growDONATE
5340	O Q Folow meNo Mark=No Bay No SellHow much FoodHow?will we growDONATE
5346	O Q Folow meNo Mark-No Bay No SellHow much FoodHowwill we growDONATE
5352	© Q Folon meNo Mark-No Bay No SellHow much FordHow?will we growDONATE
5358	O Q Folow meNo Mark-No Bay No SellHow much FoodHow?will we growDONATE
5364	O Q Folow meNo Mark-No Bay No SellHow much FoodHow?will we growDONATE
5370	O Q Folow meNo Mark=No Bay No SellHow much Ford?Howwill we growDONATEotr
5376	O Q Folon meNo Mark=No Bay No SellHow much FoodHowwill we growDONATE
5382	O Q Folon meNo Mark=No Bay No SellHow much Food?Howwill we growHow n.DONATE
5388	O Q Folow meNo Mark=No Bay No SellHow much FoodHow will we growHow many Calorie:• eDONATE
5394	O Q Folow meNo Mark=No Bay No SellHow much FoodHow will we growHow many CaloriesDONATE
5400	O Q Folow meNo Mark=No Bay No SellHow much Food?How will we growHow many Calories15016.• eDONATE
5406	O Q Folow meNo Mark=No Bay No SellHow much Food?How will we growHow many Calories1501b. =DONATE
5412	O Q Folow meNo Mark=No Bay No SellHow much FoodHow will we growHow many Calories1501b. = 1500 cal.DONATE
5418	0 M folow meNo Mark=No Bay No SellHow much Food?How will we growHow many Calories1501b. = 1500 cal.DONATE
5424	O Q Folow meNo Mark=No Bay No SellHow much Food?How will we growHow many Calories1501b. = 1500 cal.DONATE
5430	O Q Folow meHow much FordHow will we grows.How many Calories1501b. = 1500 cal.DONATE
5436	O Q Folon meHow much FordHow will we grow?How many Calories1501b. = 1500 cal.CarbsDONATE
5442	© Q Fotow meHow much FordHow will we grow?How many Calories 11501b. = 1500 cal.CarbsProteingFalDONATE
5448	O Q FolonmeHow much FoodHow will we grow?How many Calories 11501b. = 1500 cal.CarbsProteingFats• eDONATE
5454	How many Calories 1506. = 1500l.CarbsProteinsFatsDONATE
5460	A TICE YHow many Calories1501b. = 1500 cal.Carbs Proteins FatsI AcreDONATE
5466	DONATEHow many Calories1501b. = 1500 cal.Carbs Proteing FatsI Acre Growing•..0100%
5472	Д I TIe 1How many Calories 15016=1500 cal.Carbs Proteins Fats1 Acre Growing Garden to TDONATE
5478	O Q Folow meHow many Calories 15016=1500 cal.Carbs Proteins Fats/ Acre Growing Gorden to Feet/ PersDONATE
5484	O Q Folow meHow many Calories 15016=1500-al.Carbs Proteins Fats1 Acre Growing Garden 1o FrecPersonferlye• т оDONATE
5490	DONATEHow many Calories 15016=1500 cal.Carbs Proteins FatsI Acre Growing Gorden to FrecPersonforIyearA O LE• т 81.
5496	DONATEHow many Calories1501b. = 1500 cal.Carbs Proteins FatsI Acre Growing Garden to FeecPersonferIyear
5502	O C Follow meHow many Calories1501b. = 1500 cal.Carbs Proteins FatsI Acre Growing Garden to FrecPersonforIyear•..0DONATE
5508	O Q Fotow meHow many Calories 15016=1500ral.Carbs Proteins FaTs1 Acre Growing Gorden to FrecPersonforIyearDONATE
5514	O 0 Follow meHow many Caloris1501b. = 1500 cal.Carbs Proteins Fats1 Acre Growing Gorden to FrecPersonferIyearDONATE
5520	O Q Folow meHow many Calories 15016=1500 cal.Carbs Proteins FatsI Acre Growing Gorden to FrecPersonforI yearDONATE
5526	Person for© G Foton meI yearDONATE
5532	O 0 Folow me.DONATE4 Peopl-o e
5538	O Q Folow me4 People = 4 AcrDONATE
5544	O Q Folow meDONATE4 People = 4 Acres ofGarden100%
5550	O g Fotow meWthyeDONATE
5556	BrokeCour© Q Folow meTODONATE100%
5562	BrokeCountrDO .POPTODONATE
5568	BrokeCountry• @ Follow melTODONATE
5574	O Foton meTerson fer Tycon4 People = 4 Acres ofGardenDONATE
5580	© Fotow me.4 People =4 Acres ofGardenDONATE100%
5586	© G Fotow meDONATE4 People =4 Acres ofGarden•..o100%
5592	O @ Folow meDONATE4 People =4 Acres efGarden÷ 600100%
5598	© Q Fotow me4 People =4 Acres ofGardenDONATE100%
5604	O g Folow me.DONATE4 People =4 Acres ofGarden: 600•..Ф100%
5610	4 People =© Q Fotow me4 Acres ofGardenDONATE100%
5616	• @ Folow meDONATE4 People =4 Acres ofGarden¿ 6010.100%
5622	4 People =© Fotow me4 Acres efGardenDONATE100%
5628	© @ Folow me.4 People =4 Acres efGardenDONATE100%
5634	© 0 Fotow me4 People =4 Acres efGardenDONATE100%
5640	© Q Foton meDONATE4 People =4 Acres ofGarden66he100%
5646	4 People =O G Fotow me4 Acres efGardenDONATE
5652	0 M folow meDONATE4 People =4 Acres efGardenNORPOOTO100%
5658	O Q. Foion mePerson4 People45%forDONATE
5664	O 1 Folow meDONATE
5670	© @ Folow me.Its to latetomovDONATE
5676	• @ Folow me.Its to lateto move tothe CountalDONATE
5682	Its to lateto move tothe Counta/DONATE
5688	• @ Folow me.Its to lateto move tothe CountalDONATE
5694	© @ Follow meIts to latemoveHe cout too ePDONATE
5700	Its10tomovetothe CountryO Q Folow meTeDONATE
5706	O Q Folow meDONATEItS+moveCounteto
5712	+O Q Folow meDONATEmoveCountsto
5718	+O Follow meDONATEmovesun toto
5724	+O C Follow meDONATEmovesun toto
5730	O Q Folon metoFE ODONATE4 People
5736	© @ Fotow me4 People =4 Acces efGardenAOLCOODONATE
5742	© Q Fotow me4 People =4 Acres ofGardenDAORPOOTO108%DONATE
5748	© Q Fotow me4 People =4 Acres ofGarden66B0DONATE
5754	© Q Fotow me4 People =4 Acres ofGardenPAORROOTODONATE
5760	© Q Foton me4 People =4 Acres ofGardenPAORPOOTODONATE
5766	© 0 Fotow me4 People =4 Acres efGardenPAORPOOTO108%DONATE
5772	O g Folow me4 People =4 Acres ofGardenPAORPOOTODONATE
5778	© Q Fotow me4 People =4 Acres ofGardenPAORPOOTODONATE
5784	O Q Folon me4 People =4 AcresefGardenAll we have iDONATE
5790	DONATE4 People =4 Acrs efGardenAll we haveintoDOLPOSTO108%
5796	O Q Foton me4 People =4 Acres ofGardenAll we haveintoOur'ArK"PAORPOOTO108%DONATE
5802	© 0 Fotow me4 People =4 Acres ofGardenAll we haveintoOur"ArK"LIEGENODAORPOOTODONATE
5808	DONATE4 People =4 Acres ofGardenAll we haveintoOur"ArK"108%
5814	© Foion me4 People =4 Acres ofGardenAll we haveintoOur"Ark"DONATE108%
5820	OQ Foion me4 People =4 Acres ofGardenAll we haveintoOur"Ark"MAORPOOTODONATE
5826	© Q Foion me4 People =4 Acres ofGardenAll we haveintoOur'Ark"PAORPOOTO108%DONATE
5832	O G Fotow me4 People =4 Acres ofGardenAll we haveintoOur"Ark"LIEGENODONATE108%
5838	© Q Folow me4 People =4 Acres ofGardenAll we haveintoOur"ArK"LIEGENODONATE108%
5844	© 0 Fotow me4 People =4 Acres ofGardenAll we haveintoOur"ArK"DAORPOOTO108%DONATE
5850	DONATE4 People =4 Acrs efGardenAll we haveintoOur'Ark"108%
5856	DONATE
5862	DONATE
5868	DONATE
5874	FROM ETERNITY PAST P.53• While giving his warning message, his laith wasperlected and made evident, an example ofbelieving just what God says. All that hepossessed he invested in the ark. As hcbegan to construct that immense boat, multitudescame from every direction to see the strange sight andto hear the earnest words of the preacher.DONATE
5880	FROM ETERNITY PAST P.53, 54• Many at first appeared to receive the warning, yet theydid not turn to God with true repentance. Overcome bythe prevailing unbelief, they finally joined their formerassociates in rejecting the solemn message. Some wereconvicted and would have heeded the warning, but therewere so many to ridicule, that they partook of the samespirit, resisted the invitations of mercy, and were soonamong the most deliant scoffers. None go to such lengthsin sin as do those who have once had light but have recitedthe convicting Spirit of God.DONATE00
5886	FROM ETERNITY PAST P.53, 54• Many at first appeared to receive the warning, yet theydid not turn to God with true repentance. Overcome bythe prevailing unbelief, they finally joined their formerassociates in rejecting the solemn message. Some wereconvicted and would have heeded the warning, but therewere so many to ridicule, that they partook of the samespirit, resisted the invitations of mercy, and were soonamong the most defiant scoffers. None go to such lengthsin sin as do those who have once had light but have recita.the convicting Spirit of God.DONATE0000
5892	FROM ETERNITY PAST P.53, 54• Many at first appeared to receive the warning, yet theydid not turn to God with true repentance. Overcome bythe prevailing unbelief, they finally joined their formerassociates in rejecting the solemn message. Some wereconvicted and would have heeded the warning, but therewere so many to ridicule, that they partook of the samespirit, resisted the invitations of mercy, and were soonamong the most defiant scoffers. None go to such lengthsin sin as do those who have once had light but have recitedthe convicting Spirit of God.DONATE
5898	FROM ETERNITY PAST P.53, 54• Many at first appeared to receive the warning, yet theydid not turn to God with true repentance. Overcome bythe prevailing unbelief, they finally joined their formerassociates in rejecting the solemn message. Some wereconvicted and would have needed the warning, but therewere so many to ridicule, that they partook of the samespirit, resisted the invitations of mercy, and were soonamong the most defiant scoffers. None go to such lengthsin sin as do those who have once had light but have recitedthe convicting Spirit of God.DONATE
5904	FROM ETERNITY PAST P.53, 54• Many at first appeared to receive the warning, yet theydid not turn to God with true repentance. Overcome bythe prevailing unbelief, they finally joined their formerassociates in rejecting the solemn message. Some wereconvicted and would have heeded the warning, but therewere so many to ridicule, that they partook of the samespirit, resisted the invitations of mercy, and were soonamong the most defiant scoffers. None go to such lengthsin sin as do those who have once had light but have recictedthe convicting Spirit of God.DONATE
5910	FROM ETERNITY PAST P.53, 54• Many at first appeared to receive the warning, yet theydid not turn to God with true repentance. Overcome bythe prevailing unbelief, they finally joined their formerassociates in rejecting the solemn message. Some wereconvicted and would have heeded the warning, but therewere so many to ridicule, that they partook of the samespirit, resisted the invitations of mercy, and were soonamong the most denant scoffers. None go to such lengthsin sin as do those who have once had light but have recitedthe convicting Spirit of God.DONATE
5916	FROM ETERNITY PAST P.53, 54• Many at first appeared to receive the warning, yet theydid not turn to God with true repentance. Overcome bythe prevailing unbelief, they finally joined their formerassociates in rejecting the solemn message. Some wereconvicted and would have heeded the warning, but therewere so many to ridicule, that they partook of the samespirit, resisted the invitations of mercy, and were soonamong the most defiant scoffers. None go to such lengthsin sin as do those who have once hal light but have recictedthe convicting Spirit of God.DONATE
5922	FROM ETERNITY PAST P.53, 54• Many at first appeared to receive the warning, yet theydid not turn to God with true repentance. Overcome bythe prevailing unbelief, they finally joined their formerassociates in rejecting the solemn message. Some wereconvicted and would have heeded the warning, but therewere so many to ridicule, that they partook of the samespirit, resisted the invitations of mercy, and were soonamong the most defiant scoffers. None go to such lengthsin sin as do those who have once had light but have saictedthe convicting Spirit of God.DONATE
5928	FROM ETERNITY PAST P.53, 54• The men of that generation were not all idolaters. Manyprofessed to be worshipers of God. They claimed that theiridols were representations of the Deity and that throughthem the people could obtain a clearer conception of thedivine Being. This class were foremost in rejecting thepreaching of Noah, and they finally declared that the divinelaw was no longer in force, that it was contrary to thecharacter of God to punish transgression. Their minds hadbecome so blinded by rejection of light that they reallybelieved Noah's message to be a delusion.DONATE00@
5934	FROM ETERNITY PAST P.53, 54• The men of that generation were not all idolaters. Manyprofessed to be worshipers of God. They claimed that theiridols were representations of the Dity and that throughthem the people could obtain a clearer conception of thedivine Being. This class were foremost in rejecting thepreaching of Noah, and they finally declared that the divinelaw was no longer in force, that it was contrary to thecharacter of God to punish transgression. Their minds hadbecome so blinded by rejection of light that they reallbelieved Noah's message to be a delusion.DONATEO00@
5940	FROM ETERNITY PAST P.53, 54• The men of that generation were not all idolaters. Manyprofessed to be worshipers of God. They claimed that theiridols were representations of the Deity and that throughthem the people could obtain a clearer conception of thedivine Being. This class were foremost in rejecting thepreaching of Noah, and they finally declared that the divinelaw was no longer in force, that it was contrary to thecharacter of God to punish transgression. Their minds hadbecome so blinded by rejection of light that they reallybelieved Noah's message to be a delusion.DONATE
5946	FROM ETERNITY PAST P.53, 54• The men of that generation were not all idolaters. Manyprofessed to be worshipers of God. They claimed that theiridols were representations of the Deity and that throughthem the people could obtain a clearer conception of thedivine Being. This class were foremost in rejecting thepreaching of Noah, and they inally declared that the divinelaw was no longer in force, that it was contrary to thecharacter of God to punish transgression. Their minds hadbecome so blinded by rejection of light that they reallybelieved Noah's message to be a delusion.DONATE00G
5952	FROM ETERNITY PAST P.53, 54• The men of that generation were not all idolaters. Manyprofessed to be worshipers of God. They claimed that theiridols were representations of the Deity and that throughthem the people could obtain a clearer conception of thedivine Being. This class were foremost in rejecting thepreaching of Noah, and they finally declared that the divinelaw was no longer in force, that it was contrary to thecharacter of God to punish transgression. Their minds hadbecome so blinded by rejection of light that they reallbelieved Noah's message to be a delusion.DONATE
5958	FROM ETERNITY PAST P.53, 54• The men of that generation were not all idolaters. Manyprofessed to be worshipers of God. They claimed that theiridols were representations of the Deity and that throughthem the people could obtain a clearer conception of thedivine Being. This class were foremost in rejecting thepreaching of Noah, and they finally declared that the divinelaw was no longer in force, that it was contrary to thecharacter of God to punish transgression. Their minds hadbecome so blinded by rejection of light that they reallybelieved Noah's message to be a delusion.DONATE
5964	FROM ETERNITY PAST P.53, 54• The men of that generation were not all idolaters. Manyprofessed to be worshipers of God. They claimed that theiridols were representations of the Deity and that throughthem the people could obtain a clearer conception of thedivine Being. This class were foremost in rejecting thepreaching of Noah, and they finally declared that the divinelaw was no longer in force, that it was contrary to thecharacter of God to punish transgression. Their mir is hadbecome so blinded by rejection of light that they reallybelieved Noah's message to be a delusion.DONATE
5970	FROM ETERNITY PAST P.53, 54• The men of that generation were not all idolaters. Manyprofessed to be worshipers of God. They claimed that theiridols were representations of the Deity and that throughthem the people could obtain a clearer conception of thedivine Being. This class were foremost in rejecting thepreaching of Noah, and they finally declared that the divinelaw was no longer in force, that it was contrary to thecharacter of God to punish transgression. Their minds hadbecome so blinded by rejection of light that they reallbelieved Noah's message to be a delusion.DONATE
5976	FROM ETERNITY PAST P.53, 54• The men of that generation were not all idolaters. Manyprofessed to be worshipers of God. They claimed that theiridols were representations of the Deity and that throughthem the people could obtain a clearer conception of thedivine Being. This class were foremost in rejecting thepreaching of Noah, and they finally declared that the divinelaw was no longer in force, that it was contrary to thecharacter of God to punish transgression. Their minds hadbecome so blinded by rejection of light that they reallybelieved Noah's message to be a delusion.DONATE
5982	FROM ETERNITY PAST P.53, 54• The men of that generation were not all idolaters. Manyprofessed to be worshipers of God. They claimed that theiridols were representations of the Deity and that throughthem the people could obtain a clearer conception of thedivine Being. This class were foremost in rejecting thepreaching of Noah, and they finally declared that the divinelaw was no longer in force, that it was contrary to thecharacter of God to punish transgression. Their minds hadbecome so blinded by rejection of light that they reallybelieved Noah's message to be a delusion.DONATE
5988	FROM ETERNITY PAST P.53, 54• The men of that generation were not all idolaters. Manyprofessed to be worshipers of God. They claimed that theiridols were representations of the Deity and that throughthem the people could obtain a clearer conception of thedivine Being. This class were foremost in rejecting thepreaching of Noah, and they finally declared that the divinelaw was no longer in force, that it was contrary to thecharacter of God to punish transgression. Their minds hadbecome so blinded by rejection of light that they reallybelieved Noah's message to be a delusion.DONATE
5994	DONATEFROM ETERNITY PAST P.53, 54• The men of that generation were not all idolaters. Manyprofessed to be worshipers of God. They claimed that theiridols were representations of the Deity and that throughthem the people could obtain a clearer conception of thedivine Being. This class were foremost in rejecting thepreaching of Noah, and they finally declared that the divinelaw was no longer in force, that it was contrary to thecharacter of God to punish transgression. Their minds hadbecome so blinded by rejection of light that they reallybelieved Noah's message to be a delusion.
6000	DONATECHRIST TRIUMPHANT P.56• In that time [before the Floodl, as in this, there were twoclasses, the rightcous and the wicked. Enoch and otherswalked with God in uprightness. But the great majority of theinhabitants of the earth were given over to iniquity, and theirwickedness rose belore God....• God gave direction that an ark was to be built for those whodesired to be saved from the coming destruction. He wasabout to speak in determined language against the wickednessthat had grown to fearful proportions. He was about toclothe Himsell with vengeance and execute Hisjudgment against the transgressors of His law.DOTO00O
6006	CHRIST TRIUMPHANT P.56• In that time [before the Floodl, ys in this, there were twoclasses, the righteous and the wicked. Enoch and otherswalked with God in uprightness. But the great majority of theinhabitants of the earth were given over to iniquity, and theirwickedness rose before God....• God gave direction that an ark was to be built for those whodesired to be saved from the coming destruction. He wasabout to speak in determined language against the wickednessthat had grown to fearful proportions. He was about toclothe Himself with vengeance and execute Hisjudgment against the transgressors of His law.0000Q
6012	CHRIST TRIUMPHANT P.56• In that time [before the Floodl, as in this, there were twoclasses, the righteous and the wick.ed. Enoch and otherswalked with God in uprightness. But the great majority of theinhabitants of the earth were given over to iniquity, and theirwickedness rose before God....• God gave direction that an ark was to be built for those whodesired to be saved from the coming destruction. He wasabout to speak in determined language against the wickednessthat had grown to fearful proportions. He was about toclothe Himself with vengeance and execute Hisjudgment against the transgressors of His law.OOOG.
6018	CHRIST TRIUMPHANT P.56• In that time [before the Floodl, as in this, there were twoclasses, the righteous and the wicked. Enoch and otherswalked with God in uprightness. But the great majority of theinhabitants of the earth were given over to iniquity, and theirwickedness rose before God....• God gave direction that an ark was to be built for those whodesired to be saved from the coming destruction. He wasabout to speak in determined language against the wickednessthat had grown to fearful proportions. He was about toclothe Himself with vengeance and execute Hisjudgment against the transgressors of His law.OOO0Q
6024	CHRIST TRIUMPHANT P.56• In that time (before the Floodl, as in this, there were twoclasses, the righteous and the wicked. Enoch and otherswalked with God in uprightness. But the great majority of theinhabitants of the earth were given over to iniquity, and theirwickedness rose before God....• God gave direction that an ark was to be built for those whodesired to be saved from the coming destruction. He wasabout to speak in determined language against the wickednessthat had grown to fearful proportions. He was about toclothe Himself with vengeance and execute Hisjudgment against the transgressors of His law.0000
6030	CHRIST TRIUMPHANT P.56• In that time (before the Floodl, as in this, there were twoclasses, the righteous and the wicked. Enoch and otherswalked with God in uprightness. But the great majority of theinhabitants of the earth were given over to iniquity, and theirwickedness rose before God....• God gave direction that an ark was to be built for those whodesired to be saved front the coming destruction. He wasabout to speak in determined language against the wickednessthat had grown to fearful proportions. He was about toclothe Himself with vengeance and execute Hisjudgment against the transgressors of His law.
6036	CHRIST TRIUMPHANT P.56• In that time [before the Floodl, as in this, there were twoclasses, the righteous and the wicked. Enoch and otherswalked with God in uprightness. But the great majority of theinhabitants of the earth were given over to iniquity, and theirwickedness rose before God....• God gave direction that an ark was to be built for those whodesired to be saved front the coming destruction. He wasabout to speak in determined language against the wickednessthat had grown to fearful proportions. He was about toclothe Himself with vengeance and execute Hisjudgment against the transgressors of His law.
6042	CHRIST TRIUMPHANT P.56• In that time (before the Floodl, as in this, there were twoclasses, the righteous and the wicked. Enoch and otherswalked with God in uprightness. But the great majority of theinhabitants of the earth were given over to iniquity, and theirwickedness rose before God....• God gave direction that an ark was to be built for those whodesired to be saved front the coming destruction. He wasabout to speak in determined language against the wickednessthat had grown to fearful proportions. He was about toclothe Himself with vengeance and execute Hisjudgment against the transgressors of His law.
6048	CHRIST TRIUMPHANT P.56• In that time (before the Floodl, as in this, there were twoclasses, the righteous and the wicked. Enoch and otherswalked with God in uprightness. But the great majority of theinhabitants of the earth were given over to iniquity, and theirwickedness rose before God....• God gave direction that an ark was to be built for those whodesired to be saved fron the coming destruction. He wasabout to speak in determined language against the wickednessthat had grown to fearful proportions. He was about toclothe Himself with vengeance and execute Hisjudgment against the transgressors of His law.
6054	DONATECHRIST TRIUMPHANT P.56• In that time [before the Flood], as in this, there were twoclasses, the righteous and the wicked. Enoch and otherswalked with God in uprightness. But the great majority of theinhabitants of the earth were given over to iniquity, and theirwickedness rose before God....• God gave direction that an ark was to be built for those whodesired to be saved Irom the coming destructon. He wasabout to speak in determined language against the wickednessthat had grown to fearful proportions. He was about toclothe Himself with vengeance and exccute Hisjudgment against the transgressors of His law.
6060	DONATECHRIST TRIUMPHANT P.56• In that time [before the Flood], as in this, there were twoclasses, the righteous and the wicked. Enoch and otherswalked with God in uprightness. But the great majority of theinhabitants of the earth were given over to iniquity, and theirwickedness rose before God....• God gave direction that an ark was to be built for those whodesired to be saved from the coming destruction. He wasabout to speak in determined language against the wickednessthat had grown to fearful proportions. He was about toclothe Himself with vengeance and exccute Hisjudgment against the transgressors of His law.
6066	DONATECHRIST TRIUMPHANT P.56• In that time [before the Flood], as in this, there were twoclasses, the righteous and the wicked. Enoch and otherswalked with God in uprightness. But the great majority of theinhabitants of the carth were given over to iniquity, and theirwickedness rose before God....• God gave direction that an ark was to be built for those whodesired to be saved from the coming destruction. He wasabout to speak in determined language against the wickednessthat had grown to fearful proportions. He was about toclothe Himself with vengeance and execute Hisjudgment against the transgressors of His law.
6072	DONATECHRIST TRIUMPHANT P.56• In that time [before the Flood], as in this, there were twoclasses, the righteous and the wicked. Enoch and otherswalked with God in uprightness. But the great majority of theinhabitants of the carth were given over to iniquity, and theirwickedness rose before God....• God gave direction that an ark was to be built for those whodesired to be saved front the coming destruction. He wasabout to speak in determined language against the wickednessthat had grown to fearful proportions. He was about toclothe Himself with vengeance and exccute Hisjudgment against the transgressors of His law.
6078	DONATECHRIST TRIUMPHANT P.56• In that time [before the Floodl, as in this, there were twoclasses, the righteous and the wicked. Enoch and otherswalked with God in uprightness. But the great majority of theinhabitants of the carth were given over to iniquity, and theirwickedness rose before God....• God gave direction that an ark was to be built for those whodesired to be saved front the coming destruction. He wasabout to speak in determined language against the wickednessthat had grown to fearful proportions. He was about toclothe Himself with vengeance and execute Hisjudgment against the transgressors of His law.
6084	DONATE
6090	DONATE
6096	DONATE
6102	DONATE
6108	DONATE
6114	DONATE
6120	CHRIST TRIUMPHANT P.56• In that time [before the Floodl, as in this, there were twoclasses, the righteous and the wicked. Enoch and otherswalked with God in uprightness. But the great majority of theinhabitants of the earth were given over to iniquity, and theirwickedness rose before God....• God gave direction that an ark was to be built for those whodesired to be saved from the coming destruction. He wasabout to speak in determined language against the wickednessthat had grown to fearful proportions. He was about toclothe Himself with vengeance and execute Hisjudgment against the transgressors of His law.001801
6126	CHRIST TRIUMPHANT P.56• In that time [before the Floodl, as in this, there were twoclasses, the righteous and the wicked. Enoch and otherswalked with God in uprightness. But the great majority of theinhabitants of the earth were given over to iniquity, and theirwickedness rose before God....• God gave direction that an ark was to be built for those whodesired to be saved from the coming destruction. He wasabout to speak in determined language against the wickednessthat had grown to fearful proportions. He was about toclothe Himself with vengeance and execute Hisjudgment against the transgressors of His law.0000Q
6132	CHRIST TRIUMPHANT P.56• In that time (before the Floodl, as in this, there were twoclasses, the righteous and the wicked. Enoch and otherswalked with God in uprightness. But the great majority of theinhabitants of the earth were given over to iniquity, and theirwickedness rose before God....• God gave direction that an ark was to be built for those whodesired to be saved from the coming destruction. He wasabout to speak in determined language against the wickednessthat had grown to fearful proportions. He was about toclothe Himself with vengeance and execute Hisjudgment against the transgressors of His law.0000
6138	CHRIST TRIUMPHANT P.56• In that time (before the Floodl, as in this, there were twoclasses, the righteous and the wicked. Enoch and otherswalked with God in uprightness. But the great majority of theinhabitants of the earth were given over to iniquity, and theirwickedness rose before God....• God gave direction that an ark was to be built for those whodesired to be saved from the coming destruction. He wasabout to speak in determined language against the wickednessthat had grown to fearful proportions. He was about toclothe Himself with vengeance and execute Hisjudgment against the transgressors of His law.0000Q
6144	CHRIST TRIUMPHANT P.56• In that time (before the Floodl, as in this, there were twoclasses, the righteous and the wicked. Enoch and otherswalked with God in uprightness. But the great majority of theinhabitants of the earth were given over to iniquity, and theirwickedness rose before God....• God gave direction that an ark was to be built for those whodesired to be saved from the coming destruction. He wasabout to speak in determined language against the wickednessthat had grown to fearful proportions. He was about toclothe Himself with vengeance and execute Hisjudgment against the transgressors of His law.
6150	DONATE
6156	DONATE
6162	DONATE
6168	DONATE
6174	DONATE
6180	DONATE
6186	
6192	DONATE
6198	DONATE
6204	DONATE
6210	DONATE6 R fotowmel
6216	DONATEHow to notO Q Fotow me Cpe Sharere108%
6222	DONATEHow to notthereceive108%
6228	DONATEHow to notthe Marlreceive5A020
6234	DONATE© Q Foion meHow to notreceivethe Mark of the BeastPAORROOTO10%
6240	O Q Folow me oDONATEHow to not reccuethe Mack of the BeastWe Pref108%
6246	© @ Folow meDONATEHow to not recrivethe Mark of the BeastWe Prepare-HeedPAORPOOTO108%
6252	O Q Fotow meDONATEHow to not recrivethe Mark of the BeastWe Prepare-Heed the warninAEO.
6258	© @ Folow me |DONATEHow to not recrivethe Mark of the BeastWe Prepare-Heed the warninBeliveBAORROOTO108%
6264	• @ Folow me |DONATEHow to not receivethe Mark of the BeastWe Prepare- Heed the warninBetive the Propher/AOLPOOTO
6270	• @ Folowme UDONATEHow to not receivethe Mark of the BeastWe Prepare-Heed the warninBelive the Propher L
6276	• @ Folowme |DONATEHow to not receivethe Mark of the BeastWe Prepare- Heed the warninBolive the Prophe L
6282	• L Folowme (SHow to not recrivethe Mark of the BeastWe Prepare- Heed the warninBelive the Propher L
6288	• @ Folow meDONATEHow to not receivethe Mark of the BeastWe Prepare-Heed the urinesBelive the Propher,
6294	• @ Folowme UDONATEHow to not receivethe Mark of the BeastWe Prepare-Heed the warninBelive the Propher LDO e
6300	• @ Folow me 0DONATEHow to not receivethe Mark of the BeastWe Prepare- Heed the warninBelive the Propher
6306	© @ Folow me |How to not receivethe Mark of the BeastWe Prepare- Heed the warninBelive the Propher,
6312	©: @ Folow me |DONATEHow to not receivethe Mark of the BeastWe Prepare- Heed the warninBelive the Propher,
6318	• @ Folow me |DONATEHow to not receivethe Mack of the BeastWe Prepare- Heed the warninBelive the Propher L
6324	who ow meDONATEHow to not receivethe Mark of the BeastWe Prepare- Heed the warninBelive the Propher
6330	we cow meHow to not receivethe Mark of the BeastWe Prepare- Heed the warninBelive the Propher
6336	who ow meDONATEHow to not receivethe Mark of the BeastWe Prepare- Heed the warninBolive the Prophe L•o e
6342	• @ Folow me UDONATEHow to not receivethe Mark of the BeastWe Prepare- Heed the warninBelive the Propher L•o e
6348	© @ Folow meDONATEHow to not recrivethe Mark of the BeastWe Prepare- Heed the warinBelive the Propher L
6354	who ow meDONATEHow to not receivethe Mark of the BeastWe Prepare- Heed the warninBelive the Propher,
6360	• @ Folow me IDONATEHow to not recrivethe Mark of the BeastWe Prepare- Heed the warninBelive the ProperL
6366	DONATE106x
6372	DONATEGreat De© G Fotow me C
6378	8190070oBU?vosee pongJIVNOO
6384	O G Fotow me CDONATEGreat Depression108%
6390	O G Fotow me CDONATEGreat DepressionLeingoDOLPOSTO106x
6396	O Fotow me CDONATEGreat DepressionDOLPOOT106%
6402	O G Fotow me CDONATEGreat DepressionPAORPOOTO
6408	© Q Fotow me C88 ShareDONATEGreat DepressionPAORPOOTO106%
6414	O Q Folowme C88 ShareDONATEGreat DepressionPAORPOOTO106%
6420	O Q Folowme CP ShareDONATEGreat DepressionPAORPOOTO108%
6426	O Q Folowme C8 ShareDONATEGreat Depression108%
6432	O Q Folowme Cpe ShareDONATEGreat DepressionPAORPOOTO108%
6438	© Q Fotow me Cp ShareDONATEGreat DepressionPAORROOTO106%
6444	© Q Fotow me C8$ ShareDONATEGreat Depression106%
6450	© @ Fotow me CP ShareDONATEGreat Depression108%8190870
6456	© Q Fotow me Cpe ShareDONATEGreat Depression108%
6462	© Q Fotow me Cpe ShareDONATEGreat Depression6609.PAORROOTO
6468	© Q Fotow me C88 ShareDONATEGreat Depression108%
6474	O Q Folowme C8$ ShareDONATEGreat Depiesion106%
6480	O Q Folowme C83 ShareDONATEGreat Depiesion108%
6486	C Foliow me (C8 ShareDONATEGreat Depiesion108%
6492	O Q Folowme Cpe ShareDONATEGreat DepressionO. 9.108%
6498	O Q Folow me CC ChardDONATEGreat Depression106%
6504	1p Folow me Cet ShareDONATEGreat Depression•..e
6510	O N folowme Me8 ShareDONATEGreat Depiession108%
6516	O Q Folowme CSe ShareDONATEGreat Depiession108%
6522	Q Folow me C8 ShareDONATEGreat DepressionHow to C.• e108%
6528	A Folow mepe ShareDONATEGreat Depression(/THow to Country108%
6534	8 ShareDONATEGreat DepressionHow to Country108%
6540	Q Folow meCP SharelDONATEGreat DepressionHow to Country108%
6546	O Q Folowme Cpe ShareDONATEGreat DepressionHow to Country• ...
6552	DONATE
6558	DONATE
6564	DONATE
6570	DONATEHow to Country YouTubehttps://www.youtube.com/@howtocountry
6576	DONATEHow to Country YouTubehttps://www.youtube.com/@howtocountry
6582	DONATEHow to Country YouTubehttps://www.youtube.com/@howtocountry
6588	DONATEHow to Country YouTubehttps://www.youtube.com/@howtocountry
6594	DONATEHow to Country YouTubehttps://www.youtube.com/@howtocountry
6600	DONATEHow to Country YouTubehttps://www.youtube.com/@howtocountry
6606	DONATEHow to Country YouTubehttps://www.youtube.com/@howtocountry
6612	DONATEHow to Country YouTubehttps://www.youtube.com/@howtocountry
6618	DONATEApply for our Farm Program and learn how to grow your own garden.farm.amazingdiscoveries.org
6624	DONATEApply for our Farm Program and learn how to grow your own garden.farm.amazingdiscoveries.org
6630	DONATEApply for our Farm Program and learn how to grow your own garden.farm.amazingdiscoveries.org
6636	DONATEApply for our Farm Program and learn how to grow your own garden.farm.amazingdiscoveries.org
6642	DONATEApply for our Farm Program and learn how to grow your own garden.farm.amazingdiscoveries.org
6648	DONATEApply for our Farm Program and learn how to grow your own garden.farm.amazingdiscoveries.org
6654	DONATEApply for our Farm Program and learn how to grow your own garden.farm.amazingdiscoveries.org
6660	DONATEApply for our Farm Program and learn how to grow your own garden.farm.amazingdiscoveries.org
6666	DONATEApply for our Farm Program and learn how to grow your own garden.farm.amazingdiscoveries.org
6672	DONATEApply for our Farm Program and learn how to grow your own garden.farm.amazingdiscoveries.org
6678	DONATEApply for our Farm Program and learn how to grow your own garden.farm.amazingdiscoveries.org
6684	DONATEApply for our Farm Program and learn how to grow your own garden.farm.amazingdiscoveries.org
6690	DONATE
6696	DONATE
6702	DONATE
6708	DONATELIVE Q&A TimeWe will answer as many questions as we can!
6714	DONATELIVE Q&A TimeWe will answer as many questions as we can!
6720	DONATELIVE Q&A TimeWe will answer as many questions as we can!
6726	DONATELIVE Q&A TimeWe will answer as many questions as we can!
6732	DONATE
6738	DONATE
6744	DONATE
6750	DONATE
6756	DONATE
6762	DONATE
6768	DONATE
6774	DONATE
6780	DONATE
6786	DONATE
6792	DONATE
6798	DONATE
6804	DONATE
6810	DONATE
6816	DONATE
6822	DONATE
6828	DONATE
6834	DONATE
6840	DONATE
6846	DONATE
6852	DONATE
6858	DONATE
6864	DONATE
6870	DONATE
6876	DONATE
6882	DONATE
6888	DONATE
6894	DONATE
6900	DONATE
6906	DONATE
6912	DONATE
6918	DONATE
6924	DONATE
6930	DONATE
6936	DONATE
6942	DONATE
6948	DONATE
6954	DONATE
6960	DONATE
6966	DONATE
6972	DONATE
6978	DONATEÔ G foionme
6984	DONATEO Q Folowme C
6990	O Q Fotowme CDONATE108%
6996	DONATE© G Fotow me
7002	O Q Fotowme CDONATE108%
7008	O Q Fotowme CDONATE105%
7014	DONATEO @ Folowme C
7020	DONATEWEF108%
7026	DONATEWEFOwn Nothi108x
7032	DONATEWEFOwn Nothing kBe Ha108%
7038	DONATEWEFDun Nothig .Be Haper
7044	DONATEWEFDon Nothing toBe Hapey108%
7050	DONATEWEFDwn NoThing ABe Hapl
7056	DONATEWEFOur Nothing kBe Happy108x
7062	DONATEWEFDon Nothing 1-Be Haper
7068	DONATEWEFOon Nothing tBe HappyDoes not A
7074	DONATEwho ow myWEFbe NotinkBe HapeyDors not Ando e108%
7080	DONATE• @ Follow me.WEFOu Nothing kBe HaperDoss not Andy108x
7086	DONATEWEFOu Nothing kBe HapeyDors not AlL S108x
7092	© @ Folow melDONATEOu Nothing kBe HapeyDors not All• eP108%
7098	DONATEWEFo t NotingBe HapeyDos not An S
7104	DONATE
7110	
7116	DONATE
7122	DONATE
7128	DONATE
7134	DONATE
7140	DONATE
7146	DONATE
7152	DONATE
7158	DONATE
7164	DONATE
7170	DONATE
7176	DONATE
7182	DONATEKiNO,OdON.W.O.108%
7188	DONATERev lN.W.O.© Q Folow me C108%
7194	DONATEReu 17:N.W.O.Ô Q Folow me108%
7200	DONATERau 17:N.W.O.O G Fotowme C108%
7206	OMiNJIVNOO
7212	DONATERev 17:12-O Q Folowme Cpe ShareN.W.O.108%
7218	DONATERev 17:12-O Q Folowme CN.W.O.•. ..108%
7224	DONATERev 17:12-0 N Folow melN.W.O.10 Kingsa7 .1108x
7230	O Q Fotow me Cpe ShareDONATERev 17:12-N.W.O.10 Kings- Regiors5A02P108%
7236	DONATERe 17:12-O Q Folowme CN.W.O.10 Kings-Re108%
7242	DONATERe 17:12-O Q Folowme CN.W.O.10 Kings- Regions106x
7248	© Q Folow me.DONATERev 17:12-N.W.O.10 Kings- RegionsPAORROOTO106%
7254	DONATERau 17:12-0 0 Folow meN.W.O.10 Kings-Regions'108x
7260	DONATERau 17:12-N.WO.s10 Kings- Regions5A 0 20108%
7266	DONATEReu 17:12-N.WO.s10 Kings - Regions108%
7272	DONATERev 17:12-N.WO.s10 Kings- Regions
7278	DONATERev 17:12-0 F folowmelN.W.O.s10 Kings- Regionswi: 689.106%
7284	DONATERev 17:12-N.WO.s10 Kings= Regionswith the BeDOLPORTO108%
7290	DONATERev 17:12-© Q Folow me10 Kings= Regionswith the Beast108%
7296	DONATERev 17:12-© Foton meN.WO.s10 Kings- Regionswith the BeastI hour .108%
7302	DONATERev 17:12-© Q Folow me.N.WO.S10 Kings- Regionswith the BeastI hourEz 4: 6•DOLPOOTO108%
7308	DONATERev 17:12-© 0 Fotow me10 Kings= Regionswith the BeastI hour = 15 darEz 4: 6106%
7314	DONATERev 17:12-O R Folow meNIWO.S10 Kings- Regionswith the BeastI hour = 15 daysEz 4: 6106%
7320	DONATERev 17:12-N.WO.S10 Kings= Regionswith the BeastI hour = 15 daysEz 4:6108%
7326	DONATEReu 17:12-13© 0 Fotow me10 Kings- Regionswith the BeastI hour = 15 daysEz 4:6108x
7332	DONATERev 17:12-13© Q Foton meN.WO.S10 Kings- Regionswith the BeastI hour = 15 daysEz 4: 6BAORPORTO
7338	DONATERev 17:12-13O Follow meNIWO.S10 Kings- Regionswith the BeastI hour = 15 daysEz 4: 6108%
7344	DONATERev 17:12-13ReN.WO.S10 Kings- Regionswith the BeastI hour = 15 daysEz 4: 6108%
7350	DONATERev 17:12-13Reu 18:8© Q Fotow meNIWO.S10 Kings- Regionswith the BeastI hour = 15 daysEz 4: 6
7356	DONATERev 17:12-13Reu 18:8 PlayO Q Folow me.10 Kings= Regionswith the BeastI hour = 15 daysEz 4: 6108%
7362	DONATERev 17:12-13Reu 18:8 Plagus© Q Foton me10 Kings- Regionswith the BeastI hour = 15 daysEz 4: 6108%
7368	DONATERev 17:12-13Reu 18:8 Plaguscome inI dO G Fotow me10 Kings= Regionswith the BeastI hour = 15 daysEz 4: 6108%
7374	DONATERev 17:12-13Reu 18:8 Plaguscome inI day= yar10 Kings= Regionswith the BeastI hour = 15 daysEz 4:6•DOLPOOTO108%
7380	DONATERev 17:12-13Reu 18:8 Plaguscome inI day= yar© G Folow meN.W.O..10 Kings- Regionswith the BeastI hour = 15 daysEz 4:6108%
7386	DONATERev 17:12-13Reu 18:8 Plaguscome inI day= yarO 1 Fotow meN.W.O..10 Kings- Regionswith the BeastI hour = 15 daysEz 4:6108%
7392	DONATERev 17:12-13Reu 18:8 Plaguscome inI day- yarN.W.O.e10 Kings= Regionswith the BeastI hour = 15 daysEz 4:6A 0 LE108%
7398	© f Fotow meDONATERev 17:12-13N.WO.=Reu 18:8 Plagus10 Kings- Regionscome inwith the BeastI day= yarI hour = 15 daysEz 4:6108%
7404	DONATERev 17:12-13Reu 18:8 Plaguscome inI day= ycar© f Fotow meN.W.O..10 Kings= Regionswith the BeastI hour = 15 daysEz 4:6•...0.108%
7410	DONATERev 17:12-13Reu 18:8 Plagus10 Kings= Regionscome inwith the BeastI day= ycarI hour = 15 daysEz 4:6108%
7416	DONATERev 17:12-13Reu 18:8 Plaguscome inI day-year© Q Fotow meN.W.O..10 Kings- Regionswith the BeastI hour = 15 days.Ez 4:6108%
7422	DONATERev 17:12-13Reu 18:8 Plaguscome inI day= yar© Q Foton meN.W.O..10 Kings= Regionswith the BeastI hour = 15 days After herEz 4:6108%
7428	DONATERev 17:12-13Reu 18:8 Plaguscome inI day= yar© Q Fotow meN.W.O.,10 Kings= Regionswith the BeastI hour = 15 days After herEz 4: 6Judgmenl108x
7434	© Q Folow meDONATEN.W.O..Rev 17:12-13Reu 18:8 Plagus10 Kings= Regionscome inwith the BeastI day= ycarI hour = 15 days After herEz 4: 6Judgment Come•DOLPOOTO
7440	© 0 Foton meDONATEN.W.O..Rev 17:12-13Reu 18:8 Plagus10 Kings- Regionscome inwith the BeastI day= yarI hour = 15 days After herEz 4: 6Judgment Com
7446	© @ Fotow meDONATEN.W.O..Rev 17:12-13Reu 18:8 Plagus10 Kings- Regionscome inwith the BeastI day= yearI hour = 15 days After herEz 4:6Judgment Come• ...
7452	© Q Fotow meDONATEN.W.O..Rev 17:12-13Reu 18:8 Plagus10 Kings= Regionscome inwith the BeastI day= yarI hour = 15 days After herEz 4: 6Judgment Come
7458	DONATEO Fotow meConc108%
7464	DONATE© 0 Folow me Cpe Share108%
7470	DONATE© D Folow me C
7476	DONATEwe 1© D Folow me C
7482	DONATEOD Folomewe AreHere108%
7488	DONATEwe AreHereNo BayNoS.108%
7494	DONATEwe AreHereNo BayNo Sell0 0 Folow me CC.O.P.т 8108x
7500	DONATEwe AreHereNo BayNo SellO g Folowme CC.O.P.108%
7506	DONATEwe AreHereNo BayNo SellO Folow meC.O.P.Да 3145167108%
7512	DONATEwe AreHereNo BayNo SellC.O.P.а 3 95167• т о
7518	DONATEwe AreHereNo BayNo SellO Folow meC.O.P.Да 3195167108%
7524	DONATEwe AreHereNo BayNo SellC.O.P.O Folow me15 daya 3195167108%
7530	DONATEwe AreHereNo BayNo Sell15 daysC.O.P.→a 3195167108%
7536	DONATEwe AreHereNo BayNo SellC.O.P.8B ShareWWO15 daysДа 3145167
7542	DONATEwe AreHereNo BayNo SellC.O.P.0 Folome C88 ShareWWO15 daysa 3 95167
7548	DONATEwe AreHereNo BayNo SellC.O.P.88 shareWWO15 days121 3 95167
7554	DONATEwe AreHereNo BayNo SellGoeC.O.P.88 ShareWWO15 daysa 3195167
7560	DONATEwe AreHereNo BayNoSellO Q FoloN me ©8B ShareWWO15 daysC.OP.Grew Foed 7a131951675A0 20
7566	DONATEwe AreHereNo BayNo Sell88 ShareWWO15 daysC.OP.Gau Fed 313195167
7572	DONATEwe AreHereNo BayNo Sell8 ShareWWO15 daysC.O.P.Grew Food 133195167
7578	DONATEwe AreHereWWONo BayNo Sell15 daysC.OP.→Can Fod 1313195167Death• O e
7584	DONATEwe AreHereWWO)No BayNo Sell15 daysC.OP.→Gew Food 0a 3 95167DeathDer-el108%
7590	DONATEwe AreHereNo BayNo SellC.OP.Gew Pod a 345167|O Q Fotow me CWWWO)15 days→ElseDeathDer-elo e108%
7596	DONATEwe AreHereNo BayNoSellO Q FoloN me CWNWO15 daysC.OP.Goew Foed a 3 4567ElstDeathDer-el108%
7602	DONATEwe AreHereNo BayNoSellC.O.P.Grew Foed a 3 4567o eÔ Q Folowme CWWWO15 days→ElseDeathDer-elBeast108%
7608	DONATEwe AreHereNo BayNo SellC.OP.Grow Food a 345167© Q Folow me CMe ShareWWWO15 days→ElseDeathDer-elBastDotroyedo e
7614	DONATEwe AreHere0 SharrWWWONo BayNo Sell15 daysC.O.P.Gas Food 73131915167ElseDeathDer-elBastDolroyedo e
7620	DONATEwe AreHereNo BayNo SellO Q Folowme C8B ShareWWWO)15 daysC.O.P.Gaw Food a 39567ElseDeathDer-elBestDolroyed
7626	DONATEwe AreHereO 1 Fotonme C88 ShareWWWONo BayNo Sell15 daysC.O.P.Gaw Foed 2134567ArK-ElseDeathDer-elBastDotroyed
7632	DONATEwe AreHereNo BayNo SellC.O.P.Graw Foed 213/95167ArK-O Q FoloNme CWWWO15 days→ElseDeathDer-elBestDotroyed
7638	DONATEwe AreHereO Q Folowme C90 ShareWWWONo BayNo Sell15 daysC.OP.Grow Fooda 3145167ArK-Self Susta.ElseDeathDer-elBastDotroyed• e
7644	DONATEwe AreHereO Q Folowme C8B ShareWNWONo BayNoSell15 daysC.OP.Grew Foed TДа 314 5167ArK-Self SustanieElseDeathDer-elBeatDolroyed• e
7650	DONATEwe AreHereO Q Fotow me CWWWONo BayNo Sell15 daysC.OP.Grow Foed 2134567ArK-Self SustaniblyElseDeathDer-elBeatDotroyed
7656	DONATEwe AreHereNo BayNo SellO 1 Fotowme C88 ShareWWWO15 daysC.OP.Grow Foed 2134567ArK-Self Sustani blyElseDeathDer-elBestDotroyed
7662	DONATEwe AreHereNo BayNo SellO 0 Folow me C9 Shore.WWWO15 daysC.OP.Grow Foed 2134567ArK-Self SustaniblyElseDeathDer-elBastDotroyedo e
7668	DONATEwe AreHereOwnNo BayNo SellC.O.P.Gaw Feed 4a1395167Ark-Self JustaniblyO C Folow meSe ShareWWWO15 daysElseDeathDer-elBestDotroyed108%
7674	DONATEwe AreHereown NothyNo BayNo SellC.OP.Grew Food Ta 3 45167O 00 Folowme C88 ShareNWO15 daysArk-Self SustaniblyElseDeathDer-elBeatDotroyed108%
7680	DONATEwe AreHereown NothyNo BayNo SellC.OP.Grew Food Ma 3 95167Ark-Self Sustani bly8e ShareWWWO15 daysElseDeathDer-elBestDotroyed• e
7686	DONATEwe AreHereown NothyNo BayNo SellC.OP.Grow Foed 213456788 ShareNWO15 daysArk-Self Sustani blyElseDeathDer-elBestDotroyed
7692	DONATEwe AreHereown NothyNo BayNo SellC.OP.Grew Food a 3195167Ark-Self Sustanibly88 ShareWWWO15 daysElseDeathDer-elBestDotroyedo e
7698	DONATE
7704	DONATE
7710	DONATE
7716	DONATE
7722	DONATE
7728	
7734	DONATE
7740	DONATE
7746	DONATE
7752	DONATE
7758	DONATE
7764	DONATE
7770	DONATE
7776	DONATE
7782	DONATE
7788	DONATE
7794	DONATE
7800	DONATE
7806	DONATE
7812	DONATE
7818	DONATE
7824	DONATEwe AreHereMown NothyNo BayNoSellC.O.P.Grew Foed a1 319 5167ArkSelf JustanilyWWO15 daysElssDeathDee-elBeatDolroloT 9
7830	DONATEwe AreHereMarkSOwn NothyNo BayNo SellC.OP.Grew Food 21 3 45167ArkSelf SustaniblyÔ Q Folowme C88 ShareWWO15 daysElseDeathDer-elBeatDotroyed0 e
7836	DONATEwe AreHereMackSealown NothyNo BayNo SellC.O.P.Grow Feed 4313195167ArK-Self JustaniblyO Q Folowme Cpe sheerWWWO15 daysElseDeathDer-elBeatDotroyed
7842	DONATEwe AreHereMarkSealown NothyNo BayNo SellC.OP.Grow Feed 431 3195167ArK-Self SustaniblyO Q FoloNme C88 ShareWWO15 daysElseDeathDer-elBeastDotroyed
7848	DONATEwe AreHereMackSealown NothyNo BayNo SellC.O.P.Grow Feed a 3195167ArK-Self JustaniblyO Q Folowme C88 ShareWWO15 daysElseDeathDer-elBestDotroyed108%
7854	DONATEwe AreHereMackSealown NothyNo BayNo SellC.OP.Grew Feed 4313195167ArK-Self SustanilyO Q Folonme CMe ShareNWO15 daysElseDeathDer-elBeatDotroyed
7860	DONATEwe AreHereMackSealown NothyNo BayNo SellC.O.P.Grow Food 13 456|7ArK-Self SustaniblyO 1 Folow me CWWWO15 daysElseDeathDerelBestDotroyed
7866	DONATEwe AreHereMackSealOwn NothyNo BayNo SellC.O.P.Grow Foed 2134567ArK-Self JustaniblyO Q Folowme CNWO15 daysElseDeathDer-elBestDotroyed
7872	DONATEwe AreHereMackSealOwn NothyNo BayNo SellC.OP.Grow Foed 2134567ArK-Self Justanibly0 0 Folow me CM ShareWWWO15 daysElseDeathDer-elBestDotroyed• e
7878	DONATEwe AreHereMackSealown NothyNo BayNo SellC.O.P.Grow Foed 013 456|7ArK-Self JustaniblyO Q Folowme C88 ShareNWO15 daysElseDeathDer-elBestDotroyed
7884	DONATEwe AreHereMackSealown NothyNo BayNo SellC.O.P.Grow Feed 4313195167Ark-Self SustaniblyO Q Folowme C88 ShareWWO15 daysElseDeathDer-elBeatDotroyed
7890	DONATEwe AreHereMackSealown NothyNo BayNo SellC.OP.Grew Feed 4313195167ArK-Self JustaniblyO Q Folowme C88 ShareWWWO15 daysElseDeathDer-elBestDotroyed
7896	DONATEwe AreHereMackSealown NothyNo BayNo SellC.O.P.Grow Foed 2134567ArK-Self JustaniblyO Q Folowme C83 ShareWWWO15 daysElseDeathDer-elBeatDotroyed108%
7902	DONATEwe AreHereMarkSealOwn NothyNo BayNo SellC.OP.Grow Feed a 3195167ArK-Self SustaniblyO Q Folome CWWWO15 daysElseDeathDer-elBeatDotroyed
7908	DONATEwe AreHereMackSealown NothyNo BayNo SellC.OP.Grow Foed 013 456|7ArK-Self SustaniblyO Q Folowme C88 ShareNWO15 daysElseDeathDer-elBeastDotroyed108%
7914	DONATEwe AreHereMackSealown NothyNo BayNo SellC.O.P.Gow Food a 34567ArK-Self JustaniblyO 0 Folow me Cpe shareWWO15 daysElseDeathDer-elBestDotroyed108%
7920	DONATEwe AreHereMackSealown NothyNo BayNo SellC.OP.Grew Feed 4313195167ArK-Self Sustanibly© Q Folow me C88 ShareWWO15 days• eElseDeathDer-elBestDotroyed108%
7926	DONATEwe AreHereMackSealown NothyNo BayNo SellC.O.P.Grew Feed 4313195167ArK-Self SustaniblyO Q FoloNme Cpe shareWWO15 daysElseDeathDer-elBest108%
7932	DONATEwe AreHereMarkSealown NotheNo BayNo SellC.O.P.Grow Feed 4313145167ArK-Self Justanibly88 ShareWWWO15 daysElseDeathDer-elBestDotroyed• e
7938	DONATEwe AreHereMackSealown NothyNo BayNo SellC.OP.Grew Feed 4313195167ArK-Self SustaniblyO Q Folowme C8B ShareWWWO15 daysElseDeathDer-elBeatDotroyed
7944	DONATEwe AreHereMarkSealown NothyNo BayNo SellC.OP.Grow Feed 4313195167ArK-Self Sustanibly88 ShareWWWO15 daysElseDeathDer-elBeatDotroyed
7950	DONATEwe AreHereMackSealown NotheNo BayNo SellC.O.P.Gow Pod 0a 345167ArK-Self JustanilyMe ShareWWWO15 daysElseDeathDer-elBestDotroyed
7956	DONATEwe AreHereMackSealown NotheNo BayNo SellC.O.P.Grew Pod a 345167ArK-Self SustaniblyO Q Folow me C83 ShareWWWO15 daysElseDeathDer-elBestDotroyed108%
7962	DONATE
7968	© G Fotow meDONATERealto108x
7974	DONATERealtor.com
7980	DONATE© Q Fotow me
7986	© Q Foson meDONATE• • ....108x
7992	DONATEOf Folow me
7998	DONATEOf Folow me
8004	DONATEO Q Fotowme• • .. ..
8010	DONATEO Q Foton me
8016	DONATEO Q Foton me
8022	DONATE© Q Folow me
8028	DONATE
8034	DONATEO O Fotow methsee
8040	DONATEO O Fotow me
8046	DONATEO g Folowme
8052	DONATE© Q Foion me
8058	DONATEO g Fotowme
8064	DONATEO Q Fotowme. o e108x
8070	DONATE
8076	DONATEO g Fotow meWShsee
8082	DONATE
8088	DONATE
8094	DONATEO Q Foton me108%
8100	DONATEO Q Folow meCrty → Smaler Cit/6ng05AOL0OO108%
8106	© G Foton meDONATECity → Smaller Ct./PAORPOOTO
8112	© Q Folow meDONATECity → Smaler C/"Town
8118	© Q Follow meDONATECity → Smaler Cal2 Town
8124	© @ Folow meDONATECity → Smaller Cit2 Town
8130	© @ Follow meDONATECity → Smaler City2 Town
8136	© 0 Foton me.DONATECity → Smaler City2 Town108x
8142	© @ Follow meDONATECity Smaller City2 Town→ Country108%
8148	© 0 Folow meDONATECity → Smaler Ct/2 Town→ Country*PropentioSAORPOOTO
8154	© G Fotow meDONATECity → Smaler Cit/2 Town→ Country*Propesty in farenLE 609108%
8160	© 0 Fotow meDONATECity - Smaler Ct/I Town→ Country*Propesty in faround M-unt ins
8166	© g Folow me.DONATECity → Smaler C/I Town→ Country* Propesty in faround MouAOLPOOTO
8172	© @ Folow me.DONATECity → Smaller Cit/WTown→ Countr* Propesty in faround MountainsPAORPOOTO108%
8178	© Q. Folow meDONATECity Smaller CityI Town→ Country* Propesty in faround MountainsDOLPOOTO
8184	O @ Folow meDONATECity → Smaler Cit/WTown→ Country* Propenty in /around Mountains1Ẻ 609108x
8190	DONATE
8196	DONATEGet a free copy of Miller's Rules Bookmark:bookmarks.amazingdiscoveries.org
8202	DONATEGet a free copy of Miller's Rules Bookmark:bookmarks.amazingdiscoveries.org
8208	DONATEGet a free copy of Miller's Rules Bookmark:bookmarks.amazingdiscoveries.org
8214	DONATEGet a free copy of Miller's Rules Bookmark:bookmarks.amazingdiscoveries.org
8220	DONATEGet a free copy of Miller's Rules Bookmark:bookmarks.amazingdiscoveries.org
8226	O Fotow me CDONATEGo Learn Fro108%
8232	© Q Fotow meDONATEGo Learn FromPeoplDAORPOOTO108%
8238	DONATE© Q Foson meGo LearnFromPeople 1PAORPOOTO
8244	DONATEGo Learn FromPeople Doing tO Folow meADORPORTO
8250	DONATEGo Learn FromPeople Doing theThingApply for our Farm Program and learn how to grow your own garden.farm.amazingdiscoveries.org
8256	© C Folow meDONATEGo Learn FromPeople Doing theThingApply for our Farm Program and learn how to grow your own garden.farm.amazingdiscoveries.org
8262	DONATEGo Learn FromPeople Doing theThingApply for our Farm Program and learn how to grow your own garden.farm.amazingdiscoveries.org
8268	O G Foton meDONATEGo Learn FromPeople Doing theThingApply for our Farm Program and learn how to grow your own garden.farm.amazingdiscoveries.org
8274	O Q Foion meDONATEGo Learn FromPeople Doing theThingApply for our Farm Program and learn how to grow your own garden.farm.amazingdiscoveries.org
8280	© Q Foion meDONATEGo Learn FromPeople Doing theThingApply for our Farm Program and learn how to grow your own garden.farm.amazingdiscoveries.org
8286	O Q Folow meDONATEGo Learn FromPeople Doing theThingApply for our Farm Program and learn how to grow your own garden.farm.amazingdiscoveries.org
8292	DONATEGo Learn FromPeople Doing theThingApply for our Farm Program and learn how to grow your own garden.farm.amazingdiscoveries.org
8298	DONATEGo Learn FromPeople Doing theThing© Q Foion mePAORPOOTO108%
8304	DONATEGo Learn FromPeople Doing theThing© Q Foion meSAORPOOTO108%
8310	DONATEGo Learn FromPeople Doing theThing© @ Fotow mePAORPOOTO108%
8316	DONATE
8322	DONATE
8328	DONATE
8334	DONATE
8340	DONATE
8346	DONATE
8352	DONATE
8358	DONATE
8364	DONATE
8370	DONATE
8376	DONATE
8382	DONATE
8388	DONATE
8394	DONATE
8400	DONATE
8406	DONATE
8412	DONATEKnife© G Fotow me
8418	DONATEKnifeParraO o Fotow me• ..
8424	© @ Folow me.pe SharelDONATEKnifeParra CoroDOLPOOT
8430	© G Fotow meDONATEKnifeParra CoroWind up lig!
8436	© G Fotow meDONATEKnifeParra CordWind up lightSolar ch
8442	DONATEKnifeParra CoroWind up lightSolar charger© Q Fotow meL108%
8448	DONATEKnifeParra CoroWind up lightSolar chargerLife Straw108x
8454	DONATEKnifeParra CoroWind up lightSolar charge© Q Folow meLife StrawW-ter Table'108%
8460	Ô Q Folow meDONATEKnifeParra CoroWind up lightSolar chargerLife StrawWater TabletsA 0 CP108%
8466	DONATEKnifeParra CoroWind up lightSolar chargePAORROOTOO 0 Folow meLife StrawWater Table'sMRE108%
8472	DONATEKnifeParra CoroWind up lightSolar charger5A02.O0O Q FolonmeLife StrawWater Table'sMRE - Dehyplat
8478	DONATEKnifeParra CoroWind up lightSolar chargerO Q Folow meLife StrawWater Table'sMRE - Dehytated
8484	DONATEKnifeParra CoroWind up lightSolar chargerO Q Follow mepee ShaeLife StrawWater Table'sMRE - Dehydatco
8490	DONATEKnifeParra CoroWind up lightSolar charger• ...O C Folow mepe ChartLife StrawWater TabletsMRE - Dehytated
8496	DONATEKnifeParra CoroWind up lightSolar chargeO Q Folow meLife StrawWater TabletsMRE - Dehytated
8502	DONATEKnifeParra CoroWind up lightSolar chargerO Q Folow meLife StrawWater TabletsMRE - Dehytated
8508	DONATEKnifeParra CoroWind up lightSolar charger• INO 1 Follow meLife StrawWater TabletsMRE - Dehytated
8514	DONATE
8520	DONATE
8526	DONATE
8532	DONATE
8538	DONATE
8544	DONATE
8550	DONATE
8556	DONATEO M folow me
8562	DONATE© Q Fotow meFlorida
8568	DONATEO Q Foton meFlorida108x
8574	DONATE© @ Folow meFlorida
8580	DONATEÔ Q Fotow me CFlorida108x
8586	DONATE© Q Fotow meFlorida
8592	DONATEFlorida© f Fotow meAbraham108x
8598	DONATEO 0 Folow meAbrahamchange Count.Florida
8604	DONATEO Q Folow meAbrahamchange CountrisFlorida108%
8610	DONATEO Q Fotow meAbrahamchange CountrisFloridaoe106%
8616	DONATEO Q Follow meAbrahamchange ContrisFlorida108%
8622	DONATEO Q Folow meAbrahamchange ContrisFlorida108%
8628	DONATEO Q Foton me108%
8634	O Q Folow meDONATECritera fo0870
8640	© g Folow me.pe ShareDONATECritera forLocationDOLPOSTO108%
8646	O Q Folow me.DONATECritera forLocat:on108%
8652	DONATE© G Folow meCritera for .Location
8658	DONATEN© Q Folow me.Critera forLocation•О.COO108x
8664	© 0 Folow me.DONATECritera forLocationNo interfer,108%
8670	© 0 Folow me.DONATECritera forLocationNo interferine of cremissMAORROOTO108%
8676	© Fotow mepe ShareDONATECritera forLocationNo interferince of enemieshouses n.ДO.COO106%
8682	O 0 Folow me.DONATECritera forLocationhouses not closeno did defensin108%
8688	© G Fotow meDONATECritera forLocationNo interferience of enemieshouses not closetogetterLan
8694	© Q Fotow meDONATECritera forLocationNo interferience of enemieshouses not closetogetterLand enoPAORPOOTO108%
8700	© C Fotow meDONATECritera forLocationNo interferience of enemieshouses not closetogetterLand enough to
8706	DONATECritera forLocationNo interferience of enemieshouses not closeLand enouh to sustain
8712	DONATECritera for - 3PillesLocationNo interferience e enemieshouses not closeLand enouh to sustain
8718	DONATECritera for - 3 PillasLocation• LandWaNo interferience of enemieshouses not closeLand enouh to sustain
8724	O 4 Fotow meDONATECritera for 13 Ples)LocationLandWaterNo interferience of enemieswoodhouses not closeLand enouh to sustain
8730	O Q FoloN meDONATECritera for 13 PAlestLocationLandWaterwoodNo interferience of enemieshouses not closeLand enough to sustain
8736	DONATECritera for13 PlaSLocation• LandWaterWood• No interferience of enemies" houses not close• Land enough to sustain
8742	DONATECritera for /3PlleslLocationLandWater•No interferience genemiesWood• 3 hours from• houses not close• Land enouh to sustainDOLPOOTO
8748	DONATECritera for /3PlaslLocationLandWaterwood• No interferience f enemies• 3 hours from• houses not close• Land enouh to sustainlarge City
8754	© @ Folow meDONATECritera for /3PlaslLocationLandWaterWoodNo interferience of encies• 3 hours from• houses not close• Land enouh to sustainlarge City
8760	© @ Folow meDONATECritera for /3PlleslLocationLandWater•No interferience of enemieswood• 3 hours from• houses not closelarge City (100%• Land enough to sustainDOLPOOTO
8766	• @ Folow meDONATECritera for (3Ples)LocationLandWater• No interferind of enemieswood• 3 hours from• houses not close• Land enouh to sustainlarge CitY (100K 1DOLPOOTO
8772	• @ Folow meDONATECritera for (3Ples)LocationLandWaterWood• No interferience of enemies• 3 hours from• houses not close• Land enouh to sustainlarge CitY (100K 1
8778	O Q Folow meDONATECritera for 13 PlastLocationLandWaterwoodNo interferience of enemies• 3 hours from• houses not close• Land enouh to sustainlarge City (100K 1• Nea
8784	O Q FotoN meDONATECritera for 3Pllas)LocationLandWaterwood• No interferience of enemies• 3 hours from• houses not close• Land enough to sustainlarge City (100K 1• Near Mountain
8790	DONATECritera for 13 PileslLocationLandWaterwood• No interferience of enemies• 3 hours fron• houses not close• Land enouh to sustainlarge City (100K 1• Near Mountairs
8796	© @ Folow meDONATECritera for (3Ples)LocationLandWaterwoodNo interferience of encies• 3 hours from• houses not close• Land enouh to sustainlarge City (100K 1•Near Mountairs
8802	• @ Folow meDONATECritera for 13 PileslLocationLandWaterwood• No interferience of enemies• 3 hours from• houses not close• Land enouh to sustainlarge City (100K 1•Near Mountairs
8808	• @ Folow meDONATECritera for /3PleslLocationLandWaterwoodNo interferience of encies• 3 hours from• houses not closelarge City (100K 1• Land enouh to sustain•Near Mountains• ...
8814	© @ Folow meDONATECritera for 13 PileslLocationLandWaterwoodNo interferience of encies• 3 hours from• houses not close• Land enouh to sustainlarge City (100K 1•Near Mountairs
8820	O Q Fotow meDONATECritera for (3Ples)LocationLandWaterwoodNo interferience of enemies• 3 hours fron• houses not close• Land enouh to sustainlarge City (100K 1• Near Mountains
8826	• @ Folow meDONATECritera for 13Plas)LocationLandWaterWood• No interferience of enemies• 3 hours from• houses not close• Land enouh to sustainlarge City (100K 1-Near Mountains• ...
8832	DONATE
8838	DONATE
8844	DONATE
8850	DONATE
8856	DONATE
8862	DONATE
8868	DONATE
8874	DONATE
8880	DONATE
8886	DONATE
8892	DONATE
8898	DONATE
8904	DONATE
8910	DONATE
8916	DONATE
8922	DONATE
8928	DONATE
8934	DONATE
8940	DONATE
8946	DONATE
8952	DONATE
8958	DONATE
8964	DONATE
8970	DONATE
8976	DONATE
8982	DONATE
8988	DONATE
8994	DONATE
9000	DONATE
9006	DONATE
9012	DONATE
9018	DONATE
9024	DONATE
9030	DONATIEO Q Folow me.
9036	DONATE0 9 folow mel
9042	DONATEO M folowme Me
9048	seCtby)JIVNOO
9054	DONATECharacterO Q Fotowme C
9060	DONATECharacter0 M folowme Me108x
9066	DONATECharacter
9072	DONATE0 N folowmelCharacter
9078	O11D
9084	DONATECharacterO Q Folowme C106%
9090	DONATECharacterO Q Folowme C108%
9096	NeOS
9102	DONATECharacter108%2 70
9108	DONATECharacternot ifyou dont108%
9114	DONATECharacterOnot ifyou dontwant it106%
9120	DONATECharacterOrot ityou donTwant it108%
9126	DONATECharacterOrot ityou dontWant it108%
9132	DONATECharacterUnoT itou dontwant it
9138	DONATECharacterOrot ifyou donTwant it106%
9144	DONATECharacterOnot ifou dontWant ;+
9150	DONATECharacterProt ifyou donTwant it
9156	DONATECharacterUnoT ityou dontWant it108%
9162	DONATECharacterUnot ifyou donTwant it106%
9168	DONATE0 M folow mel
9174	DONATEO g. Folow meA4 20AgrirĐI108%
9180	O E Fotow meDONATEAgricultureSAORROOTO108x
9186	DONATE© Q Fotow meAgriculture is theABCPAORPOOTO108%
9192	DONATE© @ Folow me.Agriculture is theABC of EducaPAORPOOTO
9198	DONATE© @ Follow me.Agriculture is theABC of Educatin106%
9204	DONATE© @ Follow me.Agriculture is theABC of EducatinAHp 3'.PAORPOOTO
9210	DONATE• @ Follow me.Agriculture is theABC of EducatinAllp 373DAUTORTO108%
9216	DONATE• @ Follow me.Agriculture is theA BL of EducatinAllp 373108%
9222	DONATE• @ Follow me.Agriculture is theA BL of EducatinAllp 373Lingo.DONATORTO108%
9228	DONATEAgriculture is theA BL of EducatinAllp 373DATOOTS108%
9234	DONATE• @ Folow me.Agriculture is theA BL of EducatinAllp 373108%
9240	DONATE• @ Follow me.Agriculture is theA BL of EducatinAHp 373PARTOOTO108%
9246	© @ Folow me.Agriculture is theA BL of EducatinAllp 373106%
9252	DONATEAgriculture is theA BL of EducatinAllp 373SAEEPOOTO
9258	DONATE• @ Folow me.Agriculture is theABC of EducatinAllp 373DONATORTO108%
9264	DONATE• @ Folow me.Agriculture is theA BL of EducatinAllp 373108%
9270	DONATE: @ Folow melAgriculture is theA BL of EducatinAllp 373106%
9276	DONATE: @ Folow melAgriculture is theA BL of EducatinAllp 373DOCTOR TO106%
9282	DONATE© @ Folow meAgriculture is theA BL of EducatinAllp 373: 689.DONATORTO
9288	DONATEO Q Folow meAgriculture is theA BL of EducatinAllp 373108%
9294	DONATE: @ Folow melAgriculture is theABC of EducatinAllp 373innoDOCTORTO106%
9300	DONATE© @ Follow me.Agriculture is theABC of EducatinAllp 373
9306	DONATEO Q Folow meAgriculture is theA BL of EducatinAllp 373Lenno108%
9312	DONATE: @ Folow melAgriculture is theA BL of EducatinAllp 373DOCTOR TO106%
9318	DONATE: @ Folow melAgriculture is theA BL of EducatinAllp 373
9324	DONATE: @ Folow melAgriculture is theA BL of EducatinAllp 373
9330	DONATE• @ Follow me.Agriculture is theA BL of EducatinAllp 373DATORTO108%
9336	DONATE© @ Folow me.Agriculture is theA BL of EducatinAllp 373LengeDOERPOOTO108%
9342	DONATE, ilture is the
9348	DONATEO Q Foton meDe Share
9354	DONATEO Q Foion me
9360	DONATEpe Share
9366	DONATEO Q Foion me
9372	DONATEO Q Foton me
9378	DONATEO O FolowmeshweelA 0 e
9384	DONATE
9390	O Fotow meDONATE5 Akres108x
9396	O @ Follow meDONATE5 AkresGarden108%
9402	O N folowmeDONATE5 AkresGarden108%
9408	O n folow me (ueDONATE5 AkresGarden106%
9414	O Q Fotonme CDONATE5 AkresGarden6 AEQ.SOARROOTO108%
9420	O O Foton meDONATE5 AkresGarden108x
9426	© G Fotow meDONATE5 AkresGarden108x
9432	0 (9 folowmelDONATE5 AkresGardenPenAnimi108%
9438	© @ Fotow meDONATE5 AkresGardenPenAnimal108%
9444	© Q Folow meDONATE5 AkresGardenPenAnimal108%
9450	DONATE5 AkresGardenPenAnimal108x
9456	DONATE5 AkirsGardenPenAnimal© @ Folow me• Oxen• Ha108%
9462	DONATE5 AkrsGardenPenAnimal• @ Folow mel• Oxen• Hoses• Por108%
9468	DONATE5 AkrsGardenPenAnimal• @ Follow mel• Oxen• Hoses• Ponies108%
9474	DONATE5 AkrsGardenPenAnimal• @ Follow mel- Oxen• Hoses• Ponies• Donkey108%
9480	DONATE5 AkrsGardenPenAnimal© @ Folow me• Oxen• Hoses• Ponies• Donkeys• Goals
9486	DONATE5 AkrsGardenPenAnimal© @ Folow mel• Oxen• Horses• Ponies• Donkeys• Goals•Le
9492	DONATEGardenPenAnimal© @ Follow mel• Oxen• Hoses• Ponies• Dankeys• Goáls• Llamas
9498	DONATE5 ArresGardenPenAnimal• Oxen• Hoses• Ponies• DonKeys• Goãls• Llamos
9504	DONATE5 AkrsGardenPenAnimal© @ Folow me• Oxen• Horses• Ponies• Donkeys• Goals• Llamas
9510	DONATE5 AcresGardenPenAnimal• @ Folow mel• Oxen• Hoses• Pories• Donkeys• Goals• Llamos108%
9516	DONATEGardenPenAnimal© @ Follow mel• Oxen• Hoses• Ponies• Dankeys• Goáls• Llamas
9522	DONATE5 AkrsGardenPenAnimal© @ Follow mel• Oxen• Horses• Ponies• Donkeys• Goals• Llamas108%
9528	DONATE5AkrosGardenPenAnimal© @ Folowme• Hoses• Pories• Dankeys• Goãls• Llamas108%
9534	DONATEO Q Foton me•Ll amos12 GoalDO CO
9540	DONATE12 Goats© G Fotow me•Ll amos108%
9546	DONATE© Q Foton me• Llamos12 GoatsMAORROOTO
9552	DONATE12 Goats•Ll amos108%
9558	DONATE12 Goats© G Fotow me•Ll amos108x
9564	DONATE12 GoatsI MilK Co© Q Fotow me•Ll amos108x
9570	DONATE© Q Fotow me•Ll amos12 Goats1 MilK (not to dr.• • ..108x
9576	DONATE© Q Fotow me0 Chart•Ll amos12 Goats1 MilK (Not to drink)5A02P108x
9582	DONATE© @ Folow me•Ll amos12 Goats1 MilK (Not to drinK)108x
9588	DONATE12 GoatsI MilK© G Foton mepe Share•Ll amos(Not to drink)
9594	DONATE12 Goats1 MilK Cow (Not to drink)3DOLPOSTOpe Share• Ll amos108%
9600	DONATE© Q Foion me0 Shar•Ll amos12 Goats1 MilK Cow (Not to drink)3 Working Sl
9606	DONATE© Q Fotow meSe Share•Ll amos12 Goats1 MilK Cow (Not to drink)3 Working Steers609.108x
9612	DONATE© G Foton me•Ll amos12 Goats1 MilK Cow (Not to drink)3 Working Steers Oxon108x
9618	DONATE© g Folow me.• Llamas12 Goats1 MilK Cow (Not to drink)3 Working Steers → Oxon108%
9624	DONATE© G Foton me• Ll amas12 Goats1 MilK Cow (Not to drink)3 Working Steers OxonMAORPOOTO108%
9630	DONATE© G Fotow me•LlamasChicker*12 Goatsllo1 MilK Cow (Not to drink)3 Working Steers Oxon108%
9636	DONATE© G Fotow me• Llamas12 GoatsChickensllamas1 MilK Cow (Not to drink)3 Working Steers Oxen
9642	DONATE5 AkresGardenPenAnimal• @ Folow me.• Oxen• Hoses• Ponies• Donkeys• Goals• LlamasChickens12 Goats• 0 ..
9648	DONATE5 AkresGardenPenAnimal12 Goats• @ Folow me.• Oxen• Horses• Ponies• Donkeys• Goals• LlamasChickens
9654	DONATE5 AkresGardenPenAnimal12 Goats© @ Folow me.• Oxen• Hoses• Pories• Dankeys• Goáls•LlamosChickens
9660	DONATE5 AkresGardenPenAnimal12 Goats© @ Folow me.• Oxen• Horses• Ponies• Donkeys• Goals• LlamasChickens
9666	DONATE5 AkresGardenPenAnimal12 Goats• @ Follow me.• Oxen• Ponies• Donkeys• Goals• LlamosChickens
9672	DONATE5 AkresGarden2% bPenAnimal• @ Follow me.• Oxen• Horses• Ponies• Donkeys• Goals• Llamas12 GoatsChickens9. x• o ..TS 3AS
9678	DONATE5 AkresPenAnimalGarden2% book weigh12 Goats• @ Folow me.• Oxen• Horses• Ponies• Donkeys• Goals• LlamasChickens"53A5
9684	DONATE5 AkresPenAnimalGardenEi 2% body weight per dayChickens© @ Folow me.• Oxen• Hoses• Ponies• Donkeys• Goals• Llamas12 Goats
9690	DONATE5 AkresPenAnimalGardenExt2% body weight per dayChickensO Q Follow me• Oxen• Hoses• Ponies• Donkeys• Goals• Llamos12 Goats
9696	DONATE5 AkresPenAnimalGardenExt2% body weight per dayChickens• @ Folow me.• Oxen• Horses• Ponies• Donkeys• Goals• Llamos12 Goats
9702	DONATE5 AkresPenAnimalGardenExt2% body weight per dayChickens• @ Follow me.• Oxen• HoneS• Ponies• Donkeys• Goals• Llamos12 Goats
9708	DONATE5 AkresPenAnimalGardenExt2% body weight per dayChickens© @ Folow me.• Oxen• Hoses• Ponies• Donkeys• Goals• Llamos12 Goats
9714	DONATE5 AkresPenAnimalGardenExt2% body weight per dayChickens• @ Folow me.• Oxen• Hoses• Ponies• Donkeys• Goals• Llamos12 Goats
9720	DONATE5 AkresPenAnimalGardenExt2% body weight per dayChickens© @ Folow me• Oxen• HorseS• Ponies• Donkeys• Goals• Llamas12 Goats
9726	DONATE5 AkresPenAnimalGardenExt2% body weight per day12 GoatsChickensDAS• @ Folow me.• Oxen• HoneS• Ponies• Donkeys• Goals• Llamos
9732	DONATE5 AkresPenAnimalGardenExt2% body weight per dayChickens• @ Folow me.• Oxen• Hoses• Ponies• Donkeys• Goals• Ll amos12 Goats
9738	DONATE5 AkresPenAnimalGardenExt2% body weight per day12 GoatsChickens"5a5© @ Folow me.• Oxen• Hoses• Ponies• Donkeys• Goals• Llamos
9744	DONATE
9750	DONATE
9756	DONATE
9762	DONATE
9768	DONATE
9774	DONATE
9780	DONATE
9786	DONATESign up to our newsletters at the bottom of this page and we'll make sure you are notified:welcome.amazingdiscoveries.org
9792	DONATESign up to our newsletters at the bottom of this page and we'll make sure you are notified:welcome.amazingdiscoveries.org
9798	DONATESign up to our newsletters at the bottom of this page and we'll make sure you are notified:welcome.amazingdiscoveries.org
9804	DONATESign up to our newsletters at the bottom of this page and we'll make sure you are notified:welcome.amazingdiscoveries.org
9810	DONATE
9816	DONATE
9822	DONATEIf you've been blessed, please support our work:https://amazingdiscoveries.org/explore-projects
9828	DONATEIf you've been blessed, please support our work:https://amazingdiscoveries.org/explore-projects
9834	DONATEIf you've been blessed, please support our work:https://amazingdiscoveries.org/explore-projects
9840	DONATEIf you've been blessed, please support our work:https://amazingdiscoveries.org/explore-projects
9846	DONATEIf you've been blessed, please support our work:https://amazingdiscoveries.org/explore-projects
9852	DONATE
9858	DONATE
9864	DONATE
9870	DONATE
9876	DONATE
9882	DONATE
9888	DONATE
9894	DONATE
9900	DONATE
9906	DONATE
9912	DONATE
9918	DONATE
9924	DONATE
9930	DONATE
9936	DONATE
9942	DONATE→(at/→ Propenty =n /umad MontaosGo Learn FrmPeopk Dasy theThingKrifePana CordWal a batSoler dargeLfe SeawWer TaVesNRE - Dápledwn eewneye CeinCrteia forLocat:onlo atenferiane o corostaco it dex"Land comf te solenlhew Mlant
9948	DONATE17:12-1318: 8 Plaguscome inI day= yearN.W.O.we Are10 Kings- Regions.Heewith the BeastMackI hour = 15 days After her SealEz 4:6Judgment Concwho oweNo BayNoSellGrow 1ArkSelyCity → Smaler
9954	DONATE© Q Foion meN.W.O.17:12-138: 8 Plagus10 Kgs=- Regionswe AreHerecome inwith the BeastI day- yourI hour = 15 days After herMarkSealEz 4:6Judgment ConcOwnNo BayNoSellGrew fArKSelf• City
9960	© Q Folow meDONATEN.W.O.17:12-138: 8 Plagus10 Kgs=- Regionswe AreHerecome inwith the BeastI day= yarI hour = 15 days After herMarkSealЕг 4:6Judgment ConcOwnNo BayNoSellGrew iArKSelf•i City
9966	O Follow meDONATEN.W.O.17:12-138/.8 Plane10 Kgs=- Regionswe AreHerecomC inI day: yan with the BeastI hour = 15 days After herMarkSealЕг 4:6Judgment ConcownNo BayNoSellGrew fArKSelf2A0г0
9972	O Q Follow meDONATE€ 17:12-13N.WO.swe Are, 18: 8 Plagus10 Kings: Regions.Heecome in with the BeastI day= yearMarkI hour = 15 days After her SealEz4:6Judgment ConcNo BuyNoseliGoeS•DOCTOOTOCity ea an
9978	DONATE© Q Folow me€ 17:12-13N.WO.swe Are, 18: 8 Plagus10 Kings- Regions.Heecome in with the BeastI day= ycarMarkI hour = 15 days After her SealEz 4:6Judgment ConcNo BuyNoseliGreA.SCive
9984	DONATE€ 17:12-13N.WO.Swe Are, 18: 8 Plagus10 Kings: Regions.Heecome in with the BeastI day= ycarMarkI hour = 15 days. After her SealEz 4:6Judgment ConcCityaNo BuyNoseliGreA.S
9990	O Q Folow meDONATE€ 17:12-13N.WO.swe Are, 18: 8 Plagus10 Kings: Regions.Herecome in with the BeastI day= yearMarkI hour = 15 days After her SealEz 4:6Judgment ConcNo BuyNoseliGreA.S•DOLPOOTOCitya
9996	© G Folow meDONATE€ 17:12-13N.WO.swe Are, 18: 8 Plagus10 Kings: Regions.Heecome in with the BeastI day= ycarMarkI hour = 15 days After her SealEz 4:6Judgment ConcNo BuyNoseliGreA.SCive
10002	DONATE© Q Folow me€ 17:12-13N.WO.swe Are, 18:8 Plagus10 Kings- Regions.Heecome in with the BeastI day= ycarMarkI hour = 15 days After her SealEz 4:6Judgment ConcNo BuyNoseliGoeSSAORROOTOCiveа вк
10008	DONATE© Q Folon me€ 17:12-13N.WO.Swe Are, 18: 8 Plagus10 Kings- Regions.Heecome in with the BeastI day= yearMackI hour = 15 days After her SealJudgment ConcPAORPOOTONo BuyNoseliA.SCive
10014	DONATEGet our free resources - in digital or print:finalcountdown.amazingdiscoveries.org.
10020	DONATEGet our free resources - in digital or print:finalcountdown.amazingdiscoveries.org.
10026	DONATEGet our free resources - in digital or print:finalcountdown.amazingdiscoveries.org.
10032	DONATE
10038	DONATE
10044	DONATE
10050	DONATE
10056	DONATE
10062	DONATE
10068	DONATE
10074	DONATE
10080	DONATE
10086	DONATE
10092	DONATE
10098	DONATE
10104	
10110	DONATE
10116	DONATE
10122	DONATE
10128	DONATE
10134	DONATE
10140	DONATE
10146	DONATE
10152	DONATE
10158	DONATE
10164	DONATE
10170	DONATE
10176	DONATE
10182	DONATE
10188	DONATE
10194	DONATE
10200	DONATE
10206	DONATE
10212	DONATE
10218	DONATE
10224	DONATE
10230	DONATE
10236	
10242	DONATE
10248	DONATE
10254	DONATE
10260	DONATE
10266	DONATE
10272	DONATE
10278	DONATE
10284	DONATE
10290	DONATE
10296	DONATE
10302	DONATE
10308	DONATE
10314	DONATE
10320	
10326	DONATEIf you've been blessed, please support our work:https://amazingdiscoveries.org/explore-projects
10332	DONATEIf you've been blessed, please support our work:https://amazingdiscoveries.org/explore-projects
10338	DONATEIf you've been blessed, please support our work:https://amazingdiscoveries.org/explore-projects
10344	DONATEIf you've been blessed, please support our work:https://amazingdiscoveries.org/explore-projects
10350	DONATEJoin us for the Next Final Countdown Bible StudySaturday May 24 at 5:30pm PST
10356	DONATEJoin us for the Next Final Countdown Bible StudySaturday May 31 at 5:30pm PST
10362	DONATEHave a blessed Sabbath!Thank you for watching! Next study May 31 at 5:30pm PST
10368	DONATEHave a blessed Sabbath!Thank you for watching! Next study May 31 at 5:30pm PST
10374	DONATEHave a blessed Sabbath!Thank you for watching! Next study May 31 at 5:30pm PST
10380	DONATEHave a blessed Sabbath!Thank you for watching! Next study May 31 at 5:30pm PST
10386	DONATEHave a blessed Sabbath!Thank you for watching! Next study May 31 at 5:30pm PST
10392	DONATEHave a blessed Sabbath!Thank you for watching! Next study May 31 at 5:30pm PST
10398	DONATEHave a blessed Sabbath!Thank you for watching! Next study May 31 at 5:30pm PST
10404	DONATETHEFINALCOUNTDOWNEND -TIMEEVENTSTIMELINENext Bible Study:May 31st at 5:30pm PSTSign-upfinalcountdown.amazingdiscoveries.org
10410	DONATETHEFINALCOUNTDOWNEND -TIMEEVENTSTIMELINELIVE STUDY SERIESNext Bible Study:May 31st at 5:30pm PSTSign-upfinalcountdown.amazingdiscoveries.org
