0	
6	MacKenzie DrebitVice President
12	MacKenzie DrebitVice President
18	DONATEMacKenzie DrebitVice President
24	DONATE
30	DONATE
36	DONATEWelcome! Thank You For Joining Us. Register here for study guides & future updates.finalcountdown.amazingdiscoveries.org
42	DONATEWelcome! Thank You For Joining Us. Register here for study guides & future updates.finalcountdown.amazingdiscoveries.org
48	DONATEWelcome! Thank You For Joining Us. Register here for study guides & future updates.finalcountdown.amazingdiscoveries.org
54	DONATE
60	DONATE
66	DONATE
72	DONATE
78	DONATE
84	DONATE
90	DONATE
96	DONATE
102	DONATE
108	DONATE
114	DONATE
120	DONATE
126	DONATE
132	DONATE
138	CHRIST TRIUMPHANT P.56• We are living in the very last days of this earth's history. The terrible calamitiesthat have recently visited our country show that the judgments of the Lord arefalling on the world. The destruction of these cities is a warning tous to prepare for what is coming upon the earth. ...• God gave direction that an ark was to be built for those whodesired to be saved from the coming destruction. He was about tospeak in determined language against the wickedness that had grown to fearfulproportions. He was about to clothe Himself with vengeance andexecute His judgment against the transgressors of His law.
144	CHRIST TRIUMPHANT P.56• We are living in the very last days of this earth's history. The terrible calamitiesthat have recently visited our country show that the judgments of the Lord arefalling on the world. The destruction of these cities is a warning tous to prepare for what is coming upon the earth. ...• God gave direction that an ark was to be built for those whodesired to be saved from the coming destruction. He was about tospeak in determined language against the wickedness that had grown to fearfulproportions. He was about to clothe Himself with vengeance andexecute His judgment against the transgressors of His law.
150	CHRIST TRIUMPHANT P.56• We are living in the very last days of this earth's history. The terrible calamitiesthat have recently visited our country show that the judgments of the Lord arefalling on the world. The destruction of these cities is a warning tous to prepare for what is coming upon the earth. ...• God gave direction that an ark was to be built for those whodesired to be saved from the coming destruction. He was about tospeak in determined language against the wickedness that had grown to fearfulproportions. He was about to clothe Himself with vengeance andexecute His judgment against the transgressors of His law.
156	CHRIST TRIUMPHANT P.56• We are living in the very last days of this earth's history. The terrible calamitiesthat have recently visited our country show that the judgments of the Lord arefalling on the world. The destruction of these cities is a warning tous to prepare for what is coming upon the earth. ...• God gave direction that an ark was to be built for those whodesired to be saved from the coming destruction. He was about tospeak in determined language against the wickedness that had grown to fearfulproportions. He was about to clothe Himself with vengeance andexecute His judgment against the transgressors of His law.
162	CHRIST TRIUMPHANT P.56• We are living in the very last days of this earth's history. The terrible calamitiesthat have recently visited our country show that the judgments of the Lord arefalling on the world. The destruction of these cities is a warning tous to prepare for what is coming upon the earth. ...• God gave direction that an ark was to be built for those whodesired to be saved from the coming destruction. He was about tospeak in determined language against the wickedness that had grown to fearfulproportions. He was about to clothe Himself with vengeance andexecute His judgment against the transgressors of His law.
168	CHRIST TRIUMPHANT P.56• We are living in the very last days of this earth's history. The terrible calamitiesthat have recently visited our country show that the judgments of the Lord arefalling on the world. The destruction of these cities is a warning tous to prepare for what is coming upon the earth. ...• God gave direction that an ark was to be built for those whodesired to be saved from the coming destruction. He was about tospeak in determined language against the wickedness that had grown to fearfulproportions. He was about to clothe Himself with vengeance andexecute His judgment against the transgressors of His law.
174	CHRIST TRIUMPHANT P.56• We are living in the very last days of this earth's history. The terrible calamitiesthat have recently visited our country show that the judgments of the Lord arefalling on the world. The destruction of these cities is a warning tous to prepare for what is coming upon the earth. ...• God gave direction that an ark was to be built for those whodesired to be saved from the coming destruction. He was about tospeak in determined language against the wickedness that had grown to fearfulproportions. He was about to clothe Himself with vengeance andexecute His judgment against the transgressors of His law.
180	CHRIST TRIUMPHANT P.56• We are living in the very last days of this earth's history. The terrible calamitiesthat have recently visited our country show that the judgments of the Lord arefalling on the world. The destruction of these cities is a warning tous to prepare for what is coming upon the earth. ...• God gave direction that an ark was to be built for those whodesired to be saved from the coming destruction. He was about tospeak in determined language against the wickedness that had grown to fearfulproportions. He was about to clothe Himself with vengeance andexecute His judgment against the transgressors of His law.
186	CHRIST TRIUMPHANT P.56• We are living in the very last days of this earth's history. The terrible calamitiesthat have recently visited our country show that the judgments of the Lord arefalling on the world. The destruction of these cities is a warning tous to prepare for what is coming upon the earth. ...• God gave direction that an ark was to be built for those whodesired to be saved from the coming destruction. He was about tospeak in determined language against the wickedness that had grown to fearfulproportions. He was about to clothe Himself with vengeance andexecute His judgment against the transgressors of His law.
192	CHRIST TRIUMPHANT P.56• We are living in the very last days of this earth's history. The terrible calamitiesthat have recently visited our country show that the judgments of the Lord arefalling on the world. The destruction of these cities is a warning tous to prepare for what is coming upon the earth. ...• God gave direction that an ark was to be built for those whodesired to be saved from the coming destruction. He was about tospeak in determined language against the wickedness that had grown to fearfulproportions. He was about to clothe Himself with vengeance andexecute His judgment against the transgressors of His law.
198	CHRIST TRIUMPHANT P.56• We are living in the very last days of this earth's history. The terrible calamitiesthat have recently visited our country show that the judgments of the Lord arefalling on the world. The destruction of these cities is a warning tous to prepare for what is coming upon the earth. ...• God gave direction that an ark was to be built for those whodesired to be saved from the coming destruction. He was about tospeak in determined language against the wickedness that had grown to fearfulproportions. He was about to clothe Himself with vengeance andexecute His judgment against the transgressors of His law.
204	CHRIST TRIUMPHANT P.56• We are living in the very last days of this earth's history. The terrible calamitiesthat have recently visited our country show that the judgments of the Lord arefalling on the world. The destruction of these cities is a warning tous to prepare for what is coming upon the earth. ...• God gave direction that an ark was to be built for those whodesired to be saved from the coming destruction. He was about tospeak in determined language against the wickedness that had grown to fearfulproportions. He was about to clothe Himself with vengeance andexecute His judgment against the transgressors of His law.
210	CHRIST TRIUMPHANT P.56• We are living in the very last days of this earth's history. The terrible calamitiesthat have recently visited our country show that the judgments of the Lord arefalling on the world. The destruction of these cities is a warning tous to prepare for what is coming upon the earth. ...• God gave direction that an ark was to be built for those whodesired to be saved from the coming destruction. He was about tospeak in determined language against the wickedness that had grown to fearfulproportions. He was about to clothe Himself with vengeance andexecute His judgment against the transgressors of His law.
216	CHRIST TRIUMPHANT P.56• We are living in the very last days of this earth's history. The terrible calamitiesthat have recently visited our country show that the judgments of the Lord arefalling on the world. The destruction of these cities is a warning tous to prepare for what is coming upon the earth. ...• God gave direction that an ark was to be built for those whodesired to be saved from the coming destruction. He was about tospeak in determined language against the wickedness that had grown to fearfulproportions. He was about to clothe Himself with vengeance andexecute His judgment against the transgressors of His law.
222	CHRIST TRIUMPHANT P.56• We are living in the very last days of this earth's history. The terrible calamitiesthat have recently visited our country show that the judgments of the Lord arefalling on the world. The destruction of these cities is a warning tous to prepare for what is coming upon the earth. ...• God gave direction that an ark was to be built for those whodesired to be saved from the coming destruction. He was about tospeak in determined language against the wickedness that had grown to fearfulproportions. He was about to clothe Himself with vengeance andexecute His judgment against the transgressors of His law.
228	CHRIST TRIUMPHANT P.56• We are living in the very last days of this earth's history. The terrible calamitiesthat have recently visited our country show that the judgments of the Lord arefalling on the world. The destruction of these cities is a warning tous to prepare for what is coming upon the earth. ...• God gave direction that an ark was to be built for those whodesired to be saved from the coming destruction. He was about tospeak in determined language against the wickedness that had grown to fearfulproportions. He was about to clothe Himself with vengeance andexecute His judgment against the transgressors of His law.
234	DONATECHRIST TRIUMPHANT P.56• We are living in the very last days of this earth's history. The terrible calamitiesthat have recently visited our country show that the judgments of the Lord arefalling on the world. The destruction of these cities is a warning tous to prepare for what is conng upon the carth....• God gave direction that an ark was to be built for those whodesired to be saved from the coming destruction. He was about tospeak in determined language against the wickedness that had grown to fearfulproportions. He was about to clothe Flimself with vengeance andexecute His judgment against the transgressors of His law.
240	DONATECHRIST TRIUMPHANT P.56• We are living in the very last days of this carth's history. The terrible calamitiesthat have recently visited our country show that the judgments of the Lord arefalling on the world. The destruction of these cities is a warning tous to prepare for what is coming upon the carth...• God gave direction that an ark was to be built for those whodesired to be saved from the coming destruction. He was about tospeak in determined language against the wickedness that had grown to fearfulproportions. He was about to clothe Himself with vengeance andexecute His judgment against the transgressors of His law.
246	DONATECHRIST TRIUMPHANT P.56• We are living in the very last days of this earth's history. The terrible calamitiesthat have recently visited our country show that the judgments of the Lord arefalling on the world. The destruction of these cities is a warning tous to prepare for what is coming upon the carth...• God gave direction that an ark was to be built for those whodesired to be saved from the coming destruction. He was about tospeak in determined language against the wickedness that had grown to fearfulproportions. He was about to clothe Himself with vengeance andexecute His judgment against the transgressors of His law.
252	DONATECHRIST TRIUMPHANT P.56• We are living in the very last days of this earth's history. The terrible calamitiesthat have recently visited our country show that the judgments of the Lord arefalling on the world. The destruction of these cities is a warning tous to prepare for what is coming upon the earth. ...• God gave direction that an ark was to be built for those whodesired to be saved from the coming destruction. He was about tospeak in determined language against the wickedness that had grown to fearfulproportions. He was about to clothe Himself with vengeance andexecute His judgment against the transgressors of His law.Engage With Us!Write your questions in the chat.
258	DONATECHRIST TRIL• We are living in the very last days ofthat have recently visited our countryfalling on the world. The destructus to prepare for what is con• God gave direction that an aidesired to be saved from tiespeak in determined language againsiproportions. He was about to clotleexecute His judgment againstEngage With Us!Write your questions in the chat.
264	CHRIST TRIUMPHANT P.56• We are living in the very last days of this earth's history. The ternble calamitiesthat have recently visited our country show that the judgments of the Lord arefalling on the world. The destruction of these cities is a warning tous to prepare for what is coming upon the earth....• God gave direction that an ark was to be built for those whodesired to be saved from the coming destruction. He was about tospeak in determined language against the wickedness that had grown to fearfulproportions. He was about to clothe Himself with vengeance andexecute His judgment against the transgressors of His law.
270	DONATECHRIST TRIUMPHANT P.56• We are living in the very last days of this earth's history. The terrible calamitiesthat have recently visited our country show that the judgments of the Lord arefalling on the world. The destruction of these cities is a warning tous to prepare for what is coming upon the earth....• God gave direction that an ark was to be built for those whodesired to be saved from the coming destruction. He was about tospeak in determined language against the wickedness that had grown to fearfulproportions. He was about to clothe Himself with vengeance andexecute His judgment against the transgressors of His law.
276	DONATECHRIST TRIUMPHANT P.56• We are living in the very last days of this earth's history. The terrible calamitiesthat have recently visited our country show that the judgments of the Lord arefalling on the world. The destruction of these cities is a warning tous to prepare for what is coming upon the earth....• God gave direction that an ark was to be built for those whodesired to be saved from the coming destruction. He was about tospeak in determined language against the wickedness that had grown to fearfulproportions. He was about to clothe Himself with vengeance andexecute His judgment against the transgressors of His law.finalcountdown.amazingdiscoveries.org
282	DONATELETTER 5, 1904 PAR.3• Again and again the Lord has instructedthat our people are to take their families awayfrom the cities, into the country, where they canraise their own provisions; for in the futurethe problem of buying and selling will be avery serious one.finalcountdown.amazingdiscoveries.org
288	DONATELETTER 5, 1904 PAR.3• Again and again the Lord has instructedthat our people are to take their families awayfrom the cities, into the country, where they canraise their own provisions; for in the futurethe problem of buying and selling will be avery serious one.
294	DONATELETTER 5, 1904 PAR.3• Again and again the Lord has instructedthat our people are to take their families awayfrom the cities, into the country, where they canraise their own provisions; for in the futurethe problem of buying and selling will be avery serious one.
300	DONATELETTER 5, 1904 PAR.3• Again and again the Lord has instructedthat our people are to take their families awayfrom the cities, into the country, where they canraise their own provisions; for in the futurethe problem of buying and selling will be avery serious one.
306	DONATELETTER 5, 1904 PAR.3• Again and again the Lord has instructedthat our people are to take their families awayfrom the cities, into the country, where they canraise their own provisions; for in the futurethe problem of buying and selling will be avery serious one.
312	DONATELETTER 5, 1904 PAR.3• Again and again the Lord has instructedthat our people are to take their families awayfrom the cities, into the country, where they canraise their own provisions; for in the futurethe problem of buying and selling will be avery serious one.
318	LETTER 5, 1904 PAR.3• Again and again the Lord has instructedthat our people are to take their families awayfrom the cities, into the country, where they canraise their own provisions; for in the futurethe problem of buying and selling will be avery serious one.
324	DONATELETTER 5, 1904 PAR.3• Again and again the Lord has instructedthat our people are to take their families awayfrom the cities, into the country, where they canraise their own provisions; for in the futurethe problem of buying and selling will be avery serious one.
330	DONATELETTER 5, 1904 PAR.3• Again and again the Lord has instructedthat our people are to take their families awayfrom the cities, into the country, where they canraise their own provisions; for in the futurethe problem of buying and selling will be avery serious one.
336	DONATELETTER 5, 1904 PAR.3• Again and again the Lord has instructedthat our people are to take their families awayfrom the cities, into the country, where they canraise their own provisions; for in the futurethe problem of buying and selling will be avery serious one.
342	DONATELETTER 5, 1904 PAR.3• We should now begin to heed the instructiongiven us over and over again: Get out of thecities into rural districts, where the houses arenot crowded closely together, and where youwill be free from the interference ofenemies.00009000
348	DONATELETTER 5, 1904 PAR.3• We should now begin to heed the instructiongiven us over and over again: Get out of thecities into rural districts, where the houses arenot crowded closely together, and where youwill be free from the interference ofenemies.00009000
354	DONATELETTER 5, 1904 PAR.3• We should now begin to heed the instructiongiven us over and over again: Get out of thecities into rural districts, where the houses arenot crowded closely together, and where youwill be free from the interference ofenemies.00009000
360	DONATECRITERIA FOR ACOUNTRY PROPERTY• Away from the city • Free frominterference of• Able to RaiseenemiesProvisions7• Rural• Houses notcrowded00009000
366	DONATECRITERIA FOR ACOUNTRY PROPERTY• Away from the city • Free frominterference of• Able to RaiseenemiesProvisions= • Rural• Houses notcrowded
372	DONATECRITERIA FOR ACOUNTRY PROPERTY• Away from the city • Free frominterference of• Able to RaiseenemiesProvisions• Rural• Houses notcrowded000099
378	DONATECRITERIA FOR ACOUNTRY PROPERTY• Away from the city • Free frominterference of• Able to RaiseenemiesProvisions• Rural• Houses notcrowded0000900
384	DONATECRITERIA FOR ACOUNTRY PROPERTY• Away from the city • Free frominterference of• Able to RaiseenemiesProvisions• Rural• Houses notcrowded00009000
390	DONATECRITERIA FOR ACOUNTRY PROPERTY• Away from the city • Free frominterference of• Able to RaiseenemiesProvisions• Rural• Houses notcrowded
396	DONATECRITERIA FOR ACOUNTRY PROPERTY• Away from the city • Free frominterference of• Able to RaiseenemiesProvisions• Rural• Houses notcrowded000000
402	DONATECRITERIA FOR ACOUNTRY PROPERTY• Away from the city • Free frominterference of• Able to RaiseenemiesProvisions• Rural• Houses notcrowded0000900
408	DONATESELECTED MESSAGES VOL.2 P.356• He wants us to live where we can have elbow room. His people arenot to crowd into the cities. He wants them to take theirfamilies out of the cities, that they may better prepare for eternal life.In a little while they will have to leave the cities.• If we place ourselves under objectionable influences, can we expectGod to work a miracle to undo the results of our wrongcourse?-No, indeed. Get out of the cities as soon as possible,and purchase a little piece of land, where you can have a garden,where your children can watch the flowers growing, and learn fromthem lessons of simplicity and purity.00000000
414	SELECTED MESSAGES VOL.2 P.356• He wants us to live where we can have elbow room. His people arenot to crowd into the cities. He wants them to take theirfamilies out of the cities, that they may better prepare for eternal life.In a little while they will have to leave the cities.• If we place ourselves under objectionable influences, can we expectGod to work a miracle to undo the results of our wrongcourse?-No, indeed. Get out of the cities as soon as possible,and purchase a little piece of land, where you can have a garden,where your children can watch the flowers growing, and learn fromthem lessons of simplicity and purity.0000000
420	DONATESELECTED MESSAGES VOL.2 P.356• He wants us to live where we can have elbow room. His people arenot to crowd into the cities. He wants them to take theirfamilies out of the cities, that they may better prepare for eternal life.In a little while they will have to leave the cities.• If we place ourselves under objectionable influences, can we expectGod to work a miracle to undo the results of our wrongcourse?-No, indeed. Get out of the cities as soon as possible,and purchase a little piece of land, where you can have a garden,where your children can watch the flowers growing, and learn fromthem lessons of simplicity and purity.00000000
426	DONATESELECTED MESSAGES VOL.2 P.356• He wants us to live where we can have elbow room. His people arenot to crowd into the cities. He wants them to take theirfamilies out of the cities, that they may better prepare for eternal life.In little while they will have to leave the cities.• If we place ourselves under objectionable influences, can we expectGod to work a miracle to undo the results of our wrongcourse?-No, indeed. Get out of the cities as soon as possible,and purchase a little piece of land, where you can have a garden,where your children can watch the flowers growing, and learn fromthem lessons of simplicity and purity.00000000
432	DONATESELECTED MESSAGES VOL.2 P.356• He wants us to live where we can have elbow room. His people arenot to crowd into the cities. He wants them to take theirfamilies out of the cities, that they may better prepare for eternal life.In a little while they will have to leave the cities.• If we place ourselves under objectionable influences, can we expectGod to work a miracle to undo the results of our wrongcourse?-No, indeed. Get out of the cities as soon as possible,and purchase a little piece of land, where you can have a garden,where your children can watch the flowers growing, and learn fromthem lessons of simplicity and purity.0000900
438	DONATESELECTED MESSAGES VOL.2 P.356• He wants us to live where we can have elbow room. His people arenot to crowd into the cities. He wants them to take theirfamilies out of the cities, that they may better prepare for eternal life.In a little while they will have to leave the cities.• If we place ourselves under objectionable influences, can we expectGod to work a miracle to undo the results of our wrongcourse?-No, indeed. Get out of the cities as soon as possible,and purchase a little piece of land, where you can have a garden,where your children can watch the flowers growing, and learn fromthem lessons of simplicity and purity.00000000
444	DONATESELECTED MESSAGES VOL.2 P.356• He wants us to live where we can have elbow room. His people arenot to crowd into the cities. He wants them to take theirfamilies out of the cities, that they may better prepare for eternal life.In a little while they will have to leave the cities.• If we place ourselves under objectionable influences, can we expectGod to work a miracle to undo the results of our wrongcourse?-No, indeed. Get out of the cities as soon as possible,and purchase a little piece of land, where you can have a garden,where your children can watch the flowers growing, and learn fromthem lessons of simplicity and purity.00000000
450	DONATESELECTED MESSAGES VOL.2 P.356• He wants us to live where we can have elbow room. His people arenot to crowd into the cities. He wants them to take theirfamilies out of the cities, that they may better prepare for eternal life.In a little while they will have to leave the cities.• If we place ourselves under objectionable influences, can we expectGod to work a miracle to undo the results of our wrongcourse?-No, indeed. Get out of the cities as soon as possible,and purchase a little piece of land, where you can have a garden,where your children can watch the flowers growing, and learn fromthem lessons of simplicity and purity.
456	DONATESELECTED MESSAGES VOL.2 P.356• He wants us to live where we can have elbow room. His people arenot to crowd into the cities. He wants them to take theirfamilies out of the cities, that they may better prepare for eternal life.In a little while they will have to leave the cities.• If we place ourselves under objectionable influences, can we expectGod to work a miracle to undo the results of our wrongcourse?-No, indeed. Get out of the cities as soon as possible,and purchase a little piece of land, where you can have a garden,where your children can watch the flowers growing, and learn fromthem lessons of simplicity and purity.0000000
462	DONATESELECTED MESSAGES VOL.2 P.356• He wants us to live where we can have elbow room. His people arenot to crowd into the cities. He wants them to take theirfamilies out of the cities, that they may better prepare for eternal life.In a little while they will have to leave the cities.• If we place ourselves under objectionable influences, can we expectGod to work a miracle to undo the results of our wrongcourse?-No, indeed. Get out of the cities as soon as possible,and purchase a little piece of land, where you can have a garden,where your children can watch the flowers growing, and learn fromthem lessons of simplicity and purity.00009000
468	DONATESELECTED MESSAGES VOL.2 P.356• He wants us to live where we can have elbow room. His people arenot to crowd into the cities. He wants them to take theirfamilies out of the cities, that they may better prepare for eternal life.In a little while they will have to leave the cities.• If we place ourselves under objectionable influences, can we expectGod to work a miracle to undo the results of our wrongcourse?-No, indeed. Get out of the cities as soon as possible,and purchase a little piece of land, where you can have a garden,where your children can watch the flowers growing, and learn fromthem lessons of simplicity and purity.00009000
474	DONATESELECTED MESSAGES VOL.2 P.356• He wants us to live where we can have elbow room. His people arenot to crowd into the cities. He wants them to take theirfamilies out of the cities, that they may better prepare for eternal life.In a little while they will have to leave the cities.• If we place ourselves under objectionable influences, can we expectGod to work a miracle to undo the results of our wrongcourse?-No, indeed. Get out of the cities as soon as possible,and purchase a little piece of land, where you can have a garden,where your children can watch the flowers growing, and learn fromthem lessons of simplicity and punty.
480	DONATESELECTED MESSAGES VOL.2 P.356• He wants us to live where we can have elbow room. His people arenot to crowd into the cities. He wants them to take theirfamilies out of the cities, that they may better prepare for eternal life.In a little while they will have to leave the cities.• If we place ourselves under objectionable influences, can we expectGod to work a miracle to undo the results of our wrongcourse?-No, indeed. Get out of the cities as soon as possible,and purchase a ligle piece of land, where you can have a garden,where your children can watch the flowers growing, and learn fromthem lessons of simplicity and purity.00000000
486	DONATESELECTED MESSAGES VOL.2 P.356• He wants us to live where we can have elbow room. His people arenot to crowd into the cities. He wants them to take theirfamilies out of the cities, that they may better prepare for eternal life.In a little while they will have to leave the citics.• If we place ourselves under objectionable influences, can we expectGod to work a miracle to undo the results of our wrongcourse?-No, indeed. Get out of the cities as soon as possible,and purchase a little piece of land, where you can have a garden,where your children can watch the flowers growing, and Icarn fromthem lessons of simplicity and purity.
492	DONATECRITERIA FOR ACOUNTRY PROPERTY• Away from the city • Free frominterference of• Able to RaiseProvisionsenemies• Rural• Elbow room• Garden• Houses notcrowded9000960
498	DONATECRITERIA FOR ACOUNTRY PROPERTY• Away from the city • Free frominterference of• Able to RaiseProvisionsenemies• Rural• Elbow room• Garden• Houses notcrowded0000000
504	DONATECRITERIA FOR ACOUNTRY PROPERTY• Away from the city • Free frominterference of• Able to RaiseProvisionsenemies• Rural• Elbow room• Garden• Houses notcrowded0000900
510	DONATECRITERIA FOR ACOUNTRY PROPERTY• Away from the city • Free from• Able to RaiseProvisionsinterference ofenemies• Rural• Elbow room• Garden• Houses notcrowded
516	DONATECRITERIA FOR ACOUNTRY PROPERTY• Away from the city • Free frominterference of• Able to RaiseenemiesProvisions• Rural• Elbow room• Garden• Houses notcrowded
522	DONATECRITERIA FOR ACOUNTRY PROPERTY• Away from the city • Free from• Able to RaiseProvisionsinterference ofenemies• Rural• Elbow room• Garden• Houses notcrowded
528	DONATECOUNTRY LIVING P. 21• For this reason I see the necessity of the people ofGod moving out of the cities into retired countryPlaces, where they may cultivate the land andraise their own produce. Thus they may bringtheir children up with simple, healthful habits. I seethe necessity of making haste to get all thingsready for the crises.0000800
534	DONATECOUNTRY LIVING P. 21• For this reason I see the necessity of the people ofGod moving out of the cities into retired countryPlaces, where they may cultivate the land andraise their own produce. Thus they may bringtheir children up with simple, healthful habits. I seethe necessity of making haste to get all thingsready for the crises.00008000
540	DONATECOUNTRY LIVING P. 21• For this reason I see the necessity of the people ofGod moving out of the cities into retired countryPlaces, where they may cultivate the land andraise their own produce. Thus they may bringtheir children up with simple, healthful habits. I seethe necessity of making haste to get all thingsready for the crises.00009000
546	DONATECOUNTRY LIVING P. 21• For this reason I see the necessity of the people ofGod moving out of the cities into retired countryPlaces, where they may cultivate the land andraise their own produce. Thus they may bringtheir children up with simple, healthful habits. I seethe necessity of making haste to get all thingsready for the crises.00008000
552	COUNTRY LIVING P. 21• For this reason I see the necessity of the people ofGod moving out of the cities into retired countryPlaces, where they may cultivate the land andraise their own produce. Thus they may bringtheir children up with simple, healthful habits. I seethe necessity of making haste to get all thingsready for the crises.00009000
558	DONATECOUNTRY LIVING P. 21• For this reason I see the necessity of the people ofGod moving out of the cities into retired countryPlaces, where they may cultivate the land andraise their own produce. Thus they may bringtheir children up with simple, healthful habits. I seethe necessity of making haste to get all thingsready for the crises.00009000
564	DONATECRITERIA FOR ACOUNTRY PROPERTY• Away from the city • Free frominterference of• Able to RaiseProvisionsenemies• Rural• Elbow room• Garden• Houses notcrowded• Cultivatable• Raise Produce• All for the Crisis• Retired Country
570	DONATECRITERIA FOR ACOUNTRY PROPERTY• Away from the city • Free frominterference of• Able to RaiseenemiesProvisions• Rural• Houses notcrowded0000000* • Cultivatable• Raise Produce• Elbow room• All for the Crisis• Garden• Retired Country
576	DONATECRITERIA FOR ACOUNTRY PROPERTY• Away from the city • Free frominterference of• Able to RaiseenemiesProvisions• Rural• Houses notcrowded0000000€• Cultivatable• Raise Produce• Elbow room• All for the Crisis• Garden• Retired Country
582	DONATECRITERIA FOR ACOUNTRY PROPERTY• Away from the city • Free frominterference of• Able to RaiseenemiesProvisions• Rural• Elbow room• Garden• Houses notcrowded• Cultivatable• Raise Produce• All for the Crisis• Retired Country
588	DONATECRITERIA FOR ACOUNTRY PROPERTY• Away from the city • Free frominterference of• Able to RaiseenemiesProvisions• Rural• Elbow room• Garden• Houses notcrowded• Cultivatable• Raise Produce• All for the Crisis• Retired Country
594	DONATECRITERIA FOR ACOUNTRY PROPERTY• Away from the city • Free frominterference of• Able to RaiseenemiesProvisions• Rural• Elbow room• Garden• Houses notcrowded• Cultivatable• Raise Produce• All for the Crisis• Retired Country
600	DONATECRITERIA FOR ACOUNTRY PROPERTY• Away from the city • Free frominterference of• Able to RaiseenemiesProvisions• Rural• Elbow room• Garden• Houses notcrowded• Cultivatable• Raise Produce• All for the Crisis• Retired Country
606	DONATECRITERIA FOR ACOUNTRY PROPERTY• Away from the city • Free frominterference of• Able to RaiseenemiesProvisions• Cultivatable• Rural• Houses notcrowded0000900• Elbow room• Raise Produce• All for the Crisis• Garden• Retired Country
612	DONATECRITERIA FOR ACOUNTRY PROPERTY• Away from the city • Free frominterference of• Able to RaiseenemiesProvisions• Cultivatable• Raise Produce• Rural• Elbow room• All for the Crisis• Garden• Houses notcrowded• Retired Country0000000
618	DONATECRITERIA FOR ACOUNTRY PROPERTY• Away from the city • Free frominterference of• Able to RaiseenemiesProvisions• Rural• Elbow room• Garden• Houses notcrowded• Cultivatable• Raise Produce• All for the Crisis• Retired Country
624	DONATECRITERIA FOR ACOUNTRY PROPERTY• Away from the city • Free frominterference of• Able to RaiseenemiesProvisions• Rural• Elbow room• Garden• Houses notcrowded• Cultivatable• Raise Produce• All for the Crisis• Retired Country
630	DONATECRITERIA FOR ACOUNTRY PROPERTY• Away from the city • Free frominterference of• Able to RaiseenemiesProvisions• Rural• Elbow room• Garden• Houses notcrowded• Cultivatable• Raise Produce• All for the Crisis• Retired Country
636	DONATECRITERIA FOR ACOUNTRY PROPERTY• Away from the city • Free frominterference of• Able to RaiseenemiesProvisions• Rural• Elbow room• Garden• Houses notcrowded• Cultivatable• Raise Produce• All for the Crisis• Retired Country
642	DONATECRITERIA FOR ACOUNTRY PROPERTY• Away from the city • Free frominterference of• Able to RaiseenemiesProvisions• Rural• Elbow room• Garden• Houses notcrowded• Cultivatable• Raise Produce• All for the Crisis• Retired Country
648	DONATEMEDICAL MINISTRY P.310• To parents who are living in the cities the Lord is sending the warningcry, Gather your children into your own houses; gather them away fromthose who are disregarding the commandments of God, who areteaching and practicing evil. Get out of the cities as fast as possible.• Parents can secure small homes in the country, with land forcultivation where they can have orchards and where they canraise vegetables and small fruits to take the place of fleshmeat, which is so corrupting to the lifeblood coursing through theveins. On such places the children will not be surrounded with thecorrupting influences of city life. God will help His people to find suchhomes outside of the cities.00009
654	DONATEMEDICAL MINISTRY P.310• To parents who are living in the cities the Lord is sending the warningcry, Gather your children into your own houses; gather them away fromthose who are disregarding the commandments of God, who areteaching and practicing evil. Get out of the cities as fast as possible.• Parents can secure small homes in the country, with land forcultivation where they can have orchards and where they canraise vegetables and small fruits to take the place of fleshmeat, which is so corrupting to the lifeblood coursing through theveins. On such places the children will not be surrounded with thecorrupting influences of city life. God will help His people to find suchhomes outside of the cities.
660	DONATEMEDICAL MINISTRY P.310• To parents who are living in the cities the Lord is sending the warningcry, Gather your children into your own houses; gather them away fromthose who are disregarding the commandments of God, who areteaching and practicing evil. Get out of the cities as fast as possible.• Parents can secure small homes in the country, with land forcultivation where they can have orchards and where they canraise vegetables and small fruits to take the place of fleshmeat, which is so corrupting to the lifeblood coursing through theveins. On such places the children will not be surrounded with thecorrupting influences of city life. God will help His people to find suchhomes outside of the cities.
666	DONATEMEDICAL MINISTRY P.310• To parents who are living in the cities the Lord is sending the warningcry, Gather your children into your own houses; gather them away fromthose who are disregarding the commandments of God, who areteaching and practicing evil. Get out of the cities as fast as possible.• Parents can secure small homes in the country, with land forcultivation where they can have orchards and where they canraise vegetables and small fruits to take the place of fleshmeat, which is so corrupting to the lifeblood coursing through theveins. On such places the children will not be surrounded with thecorrupting influences of city life. God will help His people to find suchhomes outside of the cities.
672	MEDICAL MINISTRY P.310• To parents who are living in the cities the Lord is sending the warningcry, Gather your children into your own houses; gather them away fromthose who are disregarding the commandments of God, who areteaching and practicing evil. Get out of the cities as fast as possible.• Parents can secure small homes in the country, with land forcultivation where they can have orchards and where they canraise vegetables and small fruits to take the place of fleshmeat, which is so corrupting to the lifeblood coursing through theveins. On such places the children will not be surrounded with thecorrupting influences of city life. God will help His people to find suchhomes outside of the cities.
678	MEDICAL MINISTRY P.310• To parents who are living in the cities the Lord is sending the warningcry, Gather your children into your own houses; gather them away fromthose who are disregarding the commandmenis of God, who areteaching and practicing evil. Get out of the cities as fast as possible.• Parents can secure small homes in the country, with land forcultivation where they can have orchards and where they canraise vegetables and small fruits to take the place of fleshmeat, which is so corrupting to the lifeblood coursing through theveins. On such places the children will not be surrounded with thecorrupting influences of city life. God will help His people to find suchhomes outside of the cities.
684	MEDICAL MINISTRY P.310• To parents who are living in the cities the Lord is sending the warningcry, Gather your children into your own houses; gather them away fromthose who are disregarding the commandments of God, who areteaching and practicing evil. Get out of the cities as fast as possible.• Parents can secure small homes in the country, with land forcultivation where they can have orchards and where they canraise vegetables and small fruits to take the place of fleshmeat, which is so corrupting to the lifeblood coursing through theveins. On such places the children will not be surrounded with thecorrupting influences of city life. God will help His people to find suchhomes outside of the cities.
690	MEDICAL MINISTRY P.310• To parents who are living in the cities the Lord is sending the warningcry, Gather your children into your own houses; gather them away fromthose who are disregarding the commandments of God, who areteaching and practicing evil. Get out of the cities as fast as possible.• Parents can secure small homes in the country, with land forcultivation where they can have orchards and where they canraise vegetables and small fruits to take the place of fleshmeat, which is so corrupting to the lifeblood coursing through theveins. On such places the children will not be surrounded with thecorrupting influences of city life. God will help His people to find suchhomes outside of the cities.
696	MEDICAL MINISTRY P.310• To parents who are living in the cities the Lord is sending the warningcry, Gather your children into your own houses; gather them away fromthose who are disregarding the commandments of God, who areteaching and practicing evil. Get out of the cities as fast as possible.• Parents can secure small homes in the country, with land forcultivation where they can have orchards and where they canraise vegetables and small fruits to take the place of fleshmeat, which is so corrupting to the lifeblood coursing through theveins. On such places the children will not be surrounded with thecorrupting influences of city life. God will help His people to find suchhomes outside of the cities.
702	MEDICAL MINISTRY P.310• To parents who are living in the cities the Lord is sending the warningcry, Gather your children into your own houses; gather them away fromthose who are disregarding the commandments of God, who areteaching and practicing evil. Get out of the cities as fast as possible.• Parents can secure small homes in the country, with land forcultivation where they can have orchards and where they canraise vegetables and small fruits to take the place of fleshmeat, which is so corrupting to the lifeblood coursing through theveins. On such places the children will not be surrounded with thecorrupting influences of city life. God will help His people to find suchhomes outside of the cities.
708	MEDICAL MINISTRY P.310• To parents who are living in the cities the Lord is sending the warningcry, Gather your children into your own houses; gather them away fromthose who are disregarding the commandments of God, who areteaching and practicing evil. Get out of the cities as fast as possible.• Parents can secure small homes in the country, with land forcultivation where they can have orchards and where they canraise vegetables and small fruits to take the place of fleshmeat, which is so corrupting to the lifeblood coursing through theveins. On such places the children will not be surrounded with thecorrupting influences of city life. God will help His people to find suchhomes outside of the cities.
714	MEDICAL MINISTRY P.310• To parents who are living in the cities the Lord is sending the warningcry, Gather your children into your own houses; gather them away fromthose who are disregarding the commandments of God, who areteaching and practicing evil. Get out of the cities as fast as possible.• Parents can secure small homes in the country, with land forcultivation where they can have orchards and where they canraise vegetables and small fruits to take the place of fleshmeat, which is so corrupting to the lifeblood coursing through theveins. On such places the children will not be surrounded with thecorrupting influences of city life. God will help His people to find suchhomes outside of the cities.
720	MEDICAL MINISTRY P.310• To parents who are living in the cities the Lord is sending the warningcry, Gather your children into your own houses; gather them away fromthose who are disregarding the commandments of God, who areteaching and practicing evil. Get out of the cities as fast as possible.• Parents can secure small homes in the country, with land forcultivation where they can have orchards and where they canraise vegetables and small fruits to take the place of fleshmeat, which is so corrupting to the lifeblood coursing through theveins. On such places the children will not be surrounded with thecorrupting influences of city life. God will help His people to find suchhomes outside of the cities.
726	MEDICAL MINISTRY P.310• To parents who are living in the cities the Lord is sending the warningcry, Gather your children into your own houses; gather them away fromthose who are disregarding the commandments of God, who areteaching and practicing evil. Get out of the cities as fast as possible.• Parents can secure small homes in the country, with land forcultivation where they can have orchards and where they canraise vegetables and small fruits to take the place of fleshmeat, which is so corrupting to the lifeblood coursing through theveins. On such places the children will not be surrounded with thecorrupting influences of city life. God will help His people to find suchhomes outside of the cities.
732	MEDICAL MINISTRY P.310• To parents who are living in the cities the Lord is sending the warningcry, Gather your children into your own houses; gather them away fromthose who are disregarding the commandments of God, who areteaching and practicing evil. Get out of the cities as fast as possible.• Parents can secure small homes in the country, with land forculivation where they can have orchards and where they canraise vegetables and small fruits to take the place of fleshmeat, which is so corrupting to the lifeblood coursing through theveins. On such places the children will not be surrounded with thecorrupting influences of city life. God will help His people to find suchhomes outside of the cities.
738	MEDICAL MINISTRY P.310• To parents who are living in the cities the Lord is sending the warningcry, Gather your children into your own houses; gather them away fromthose who are disregarding the commandments of God, who areteaching and practicing evil. Get out of the cities as fast as possible.• Parents can secure small homes in the country, with land forcultivation where they can have orchards and where they canraise vegetables and small fruits to take the place of fleshmeat, which is so corrupting to the lifeblood coursing through theveins. On such places the children will not be surrounded with thecorrupting influences of city life. God will help His people to find suchhomes outside of the cities.
744	MEDICAL MINISTRY P.310• To parents who are living in the cities the Lord is sending the warningcry, Gather your children into your own houses; gather them away fromthose who are disregarding the commandments of God, who areteaching and practicing evil. Get out of the cities as fast as possible.• Parents can secure small homes in the country, with land forcultivation where they can have orchards and where they canraise vegetables and small fruits to take the place of fleshmeat, which is so corrupting to the lifeblood coursing through theveins. On such places the children will not be surrounded with thecorrupting influences of city life. God will help His people to find suchhomes outside of the cities.
750	MEDICAL MINISTRY P.310• To parents who are living in the cities the Lord is sending the warningcry, Gather your children into your own houses; gather them away fromthose who are disregarding the commandments of God, who areteaching and practicing evil. Get out of the cities as fast as possible.• Parents can secure small homes in the country, with land forcultivation where they can have orchards and where they canraise vegetables and small fruits to take the place of fleshmeat, which is so corrupting to the lifeblood coursing through theveins. On such places the children will not be surrounded with thecorrupting influences of city life. God will help His people to find suchhomes outside of the cities.
756	MEDICAL MINISTRY P.310• To parents who are living in the cities the Lord is sending the warningcry, Gather your children into your own houses; gather them away fromthose who are disregarding the commandments of God, who areteaching and practicing evil. Get out of the cities as fast as possible.• Parents can secure small homes in the country, with land forcultivation where they can have orchards and where they canraise vegetables and small fruits to take the place of fleshmeat, which is so corrupting to the lifeblood coursing through theveins. On such places the children will not be surrounded with thecorrupting influences of city life. God will help His people to find suchhomes outside of the cities.
762	MEDICAL MINISTRY P.310• To parents who are living in the cities the Lord is sending the warningcry, Gather your children into your own houses; gather them away fromthose who are disregarding the commandments of God, who areteaching and practicing evil. Get out of the cities as fast as possible.• Parents can secure small homes in the country, with land forcultivation where they can have orchards and where they canraise vegetables and small fruits to take the place of fleshmeaty which is so corrupting to the lifeblood coursing through theveins. On such places the children will not be surrounded with thecorrupting influences of city life. God will help His people to find suchhomes outside of the cities.
768	MEDICAL MINISTRY P.310• To parents who are living in the cities the Lord is sending the warningcry, Gather your children into your own houses; gather them away fromthose who are disregarding the commandments of God, who areteaching and practicing evil. Get out of the cities as fast as possible.• Parents can secure small homes in the country, with land forcultivation where they can have orchards and where they canraise vegetables and small fruits to take the place of fleshmeat, which is so corrupting to the lifeblood coursing through theveins. On such places the children will not be surrounded with thecorrupting influences of city life. God will help His people to find suchhomes outside of the cities.
774	MEDICAL MINISTRY P.310• To parents who are living in the cities the Lord is sending the warningcry, Gather your children into your own houses; gather them away fromthose who are disregarding the commandments of God, who areteaching and practicing evil. Get out of the cities as fast as possible.• Parents can secure small homes in the country, with land forcultivation where they can have orchards and where they canraise vegetables and small fruits to take the place of fleshmeat, which is so corrupting to the lifeblood coursing through theveins. On such places the children will not be surrounded with thecorrupting influences of city life. God will help His people to find suchhomes outside of the cities.
780	MEDICAL MINISTRY P.310• To parents who are living in the cities the Lord is sending the warningcry, Gather your children into your own houses; gather them away fromthose who are disregarding the commandments of God, who areteaching and practicing evil. Get out of the cities as fast as possible.• Parents can secure small homes in the country, with land forcultivation where they can have orchards and where they canraise vegetables and small fruits to take the place of fleshmeat, which is so corrupting to the lifeblood coursing through theveins. On such places the children will not be surrounded with thecorrupting influences of city life. God will help His people to find suchhomes outside of the cities.
786	MEDICAL MINISTRY P.310• To parents who are living in the cities the Lord is sending the warningcry, Gather your children into your own houses; gather them away fromthose who are disregarding the commandments of God, who areteaching and practicing evil. Get out of the cities as fast as possible.• Parents can secure small homes in the country, with land forcultivation where they can have orchards and where they canraise vegetables and small fruits to take the place of fleshmeat, which is so corrupting to the lifeblood coursing through theveins. On such places the children will not be surrounded with thecorrupting influences of city life. God will help His people to find suchhomes outside of the cities.
792	Laser PointerMEDICAL MINISTRY P.310• To parents who are living in the cities the Lord is sending the warningcry, Gather your children into your own houses; gather them away fromthose who are disregarding the commandments of God, who areteaching and practicing evil. Get out of the cities as fast as possible.• Parents can secure small homes in the country, with land forcultivation where they can have orchards and where they canraise vegetables and small fruits to take the place of fleshmeat, which is so corrupting to the lifeblood coursing through theh places the children will not be surrounded with theluences of city life. God will help His people to find suche of the cities.trase A ink on Side
798	MEDICAL MINISTRY P.310• To parents who are living in the cities the Lord is sending the warningcry, Gather your children into your own houses; gather them away fromthose who are disregarding the commandments of God, who areteaching and practicing evil. Get out of the cities as fast as possible.• Parents can secure small homes in the country, with land forcultivation where they can have orchards and where they canraise vegetables and small fruits to take the place of fleshmeat, which is so corrupting to the lifeblood coursing through theveins. On such places the children will not be surrounded with thecorrupting influences of city life. God will help His people to find suchhomes outside of the cities.
804	MEDICAL MINISTRY P.310• To parents who are living in the cities the Lord is sending the warningcry, Gather your children into your own houses; gather them away fromthose who are disregarding the commandments of God, who areteaching and practicing evil. Get out of the cities as fast as possible.• Parents can secure small homes in the country, with land forcultivation where they can have orchards and where they canraise vegetables and small fruits to take the place of fleshmeat, which is so corrupting to the lifeblood coursing through theveins. On such places the children will not be surrounded with thecorrupting influences of city life. God will help His people to find suchhomes outside of the cities.
810	MEDICAL MINISTRY P.310• To parents who are living in the cities the Lord is sending the warningcry, Gather your children into your own houses; gather them away fromthose who are disregarding the commandments of God, who areteaching and practicing evil. Get out of the cities as fast as possible.• Parents can secure small homes in the country, with land forcultivation where they can have orchards and where they canraise vegetables and small fruits to take the place of fleshmeat, which is so corrupting to the lifeblood coursing through theveins. On such places the children will not be surrounded with thecorrupting influences of city life. God will help His people to find suchhomes outside of the cities.
816	MEDICAL MINISTRY P.310• To parents who are living in the cities the Lord is sending the warningcry, Gather your children into your own houses; gather them away fromthose who are disregarding the commandments of God, who areteaching and practicing evil. Get out of the cities as fast as possible.• Parents can secure small homes in the country, with land forcultivation where they can have orchards and where they canraise vegetables and small fruits to take the place of fleshmeat, which is so corrupting to the lifeblood coursing through theveins. On such places the children will not be surrounded with thecorrupting influences of city life. God will help His people to find suchhomes outside of the cities.
822	CRITERIA FOR ACOUNTRY PROPERTYDONATE• Away from the city • Free frominterference of• Able to RaiseProvisionsenemies• Elbow room• Rural• Garden• Houses notcrowded• Cultivatable• Raise Produce• All for the Crisis• Retired Country• Land, Orchards,Vegetables, smallFruits
828	CRITERIA FOR ACOUNTRY PROPERTYDONATE• Away from the city • Free frominterference of• Able to RaiseProvisionsenemies• Elbow room• Rural• Garden• Houses notcrowded• Cultivatable• Raise Produce• All for the Crisis• Retired Country• Land, Orchards,Vegetables, smallFruits
834	CRITERIA FOR ACOUNTRY PROPERTYDONATE• Away from the city • Free frominterference of• Able to RaiseProvisionsenemies• Cultivatable• Raise Produce• All for the Crisis• Elbow room• Rural• Garden• Houses notcrowded• Retired Country• Land, Orchards,Vegetables, smallFruits
840	CRITERIA FOR ACOUNTRY PROPERTYDONATE• Away from the city • Free frominterference of• Able to RaiseProvisionsenemies• Cultivatable• Raise Produce• All for the Crisis• Elbow room• Rural• Garden• Houses notcrowded• Retired Country• Land, Orchards,Vegetables, smallFruits
846	COUNTRY LIVING P.29• As far as possible, our institutions should be located away from thecities. We must have workers for these institutions, and if they arelocated in the city, that means that families of our people must settlenear them. But it is not God's will that His people shall settle in thecities, where there is constant turmoil and confusion. Their childrenshould be spared this; for the whole system is demoralized by the hurryand rush and noise. The Lord desires His people to move into thecountry, where they can settle on the land, and raise their ownfruit and vegetables, and where their children can be brought indirect contact with the works of God in nature. Take yourfamilies away from the cities is my message.
852	COUNTRY LIVING P.29• As far as possible, our institutions should be located away from thecities. We must have workers for these institutions, and if they arelocated in the city, that means that families of our people must settlenear them. But it is not God's will that His people shall settle in thecities, where there is constant turmoil and confusion. Their childrenshould be spared this; for the whole system is demoralized by the hurryand rush and noise. The Lord desires His people to move into thecountry, where they can settle on the land, and raise their ownfruit and vegetables, and where their children can be brought indirect contact with the works of God in nature. Take yourfamilies away from the cities is my message.
858	COUNTRY LIVING P.29• As far as possible, our institutions should be located away from thecities. We must have workers for these institutions, and if they arelocated in the city, that means that families of our people must settlenear them. But it is not God's will that His people shall settle in thecities, where there is constant turmoil and confusion. Their childrenshould be spared this; for the whole system is demoralized by the hurryand rush and noise. The Lord desires His people to move into thecountry, where they can settle on the land, and raise their ownfruit and vegetables, and where their children can be brought indirect contact with the works of God in nature. Take yourfamilies away from the cities is my message.
864	COUNTRY LIVING P.29• As far as possible, our institutions should be located away from thecities. We must have workers for these institutions, and if they arelocated in the city, that means that families of our people must settlenear them. But it is not God's will that His people shall settle in thecities, where there is constant turmoil and confusion. Their childrenshould be spared this; for the whole system is demoralized by the hurryand rush and noise. The Lord desires His people to move into thecountry, where they can settle on the land, and raise their ownfruit and vegetables, and where their children can be brought indirect contact with the works of God in nature. Take yourfamilies away from the cities is my message.
870	COUNTRY LIVING P.29• As far as possible, our institutions should be located away from thecities. We must have workers for these institutions, and if they arelocated in the city, that means that families of our people must settlenear them. But it is not God's will that His people shall settle in thecities, where there is constant turmoil and confusion. Their childrenshould be spared this; for the whole system is demoralized by the hurryand rush and noise. The Lord desires His people to move into thecountry, where they can settle on the land, and raise their ownfruit and vegetables, and where their children can be brought indirect contact with the works of God in nature. Take yourfamilies away from the cities is my message.
876	COUNTRY LIVING P.29• As far as possible, our institutions should be located away from thecities. We must have workers for these institutions, and if they arelocated in the city, that means that families of our people must settlenear them. But it is not God's will that His people shall settle in thecities, where there is constant turmoil and confusion. Their childrenshould be spared this; for the whole system is demoralized by the hurryand rush and noise. The Lord desires His people to move into thecountry, where they can settle on the land, and raise their ownfruit and vegetables, and where their children can be brought indirect contact with the works of God in nature. Take yourfamilies away from the cities is my message.
882	COUNTRY LIVING P.29• As far as possible, our institutions should be located away from thecities. We must have workers for these institutions, and if they arelocated in the city, that means that families of our people must settlenear them. But it is not God's will that His people shall settle in thecities, where there is constant turmoil and confusion. Their childrenshould be spared this; for the whole system is demoralized by the hurryand rush and noise. The Lord desires His people to move into thecountry, where they can settle on the landl, and raise their ownfruit and vegetables, and where their children can be,brought indirect contact with the works of God in nature. Take yourfamilies away from the cities is my message.
888	COUNTRY LIVING P.29• As far as possible, our institutions should be located away from thecities. We must have workers for these institutions, and if they arelocated in the city, that means that families of our people must settlenear them. But it is not God's will that His people shall settle in thecities, where there is constant turmoil and confusion. Their childrenshould be spared this; for the whole system is demoralized by the hurryand rush and noise. The Lord desires His people to move into thecountry, where they can settle on the land, and raise their ownfruit and vegetables, and where their children can be brought indirect contact with the works of God in nature. Take yourfamilies away from the cities is my message.
894	COUNTRY LIVING P.29• As far as possible, our institutions should be located away from thecities. We must have workers for these institutions, and if they arelocated in the city, that means that families of our people must settlenear them. But it is not God's will that His people shall settle in thecities, where there is constant turmoil and confusion. Their childrenshould be spared this; for the whole system is demoralized by the hurryand rush and noise. The Lord desires His people to move into thecountry, where they can settle on the land, and raise their ownfruit and vegetables, and where their children can be brought indirect contact with the works of God in nature. Take yourfamilies away from the cities is my message.
900	
906	DONATE
912	DONATE
918	DONATE
924	DONATE
930	DONATE
936	DONATE
942	DONATEGet our free resources - in digital or print:finalcountdown.amazingdiscoveries.org.
948	DONATEGet our free resources - in digital or print:finalcountdown.amazingdiscoveries.org.
954	DONATEGet our free resources - in digital or print:finalcountdown.amazingdiscoveries.org.
960	DONATEGet our free resources - in digital or print:finalcountdown.amazingdiscoveries.org.
966	DONATE
972	DONATE
978	DONATE
984	DONATE
990	DONATECRITERIA FOR ACOUNTRY PROPERTY• Away from the cityenemies• All for the Crisis• Able to RaiseProvisions• Elbow room• Land, Orchards,Vegetables, small• Rural• GardenFruits• Retired Country• Able to• Houses notSettle/Homesteadcrowded• Cultivatable• Direct contact to• Free from• Raise Producenatureinterference of
996	DONATECRITERIA FOR ACOUNTRY PROPERTY• Away from the cityenemies• All for the Crisis• Able to Raise• Elbow room• Land, Orchards,ProvisionsVegetables, small• Garden• RuralFruits• Retired Country• Able to• Houses notSettle/Homesteadcrowded• Cultivatable• Direct contact to• Free from• Raise Producenalureinterference of0000000
1002	DONATECRITERIA FOR ACOUNTRY PROPERTY• Away from the cityenemies• All for the Crisis• Able to Raise• Elbow room• Land, Orchards,ProvisionsVegetables, small• RuralFruits• Houses notcrowded• Free frominterference of• Garden• Retired Country• Cultivatable• Raise Produce• Able toSettle/Homestead• Direct contact tonalure
1008	DONATECRITERIA FOR ACOUNTRY PROPERTY• Away from the cityenemies• All for the Crisis• Able to RaiseProvisions• Elbow room• Land, Orchards,Vegetables, smallFruits• Rural• Houses notcrowded• Free frominterference of• Garden• Retired Country• Cultivatable• Raise Produce• Able toSettle/Homestead• Direct contact tonalure
1014	DONATECRITERIA FOR ACOUNTRY PROPERTY• Away from the cityenemies• All for the Crisis• Able to Raise• Elbow room• Land, Orchards,ProvisionsVegetables, small• RuralFruits• Houses notcrowded• Free frominterference of• Garden• Retired Country• Cultivatable• Raise Produce• Able toSettle/Homestead• Direct contact tonalure
1020	DONATECRITERIA FOR ACOUNTRY PROPERTY• Away from the cityenemies• All for the Crisis• Able to Raise• Elbow room• Land, Orchards,ProvisionsVegetables, small• RuralFruits• Houses notcrowded• Free frominterference of• Garden• Retired Country• Cultivatable• Raise Produce• Able toSettle/Homestead• Direct contact tonalure
1026	DONATECRITERIA FOR ACOUNTRY PROPERTY• Away from the cityenemies• All for the Crisis• Able to Raise• Elbow room• Land, Orchards,ProvisionsVegetables, small• RuralFruits• Houses notcrowded• Free frominterference of• Garden• Retired Country• Cultivatable• Raise Produce• Able toSettle/Homestead• Direct contact tonalure
1032	DONATECRITERIA FOR ACOUNTRY PROPERTY• Away from the cityenemies• All for the Crisis• Able to Raise• Elbow room• Land, Orchards,ProvisionsVegetables, small• RuralFruits• Houses notcrowded• Free frominterference of• Garden• Retired Country• Cultivatable• Raise Produce• Able toSettle/Homestead• Direct contact tonalure
1038	DONATECRITERIA FOR ACOUNTRY PROPERTY• Away from the cityenemies• All for the Crisis• Able to Raise• Elbow room• Land, Orchards,ProvisionsVegetables, small• RuralFruits• Houses notcrowded• Free frominterference of• Garden• Retired Country• Cultivatable• Raise Produce• Able toSettle/Homestead• Direct contact tonalure
1044	DONATECRITERIA FOR ACOUNTRY PROPERTY• Away from the cityenemies• All for the Crisis• Able to Raise• Elbow room• Land, Orchards,ProvisionsVegetables, small• RuralFruits• Houses notcrowded• Free frominterference of• Garden• Retired Country• Cultivatable• Raise Produce• Able toSettle/Homestead• Direct contact tonalure
1050	DONATECRITERIA FOR ACOUNTRY PROPERTY• Away from the cityenemies• All for the Crisis• Able to Raise• Elbow room• Land, Orchards,ProvisionsVegetables, small• RuralFruits• Houses notcrowded• Free frominterference of000098• Garden• Retired Country• Cultivatable• Raise Produce• Able toSettle/Homestead• Direct contact tonature
1056	DONATECRITERIA FOR ACOUNTRY PROPERTY• Away from the cityenemies• All for the Crisis• Able to RaiseProvisions• Elbow room• Land, Orchards,Vegetables, small• RuralFruits• Houses notcrowded• Free frominterference of• Garden• Retired Country• Cultivatable• Raise Produce• Able toSettle/Homestead• Direct contact tonalure
1062	DONATECRITERIA FOR ACOUNTRY PROPERTY• Away from the cityenemies• All for the Crisis• Able to Raise• Elbow room• Land, Orchards,ProvisionsVegetables, smallFruits• Rural• Houses notcrowded• Free frominterference of• Garden• Retired Country• Cultivatable• Raise Produce• Able toSettle/Homestead• Direct contact tonature
1068	DONATECRITERIA FOR ACOUNTRY PROPERTY• Away from the cityenemies• All for the Crisis• Able to Raise• Elbow room• Land, Orchards,ProvisionsVegetables, small• RuralFruits• Houses notcrowded• Free frominterference of• Garden• Retired Country• Cultivatable• Raise Produce• Able toSettle/HomesteadDirect contact tonalure
1074	DONATECRITERIA FOR ACOUNTRY PROPERTY• Away from the cityenemies• All for the Crisis• Able to Raise• Elbow room• Land, Orchards,ProvisionsVegetables, small• RuralFruits• Houses notcrowded• Free frominterference of• Garden• Retired Country• Cultivatable• Raise Produce• Able toSettle/HomesteadDirect contact tonalure
1080	DONATECRITERIA FOR ACOUNTRY PROPERTY• Away from the cityenemies• All for the Crisis• Able to Raise• Elbow room• Land, Orchards,ProvisionsVegetables, small• RuralFruits• Houses notcrowded• Free frominterference of• Garden• Retired Country• Cultivatable• Raise Produce• Able toSettle/Homestead• Direct contact tonalure
1086	DONATECOUNTRY LIVING P.32• It will then be time to leave the largecities, preparatory to leaving the smallerones for retired homes in secluded placesamong the mountains.00009000
1092	DONATECOUNTRY LIVING P.32• It will then be time to leave the largecities, preparatory to leaving the smallerones for retired homes in secluded placesamong the mountains.00009000
1098	DONATECOUNTRY LIVING P.32• It will then be time to leave the largecities, preparatory to leaving the smallerones for retired homes in secluded placesamong the mountains.
1104	DONATECOUNTRY LIVING P.32• It will then be time to leave the largecities, preparatory to leaving the smallerones for retired homes in secluded placesamong the mountains.
1110	DONATE• Away from the city• Able to RaiseProvisions• Rural• Houses not crowded• Free frominterference ofenemiesCRITERIA FOR ACOUNTRY PROPERTY• Elbow roomVegetables, smallFruits• Garden• Retired Country• Cultivatable• Raise Produce• All for the Crisis• Land, Orchards,• Able toSettle/Homestead• Direct contact tonature• Secluded placesamong the mountains00000
1116	DONATE• Away from the cityCRITERIA FOR ACOUNTRY PROPERTY• Elbow roomVegetables, smallFruits• Able to RaiseProvisions• Rural• Houses not crowded• Free frominterference ofenemies• Garden• Retired Country• Cultivatable• Raise Produce• All for the Crisis• Land, Orchards,• Able toSettle/Homestead• Direct contact tonature• Secluded placesamong the mountains
1122	DONATE• Away from the city• Able to RaiseProvisions• Rural• Houses not crowded• Free frominterference ofenemiesCRITERIA FOR ACOUNTRY PROPERTY• Elbow roomVegetables, smallFruits• Garden• Retired Country• Cultivatable• Raise Produce• All for the Crisis• Land, Orchards,• Able toSettle/Homestead• Direct contact tonature• Secluded placesamong the mountains
1128	DONATE• Away from the cityCRITERIA FOR ACOUNTRY PROPERTY• Elbow roomVegetables, smallFruits• Able to RaiseProvisions• Rural• Houses not crowded• Free frominterference ofenemies• Garden• Retired Country• Cultivatable• Raise Produce• All for the Crisis• Land, Orchards,• Able toSettle/Homestead• Direct contact tonature• Secluded placesamong the mountains
1134	DONATE• Away from the cityCRITERIA FOR ACOUNTRY PROPERTY• Elbow roomVegetables, smallFruits• Able to RaiseProvisions• Rural• Houses not crowded• Free frominterference ofenemies• Garden• Retired Country• Cultivatable• Raise Produce• All for the Crisis• Land, Orchards,• Able toSettle/Homestead• Direct contact tonature• Secluded placesamong the mountains
1140	DONATE• Away from the cityCRITERIA FOR ACOUNTRY PROPERTY• Elbow roomVegetables, smallFruits• Able to RaiseProvisions• Rural• Houses not crowded• Free frominterference ofenemies• Garden• Retired Country• Cultivatable• Raise Produce• All for the Crisis• Land, Orchards,• Able toSettle/Homestead• Direct contact tonature• Secluded placesamong the mountains
1146	DONATE• Away from the city• Able to RaiseProvisions• Rural• Houses not crowded• Free frominterference ofenemiesCRITERIA FOR ACOUNTRY PROPERTY• Elbow roomVegetables, smallFruits• Garden• Retired Country• Cultivatable• Raise Produce• All for the Crisis• Land, Orchards,• Able toSettle/Homestead• Direct contact tonature• Secluded placesamong the mountains
1152	DONATE• Away from the city• Able to RaiseProvisions• Rural• Houses not crowded• Free frominterference ofenemiesCRITERIA FOR ACOUNTRY PROPERTY• Elbow roomVegetables, smallFruits• Garden• Retired Country• Cultivatable• Raise Produce• All for the Crisis• Land, Orchards,• Able toSettle/Homestead• Direct contact tonature• Secluded placesamong the mountains
1158	DONATECRITERIA FOR ACOUNTRY PROPERTY• Away from the city• Elbow roomVegetables, smallFruits• Able to Raise• GardenProvisions• Rural• Houses not crowded• Free frominterference ofenemies• Retired Country• Cultivatable• Raise Produce• All for the Crisis• Land, Orchards,• Able toSettle/Homestead• Direct contact tonature• Secluded placesamong the mountains
1164	DONATECRITERIA FOR ACOUNTRY PROPERTY• Away from the city• Elbow roomVegetables, smallFruits• Able to Raise• GardenProvisions• Rural• Retired Country• Cultivatable• Houses not crowded• Raise Produce• Free frominterference ofenemies• All for the Crisis• Land, Orchards,• Able toSettle/Homestead• Direct contact tonature• Secluded placesamong the mountains
1170	DONATE• Away from the city• Able to RaiseProvisions• Rural• Houses not crowded• Free frominterference ofenemiesCRITERIA FOR ACOUNTRY PROPERTY• Elbow roomVegetables, smallFruits• Garden• Retired Country• Cultivatable• Raise Produce• All for the Crisis• Land, Orchards,• Able toSettle/Homestead• Direct contact tonature• Secluded placesamong the mountains
1176	DONATEGENESIS 19:12-14• 12 And the men said unto Lot, Hast thou here any besides? son inlaw, and thy sons, and thy daughters, and whatsoever thou hast inthe city, bring them out of this place:• 13 For we will destroy this place, because the cry of them iswaxen great belore the face of the Lord; and the Lord hath sent usto destroy it.• 14 And Lot went out, and spake unto his sons in law, whichmarried his daughters, and said, Up, get you out of this place; forthe Lord will destroy this city. But he seemed as one thatmocked unto his sons in law.0020000
1182	GENESIS 19:12-14• 12 And the men said unto Lot, Hast thou here any besides? son inlaw, and thy sons, and thy daughters, and whatsoever thou hast inthe city, bring them out of this place:• 13 For we will destroy this place, because the cry of them iswaxen great before the face of the Lord; and the Lord hath sent usto destroy it.• 14 And Lot went out, and spake unto his sons in law, whichmarried his daughters, and said, Up, get you out of this place; forthe Lord will destroy this city. But he seemed as one that.mocked unto his sons in law.
1188	GENESIS 19:12-14• 12 And the men said unto Lot, Hast thou here any besides? son inlaw, and thy sons, and thy daughters, and whatsoever thou hast inthe city, bring them out of this place:• 1o for we will destroy this place, because the cry of them iswaxen great before the face of the Lord; and the Lord hath sent usto destroy it.• 14 And Lot went out, and spake unto his sons in law, whichmarried his daughters, and said, Up, get you out of this place; forthe Lord will destroy this city. But he seemed as one thatmocked unto his sons in law.
1194	GENESIS 19:12-14• 12 And the men said unto Lot, Hast thou here any besides? son inlaw, and thy sons, and thy daughters, and whatsoever thou hast inthe city, bring them out of this place:• 13 For we will destroy this place, because the cry of them iswaxen great before the face of the Lord; and the Lord hath sent usto destroy it.• 14 And Lot went out, and spake unto his sons in law, whichmarried his daughters, and said, Up, get you out of this place; forthe Lord will destroy this city. But he seemed as one thatmocked unto his sons in law.
1200	GENESIS 19:12-14• 12 And the men said unto Lot, Hast thou here any besides? son inlaw, and thy sons, and thy daughters, and whatsoever thou hast inthe city, bring them out of this place:• 13 For we will destroy this place, because the cry of them iswaxen great before the face of the Lord; and the Lord hath sent usto destroy it.• 14 And Lot went out, and spake unto his sons in law, whichmarried his daughters, and said, Up, get you out of this place; forthe Lord will destroy this city. But he seemed as one that.mocked unto his sons in law.
1206	GENESIS 19:12-14• 12 And the men said unto Lot, Hast thou here any besides? son inlaw, and thy sons, and thy daughters, and whatsoever thou hast inthe city, bring them out of this place:• 13 For we will destroy this place, because the cry of them iswaxen great before the face of the Lord; and the Lord hath sent usto destroy it.• 14 And Lot went out, and spake unto his sons in law, whichmarried his daughters, and said, Up, get you out of this place; forthe Lord will destroy this city. But he seemed as one that.mocked unto his sons in law.
1212	GENESIS 19:12-14• 12 And the men said unto Lot, Hast thou here any besides? son inlaw, and thy sons, and thy daughters, and whatsoever thou hast inthe city, bring them out of this place:• 13 For we will destroy this place, because the cry of them iswaxen great before the face of the Lord; and the Lord hath sent usto destroy it.• 14 And Lot went out, and spake unto his sons in law, whichmarried his daughters, and said, Up, get you out of this place; forthe Lord will destroy this city. But he seemed as one that.mocked unto his sons in law.
1218	1 Someone scanned the QR codeGEN2-14• 12 And the men said unto Lot, Hast thou here any besides? son inlaw, and thy sons, and thy daughters, and whatsoever thou hast inthe city, bring them out of this place:* 18 For we will destroy this place, because the cry of them iswaxen great before the face of the Lord; and the Lord hath sent usto destroy it.• 14 And Lot went out, and spake unto his sons in law, whichmarried his daughters, and said, Up, get you out of this place; forthe Lord will destroy this city. But he seemed as one that.mocked unto his sons in law.
1224	GENESIS 19:12-14• 12 And the men said unto Lot, Hast thou here any besides? son inlaw, and thy sons, and thy daughters, and whatsoever thou hast inthe city, bring them out of this place:• 13 For we will destroy this place, because the cry of them iswaxen great before the face of the Lord; and the Lord hath sent usto destroy it.• 14 And Lot went out, and spake unto his sons in law, whichmarried his daughters, and said, Up, get you out of this place; forthe Lord will destroy this city. But he seemed as one thatmocked unto his sons in law.
1230	GENESIS 19:12-14• 12 And the men said unto Lot, Hast thou here any besides? son inlaw, and thy sons, and thy daughters, and whatsoever thou hast inthe city, bring them out of this place:• 13 For we will destroy this place, because the cry of them iswaxen great before the face of the Lord; and the Lord hath sent usto destroy it.• 14 And Lot went out, and spake unto his sons in law, whichmarried his daughters, and said, Up, get you out of this place; forthe Lord will destroy this city. But he seemed as one that.mocked unto his sons in law.
1236	GENESIS 19:12-14• 12 And the men said unto Lot, Hast thou here any besides? son inlaw, and thy sons, and thy daughters, and whatsoever thou hast inthe city, bring them out of this place:• 13 For we will destroy this place, because the cry of them iswaxen great before the face of the Lord; and the Lord hath sent usto destroy it.• 14 And Lot went out, and spake unto his sons in law, whichmarried his daughters, and said, Up, get you out of this place; forthe Lord will destroy this city. But he seemed as one that.mocked unto his sons in law.
1242	GENESIS 19:12-14• 12 And the men said unto Lot, Hast thou here any besides? son inlaw, and thy sons, and thy daughters, and whatsoever thou hast inthe city, bring them out of this place:• 13 For we will destroy this place, because the cry of them iswaxen great before the face of the Lord; and the Lord hath sent usto destroy it.• 14 And Lot went out, and spake unto his sons in law, whichmarried his daughters, and said, Up, get you out of this place; forthe Lord will destroy this city. But he seemed as one that.mocked unto his sons in law.
1248	GENESIS 19:12-14• 12 And the men said unto Lot, Hast thou here any besides? son inlaw, and thy sons, and thy daughters, and whatsoever thou hast inthe city, bring them out of this place:• 1o for we will destroy this place, because the cry of them iswaxen great before the face of the Lord; and the Lord hath sent usto destroy it.• 14 And Lot went out, and spake unto his sons in law, whichmarried his daughters, and said, Up, get you out of this place; forthe Lord will destroy this city. But he seemed as one thatmocked unto his sons in law.
1254	GENESIS 19:12-14• 12 And the men said unto Lot, Hast thou here any besides? son inlaw, and thy sons, and thy daughters, and whatsoever thou hast inthe city, bring them out of this place:• 13 For we will destroy this place, because the cry of them iswaxen great before the face of the Lord; and the Lord hath sent usto destroy it.• 14 And Lot went out, and spake unto his sons in law, whichmarried his daughters, and said, Up, get you out of this place; forthe Lord will destroy this city. But he seemed as one thatmocked unto his sons in law.
1260	GENESIS 19:15-17• 15 And when the morning arose, then the angels hastened Lot, saying,Arise, take thy wife, and thy two daughters, which are here; lest thou beconsumed in the iniquity of the city.• 16 And while he lingered, the men laid hold upon his hand, and uponthe hand of his wife, and upon the hand of his two daughters; the Lordbeing merciful unto him: and they brought him forth, and set him withoutthe city.• 17 And it came to pass, when they had brought them forth abroad, that hesaid, Escape for thy life; look not behind thee, neither stay thou in allthe plain; escape to the mountain, lest thou be consun.
1266	GENESIS 19:15-17• 15 And when the morning arose, then the angels hastened Lot, saying,Arise, take thy wife, and thy two daughters, which are here; lest thou beconsumed in the iniquity of the city.• 16 And while he lingered, the men laid hold upon his hand, and uponthe hand of his wife, and upon the hand of his two daughters; the Lordbeing merciful unto him: and they brought him forth, and set him withoutthe city-• 17 And it came to pass, when they had brought them forth abroad, that hesaid, Escape for thy life; look not behind thee, neither stay thou in allthe plain; escape to the mountain, lest thou be consun.
1272	GENESIS 19:15-17• 15 And when the morning arose, then the angels hastened Lot, saying,Arise, take thy wife, and thy two daughters, which are here; lest thou beconsumed in the iniquity of the city.• 16 And while he lingered, the men laid hold upon his hand, and uponthe hand of his wife, and upon the hand of his two daughters; the Lordbeing merciful unto him: and they brought him forth, and set him withoutthe city•• 17 And it came to pass, when they had brought them forth abroad, that hesaid, Escape for thy life; look not behind thee, neither stay thou in allthe plain; escape to the mountain, lest thou be consun.
1278	GENESIS 19:15-17• 15 And when the morning arose, then the angels hastened Lot, saying,Arise, take thy wife, and thy two daughters, which are here; lest thou beconsumed in the iniquity of the city.• 16 And while he lingered, the men laid hold upon his hand, and uponthe hand of his wife, and upon the hand of his two daughters; the Lordbeing merciful unto him: and they brought him forth, and set him withoutthe city-• 17 And it came to pass, when they had brought them forth abroad, that hesaid, Escape for thy life; look not behind thee, neither stay thou in allthe plain; escape to the mountain, lest thou be consun, i
1284	GENESIS 19:15-17• 15 And when the morning arose, then the angels hastened Lot, saying,Arise, take thy wife, and thy two daughters, which are here; lest thou beconsumed in the iniquity of the city.• 16 And while he lingered, the men laid hold upon his hand, and uponthe hand of his wife, and upon the hand of his two daughters; the Lordbeing merciful unto him: and they brought him forth, and set him withoutthe city.• 17 And it came to pass, when they had brought them forth abroad, that hesaid, Escape for thy life; look not behind thee, neither stay thou in allthe plain; escape to the mountain, lest thou be consun.
1290	GENESIS 19:18-20• 18 And Lot said unto them, Oh, not so, my Lord:• 19 Behold now, thy servant hath found grace in thy sight,and thou hast magnified thy mercy, which thou hast shewedunto me in saving my life; and I cannot escape to themountain, lest some evil take me, and I die:• 20 Behold now, this city is near to flee unto, and it is alittle one: Oh, let me escape thither, (is it not a little one?)and my soul shall live.
1296	GENESIS 19:18-20• 18 And Lot said unto them, Oh, not so, my Lord:• 19 Behold now, thy servant hath found grace in thy sight,and thou hast magnified thy mercy, which thou hast shewedunto me in saving my life; and I cannot escape to themountain, lest some evil take me, and I die:• 20 Behold now, this city is near to flee unto, and it is alittle one: Oh, let me escape thither, (is it not a little one?)and my soul shall live.
1302	GENESIS 19:18-20• 18 And Lot said unto them, Oh, not so, my Lord:• 19 Behold now, thy servant hath found grace in thy sight,and thou hast magnified thy mercy, which thou hast shewedunto me in saving my life; and I cannot escape to themountain, lest some evil take me, and I die:• 20 Behold now, this city is near to flee unto, and it is alittle one: Oh, let me escape thither, (is it not a little one?)and my soul shall live.
1308	GENESIS 19:18-20• 18 And Lot said unto them, Oh, not so, my Lord:• 19 Behold now, thy servant hath found grace in thy sight,and thou hast magnified thy mercy, which thou hast shewedunto me in saving my life; and I cannot escape to themountain, lest some evil take me, and I die:• 20 Behold now, this city is near to flee unto, and it is alittle one: Oh, let me escape thither, (is it not a little one?)and my soul shall live.
1314	GENESIS 19:18-20• 18 And Lot said unto them, Oh, not so, my Lord:• 19 Behold now, thy servant hath found grace in thy sight,and thou hast magnified thy mercy, which thou hast shewedunto me in saving my life; and I cannot escape to themountain, lest some evil take me, and I die:• 20 Behold now, this city is near to flee unto, and it is alittle one: Oh, let me escape thither, (is it not a little one?)and my soul shall live.
1320	GENESIS 19:18-20• 18 And Lot said unto them, Oh, not so, my Lord:• 19 Behold now, thy servant hath found grace in thy sight,and thou hast magnified thy mercy, which thou hast shewedunto me in saving my life; and I cannot escape to themountain, lest some evil take me, and I die:• 20 Behold now, this city is near to flee unto, and it is alittle one: Oh, let me escape thither, (is it not a little one?)and my soul shall live.
1326	GENESIS 19:18-20• 18 And Lot said unto them, Oh, not so, my Lord:• 19 Behold now, thy servant hath found grace in thy sight,and thou hast magnified thy mercy, which thou hast shewedunto me in saving my life; and I cannot escape to themountain, lest some evil take me, and I die:• 20 Behold now, this city is near to flee unto, and it is alittle one: Oh, let me escape thither, (is it not a little one?)and my soul shall live.
1332	DONATE• Away from the city• Able to RaiseProvisions• Rural• Houses not crowded• Free from interferenceof enemies• Elbow roomCRITERIA FOR ACOUNTRY PROPERTY• Garden• Retired Country• Cultivatable• Raise Produce• All for the Crisis• Able toSettle/Homestead• Direct contact to nature• Secluded places amongthe mountains• Not flat plains withoutmountains• Land, Orchards,Vegetables, small Fruits
1338	DONATE• Away from the city• Able to RaiseProvisions• Rural• Houses not crowded• Free from interferenceof enemies• Elbow roomCRITERIA FOR ACOUNTRY PROPERTY• Garden• Retired Country• Cultivatable• Raise Produce• All for the Crisis• Able toSettle/Homestead• Direct contact to nature• Secluded places amongthe mountains• Not flat plains withoutmountains• Land, Orchards,Vegetables, small Fruits
1344	DONATE• Away from the city• Able to RaiseProvisions• Rural• Houses not crowded• Free from interferenceof enemies• Elbow roomCRITERIA FOR ACOUNTRY PROPERTY• Garden• Retired Country• Cultivatable• Raise Produce• All for the Crisis• Able toSettle/Homestead• Direct contact to nature• Secluded places amongthe mountains• Not flat plains withoutmountains• Land, Orchards,Vegetables, small Fruits
1350	DONATE• Away from the city• Able to RaiseProvisions• Rural• Houses not crowded• Free from interferenceof enemies• Elbow roomCRITERIA FOR ACOUNTRY PROPERTY• Garden• Retired Country• Cultivatable• Raise Produce• All for the Crisis• Able toSettle/Homestead• Direct contact to nature• Secluded places amongthe mountains• Not flat plains withoutmountains• Land, Orchards,Vegetables, small Fruits
1356	DONATE• Away from the city• Able to RaiseProvisions• Rural• Houses not crowded• Free from interferenceof enemies• Elbow roomCRITERIA FOR ACOUNTRY PROPERTY• Garden• Retired Country• Cultivatable• Raise Produce• All for the Crisis• Able toSettle/Homestead• Direct contact to nature• Secluded places amongthe mountains• Not flat plains withoutmountains• Land, Orchards,Vegetables, small Fruits
1362	DONATE• Away from the city• Able to RaiseProvisions• Rural• Houses not crowded• Free from interferenceof enemies• Elbow roomCRITERIA FOR ACOUNTRY PROPERTY• Garden• Retired Country• Cultivatable• Raise Produce• All for the Crisis• Able toSettle/Homestead• Direct contact to nature• Secluded places amongthe mountains• Not flat plains withoutmountains• Land, Orchards,Vegetables, small Fruits
1368	DONATE• Away from the city• Able to RaiseProvisions• Rural• Houses not crowded• Free from interferenceof enemies• Elbow roomCRITERIA FOR ACOUNTRY PROPERTY• Garden• Retired Country• Cultivatable• Raise Produce• All for the Crisis• Able toSettle/Homestead• Direct contact to nature• Secluded places amongthe mountains• Not flat plains withoutmountains• Land, Orchards,Vegetables, small Fruits
1374	DONATE• Away from the city• Able to RaiseProvisions• Rural• Houses not crowded• Free from interferenceof enemies• Elbow roomCRITERIA FOR ACOUNTRY PROPERTY• Garden• Retired Country• Cultivatable• Raise Produce• All for the Crisis• Able toSettle/Homestead• Direct contact to nature• Secluded places amongthe mountains• Not flat plains withoutmountains• Land, Orchards,Vegetables, small Fruits
1380	3LTMS, LETTER 4A, 1881, PAR. 12• "Father has excellent health. He has worked hard on theplace here; put in more than one acre of strawberries, someraspberries, more than an acre of potatoes, several acres ofcorn, fifty hard maples, many peach trees, pear trees, andtwo long rows of pie plant. I have been gathering up shrubsand flowers until we have quite a garden.• 1 Acre of strawberries • 3 Acres of corn• ½ Acre other• 1+ Acre of potatoes• ½/ Acre Maple Trees • 6+ Acres!
1386	DONATE• Away from the city• Able to RaiseProvisions• Rural• Houses not crowded• Free from interferenceof enemies• Elbow roomOOOCRITERIA FOR ACOUNTRY PROPERTY• Garden• Retired Country• Cultivatable• Raise Produce• All for the Crisis• Able toSettle/Homestead• Direct contact to nature• Secluded places amongthe mountains• Not flat plains withoutmountains• Land, Orchards,Vegetables, small Fruits
1392	DONATE• Away from the city• Able to RaiseProvisions• Rural• Houses not crowded• Free from interferenceof enemies• Elbow roomCRITERIA FOR ACOUNTRY PROPERTY• Garden• Retired Country• Cultivatable• Raise Produce• All for the Crisis• Able toSettle/Homestead• Direct contact to nature• Secluded places amongthe mountains• Not flat plains withoutmountains• Land, Orchards,Vegetables, small Fruits
1398	DONATE• Away from the city• Able to RaiseProvisions• Rural• Houses not crowded• Free from interferenceof enemies• Elbow roomCRITERIA FOR ACOUNTRY PROPERTY• Garden• Retired Country• Cultivatable• Raise Produce• All for the Crisis• Able toSettle/Homestead• Direct contact to nature• Secluded places amongthe mountains• Not flat plains withoutmountains• Land, Orchards,Vegetables, small Fruits
1404	DONATE• Away from the city• Able to RaiseProvisions• Rural• Houses not crowded• Free from interferenceof enemies• Elbow roomCRITERIA FOR ACOUNTRY PROPERTY• Garden• Retired Country• Cultivatable• Raise Produce• All for the Crisis• Able toSettle/Homestead• Direct contact to nature• Secluded places amongthe mountains• Not flat plains withoutmountains• Land, Orchards,Vegetables, small Fruits
1410	DONATE• Away from the city• Able to RaiseProvisions• Rural• Houses not crowde*l• Free from interferenceof enemies• Elbow roomCRITERIA FOR ACOUNTRY PROPERTY• Garden• Retired Country• Cultivatable• Raise Produce• All for the Crisis• Able toSettle/Homestead• Direct contact to nature• Secluded places amongthe mountains• Not flat plains withoutmountains• Land, Orchards,Vegetables, small Fruits
1416	CR1Y Someone scanned the QR codeRACOUNTRY PROPERTYDONATE• Away from the city• Garden• Able to RaiseProvisions• Retired Country• Cultivatable• Rural• Raise Produce• Houses not crowded• All for the Crisis• Free from interferenceof enemies• Able toSettle/Homestead• Direct contact to nature• Secluded places amongthe mountains• Not flat plains withoutmountains• Land, Orchards,Vegetables, small Fruits• Elbow room
1422	DONATE• Away from the city• Able to RaiseProvisions• Rural• Houses not crowded• Free from interferenceof enemies• Elbow roomCRITERIA FOR ACOUNTRY PROPERTY• Garden• Retired Country• Cultivatable• Raise Produce• All for the Crisis• Able toSettle/Homestead• Direct contact to nature• Secluded places amongthe mountains• Not flat plains withoutmountains• Land, Orchards,Vegetables, small Fruits
1428	DONATE• Away from the city• Able to RaiseProvisions• Rural• Houses not crowded• Free from interferenceof enemies• Elbow roomCRITERIA FOR ACOUNTRY PROPERTY• Garden• Retired Country• Cultivatable• Raise Produce• All for the Crisis• Able toSettle/Homestead• Direct contact to nature• Secluded places amongthe mountains• Not flat plains withoutmountains• Land, Orchards,Vegetables, small Fruits
1434	DONATE• Away from the city• Able to RaiseProvisions• Rural• Houses not crowded• Free from interferenceof enemies• Elbow roomCRITERIA FOR ACOUNTRY PROPERTY• Garden• Retired Country• Cultivatable• Raise Produce• All for the Crisis• Able toSettle/Homestead• Direct contact to nature• Secluded places amongthe mountains• Not flat plains withoutmountains• Land, Orchards,Vegetables, small Fruits
1440	DONATE• Away from the city• Able to RaiseProvisions• Rural• Houses not crowded• Free from interferenceof enemies• Elbow roomCRITERIA FOR ACOUNTRY PROPERTY• Garden• Retired Country• Cultivatable• Raise Produce• All for the Crisis• Able toSettle/Homestead• Direct contact to nature• Secluded places amongthe mountains• Not flat plains withoutmountains• Land, Orchards,Vegetables, small Fruits
1446	DONATE
1452	DONATE
1458	DONATE
1464	DONATE
1470	DONATE• Away from the city• Able to RaiseProvisions• Rural• Houses not crowded• Free from interferenceof enemies• Elbow roomCRITERIA FOR ACOUNTRY PROPERTY• Garden• Retired Country• Cultivatable• Raise Produce• All for the Crisis• Able toSettle/Homestead• Direct contact to nature• Secluded places amongthe mountains• Not flat plains withoutmountains• Land, Orchards,Vegetables, small Fruits
1476	DONATE• Away from the city• Able to RaiseProvisions• Rural• Houses not crowded• Free from interferenceof enemies• Elbow roomCRITERIA FOR ACOUNTRY PROPERTY• Garden• Retired Country• Cultivatable• Raise Produce• All for the Crisis• Able toSettle/Homestead• Direct contact to nature• Secluded places amongthe mountains• Not flat plains withoutmountains• Land, Orchards,Vegetables, small Fruits
1482	DONATE• Away from the city• Able to RaiseProvisions• Rural• Houses not crowded• Free from interferenceof enemies• Elbow roomCRITERIA FOR ACOUNTRY PROPERTY• Garden• Retired Country• Cultivatable• Raise Produce• All for the Crisis• Able toSettle/Homestead• Direct contact to nature• Secluded places amongthe mountains• Not flat plains withoutmountains• Land, Orchards,Vegetables, small Fruits
1488	DONATE• Away from the city• Able to RaiseProvisions• Rural• Houses not crowded• Free from interferenceof enemies• Elbow roomCRITERIA FOR ACOUNTRY PROPERTY• Garden• Retired Country• Cultivatable• Raise Produce• All for the Crisis• Able toSettle/Homestead• Direct contact to nature• Secluded places amongthe mountains• Not flat plains withoutmountains• Land, Orchards,Vegetables, small Fruits
1494	DONATE• Away from the city• Able to RaiseProvisions• Rural• Houses not crowded• Free from interferenceof enemies• Elbow roomCRITERIA FOR ACOUNTRY PROPERTY• Garden• Retired Country• Cultivatable• Raise Produce• All for the Crisis• Able toSettle/Homestead• Direct contact to nature• Secluded places amongthe mountains• Not flat plains withoutmountains• Land, Orchards,Vegetables, small Fruits
1500	DONATE• Away from the city• Able to RaiseProvisions• Rural• Houses not crowded• Free from interferenceof enemies• Elbow roomCRITERIA FOR ACOUNTRY PROPERTY• Garden• Retired Country• Cultivatable• Raise Produce• All for the Crisis• Able toSettle/Homestead• Direct contact to nature• Secluded places amongthe mountains• Not flat plains withoutmountains• Land, Orchards,Vegetables, small Fruits
1506	DONATE• Away from the city• Able to RaiseProvisions• Rural• Houses not crowded• Free from interferenceof enemies• Elbow roomCRITERIA FOR ACOUNTRY PROPERTY• Garden• Retired Country• Cultivatable• Raise Produce• All for the Crisis• Able toSettle/Homestead• Direct contact to nature• Secluded places amongthe mountains• Not flat plains withoutmountains• Land, Orchards,Vegetables, small Fruits
1512	DONATE• Away from the city• Able to RaiseProvisions• Rural• Houses not crowded• Free from interferenceof enemies• Elbow roomCRITERIA FOR ACOUNTRY PROPERTY• Garden• Retired Country• Cultivatable• Raise Produce• All for the Crisis• Able toSettle/Homestead• Direct contact to nature• Secluded places amongthe mountains• Not flat plains withoutmountains• Land, Orchards,Vegetables, small Fruits
1518	DONATE• Away from the city• Able to RaiseProvisions• Rural• Houses not crowded• Free from interferenceof enemies• Elbow roomCRITERIA FOR ACOUNTRY PROPERTY• Garden• Retired Country• Cultivatable• Raise Produce• All for the Crisis• Able toSettle/Homestead• Direct contact to nature• Secluded places amongthe mountains• Not flat plains withoutmountains• Land, Orchards,Vegetables, small Fruits
1524	DONATE• Away from the city• Able to RaiseProvisions• Rural• Houses not crowded• Free from interferenceof enemies• Elbow roomCRITERIA FOR ACOUNTRY PROPERTY• Garden• Retired Country• Cultivatable• Raise Produce• All for the Crisis• Able toSettle/Homestead• Direct contact to nature• Secluded places amongthe mountains• Not flat plains withoutmountains• Land, Orchards,Vegetables, small Fruits
1530	DONATE
1536	DONATE
1542	DONATE
1548	DONATE• Away from the city• Able to RaiseProvisions• Kural• Houses not crowded• Free from interferenceof enemies• Elbow room00000CRITERIA FOR ACOUNTRY PROPERTY• Garden• Retired Country• Cultivatable• Raise Produce• All for the Crisis• Able toSettle/Homestead• Direct contact to nature• Secluded places amongthe mountains• Not flat plains withoutmountains• Land, Orchards,Vegetables, small Fruits
1554	DONATE• Away from the city• Able to RaiseProvisions• Rural• Houses not crowded• Free from interferenceof enemies• Elbow roomCRITERIA FOR ACOUNTRY PROPERTY• Garden• Retired Country• Cultivatable• Raise Produce• All for the Crisis• Able toSettle/Homestead• Direct contact to nature• Secluded places amongthe mountains• Not flat plains withoutmountains• Land, Orchards,Vegetables, small Fruits
1560	DONATE• Away from the city• Able to RaiseProvisions• Rural• Houses not crowded• Free from interferenceof enemies• Elbow room00009CRITERIA FOR ACOUNTRY PROPERTY• Garden• Retired Country• Cultivatable• Raise Produce• All for the Crisis• Able toSettle/Homestead• Direct contact to nature• Secluded places amongthe mountains• Not flat plains withoutmountains• Land, Orchards,Vegetables, small Fruits
1566	DONATE• Away from the city• Able to RaiseProvisions• Rural• Houses not crewded• Free from interferenceof enemies• Elbow roomCRITERIA FOR ACOUNTRY PROPERTY• Garden• Retired Country• Cultivatable• Raise Produce• All for the Crisis• Able toSettle/Homestead• Direct contact to nature• Secluded places amongthe mountains• Not flat plains withoutmountains• Land, Orchards,Vegetables, small Fruits
1572	DONATE• Away from the city• Able to RaiseProvisions• Rural• Houses not crewded• Free from interferenceof enemies• Elbow roomCRITERIA FOR ACOUNTRY PROPERTY• Garden• Retired Country• Cultivatable• Raise Produce• All for the Crisis• Able toSettle/Homestead• Direct contact to nature• Secluded places amongthe mountains• Not flat plains withoutmountains• Land, Orchards,Vegetables, small Fruits
1578	DONATE• Away from the city• Able to RaiseProvisions• Rural• Houses not crowded• Free from interferenceof enemies• Elbow room90009CRITERIA FOR ACOUNTRY PROPERTY• Garden• Retired Country• Cultivatable• Raise Produce• All for the Crisis• Able toSettle/Homestead• Direct contact to nature• Secluded places amongthe mountains• Not flat plains withoutmountains• Land, Orchards,Vegetables, small Fruits
1584	DONATE• Away from the city• Able to RaiseProvisions• Rural• Houses not crowded• Free from interferenceof enemies• Elbow roomCRITERIA FOR ACOUNTRY PROPERTY• Garden• Retired Country• Cultivatable• Raise Produce• All for the Crisis• Able toSettle/Homestead• Direct contact to nature• Secluded places amongthe mountains• Not flat plains withoutmountains• Land, Orchards,Vegetables, small Fruits
1590	DONATE• Away from the city• Able to RaiseProvisions• Kurall• Houses not crowded• Free from interferenceof enemies• Elbow roomCRITERIA FOR ACOUNTRY PROPERTY• Garden• Retired Country• Cultivatable• Raise Produce• All for the Crisis• Able toSettle/Homestead• Direct contact to nature• Secluded places amongthe mountains• Not flat plains withoutmountains• Land, Orchards,Vegetables, small Fruits
1596	DONATE• Away from the city• Able to RaiseProvisions• Rural• Houses not crowded• Free from interferenceof enemies• Elbow roomCRITERIA FOR ACOUNTRY PROPERTY• Garden• Retired Country• Cultivatable• Raise Produce• All for the Crisis• Able toSettle/Homestead• Direct contact to nature• Secluded places amongthe mountains• Not flat plains withoutmountains• Land, Orchards,Vegetables, small Fruits
1602	DONATE• Away from the city• Able to RaiseProvisions• Rural• Houses not crowded• Free from interferenceof enemies• Elbow roomCRITERIA FOR ACOUNTRY PROPERTY• Garden• Retired Country• Cultivatable• Raise Produce• All for the Crisis• Able toSettle/Homestead• Direct contact to nature• Secluded places amongthe mountains• Not flat plains withoutmountains• Land, Orchards,Vegetables, small Fruits
1608	DONATE• Away from the city• Able to RaiseProvisions• Kurall• Houses not crowded• Free from interferenceof enemies• Elbow roomCRITERIA FOR ACOUNTRY PROPERTY• Garden• Retired Country• Cultivatable• Raise Produce• All for the Crisis• Able toSettle/Homestead• Direct contact to nature• Secluded places amongthe mountains• Not flat plains withoutmountains• Land, Orchards,Vegetables, small Fruits
1614	DONATE• Away from the city• Able to RaiseProvisions• Rural• Houses not crowded• Free from interferenceof enemies• Elbow roomCRITERIA FOR ACOUNTRY PROPERTY• Garden• Retired Country• Cultivatable• Raise Produce• All for the Crisis• Able toSettle/Homestead• Direct contact to nature• Secluded places amongthe mountains• Not flat plains withoutmountains• Land, Orchards,Vegetables, small Fruits
1620	DONATE• Away from the city• Able to RaiseProvisions• Rural• Houses not crowded• Free from interferenceof enemies• Elbow roomCRITERIA FOR ACOUNTRY PROPERTY• Garden• Retired Country• Cultivatable• Raise Produce• All for the Crisis• Able toSettle/Homestead• Direct contact to nature• Secluded places amongthe mountains• Not flat plains withoutmountains• Land, Orchards,Vegetables, small Fruits
1626	DONATE• Away from the city• Able to RaiseProvisions• Rural• Houses not crowded• Free from interferenceof enemies• Elbow roomCRITERIA FOR ACOUNTRY PROPERTY• Garden• Retired Country• Cultivatable• Raise Produce• All for the Crisis• Able toSettle/Homestead• Direct contact to nature• Secluded places amongthe mountains• Not flat plains withoutmountains• Land, Orchards,Vegetables, small Fruits
1632	DONATE• Away from the city• Able to RaiseProvisions• Rural• Houses not crowded• Free from interferenceof enemies• Elbow room000091CRITERIA FOR ACOUNTRY PROPERTY• Garden• Retired Country• Cultivatable• Raise Produce• All for the Crisis• Able toSettle/Homestead• Direct contact to nature• Secluded places amongthe mountains• Not flat plains withoutmountains• Land, Orchards,Vegetables, small Fruits
1638	DONATE• Away from the city• Able to RaiseProvisions• Rural• Houses not crowded• Free from interferenceof enemies• Elbow roomCRITERIA FOR ACOUNTRY PROPERTY• Garden• Retired Country• Cultivatable• Raise Produce• All for the Crisis• Able toSettle/Homestead• Direct contact to nature• Secluded places amongthe mountains• Not flat plains withoutmountains• Land, Orchards,Vegetables, small Fruits
1644	DONATE• Away from the city• Able to RaiseProvisions• Rural• Houses not crowded• Free from interferenceof enemies• Elbow room000096CRITERIA FOR ACOUNTRY PROPERTY• Garden• Able to• Retired CountrySettle/Homestead• Cultivatable• Direct contact to nature• Raise Produce• All for the Crisis• Secluded places amongthe mountains• Not flat plains withoutmountains• Land, Orchards,Vegetables, small Fruits
1650	DONATE• Away from the city• Able to RaiseProvisions• Kurall• Houses not crowded• Free from interferenceof enemies• Elbow roomCRITERIA FOR ACOUNTRY PROPERTY• Garden• Able to• Retired CountrySettle/Homestead• Cultivatable• Direct contact to nature• Raise Produce• All for the Crisis• Secluded places amongthe mountains• Not flat plains withoutmountains• Land, Orchards,Vegetables, small Fruits
1656	DONATE• Away from the city• Able to RaiseProvisions• Rural• Houses not crowded• Free from interferenceof enemies• Elbow roomCRITERIA FOR ACOUNTRY PROPERTY• Garden• Retired Country• Cultivatable• Raise Produce• All for the Crisis• Able toSettle/Homestead• Direct contact to nature• Secluded places amongthe mountains• Not flat plains withoutmountains• Land, Orchards,Vegetables, small Fruits
1662	DONATE• Away from the city• Able to RaiseProvisions• Rural• Houses not crowded• Free from interferenceof enemies• Elbow roomCRITERIA FOR ACOUNTRY PROPERTY• Garden• Able to• Retired CountrySettle/Homestead• Cultivatable• Direct contact to nature• Raise Produce• All for the Crisis• Secluded places amongthe mountains• Not flat plains withoutmountains• Land, Orchards,Vegetables, small Fruits
1668	DONATE• Away from the city• Able to RaiseProvisions• Rural• Houses not crowded• Free from interferenceof enemies• Elbow roomCRITERIA FOR ACOUNTRY PROPERTY• Garden• Retired Country• Cultivatable• Raise Produce• All for the Crisis• Able toSettle/Homestead• Direct contact to nature• Secluded places amongthe mountains• Not flat plains withoutmountains• Land, Orchards,Vegetables, small Fruits
1674	DONATE• Away from the city• Able to RaiseProvisions• Rural• Houses not crowded• Free from interferenceof enemies• Elbow roomCRITERIA FOR ACOUNTRY PROPERTY• Garden• Retired Country• Cultivatable• Raise Produce• All for the Crisis• Able toSettle/Homestead• Direct contact to nature• Secluded places amongthe mountains• Not flat plains withoutmountains• Land, Orchards,Vegetables, small Fruits
1680	DONATE• Away from the city• Able to RaiseProvisions• Rural• Houses not crowded• Free from interferenceof enemies• Elbow roomCRITERIA FOR ACOUNTRY PROPERTY• Garden• Retired Country• Cultivatable• Raise Produce• All for the Crisis• Able toSettle/Homestead• Direct contact to nature• Secluded places amongthe mountains• Not flat plains withoutmountains• Land, Orchards,Vegetables, small Fruits
1686	DONATE• Away from the city• Able to RaiseProvisions• Rural• Houses not crowded• Free from interferenceof enemies• Elbow roomCRITERIA FOR ACOUNTRY PROPERTY• Garden• Retired Country• Cultivatable• Raise Produce• All for the Crisis• Able toSettle/Homestead• Direct contact to nature• Secluded places amongthe mountains• Not flat plains withoutmountains• Land, Orchards,Vegetables, small Fruits
1692	DONATE• Away from the city• Able to RaiseProvisions• Rural• Houses not crowded• Free from interferenceof enemies• Elbow roomCRITERIA FOR ACOUNTRY PROPERTY• Garden• Retired Country• Cultivatable• Raise Produce• All for the Crisis• Able toSettle/Homestead• Direct contact to nature• Secluded places amongthe mountains• Not flat plains withoutmountains• Land, Orchards,Vegetables, small Fruits
1698	DONATE• Away from the city• Able to RaiseProvisions• Rural• Houses not crowded• Free from interferenceof enemies• Elbow roomCRITERIA FOR ACOUNTRY PROPERTY• Garden• Retired Country• Cultivatable• Raise Produce• All for the Crisis• Able toSettle/Homestead• Direct contact to nature• Secluded places amongthe mountains• Not flat plains withoutmountains• Land, Orchards,Vegetables, small Fruits
1704	DONATE• Away from the city• Able to RaiseProvisions• Rural• Houses not crowded• Free from interferenceof enemies• Elbow roomCRITERIA FOR ACOUNTRY PROPERTY• Garden• Retired Country• Cultivatable• Raise Produce• All for the Crisis• Able toSettle/Homestead• Direct contact to nature• Secluded places amongthe mountains• Not flat plains withoutmountains• Land, Orchards,Vegetables, small Fruits
1710	DONATE• Away from the city• Able to RaiseProvisions• Rural• Houses not crowded• Free from interferenceof enemies• Elbow roomCRITERIA FOR ACOUNTRY PROPERTY• Garden• Able to• Retired CountrySettle/Homestead• Cultivatable• Direct contact to nature• Raise Produce• All for the Crisis• Secluded places amongthe mountains• Not flat plains withoutmountains• Land, Orchards,Vegetables, small Fruits
1716	DONATE• Away from the city• Able to RaiseProvisions• Rural• Houses not crowded• Free from interferenceof enemies• Elbow roomCRITERIA FOR ACOUNTRY PROPERTY• Garden• Retired Country• Cultivatable• Raise Produce• All for the Crisis• Able toSettle/Homestead• Direct contact to nature• Secluded places amongthe mountains• Not flat plains withoutmountains• Land, Orchards,Vegetables, small Fruits
1722	DONATE• Away from the city• Able to RaiseProvisions• Rural• Houses not crowded• Free from interferenceof enemies• Elbow room0000900CRITERIA FOR ACOUNTRY PROPERTY• Garden• Retired Country• Cultivatable• Raise Produce• All for the Crisis• Able toSettle/Homestead• Direct contact to nature• Secluded places amongthe mountains• Not flat plains withoutmountains• Land, Orchards,Vegetables, small Fruits
1728	DONATE• Away from the city• Able to RaiseProvisions• Rural• Houses not crowded• Free from interferenceof enemies• Elbow room0000900CRITERIA FOR ACOUNTRY PROPERTY• Garden• Retired Country• Cultivatable• Raise Produce• All for the Crisis• Able toSettle/Homestead• Direct contact to nature• Secluded places amongthe mountains• Not flat plains withoutmountains• Land, Orchards,Vegetables, small Fruits
1734	DONATE• Away from the city• Able to RaiseProvisions• Rural• Houses not crowded• Free from interferenceof enemies• Elbow roomCRITERIA FOR ACOUNTRY PROPERTY• Garden• Retired Country• Cultivatable• Raise Produce• All for the Crisis• Able toSettle/Homestead• Direct contact to nature• Secluded places amongthe mountains• Not flat plains withoutmountains• Land, Orchards,Vegetables, small Fruits
1740	DONATE• Away from the city• Able to RaiseProvisions• Rural• Houses not crowded• Free from interferenceof enemies• Elbow roomCRITERIA FOR ACOUNTRY PROPERTY• Garden• Retired Country• Cultivatable• Raise Produce• All for the Crisis• Able toSettle/Homestead• Direct contact to nature• Secluded places amongthe mountains• Not flat plains withoutmountains• Land, Orchards,Vegetables, small Fruits
1746	DONATE• Away from the city• Able to RaiseProvisions• Rural• Houses not crowded• Free from interferenceof enemies• Elbow roomCRITERIA FOR ACOUNTRY PROPERTY• Garden• Retired Country• Cultivatable• Raise Produce• All for the Crisis• Able toSettle/Homestead• Direct contact to nature• Secluded places amongthe mountains• Not flat plains withoutmountains• Land, Orchards,Vegetables, small Fruits
1752	DONATE• Away from the city• Able to RaiseProvisions• Rural• Houses not crowded• Free from interferenceof enemies• Elbow room0000800CRITERIA FOR ACOUNTRY PROPERTY• Garden• Retired Country• Cultivatable• Raise Produce• All for the Crisis• Able toSettle/Homestead• Direct contact to nature• Secluded places amongthe mountains• Not flat plains withoutmountains• Land, Orchards,Vegetables, small Fruits
1758	DONATE• Away from the city• Able to RaiseProvisions• Rural• Houses not crowded• Free from interferenceof enemies• Elbow roomCRITERIA FOR ACOUNTRY PROPERTY• Garden• Retired Country• Cultivatable• Raise Produce• All for the Crisis• Able toSettle/Homestead• Direct contact to nature• Secluded places amongthe mountains• Not flat plains withoutmountains• Land, Orchards,Vegetables, small Fruits
1764	DONATE• Away from the city• Able to RaiseProvisions• Rural• Houses not crowded• Free from interferenceof enemies• Elbow roomCRITERIA FOR ACOUNTRY PROPERTY• Garden• Retired Country• Cultivatable• Raise Produce• All for the Crisis• Able toSettle/Homestead• Direct contact to nature• Secluded places amongthe mountains• Not flat plains withoutmountains• Land, Orchards,Vegetables, small Fruits
1770	DONATE• Away from the city• Able to RaiseProvisions• Rural• Houses not crowded• Free from interferenceof enemies• Elbow roomCRITERIA FOR ACOUNTRY PROPERTY• Garden• Retired Country• Cultivatable• Raise Produce• All for the Crisis• Able toSettle/Homestead• Direct contact to nature• Secluded places amongthe mountains• Not flat plains withoutmountains• Land, Orchards,Vegetables, small Fruits
1776	DONATE• Away from the city• Able to RaiseProvisions• Rural• Houses not crowded• Free from interferenceof enemies• Elbow roomCRITERIA FOR ACOUNTRY PROPERTY• Garden• Retired Country• Cultivatable• Raise Produce• All for the Crisis• Able toSettle/Homestead• Direct contact to nature• Secluded places amongthe mountains• Not flat plains withoutmountains• Land, Orchards,Vegetables, small Fruits
1782	DONATE• Away from the city• Able to RaiseProvisions• Rural• Houses not crowded• Free from interferenceof enemies• Elbow roomCRITERIA FOR ACOUNTRY PROPERTY• Garden• Retired Country• Cultivatable• Raise Produce• All for the Crisis• Able toSettle/Homestead• Direct contact to nature• Secluded places amongthe mountains• Not flat plains withoutmountains• Land, Orchards,Vegetables, small Fruits
1788	DONATE• Away from the city• Able to RaiseProvisions• Rural• Houses not crowded• Free from interferenceof enemies• Elbow room90009CRITERIA FOR ACOUNTRY PROPERTY• Garden• Retired Country• Cultivatable• Raise Produce• All for the Crisis• Able toSettle/Homestead• Direct contact to nature• • Secluded places amongthe mountains• Not flat plains withoutmountains• Land, Orchards,Vegetables, small Fruits
1794	DONATE• Away from the city• Able to RaiseProvisions• Rurall• Houses not crowded• Free from interferenceof enemies• Elbow room0000900CRITERIA FOR ACOUNTRY PROPERTY• Garden• Retired Country• Cultivatable• Raise Produce• All for the Crisis• Able toSettle/Homestead• Direct contact to nature• Secluded places amongthe mountains• Not flat plains withoutmountains• Land, Orchards,Vegetables, small Fruits
1800	DONATE• Away from the city• Able to RaiseProvisions• Rural• Houses not crowded• Free from interferenceof enemies• Elbow roomCRITERIA FOR ACOUNTRY PROPERTY• Garden• Retired Country• Cultivatable• Raise Produce• All for the Crisi• Able toSettle/Homestead• Direct contact to nature• Secluded places amongthe mountains• Not flat plains withoutmountains• Land, Orchards,Vegetables, small Fruits
1806	DONATE• Away from the city• Able to RaiseProvisions• Rurall• Houses not crowded• Free from interferenceof enemies• Elbow room000090CRITERIA FOR ACOUNTRY PROPERTY• Garden• Retired Country• Cultivatable• Raise Produce• All for the Crisis• Able toSettle/Homestead• Direct contact to nature• Secluded places amongthe mountains• Not flat plains withoutmountains• Land, Orchards,Vegetables, small Fruits
1812	DONATE• Away from the city• Able to RaiseProvisions• Rural• Houses not crowded• Free from interferenceof enemies• Elbow roomCRITERIA FOR ACOUNTRY PROPERTY• Garden• Retired Country• Cultivatable• Raise Produce• All for the Crisis• Able toSettle/Homestead• Direct contact to nature• Secluded places amongthe mountains• Not flat plains withoutmountains• Land, Orchards,Vegetables, small Fruits
1818	DONATE• Away from the city• Able to RaiseProvisions• Rural• Houses not crowded• Free from interferenceof enemies• Elbow roomCRITERIA FOR ACOUNTRY PROPERTY• Garden• Retired Country• Cultivatable• Raise Produce• All for the Crisis• Able toSettle/Homestead• Direct contact to nature• Secluded places amongthe mountains• Not flat plains withoutmountains• Land, Orchards,Vegetables, small Fruits
1824	DONATE• Away from the city• Able to RaiseProvisions• Rural• Houses not crowded• Free from interferenceof enemies• Elbow roomCRITERIA FOR ACOUNTRY PROPERTY• Garden• Retired Country• Cultivatable• Raise Produce• All for the Crisis• Able toSettle/Homestead• Direct contact to nature• Secluded places amongthe mountains• Not flat plains withoutmountains• Land, Orchards,Vegetables, small Fruits
1830	DONATE• Away from the city• Able to RaiseProvisions• Rurall• Houses not crowded• Free from interferenceof enemies• Elbow room00008CRITERIA FOR ACOUNTRY PROPERTY• Garden• Retired Country• Cultivatable• Raise Produce• All for the Crisis• Able toSettle/Homestead• Direct contact to nature• Secluded places amongthe mountains• Not flat plains withoutmountams• Land, Orchards,Vegetables, small Fruits
1836	DONATE• Away from the city• Able to RaiseProvisions• Rural• Houses not crowded• Free from interferenceof enemies• Elbow roomCRITERIA FOR ACOUNTRY PROPERTY• Garden• Retired Country• Cultivatable• Raise Produce• All for the Crisis• Able toSettle/Homestead• Direct contact to nature• Secluded places amongthe mountains• Not flat plains withoutmountains• Land, Orchards,Vegetables, small Fruits
1842	DONATE• Away from the city• Able to RaiseProvisions• Rural• Houses not crowded• Free from interferenceof enemies• Elbow room90003CRITERIA FOR ACOUNTRY PROPERTY• Garden• Retired Country• Cultivatable• Raise Produce• All for the Crisis• Able toSettle/Homestead• Direct contact to nature• Secluded places amongthe mountains• Not flat plains withoutmountains• Land, Orchards,Vegetables, small Fruits
1848	DONATE• Away from the city• Able to RaiseProvisions• Rural• Houses not crowded• Free from interferenceof enemies• Elbow roomCRITERIA FOR ACOUNTRY PROPERTY• Garden• Retired Country• Cultivatable• Raise Produce• All for the Crisis• Able toSettle/Homestead• Direct contact to nature• Secluded places amongthe mountains• Not flat plains withoutmountains• Land, Orchards,Vegetables, small Fruits
1854	DONATE• Away from the city• Able to RaiseProvisions• Rural• Houses not crowded• Free from interferenceof enemies• Elbow room00009CRITERIA FOR ACOUNTRY PROPERTY• Garden• Retired Country• Cultivatable• Raise Produce• All for the Crisis• Able toSettle/Homestead• Direct contact to nature• Secluded places among* the mountains• Not flat plains withoutmountains• Land, Orchards,Vegetables, small Fruits
1860	DONATE• Away from the city• Able to RaiseProvisions• Rural• Houses not crowded• Free from interferenceof enemies• Elbow roomCRITERIA FOR ACOUNTRY PROPERTY• Garden• Retired Country• Cultivatable• Raise Produce• All for the Crisis• Able toSettle/Homestead• Direct contact to nature• Secluded places among* the mountains• Not flat plains withoutmountains• Land, Orchards,Vegetables, small Fruits
1866	DONATE• Away from the city• Able to RaiseProvisions• Rurall• Houses not crowded• Free from interferenceof enemies• Elbow room00000CRITERIA FOR ACOUNTRY PROPERTY• Garden• Retired Country• Cultivatable• Raise Produce• All for the Crisis• Able toSettle/Homestead• Direct contact to nature• Secluded places amongthe mountains• Not flat plains withoutmountains• Land, Orchards,Vegetables, small Fruits
1872	DONATE• Away from the city• Able to RaiseProvisions• Rural• Houses not crowded• Free from interferenceof enemies• Elbow room00009CRITERIA FOR ACOUNTRY PROPERTY• Garden• Retired Country• Cultivatable• Raise Produce• All for the Crisis• Able toSettle/Homestead• Direct contact to nature• Secluded places amongthe mountains• Not flat plains withoutmountains• Land, Orchards,Vegetables, small Fruits
1878	DONATE• Away from the city• Able to RaiseProvisions• Rural• Houses not crowded• Free from interferenceof enemies• Elbow roomCRITERIA FOR ACOUNTRY PROPERTY• Garden• Retired Country• Cultivatable• Raise Produce• All for the Crisis• Able toSettle/Homestead• Direct contact to nature• Secluded places amongthe mountains• Not flat plains withoutmountains• Land, Orchards,Vegetables, small Fruits
1884	DONATE• Away from the city• Able to RaiseProvisions• Rural• Houses not crowded• Free from interferenceof enemies• Elbow roomCRITERIA FOR ACOUNTRY PROPERTY• Garden• Retired Country• Cultivatable• Raise Produce• All for the Crisis• Able toSettle/Homestead• Direct contact to nature• Secluded places amongthe mountains• Not flat plains withoutmountains• Land, Orchards,Vegetables, small Fruits
1890	DONATE• Away from the city• Able to RaiseProvisions• Rural• Houses not crowded• Free from interferenceof enemies• Elbow roomCRITERIA FOR ACOUNTRY PROPERTY• Garden• Retired Country• Cultivatable• Raise Produce• All for the Crisis• Able toSettle/Homestead• Direct contact to nature• Secluded places amongthe mountains• Not flat plains withoutmountains• Land, Orchards,Vegetables, small Fruits
1896	DONATE• Away from the city• Able to RaiseProvisions• Rural• Houses not crowded• Free from interferenceof enemies• Elbow roomCRITERIA FOR ACOUNTRY PROPERTY• Garden• Retired Country• Cultivatable• Raise Produce• All for the Crisis• Able toSettle/Homestead• Direct contact to nature• Secluded places amongthe mountains• Not flat plains withoutmountains• Land, Orchards,Vegetables, small Fruits
1902	DONATE• Away from the city• Able to RaiseProvisions• Rural• Houses not crowded• Free from interferenceof enemies• Elbow roomCRITERIA FOR ACOUNTRY PROPERTY• Garden• Retired Country• Cultivatable• Raise Produce• All for the Crisis• Able toSettle/Homestead• Direct contact to nature• Secluded places amongthe mountains• Not flat plains withoutmountams• Land, Orchards,Vegetables, small Fruits
1908	DONATE• Away from the city• Able to RaiseProvisions• Rural• Houses not crowded• Free from interferenceof enemies• Elbow roomCRITERIA FOR ACOUNTRY PROPERTY• Garden• Retired Country• Cultivatable• Raise Produce• All for the Crisis• Able toSettle/Homestead• Direct contact to nature• Secluded places amongthe mountains• Not flat plains withoutmountains• Land, Orchards,Vegetables, small Fruits
1914	DONATE• Away from the city• Able to RaiseProvisions• Rural• Houses not crowded• Free from interferenceof enemies• Elbow roomCRITERIA FOR ACOUNTRY PROPERTY• Garden• Retired Country• Cultivatable• Raise Produce• All for the Crisis• Able toSettle/Homestead• Direct contact to nature• Secluded places amongthe mountains• Not flat plains withoutmountains• Land, Orchards,Vegetables, small Fruits
1920	DONATE• Away from the city• Able to RaiseProvisions• Rural• Houses not crowded• Free from interferenceof enemies• Elbow roomCRITERIA FOR ACOUNTRY PROPERTY• Garden• Retired Country• Cultivatable• Raise Produce• All for the Crisis• Able toSettle/Homestead• Direct contact to nature• Secluded places amongthe mountains• Not flat plains withoutmountains• Land, Orchards,Vegetables, small Fruits
1926	DONATE• Away from the city• Able to RaiseProvisions• Rural• Houses not crowded• Free from interferenceof enemies• Elbow roomCRITERIA FOR ACOUNTRY PROPERTY• Garden• Retired Country• Cultivatable• Raise Produce• All for the Crisis• Able toSettle/Homestead• Direct contact to nature• Secluded places amongthe mountains• Not flat plains withoutmountains• Land, Orchards,Vegetables, small Fruits
1932	DONATE• Away from the city• Able to RaiseProvisions• Rural• Houses not crowded• Free from interferenceof enemies• Elbow roomCRITERIA FOR ACOUNTRY PROPERTY• Garden• Retired Country• Cultivatable• Raise Produce• All for the Crisis• Able toSettle/Homestead• Direct contact to nature• Secluded places amongthe mountains• Not flat plains withoutmountains• Land, Orchards,Vegetables, small Fruits
1938	DONATE• Away from the city• Able to RaiseProvisions• Rural• Houses not crowded• Free from interferenceof enemies• Elbow roomCRITERIA FOR ACOUNTRY PROPERTY• Garden• Retired Country• Cultivatable• Raise Produce• All for the Crisis• Able toSettle/Homestead• Direct contact to nature• Secluded places amongthe mountains• Not flat plains withoutmountains• Land, Orchards,Vegetables, small Fruits
1944	DONATE3LTMS, LETTER 4A, 1881, PAR. 12• "Father has excellent health. He has worked hard on theplace here; put in more tian one acre of strawberries, someraspberries, more than an acre of potatoes, several acres ofcorn, hilty hard maples, many peach trees, pear trees, andtwo long rows of pie plant. I have been gathering up shrubsand flowers until we have quite a garden.• 1 Acre of strawberries • 3 Acres of corn• ½ Acre other• I+ Acre of potatoes • ½2 Acre Maple Trees • 6+ Acres Total00009G
1950	3LTMS, LETTER 4A, 1881, PAR. 12• "Father has excellent health. He has worked hard on theplace here; put in more than one acre of strawberries, someraspberries, more than an acre of potatoes, several acres ofcorn, lifty hard maples, many peach trees, pear trees, andtwo long rows of pie plant. I have been gathering up shrubsand flowers until we have quite a garden.• 1 Acre of strawberries • 3 Acres of corn• 1+ Acre of potatoes• ½ Acre other• ½ Acre Maple Trees • 6+ Acres'™
1956	3LTMS, LETTER 4A, 1881, PAR. 12• "Father has excellent health. He has worked hard on theplace here; put in more than one acre of strawberries, someraspberries, more than an acre of potatoes, several acres ofcorn, lilty hard maples, many peach trees, pear trees, andtwo long rows of pie plant. I have been gathering up shrubsand flowers until we have quite a garden.• 1 Acre of strawberries • 3 Acres of corn• 1+ Acre of potatoes• ½ Acre other• ½ Acre Maple Trees • 6+ Acres' H
1962	3LTMS, LETTER 4A, 1881, PAR. 12• "Father has excellent health. He has worked hard on theplace here; put in more than one acre of strawberries, someraspberries, more than an acre of potatoes, several acres ofcorn, fifty hard maples, many peach trees, pear trees, andtwo long rows of pie plant. I have been gathering up shrubsand flowers until we have quite a garden.• 1 Acre of strawberries • 3 Acres of corn• ½ Acre other• 1+ Acre of potatoes• ½ Acre Maple Trees • 6+ Acres'™
1968	3LTMS, LETTER 4A, 1881, PAR. 12• "Father has excellent health. He has worked hard on theplace here; put in more than one acre of strawberries, someraspberries, more than an acre of potatoes, several acres ofcorn, hilty hard maples, many peach trees, pear trees, andtwo long rows of pie plant. I have been gathering up shrubsand flowers until we have quite a garden.• 1 Acre of strawberries • 3 Acres of corn• 1+ Acre of potatoes• ½ Acre other• ½ Acre Maple Trees • 6+ Acres'™
1974	3LTMS, LETTER 4A, 1881, PAR. 12• "Father has excellent health. He has worked hard on theplace here; put in more than one acre of strawberries, someraspberries, more than an acre of potatoes, several acres ofcorn, lilty hard maples, many peach trees, pear trees, andtwo long rows of pie plant. I have been gathering up shrubsand flowers until we have quite a garden.• 1 Acre of strawberries • 3 Acres of corn• 1+ Acre of potatoes• ½ Acre other• ½ Acre Maple Trees • 6+ Acres'"
1980	3LTMS, LETTER 4A, 1881, PAR. 12• "Father has excellent health. He has worked hard on theplace here; put in more than one acre of strawberries, someraspberries, more than an acre of potatoes, several acres ofcorn, fifty hard maples, many peach trees, pear trees, andtwo long rows of pie plant. I have been gathering up shrubsand flowers until we have quite a garden. *• 1 Acre of strawberries • 3 Acres of corn• 1+ Acre of potatoes• ½ Acre other• ½ Acre Maple Trees • 6+ Acres'!
1986	3LTMS, LETTER 4A, 1881, PAR. 12• "Father has excellent health. He has worked hard on theplace here; put in more than one acre of strawberries, someraspberries, more than an acre of potatoes, several acres ofcorn, fifty hard maples, many peach trees, pear trees, andtwo long rows of pie plant. I have been gathering up shrubsand flowers until we have quite a garden. *• 1 Acre of strawberries • 3 Acres of corn• 1+ Acre of potatoes• ½ Acre other• ½ Acre Maple Trees • 6+ Acres'™
1992	3LTMS, LETTER 4A, 1881, PAR. 12• "Father has excellent health. He has worked hard on theplace here; put in more than one acre of strawberries, someraspberries, more than an acre of potatoes, several acres ofcorn, fifty hard maples, many peach trees, pear trees, andtwo long rows of pie plant. I have been gathering up shrubsand flowers until we have quite a garden. *• 1 Acre of strawberries • 3 Acres of corn• 1+ Acre of potatoes• ½ Acre other• ½ Acre Maple Trees • 6+ Acres' H
1998	3LTMS, LETTER 4A, 1881, PAR. 12• "Father has excellent health. He has worked hard on theplace here; put in more than one acre of strawberries, someraspberries, more than an acre of potatoes, several acres ofcorn, lifty hard maples, many peach trees, pear trees, andtwo long rows of pie plant. I have been gathering up shrubsand flowers until we have quite a garden.• 1 Acre of strawberries • 3 Acres of corn• 1+ Acre of potatoes• ½ Acre other• ½ Acre Maple Trees • 6+ Acres'™
2004	3LTMS, LETTER 4A, 1881, PAR. 12• "Father has excellent health. He has worked hard on theplace here; put in more than one acre of strawberries, someraspberries, more than an acre of potatoes, several acres ofcorn, fifty hard maples, many peach trees, pear trees, andtwo long rows of pie plant. I have been gathering up shrubsand flowers until we have quite a garden.awberries • 3 Acres of corn• ½ Acre otherAmazing DiscoveriesView our studies on the Middle East https://www.youtube.com/watch?v=PqNeOHJinB4https://www.youtube.com/watch?v=4wM76KRWoZ4
2010	3LTMS, LETTER 4A, 1881, PAR. 12• "Father has excellent health. He has worked hard on theplace here; put in more than one acre of strawberries, someraspberries, more than an acre of potatoes, several acres ofcorn, lilty hard maples, many peach trees, pear trees, andtwo long rows of pie plant. I have been gathering up shrubsand flowers until we have quite a garden.• 1 Acre of strawberries • 3 Acres of corn• 1+ Acre of potatoes• ½ Acre other• ½ Acre Maple Trees • 6+ Acres'™
2016	3LTMS, LETTER 4A, 1881, PAR. 12• "Father has excellent health. He has worked hard on theplace here; put in more than one acre of strawberries, someraspberries, more than an acre of potatoes, several acres ofcorn, hilty hard maples, many peach trees, pear trees, andtwo long rows of pie plant. I have been gathering up shrubsand flowers until we have quite a garden.• 1 Acre of strawberries • 3 Acres of corn• 1+ Acre of potatoes• ½ Acre other• ½ Acre Maple Trees • 6+, Acres'
2022	3LTMS, LETTER 4A, 1881, PAR. 12• "Father has excellent health. He has worked hard on theplace here; put in more than one acre of strawberries, someraspberries, more than an acre of potatoes, several acres ofcorn, filty hard maples, many peach trees, pear trees, andtwo long rows of pie plant. I have been gathering up shrubsand flowers until we have quite a garden.• 1 Acre of strawberries • 3 Acres of corn• 1+ Acre of potatoes• ½ Acre other• ½ Acre Maple Trees • 6+ Acres'™
2028	3LTMS, LETTER 4A, 1881, PAR. 12• "Father has excellent health. He has worked hard on theplace here; put in more than one acre of strawberries, someraspberries, more than an acre of potatoes, several acres ofcorn, filty hard maples, many peach trees, pear trees, andtwo long rows of pie plant. I have been gathering up shrubsand flowers until we have quite a garden.• 1 Acre of strawberries • 3 Acres of corn• 1+ Acre of potatoes• ½ Acre other• ½ Acre Maple Trees • 6+ Acres'™
2034	3LTMS, LETTER 4A, 1881, PAR. 12• "Father has excellent health. He has worked hard on theplace here; put in more than one acre of strawberries, someraspberries, more than an acre of potatoes, several acres ofcorn, filty hard maples, many peach trees, pear trees, andtwo long rows of pie plant. I have been gathering up shrubsand flowers until we have quite a garden.• 1 Acre of strawberries • 3 Acres of corn• 1+ Acre of potatoes• ½ Acre other• ½ Acre Maple Trees • 6+ Acres'™
2040	3LTMS, LETTER 4A, 1881, PAR. 12• "Father has excellent health. He has worked hard on theplace here; put in more than one acre of strawberries, someraspberries, more than an acre of potatoes, several acres ofcorn, filty hard maples, many peach trees, pear trees, andtwo long rows of pie plant. I have been gathering up shrubsand flowers until we have quite a garden.• 1 Acre of strawberries • 3 Acres of corn• 1+ Acre of potatoes• ½ Acre other• ½ Acre Maple Trees • 6+ Acres'™
2046	3LTMS, LETTER 4A, 1881, PAR. 12• "Father has excellent health. He has worked hard on theplace here; put in more than one acre of strawberries, someraspberries, more than an acre of potatoes, several acres ofcorn, filty hard maples, many peach trees, pear trees, andtwo long rows of pie plant. I have been gathering up shrubsand flowers until we have quite a garden.• 1 Acre of strawberries • 3 Acres of corn• 1+ Acre of potatoes• ½ Acre other• ½ Acre Maple Trees • 6+ Acres'!
2052	3LTMS, LETTER 4A, 1881, PAR. 12DONATE• "Father has excellent health. He has worked hard on theplace here; put in more than one acre of strawberries, someraspberries, more than an acre of potatoes, several acres ofcorn, tilty hard maples, many peach trees, pear trees, andtwo long rows of pie plant. I have been gathering up shrubsand flowers until we have quite a garden.• 1 Acre of strawberries • 3 Acres of corn• 1+ Acre of potatoes• ½ Acre other• ½ Acre Maple Trees • 6+ Acres'"
2058	DONATE3LTMS, LETTER 4A, 1881, PAR. 12• "Father has excellent health. He has worked hard on theplace here; put in more than one acre of strawberries, someraspberries, more than an acre of potatoes, several acres ofcorn, fifty hard maples, many peach trees, pear trees, andtwo long rows of pie plant. I have been gathering up shrubsand flowers until we have quite a garden.• 1 Acre of strawberries • 3 Acres of com• 1+ Acre of potatoes• ½ Acre Maple Trees• 1 Acre other• 6+ Acres Total
2064	DONATE3LTMS, LETTER 4A, 1881, PAR. 12• "Father has excellent health. He has worked hard on theplace here; put in more than one acre of strawberries, someraspberries, more than an acre of potatoes, several acres ofcorn, fifty hard maples, many peach trees, pear trees, andtwo long rows of pie plant. I have been gathering up shrubsand flowers until we have quite a garden.• 1 Acre of strawberries • 3 Acres of corn• ½ Acre other• I+ Acre of potatoes • ½2 Acre Maple Trees • 6+ Acres Total
2070	DONATE3LTMS, LETTER 4A, 1881, PAR. 12• "Father has excellent health. He has worked hard on theplace here; put in more than one acre of strawberries, someraspberries, more than an acre of potatoes, several acres ofcorn, fifty hard maples, many peach trees, pear trees, andtwo long rows of pic plant. I have been gathering up shrubsand flowers until we have quite a garden.• 1 Acre of strawberries • 3 Acres of corn• ½ Acre other• I+ Acre of potatoes • ½2 Acre Maple Trees • 6+ Acres Total
2076	DONATE3LTMS, LETTER 4A, 1881, PAR. 12• "Father has excellent health. He has worked hard on theplace here; put in more than one acre of strawberries, someraspberries, more than an acre of potatoes, several acres ofcorn, fifty hard maples, many peach trees, pear trees, andtwo long rows of pie plant. I have been gathering up shrubsand flowers until we have quite a garden.• 1 Acre of strawberries • 3 Acres of corn• ½ Acre other• I+ Acre of potatoes • ½2 Acre Maple Trees • 6+ Acres Total
2082	DONATE3LTMS, LETTER 4A, 1881, PAR. 12• "Father has excellent health. He has worked hard on theplace here; put in more than one acre of strawberries, someraspberries, more than an acre of potatoes, several acres ofcorn, fifty hard maples, many peach trees, pear trees, andtwo long rows of pie plant. I have been gathering up shrubsand flowers until we have quite a garden.• 1 Acre of strawberries • 3 Acres of corn• ½ Acre other• I+ Acre of potatoes • ½2 Acre Maple Trees • 6+ Acres Total
2088	DONATE3LTMS, LETTER 4A, 1881, PAR. 12• "Father has excellent health. He has worked hard on theplace here; put in more than one acre of strawberries, someraspberries, more than an acre of potatoes, several acres ofcorn, fifty hard maples, many peach trees, pear trees, andtwo long rows of pie plant. I have been gathering up shrubsand flowers until we have quite a garden.• 1 Acre of strawberries • 3 Acres of corn• ½ Acre other• I+ Acre of potatoes • ½2 Acre Maple Trees • 6+ Acres TotalFollow us on How to Country YouTube for gardening tipshttps://www.youtube.com/@howtocountry
2094	DONATE3LTMS, LETTER 4A, 1881, PAR. 12• "Father has excellent health. He has worked hard on theplace here; put in more than one acre of strawberries, someraspberries, more than an acre of potatoes, several acres ofcorn, fifty hard maples, many peach trees, pear trees, andtwo long rows of pie plant. I have been gathering up shrubsand flowers until we have quite a garden.• 1 Acre of strawberries • 3 Acres of corn• ½ Acre other• 1+ Acre of potatoes• ½2 Acre Maple Trees • 6+ Acres TotalFollow us on How to Country YouTube for gardening tipshttps://www.youtube.com/@howtocountry
2100	DONATE3LTMS, LETTER 4A, 1881, PAR. 12• "Father has excellent health. He has worked hard on theplace here; put in more than one acre of strawberries, someraspberries, more than an acre of potatoes, several acres ofcorn, fifty hard maples, many peach trees, pear trees, andtwo long rows of pie plant. I have been gathering up shrubsand flowers until we have quite a garden.• 1 Acre of strawberries • 3 Acres of corn• ½ Acre other• I+ Acre of potatoes • ½2 Acre Maple Trees • 6+ Acres TotalFollow us on How to Country YouTube for gardening tipshttps://www.youtube.com/@howtocountry
2106	DONATE3LTMS, LETTER 4A, 1881, PAR. 12• "Father has excellent health. He has worked hard on theplace here; put in more than one acre of strawberries, someraspberries, more than an acre of potatoes, several acres ofcorn, fifty hard maples, many peach trees, pear trees, andtwo long rows of pie plant. I have been gathering up shrubsand flowers until we have quite a garden.• 1 Acre of strawberries • 3 Acres of corn• ½ Acre other• I+ Acre of potatoes • ½2 Acre Maple Trees • 6+ Acres TotalFollow us on How to Country YouTube for gardening tipshttps://www.youtube.com/@howtocountry
2112	DONATE3LTMS, LETTER 4A, 1881, PAR. 12• "Father has excellent health. He has worked hard on theplace here; put in more than one acre of strawberries, someraspberries, more than an acre of potatoes, several acres ofcorn, fifty hard maples, many peach trees, pear trees, andtwo long rows of pie plant. I have been gathering up shrubsand flowers until we have quite a garden.• 1 Acre of strawberries • 3 Acres of corn• ½ Acre other• I+ Acre of potatoes • ½2 Acre Maple Trees • 6+ Acres TotalFollow us on How to Country YouTube for gardening tipshttps://www.youtube.com/@howtocountry
2118	DONATE3LTMS, LETTER 4A, 1881, PAR. 12• "Father has excellent health. He has worked hard on theplace here; put in more than one acre of strawberries, someraspberries, more than an acre of potatoes, several acres ofcorn, fifty hard maples, many peach trees, pear trees, andtwo long rows of pie plant. I have been gathering up shrubsand flowers until we have quite a garden.• 1 Acre of strawberries • 3 Acres of corn• ½ Acre other• I+ Acre of potatoes • ½2 Acre Maple Trees • 6+ Acres TotalFollow us on How to Country YouTube for gardening tipshttps://www.youtube.com/@howtocountry
2124	DONATE17LTMS, MS 23, 1902 PAR. 2• "Just at that time dillerent ones solicited us for building sites,saying, "I want a small piece of land on which to build. Cannotvou sell me a lot?" Ever since we settled here, such requests havebeen made of us. But I did not want many buildings and lamiliescrowded up close to my home. And if I were to sell a piece ofland to one person, and refuse to sell to others. I should beregarded as unfair. Besides, we had agreed with the managers ofthe food factory not to consent to sell small lots and allowfamilies to crowd in on every spare piece ofuncultivated land."00009
2130	17LTMS, MS 23, 1902 PAR. 2• "Just at that time different ones solicited us for building sites,saying, "I want a small piece of land on which to build. Cannotyou sell me a lot?" Ever since we settled here, such requests havebeen made of us. But I did not want many buildings and familiescrowded up close to my home. And if I were to sell a piece ofland to one person, and refuse to sell to others, I should beregarded as unfair. Besides, we had agreed with the managers ofthe food factory not to consent to sell small lots and allowfamilies to crowd in on every spare piece ofuncultivated land."
2136	17LTMS, MS 23, 1902 PAR. 2• "Just at that time different ones solicited us for building sites,saying, "I want a small piece of land on which to build. Cannotyou sell me a lot?" Ever since we settled here, such requests havebeen made of us. But I did not want many buildings and familiescrowded up close to my home. And if I were to sell a piece ofland to one person, and refuse to sell to others, I should beregarded as unfair. Besides, we had agreed with the managers ofthe food factory not to consent to sell small lots and allowfamilies to crowd in on every spare piece ofuncultivated land."
2142	17LTMS, MS 23, 1902 PAR. 2• "Just at that time different ones solicited us for building sites,saying, "I want a small piece of land on which to build. Cannotyou sell me a lot?" Ever since we settled here, such requests havebeen made of us. But I did not want many buildings and famiriescrowded up close to my home. And if I were to sell a piece ofland to one person, and refuse to sell to others, I should beregarded as unfair. Besides, we had agreed with the managers ofthe food factory not to consent to sell small lots and allowfamilies to crowd in on every spare piece ofuncultivated land."
2148	17LTMS, MS 23, 1902 PAR. 2• "Just at that time different ones solicited us for building sites,saying, "I want a small piece of land on which to build. Cannotyou sell me a lot?" Ever since we settled here, such requests havebeen made of us. But I did not want many buildings and familiescrowded up close to my homer And if I were to sell a piece ofland to one person, and refuse to sell to others, I should beregarded as unfair. Besides, we had agreed with the managers ofthe food factory not to consent to sell small lots and allowfamilies to crowd in on every spare piece ofuncultivated land."
2154	17LTMS, MS 23, 1902 PAR. 2• "Just at that time different ones solicited us for building sites,saying, "I want a small piece of land on which to build. Cannotyou sell me a lot?" Ever since we settled here, such requests havebeen made of us. But I did not want many buildings and familiescrowded up close to my home: And if I were to sell a piece ofland to one person, and refuse to sell to others, I should beregarded as unfair. Besides, we had agreed with the managers ofthe food factory not to consent to sell small lots and allowfamilies to crowd in on every spare piece ofuncultivated land."
2160	17LTMS, MS 23, 1902 PAR. 2• "Just at that time different ones solicited us for building sites,saying, "I want a small piece of land on which to build. Cannotyou sell me a lot?" Ever since we settled here, such requests havebeen made of us. But I did not want many buildings and familiescrowded up close to my home. And if I were to sell a piece ofland to one person, and refuse to sell to others, I should beregarded as unfair. Besides, we had agreed with the managers ofthe food factory not to consent to sell small lots and allowfamilies to crowd in on every spare piece ofuncultivated land."
2166	17LTMS, MS 23, 1902 PAR. 2• "Just at that time different ones solicited us for building sites,saying, "I want a small piece of land on which to build. Cannotyou sell me a lot?" Ever since we settled here, such requests havebeen made of us. But I did not want many buildings and familiescrowded up close to my home. And if I were to sell a piece ofland to one person, and refuse to sell to others, I should beregarded as unfair. Besides, we had agreed with the managers ofthe food factory not to consent to sell small lots and allowfamilies to crowd in on every spare piece ofuncultivated land."
2172	DONATE• Away from the city• Able to RaiseProvisions• Rural• Houses not crowded• Free from interferenceof enemies• Elbow roomOOOCRITERIA FOR ACOUNTRY PROPERTY• Garden• Retired Country• Cultivatable• Raise Produce• All for the Crisis• Able toSettle/Homestead• Direct contact to nature• Secluded places amongthe mountains• Not flat plains withoutmountains• Land, Orchards,Vegetables, small Fruits • Space enough. fruncultivated* H
2178	DONATE• Away from the city• Able to RaiseProvisions• Rural• Houses not crowded• Free from interferenceof enemies• Elbow roomCRITERIA FOR ACOUNTRY PROPERTY• Garden• Retired Country• Cultivatable• Raise Produce• All for the Crisis• Able toSettle/Homestead• Direct contact to nature• Secluded places amongthe mountains• Not flat plains withoutmountains• Land, Orchards,Vegetables, small Fruits • Space enough. funcultivated* H
2184	DONATE• Away from the city• Able to RaiseProvisions• Rural• Houses not crowded• Free from interferenceof enemies• Elbow roomCRITERIA FOR ACOUNTRY PROPERTY• Garden• Retired Country• Cultivatable• Raise Produce• All for the Crisis• Able toSettle/Homestead• Direct contact to nature• Secluded places amongthe mountains• Not flat plains withoutmountains• Land, Orchards,Vegetables, small Fruits • Space enough. fruncultivated! I
2190	DONATE• Away from the city• Able to RaiseProvisions• Rural• Houses not crowded• Free from interferenceof enemies• Elbow roomCRITERIA FOR ACOUNTRY PROPERTY• Garden• Retired Country• Cultivatable• Raise Produce• All for the Crisis• Able toSettle/Homestead• Direct contact to nature• Secluded places amongthe mountains• Not flat plains withoutmountains• Land, Orchards,Vegetables, small Fruits • Space enough. f.uncultivated"l
2196	DONATE• Away from the city• Able to RaiseProvisions• Rural• Houses not crowded• Free from interferenceof enemies• Elbow roomCRITERIA FOR ACOUNTRY PROPERTY• Garden• Retired Country• Cultivatable• Raise Produce• All for the Crisis• Able toSettle/Homestead• Direct contact to nature• Secluded places amongthe mountains• Not flat plains withoutmountains• Land, Orchards,Vegetables, small Fruits • Space enough. funcultivated!
2202	DONATE• Away from the city• Able to RaiseProvisions• Rural• Houses not crowded• Free from interferenceof enemies• Elbow roomCRITERIA FOR ACOUNTRY PROPERTY• Garden• Retired Country• Cultivatable• Raise Produce• All for the Crisis• Able toSettle/Homestead• Direct contact to nature• Secluded places amongthe mountains• Not flat plains withoutmountains• Land, Orchards,Vegetables, small Fruits • Space enough founcultivated"l
2208	DONATE• Away from the city• Able to RaiseProvisions• Rural• Houses not crowded• Free from interferenceof enemies• Elbow roomCRITERIA FOR ACOUNTRY PROPERTY• Garden• Retired Country• Cultivatable• Raise Produce• All for the Crisis• Able toSettle/Homestead• Direct contact to nature• Secluded places amongthe mountains• Not flat plains withoutmountains• Land, Orchards,Vegetables, small Fruits • Space enough founcultivated! H
2214	DONATE• Away from the city• Able to RaiseProvisions• Rural• Houses not crowded• Free from interferenceof enemies• Elbow roomCRITERIA FOR ACOUNTRY PROPERTY• Garden• Retired Country• Cultivatable• Raise Produce• All for the Crisis• Able toSettle/Homestead• Direct contact to nature• Secluded places amongthe mountains• Not flat plains withoutmountains• Land, Orchards,Vegetables, small Fruits • Space enough. funcultivated! I
2220	14MR 256.1-2• "The Paradise Valley Sanitarium cost the original owners$25,000.... We purchased this building, with 20 acres of land, for$5,000. Since then eight acres of land have been bought for$800. There is a piece of property adjoining, consisting of tenacres of orange orchard, a packing house, a dwelling house, anda large barn. This property was offered for $3,500, and we maybuy it if it can still be secured for this price. In order to dothis, I should have to borrow money, but I do not thinkthat the property ought to be allowed to pass into thehands of worldlings."
2226	14MR 256.1-2• "The Paradise Valley Sanitarium cost the original owners$25,000.... We purchased this building, with 20 acres of land, for$5,000. Since then eight acres of land have been bought for$800. There is a piece of property adjoining, consisting of tenacres of orange orchard, a packing house, a dwelling house, anda large barn. This property was offered for $3,500, and we maybuy it if it can still be secured for this price. In order to dothis, I should have to borrow money, but I do not thinkhat the property ought to be allowed to pass into thehands of worldlings."
2232	14MR 256.1-2• "The Paradise Valley Sanitarium cost the original owners$25,000.... We purchased this building, with 20 acres of land, for$5,000. Since then eight acres of land have been bought for$800. There is a piece of property adjoining, consisting of tenacres of orange orchard, a packing house, a dwelling house, anda large barn. This property was offered for $3,500, and we maybuy it if it can still be secured for this price. In order to dothis, I should have to borrow money, but I do not thinkthat the property ought to be allowed to pass into thehands of worldlings."C
2238	14MR 256.1-2• "The Paradise Valley Sanitarium cost the original owners$25,000.... We purchased this building, with 20 acres of land, for$5,000. Since then eight acres of land have been bought for$800. There is a piece of property adjoining, consisting of tenacres of orange orchard, a packing house, a dwelling house, anda large barn. This property was offered for $3,500, and we maybuy it if it can still be secured for this price. In order to dothis, I should have to borrow money, but I do not thinkthat the property ought to be allowed to pass into thehands of worldlings."
2244	HRISTIAN EXPERIENCE AND TEACHINGS 217.1 (1874)• Oakland, San Francisco, Sacramento, Woodland, and the large cities inthe United States must hear the message of truth.• Oakland - Between 10.5k - 34.5k• Sacramento - 17k - 18k• S. Fran - 149k• Woodland - 100 - 125k9
2250	HRISTIAN EXPERIENCE AND TEACHINGS 217.1 (1874)• Oakland, San Francisco, Sacramento, Woodland, and the large cities inthe United States must hear the message of truth.• Oakland - Between 10.5k - 34.5k• Sacramento - 17k - 18k• S. Fran - 149k• Woodland - 100 - 125k
2256	HRISTIAN EXPERIENCE AND TEACHINGS 217.1 (1874)• Oakland, San Francisco, Sacramento, Woodland, and the large cities inthe United States must hear the message of truth.• Oakland - Between 10.5k - 34.5k• Sacramento - 17k - 18k• S. Fran - 149k• Woodland - 100 - 125k
2262	HRISTIAN EXPERIENCE AND TEACHINGS 217.1 (1874)• Oakland, San Francisco, Sacramento, Woodland, and the large cities inthe United States must hear the message of truth.• Oakland - Between 10.5k - 34.5k• Sacramento - 17k - 18k• S. Fran - 149k• Woodland - 100 - 125k
2268	HRISTIAN EXPERIENCE AND TEACHINGS 217.1 (1874)• Oakland, San Francisco, Sacramento, Woodland, and the large cities inthe United States must hear the message of truth.• Oakland - Between 10.5k - 34.5k• Sacramento - 17k - 18k• S. Fran - 149k• Woodland - 100 - 125k
2274	HRISTIAN EXPERIENCE AND TEACHINGS 217.1 (1874)• Oakland, San Francisco, Sacramento, Woodland, and the large cities inthe United States must hear the message of truth.• Oakland - Between 10.5k - 34.5k• Sacramento - 17k - 18k• S. Fran - 149k• Woodland - 100 - 125k
2280	HRISTIAN EXPERIENCE AND TEACHINGS 217.1 (1874)• Oakland, San Francisco, Sacramento, Woodland, and the large cities inthe United States must hear the message of truth.• Oakland - Between 10.5k - 34.5k• Sacramento - 17k - 18k• S. Fran - 149k• Woodland - 100 - 125k
2286	HRISTIAN EXPERIENCE AND TEACHINGS 217.1 (1874)• Oakland, San Francisco, Sacramento, Woodland, and the large cities inthe United States must hear the message of truth.• Oakland - Between 10.5k - 34.5k• Sacramento - 17k - 18k• S. Fran - 149k• Woodland - 100 - 125k
2292	HRISTIAN EXPERIENCE AND TEACHINGS 217.1 (1874)• Oakland, San Francisco, Sacramento, Woodland, and the large cities in,the United States must hear the message of truth.• Oakland - Between 10.5k - 34.5k• Sacramento - 17k - 18k• S. Fran - 149k• Woodland - 100 - 125k
2298	HRISTIAN EXPERIENCE AND TEACHINGS 217.1 (1874)• Oa. land, San Francisco, Sacramento, Woodland, and the large cities inthe United States must hear the message of truth.• Oakland - Between 10.5k - 34.5k• Sacramento - 17k - 18k• S. Fran - 149k• Woodland - 100 - 125k
2304	HRISTIAN EXPERIENCE AND TEACHINGS 217.1 (1874)• Oakland, San Francisco, Sacramento, Woodland, and the large cities inthe United States must hear the message of truth.• Oakland - Between 10.5k - 34.5k• Sacramento - 17k - 18k• S. Fran - 149k• Woodland - 100 - 125k
2310	HRISTIAN EXPERIENCE AND TEACHINGS 217.1 (1874)• Oakland, San Francisco, Sacramento, Woodland, and the large cities inthe United States must hear the message of truth.• Oakland - Between 10.5k - 34.5k• Sacramento - 17k - 18k• S. Fran - 149k• Woodland - 100 - 125k
2316	HRISTIAN EXPERIENCE AND TEACHINGS 217.1 (1874)• Oakland, San Francisco, Sacramento, Woodland, and the large cities inthe United States must hear the message of truth.• Oakland - Between 10.5k - 34.5k• Sacramento - 17k - 18k• S. Fran - 149k• Woodland - 100 - 125k
2322	DONATECHRISTIAN EXPERIENCE AND TEACHINGS 217.1 (1874)• Oakland, San Francisco, Sacramento, Woodland, and the large cities inthe United States must hear the message of truth.• Oakland - Between 10.5k - 34.5k• Sacramento - 17k - 18k• S. Fran - 149k• Woodland - 100 - 125k
2328	DONATECHRISTIAN EXPERIENCE AND TEACHINGS 217.1 (1874)• Oakland, San Francisco, Sacramento, Woodland, and the large cities inthe United States must hear the message of truth.• Oakland - Between 10.5k - 34.5k• Sacramento - 17k - 18k• S. Fran - 149k• Woodland - 100 - 125k
2334	DONATECHRISTIAN EXPERIENCE AND TEACHINGS 217.1 (1874)• Oakland, San Francisco, Sacramento, Woodland, and the large cities inthe United States must hear the message of truth.• Oakland - Between 10.5k - 34.5k• Sacramento - 17k - 18k• S. Fran - 149k• Woodland - 100 - 125k
2340	DONATECHRISTIAN EXPERIENCE AND TEACHINGS 217.1 (1874)• Oakland, San Francisco, Sacramento, Woodland, and the large cities inthe United States must hear the message of truth.• Oakland - Between 10.5k - 34.5k• Sacramento - 17k - 18k• S. Fran - 149k• Woodland - 100 - 125k
2346	DONATECHRISTIAN EXPERIENCE AND TEACHINGS 217.1 (1874)• Oakland, San Francisco, Sacramento, Woodland, and the large cities inthe United States must hear the message of truth.• Oakland - Between 10.5k - 34.5k• Sacramento - 17k - 18k• S. Fran - 149k• Woodland - 100 - 125k
2352	CHRISTIAN EXPERIENCE AND TEACHINGS 217.1 (1874)• Oakland, San Francisco, Sacramento, Woodland, and the large cities inthe United States must hear the message of truth.• Oakland - Between 10.5k - 34.5k• Sacramento - 17k - 18k• S. Fran - 149k• Woodland - 100 - 125k
2358	DONATECHRISTIAN EXPERIENCE AND TEACHINGS 217.1 (1874)• Oakland, San Francisco, Sacramento, Woodland, and the large cities inthe United States must hear the message of truth.• Oakland - Between 10.5k - 34.5k• Sacramento - 17k - 18k• S. Fran - 149k• Woodland - 100 - 125k
2364	DONATECHRISTIAN EXPERIENCE AND TEACHINGS 217.1 (1874)• Oakland, San Francisco, Sacramento, Woodland, and the large cities inthe United States must hear the message of truth.• Oakland - Between 10.5k - 34.5k• Sacramento - 17k - 18k• S. Fran - 149k• Woodland - 100 - 125k
2370	DONATECHRISTIAN EXPERIENCE AND TEACHINGS 217.1 (1874)• Oakland, San Francisco, Sacramento, Woodland, and the large cities inthe United States must hear the message of truth.• Oakland - Between 10.5k - 34.5k• Sacramento - 17k - 18k• S. Fran - 149k• Woodland - 100 - 125k
2376	DONATECHRISTIAN EXPERIENCE AND TEACHINGS 217.1 (1874)• Oakland, San Francisco, Sacramento, Woodland, and the large cities inthe United States must hear the message of truth.• Oakland - Between 10.5k - 34.5k• Sacramento - 17k - 18k• S. Fran - 149k• Woodland - 100 - 125k
2382	DONATECHRISTIAN EXPERIENCE AND TEACHINGS 217.1 (1874)• Oakland, San Francisco, Sacramento, Woodland, and the large cities inthe United States must hear the message of truth.• Oakland - Between 10.5k - 34.5k• Sacramento - 17k - 18k• S. Fran - 149k• Woodland - 100 - 125k
2388	DONATECHRISTIAN EXPERIENCE AND TEACHINGS 217.1 (1874)• Oakland, San Francisco, Sacramento, Woodland, and the large cities inthe United States must hear the message of truth.• Oakland - Between 10.5k - 34.5k• Sacramento - 17k - 18k• S. Fran - 149k• Woodland - 100 - 125k
2394	PUBLISHING MINISTRY P.186.4• The workers connected with the publishing housemust be closely guarded. Our young men andyoung women must not be placed where they willbe in danger of being ensnared by Satan.00009000
2400	DONATEPUBLISHING MINISTRY P.186.4• The workers connected with the publishing housemust be closely guarded. Our young men andyoung women must not be placed where they willbe in danger of being ensnared by Satan.00008000
2406	DONATEPUBLISHING MINISTRY P.186.4• The workers connected with the publishing housemust be closely guarded. Our young men andyoung women must not be placed where they willbe in danger of being ensnared by Satan.
2412	PUBLISHING MINISTRY P.186.4• The workers connected with the publishing housemust be closely guarded. Our young men andyoung women must not be placed where they willbe in danger of being ensnared by Satan.
2418	DONATEPUBLISHING MINISTRY P.186.4• The workers connected with the publishing housemust be closely guarded. Our young men andyoung women must not be placed where they willbe in danger of being ensnared by Satan.
2424	DONATEPUBLISHING MINISTRY P.186.4• The workers connected with the publishing housemust be closely guarded. Our young men andyoung women must not be placed where they willbe in danger of being ensnared by Satan.
2430	PUBLISHING MINISTRY P.186.4• The workers connected with the publishing housemust be closely guarded. Our young men andyoung women must not be placed where they willbe in danger of being ensnared by Satan.
2436	PUBLISHING MINISTRY P.186.4• The workers connected with the publishing housemust be closely guarded. Our young men andyoung women must not be placed where they willbe in danger of being ensnared by Satan.
2442	DONATEPUBLISHING MINISTRY P.186.4• The workers connected with the publishing housemust be closely guarded. Our young men andyoung women must not be placed where they willbe in danger of being ensnared by Satan.
2448	DONATEFUNDAMENTALS OF CHRISTIANEDUCATION P.492.3• Instruction has also been given that the Pacific Press shouldbe moved from Oakland. As the years have passed by,the city has grown and it is now necessary toestablish the printing plant in some more ruralplace, where land can be secured for the homes of theemployees. Those who are connected with our offices ofpublication should not be obliged to live in the crowdedcities. They should have opportunity to obtain homeswhere they will be able to live without requiringhigh wages.0000900
2454	DONATEFUNDAMENTALS OF CHRISTIANEDUCATION P.492.3• Instruction has also been given that the Pacific Press shouldbe moved from Oakland. As the years have passed by,the city has grown and it is now necessary,toestablish the printing plant in some more ruralplace, where land can be secured for the homes of theemployees. Those who are connected with our offices ofpublication should not be obliged to live in the crowdedcities. They should have opportunity to obtain homeswhere they will be able to live without requiringhigh wages.0000000
2460	DONATEFUNDAMENTALS OF CHRISTIANEDUCATION P.492.3• Instruction has also been given that the Pacific Press shouldbe moved from Oakland. As the years have passed by,the city has grown and it is now necessary toestablish the printing plant in some more ruralplace, where land can be secured for the homes of theempioyees. Those who are connected with our offices ofpublication should not be obliged to live in the crowdedcities. They should have opportunity to obtain homeswhere they will be able to live without requiringhigh wages.000000
2466	DONATEFUNDAMENTALS OF CHRISTIANEDUCATION P.492.3• Instruction has also been given that the Pacific Press shouldbe moved from Oakland. As the years have passed by,the city has grown and it is now necessary toestablish the printing plant in some more ruralplace, where land can be secured for the homes of theempioyees. Those who are connected with our offices ofpublication should not be obliged to live in the crowdedcities. They should have opportunity to obtain homeswhere they will be able to live without requiringhigh wages.
2472	DONATEFUNDAMENTALS OF CHRISTIANEDUCATION P.492.3• Instruction has also been given that the Pacific Press shouldbe moved from Oakland. As the years have passed by,the city has grown and it is now necessary toestablish the printing plant in some more ruralplace, where land can be secured for the homes of theempioyees. Those who are connected with our offices ofpublication should not be obliged to live in the crowdedcities. They should have opportunity to obtain homeswhere they will be able to live without requiringhigh wages.
2478	DONATEFUNDAMENTALS OF CHRISTIANEDUCATION P.492.3• Instruction has also been given that the Pacific Press shouldbe moved from Oakland. As the years have passed by,the city has grown and it is now necessary toestablish the printing plant in some more ruralplace, where land can be secured for the homes of theempioyees. Those who are connected with our offices ofpublication should not be obliged to live in the crowdedcities. They should have opportunity to obtain homeswhere they will be able to live without requiringhigh wages.
2484	DONATEFUNDAMENTALS OF CHRISTIANEDUCATION P.492.3• Instruction has also been given that the Pacific Press shouldbe moved from Oakland. As the years have passed by,the city has grown and it is now necessary toestablish the printing plant in some more ruralplace, where land can be secured for the homes of theempioyees. Those who are connected with our offices ofpublication should not be obliged to live in the crowdedcities. They should have opportunity to obtain homeswhere they will be able to live without requiringhigh wages.
2490	DONATEFUNDAMENTALS OF CHRISTIANEDUCATION P.492.3• Instruction has also been given that the Pacific Press shouldbe moved from Oakland. As the years have passed by,the city has grown and it is now necessary toestablish the printing plant in some more ruralplace, where land can be secured for the homes of theempioyees. Those who are connected with our offices ofpublication should not be obliged to live in the crowdedcities. They should have opportunity to obtain homeswhere they will be able to live without requiringhigh wages.
2496	DONATEFUNDAMENTALS OF CHRISTIANEDUCATION P.492.3• Instruction has also been given that the Pacific Press shouldbe moved from Oakland. As the years have passed by,the city has grown and it is now necessary toestablish the printing plant in some more ruralplace, where land can be secured for the homes of theempioyees. Those who are connected with our offices ofpublication should not be obliged to live in the crowdedcities. They should have opportunity to obtain homeswhere they will be able to live without requiringhigh wages.
2502	DONATEFUNDAMENTALS OF CHRISTIANEDUCATION P.492.3• Instruction has also been given that the Pacific Press shouldbe moved from Oakland. As the years have passed by,the city has grown and it is now necessary toestablish the printing plant in some more ruralplace, where land can be secured for the homes of theempioyees. Those who are connected with our offices ofpublication should not be obliged to live in the crowdedcities. They should have opportunity to obtain homeswhere they will be able to live without requiringhigh wages.
2508	DONATEFUNDAMENTALS OF CHRISTIANEDUCATION P.492.3• Instruction has also been given that the Pacific Press shouldbe moved from Oakland. As the years have passed by,the city has grown and it is now necessary toestablish the printing plant in some more ruralplace, where land can be secured for the homes of theempioyees. Those who are connected with our offices ofpublication should not be obliged to live in the crowdedcities. They should have opportunity to obtain homeswhere they will be able to live without requiringhigh wages.
2514	DONATEFUNDAMENTALS OF CHRISTIANEDUCATION P.492.3• Instruction has also been given that the Pacific Press shouldbe moved from Oakland. As the years have passed by,the city has grown and it is now necessary toestablish the printing plant in some more ruralplace, where land can be secured for the homes of theempioyees. Those who are connected with our offices ofpublication should not be obliged to live in the crowdedcities. They should have opportunity to obtain homeswhere they will be able to live without requiringhigh wages.
2520	DONATEFUNDAMENTALS OF CHRISTIANEDUCATION P.492.3• Instruction has also been given that the Pacific Press shouldbe moved from Oakland. As the years have passed by,the city has grown and it is now necessary toestablish the printing plant in some more ruralplace, where land can be secured for the homes of theempioyees. Those who are connected with our offices ofpublication should not be obliged to live in the crowdedcities. They should have opportunity to obtain homeswhere they will be able to live without requiringhigh wages.
2526	DONATEFUNDAMENTALS OF CHRISTIANEDUCATION P.492.3• Instruction has also been given that the Pacific Press shouldbe moved from Oakland. As the years have passed by,the city has grown and it is now necessary toestablish the printing plant in some more ruralplace, where land can be secured for the homes of theempioyees. Those who are connected with our offices ofpublication should not be obliged to live in the crowdedcities. They should have opportunity to obtain homeswhere they will be able to live without requiringhigh wages.
2532	DONATEFUNDAMENTALS OF CHRISTIANEDUCATION P.492.3• Instruction has also been given that the Pacific Press shouldbe moved from Oakland. As the years have passed by,the city has grown and it is now necessary toestablish the printing plant in some more ruralplace, where land can be secured for the homes of theempioyees. Those who are connected with our offices ofpublication should not be obliged to live in the crowdedcities. They should have opportunity to obtain homeswhere they will be able to live without requiringhigh wages.
2538	DONATEFUNDAMENTALS OF CHRISTIANEDUCATION P.492.3• Instruction has also been given that the Pacific Press shouldbe moved from Oakland. As the years have passed by,the city has grown and it is now necessary toestablish the printing plant in some more ruralplace, where land can be secured for the homes of theempioyees. Those who are connected with our offices ofpublication should not be obliged to live in the crowdedcities. They should have opportunity to obtain homeswhere they will be able to live without requiringhigh wages.
2544	DONATEFUNDAMENTALS OF CHRISTIANEDUCATION P.492.3• Instruction has also been given that the Pacific Press shouldbe moved from Oakland. As the years have passed by,the city has grown and it is now necessary toestablish the printing plant in some more ruralplace, where land can be secured for the homes of theempioyees. Those who are connected with our offices ofpublication should not be obliged to live in the crowdedcities. They should have opportunity to obtain homeswhere they will be able to live without requiringhigh wages.
2550	DONATEFUNDAMENTALS OF CHRISTIANEDUCATION P.492.3• Instruction has also been given that the Pacific Press shouldbe moved from Oakland. As the years have passed by,the city has grown and it is now necessary toestablish the printing plant in some more ruralplace, where land can be secured for the homes of theempioyees. Those who are connected with our offices ofpublication should not be obliged to live in the crowdedcities. They should have opportunity to obtain homeswhere they will be able to live without requiringhigh wages.
2556	DONATEFUNDAMENTALS OF CHRISTIANEDUCATION P.492.3• Instruction has also been given that the Pacific Press shouldbe moved from Oakland. As the years have passed by,the city has grown and it is now necessary toestablish the printing plant in some more ruralplace, where land can be secured for the homes of theemployees. Those who are connected with our offices ofpublication should not be obliged to live in the crowdedcities. They should have opportunity to obtain homeswhere they will be able to live without requiringhigh wages.0000900
2562	DONATEFUNDAMENTALS OF CHRISTIANEDUCATION P.492.3• Instruction has also been given that the Pacific Press shouldbe moved from Oakland. As the years have passed by,the city has grown and it is now necessary toestablish the printing plant in some more ruralplace, where land can be secured for the homes of theemployees. Those who are connected with our offices ofpublication should not be obliged to live in the crowdedcities. They should have opportunity to obtain homeswhere they will be able to live without requiringhigh wages.0000900
2568	DONATEFUNDAMENTALS OF CHRISTIANEDUCATION P.492.3• Instruction has also been given that the Pacific Press shouldbe moved from Oakland. As the years have passed by,the city has grown and it is now necessary toestablish the printing plant in some more ruralplace, where land can be secured for the homes of theemployees. Those who are connected with our offices ofpublication should not be obliged to live in the crowdedcities. They should have opportunity to obtain homeswhere they will be able to live without requiringhigh wages.
2574	DONATEFUNDAMENTALS OF CHRISTIANEDUCATION P.492.3• Instruction has also been given that the Pacific Press shouldbe moved from Oakland. As the years have passed by,the city has grown and it is now necessary toestablish the printing plant in some more ruralplace, where land can be secured for the homes of theemployees. Those who are connected with our offices ofpublication should not be obliged to live in the crowdedcities. They should have opportunity to obtain homeswhere they will be able to live without requiringhigh wages.
2580	DONATEFUNDAMENTALS OF CHRISTIANEDUCATION P.492.3• Instruction has also been given that the Pacific Press shouldbe moved from Oakland. As the years have passed by,the city has grown and it is now necessary toestablish the printing plant in some more ruralplace, where land can be secured for the homes of theemployees. Those who are connected with our offices ofpublication should not be obliged to live in the crowdedcities. They should have opportunity to obtain homeswhere they will be able to live without requiringhigh wages.
2586	DONATE21MR 90.3• Be assured that the call is for our people tolocate miles away from the large cities.One look at San Francisco as it is today wouldspeak to your intelligent minds, showing you thenecessity of getting out of the cities.00009000
2592	DONATE21MR 90.3• Be assured that the call is for our people tolocate miles away from the large cities.One look at San Francisco as it is today wouldspeak to your intelligent minds, showing you thenecessity of getting out of the cities.0000900e
2598	DONATE21MR 90.3• Be assured that the call is for our people tolocate miles away from the large cities.One look at San Francisco as it is today wouldspeak to your intelligent minds, showing you thenecessity of getting out of the cities.00009000
2604	DONATE21MR 90.3• Be assured that the call is for our people tolocate miles away from the large cities.One look at San Francisco as it is today wouldspeak to your intelligent minds, showing you thenecessity of getting out of the cities.00009000
2610	DONATE21MR 90.3• Be assured that the call is for our people tolocate miles away from the large cities.One look at San Francisco as it is today wouldspeak to your intelligent minds, showing you thenecessity of getting out of the cities.00009000
2616	DONATE21MR 90.3• Be assured that the call is for our people tolocate miles away from the large cities.One look at San Francisco as it is today wouldspeak to your intelligent minds, showing you thenecessity of getting out of the cities.
2622	DONATE21MR 90.3• Be assured that the call is for our people tolocate miles away from the large cities.One look at San Francisco as it is today wouldspeak to your intelligent minds, showing you thenecessity of getting out of the cities.
2628	DONATE21MR 90.3• Be assured that the call is for our people tolocate miles away from the large cities.One look at San Francisco as it is today wouldspeak to your intelligent minds, showing you thenecessity of getting out of the cities.
2634	DONATE21MR 90.3• Be assured that the call is for our people tolocate miles away from the large cities.One look at San Francisco as it is today wouldspeak to your intelligent minds, showing you thenecessity of getting out of the cities.
2640	DONATE21MR 90.3• Be assured that the call is for our people tolocate miles away from the large cities.One look at San Francisco as it is today wouldspeak to your intelligent minds, showing you thenecessity of getting out of the cities.
2646	DONATE21MR 90.3• Be assured that the call is for our people tolocate miles away from the large cities.One look at San Francisco as it is today wouldspeak to your intelligent minds, showing you thenecessity of getting out of the cities.
2652	DONATE21MR 90.3• Be assured that the call is for our people tolocate miles away from the large cities.One look at San Francisco as it is today wouldspeak to your intelligent minds, showing you thenecessity of getting out of the cities.
2658	DONATE21MR 90.3• Be assured that the call is for our people tolocate miles away from the large cities.One look at San Francisco as it is today wouldspeak to your intelligent minds, showing you thenecessity of getting out of the cities.
2664	DONATE21MR 90.3• Be assured that the call is for our people tolocate miles away from the large cities.One look at San Francisco as it is today wouldspeak to your intelligent minds, showing you thenecessity of getting out of the cities.
2670	DONATE21MR 90.3• Be assured that the call is for our people tolocate miles away from the large cities.One look at San Francisco as it is today wouldspeak to your intelligent minds, showing you thenecessity of getting out of the cities.
2676	DONATEPUBLISHING MINISTRY P.186.3• In regard to establishing the institution in NewYork, I must say, Be guarded. I am not in favor ofits being near New York. I cannot give all myreasons, but I am sure that,any place withinthirty miles of that city would be too near.• Average wagon pace of 3.5mph would make this distance8.5 hours00009009
2682	PUBLISHING MINISTRY P.186.3• In regard to establishing the institution in NewYork, I must say, Be guarded. I am not in favor ofits being near New York. I cannot give all myreasons, but I am sure that any place withinthirty miles of that city would be too near.• Average wagon pace of 3.5mph would make this distance8.5 hours00009000
2688	DONATEPUBLISHING MINISTRY P.186.3• In regard to establishing the institution in NewYork, I must say, Be guarded. I am not in favor ofits being near New York. I cannot give all myreasons, but I am sure that any place withinthirty miles of that city would be too near.• Average wagon pace of 3.5mph would make this distance8.5 hours00008000
2694	DONATEPUBLISHING MINISTRY P.186.3• In regard to establishing the institution in NewYork, I must say, Be guarded. I am not in favor ofits being near New York. I cannot give all myreasons, but I am sure that any place withinthirty miles of that city would be too near.• Average wagon pace of 3.5mph would make this distance8.5 hours
2700	DONATEPUBLISHING MINISTRY P.186.3• In regard to establishing the institution in NewYork, I must say, Be guarded. I am not in favor ofits being near New York. I cannot give all myreasons, but I am sure that any place withinthirty miles of that city would be too near.• Average wagon pace of 3.5mph would make this distance8.5 hours :0000000
2706	DONATEPUBLISHING MINISTRY P.186.3• In regard to establishing the institution in NewYork, I must say, Be guarded. I am not in favor ofits being near New York. I cannot give all myreasons, but I am sure that any place withinthirty miles of that city would be too near.• Average wagon pace of 3.5mph would make this distance8.5 hours *
2712	DONATEPUBLISHING MINISTRY P.186.3• In regard to establishing the institution in NewYork, I must say, Be guarded. I am not in favor ofits being near New York. I cannot give all myreasons, but I am sure that any place withinthirty miles of that city would be too near.• Average wagon pace of 3.5mph would make this distance8.5 hours *
2718	PUBLISHING MINISTRY P.186.3• In regard to establishing the institution in NewYork, I must say, Be guarded. I am not in favor ofits being near New York. I cannot give all myreasons, but I am sure that any place withinthirty miles of that city would be too near.• Average wagon pace of 3.5mph would make this distance8.5 hours *
2724	DONATELAST DAY EVENTS P.107.5• As I have looked over this property I pronounce it tobe superior in many respects. The school could not belocated in a better spot. It is eight miles from St.Helena, and is free from city temptations....• Average wagon pace of 3.5mph would make this distance2.3 hours0000960
2730	DONATELAST DAY EVENTS P.107.5• As I have looked over this property I pronounce it tobe superior in many respects. The school could not belocated in a better spot. It is eight miles from St.Helena, and is free from city temptations....• Average wagon pace of 3.5mph would make this distance2.3 hours0000000
2736	DONATELAST DAY EVENTS P.107.5• As I have looked over this property I pronounce it tobe superior in many respects. The school could not belocated in a better spot. It is eight miles from St.Helena, and is free from city temptations....• Average wagon pace of 3.5mph would make this distance2.3 hours00000000
2742	DONATELAST DAY EVENTS P.107.5• As I have looked over this property I pronounce it tobe superior in many respects. The school could not belocated in a better spot. It is eight miles from St.Helena, and is free from city temptations...• Average wagon pace of 3.5mph would make this distance2.3 hours
2748	DONATELAST DAY EVENTS P.107.5• As I have looked over this property I pronounce it tobe superior in many respects. The school could not belocated in a better spot. It is eight miles from St.Helena, and is free from city temptations....• Average wagon pace of 3.5mph would make this distance2.3 hours00200000
2754	DONATELAST DAY EVENTS P.107.5• As I have looked over this property I pronounce it tobe superior in many respects. The school could not belocated in a better spot. It is eight miles from St.Helena, and is free from city temptations....• Average wagon pace of 3.5mph would make this distance2.3 hours
2760	DONATELAST DAY EVENTS P.107.5• As I have looked over this property I pronounce it tobe superior in many respects. The school could not belocated in a better spot. It is eight miles from St.Helena, and is free from city temptations....• Average wagon pace of 3.5mph would make this distance2.3 hours
2766	DONATELAST DAY EVENTS P.107.5• As I have looked over this property I pronounce it tobe superior in many respects. The school could not belocated in a better spot. It is eight miles from St.Helena, and is free from city temptations....• Average wagon pace of 3.5mph would make this distance2.3 hours
2772	DONATELAST DAY EVENTS P.107.5• As I have looked over this property I pronounce it tobe superior in many respects. The school could not belocated in a better spot. It is eight miles from St.Helena, and is free from city temptations....• Average wagon pace of 3.5mph would make this distance2.3 hours
2778	DONATELAST DAY EVENTS P.107.5• As I have looked over this property I pronounce it tobe superior in many respects. The school could not belocated in a better spot. It is eight miles from St.Helena, and is free from city temptations....• Average wagon pace of 3.5mph would make this distance2.3 hours
2784	DONATELAST DAY EVENTS P.107.5• As I have looked over this property I pronounce it tobe superior in many respects. The school could not belocated in a better spot. It is eight miles from St.Helena, and is free from city temptations....• Average wagon pace of 3.5mph would make this distance2.3 hours
2790	DONATELAST DAY EVENTS P.107.5• As I have looked over this property I pronounce it tobe superior in many respects. The school could not belocated in a better spot. It is eight miles from St.Helena, and is free from city temptations....• Average wagon pace of 3.5mph would make this distance2.3 hours
2796	DONATELAST DAY EVENTS P.107.5• As I have looked over this property I pronounce it tobe superior in many respects. The school could not belocated in a better spot. It is eight miles from St.Helena, and is free from city temptations....• Average wagon pace of 3.5mph would make this distance2.3 hours
2802	DONATELAST DAY EVENTS P.107.5• As I have looked over this property I pronounce it tobe superior in many respects. The school could not belocated in a better spot. It is eight miles from St.Helena, and is free from city temptations....• Average wagon pace of 3.5mph would make this distance2.3 hours
2808	DONATELAST DAY EVENTS P.107.5• As I have looked over this property I pronounce it tobe superior in many respects. The school could not belocated in a better spot. It is eight miles from St.Helena, and is free from city temptations....• Average wagon pace of 3.5mph would make this distance2.3 hours
2814	DONATELAST DAY EVENTS P.107.5• As I have looked over this property I pronounce it tobe superior in many respects. The school could not belocated in a better spot. It is eight miles from St.Helena, and is free from city temptations....• Average wagon pace of 3.5mph would make this distance2.3 hours
2820	DONATELAST DAY EVENTS P.107.5• As I have looked over this property I pronounce it tobe superior in many respects. The school could not belocated in a better spot. It is eight miles from St.Helena, and is free from city temptations....• Average wagon pace of 3.5mph would make this distance2.3 hours
2826	DONATELAST DAY EVENTS P.107.5• As I have looked over this property I pronounce it tobe superior in many respects. The school could not belocated in a better spot. It is eight miles from St.Helena, and is free from city temptations....• Average wagon pace of 3.5mph would make this distance2.3 hours
2832	DONATELAST DAY EVENTS P.107.5• As I have looked over this property I pronounce it tobe superior in many respects. The school could not belocated in a better spot. It is eight miles from St.Helena, and is free from city temptations....• Average wagon pace of 3.5mph would make this distance2.3 hours
2838	DONATELAST DAY EVENTS P.107.5• As I have looked over this property I pronounce it tobe superior in many respects. The school could not belocated in a better spot. It is eight miles from St.Helena, and is free from city temptations....• Average wagon pace of 3.5mph would make this distance2.3 hours00008
2844	DONATELAST DAY EVENTS P.107.5• As I have looked over this property I pronounce it tobe superior in many respects. The school could not belocated in a better spot. It is eight miles from St.Helena, and is free from city temptations....• Average wagon pace of 3.5mph would make this distance2.3 hours00053
2850	DONATE• Away from the city• Able to Raise Provisions• Rural3 Houses not crowded• Free from interference ofenemies• Elbow room• Garden0000900CRITERIA FOR ACOUNTRY PROPERTY• Retired Country• Secluded places among themountains• Cultivatable• Raise Produce• Not flat plains withoutmountains• All for the Crisis• Space enough foruncultivated area• Land, Orchards,Vegetables, small Fruits• Minimum 2 Hours from aLarge City• Able to Settle/Homestead• Direct contact to nature
2856	DONATE• Away from the city• Able to Raise Provisions• Rural• Houses not crowded• Free from interference ofenemies• Elbow room• Garden00009CRITERIA FOR ACOUNTRY PROPERTY• Retired Country• Secluded places among themountains• Cultivatable• Raise Produce• Not flat plains withoutmountains• All for the Crisis• Space enough forunculuvated area• Land, Orchards,Vegetables, small Fruits• Minimum 2 Hours from aLarge City• Able to Settle/Homestead• Direct contact to nature
2862	DONATE• Away from the city• Able to Raise Provisions• Rural• Houses not crowded• Free from interference ofenemies• Elbow room• Garden000008CRITERIA FOR ACOUNTRY PROPERTY• Retired Country• Secluded places among themountains• Cultivatable• Raise Produce• Not flat plains withoutmountains• All for the Crisis• Space enough forunculuvated area• Land, Orchards,Vegetables, small Fruits• Minimum 2 Hours from aLarge City• Able to Settle/Homestead• Direct contact to nature
2868	DONATE• Away from the city• Able to Raise Provisions• Rural• Houses not crowded• Free from interference ofenemies• Elbow room• GardenCRITERIA FOR ACOUNTRY PROPERTY• Retired Country• Secluded places among themountains• Cultivatable• Raise Produce• Not flat plains withoutmountains• All for the Crisis• Space enough foruncultivated area• Land, Orchards,Vegetables, small Fruits• Minimum 2 Hours from aLarge City• Able to Settle/Homestead• Direct contact to nature
2874	DONATE• Away from the city• Able to Raise Provisions• Rural• Houses not crowded• Free from interference ofenemies• Elbow room• GardenCRITERIA FOR ACOUNTRY PROPERTY• Retired Country• Secluded places among themountains• Cultivatable• Raise Produce• Not flat plains withoutmountains• All for the Crisis• Space enough forunculuvated area• Land, Orchards,Vegetables, small Fruits• Minimum 2 Hours from aLarge City• Able to Settle/Homestead• Direct contact to nature
2880	DONATE• Away from the city• Able to Raise Provisions• Rural• Houses not crowded• Free from interference ofenemies• Elbow room• GardenCRITERIA FOR ACOUNTRY PROPERTY• Retired Country• Secluded places among themountains• Cultivatable• Raise Produce• Not flat plains withoutmountains• All for the Crisis• Space enough foruncultivated area• Land, Orchards,Vegetables, small Fruits• Minimum 2 Hours from aLarge City• Able to Settle/Homestead• Direct contact to nature
2886	DONATE• Away from the city• Able to Raise Provisions• Rural• Houses not crowded• Free from interference ofenemies• Elbow room• GardenCRITERIA FOR ACOUNTRY PROPERTY• Retired Country• Secluded places among themountains• Cultivatable• Raise Produce• Not flat plains withoutmountains• All for the Crisis• Space enough forunculuvated area• Land, Orchards,Vegetables, small Fruits• Minimum 2 Hours from aLarge City• Able to Settle/Homestead• Direct contact to nature
2892	DONATE• Away from the city• Able to Raise Provisions• Rural• Houscs not crowded• Free from interference ofenemies• Elbow room• GardenCRITERIA FOR ACOUNTRY PROPERTY• Retired Country• Secluded places among themountains• Cultivatable• Raise Produce• Not flat plains withoutmountains• All for the Crisis• Space enough foruncultivated area• Land, Orchards,Vegetables, small Fruits• Minimum 2 Hours from aLarge City• Able to Settle/Homestead• Direct contact to nature
2898	DONATE• Away from the city• Able to Raise Provisions• Rural• Houses not crowded• Free from interference ofenemies• Elbow room• GardenCRITERIA FOR ACOUNTRY PROPERTY• Retired Country• Secluded places among themountains• Cultivatable• Raise Produce• Not flat plains withoutmountains• All for the Crisis• Space enough foruncultivated area• Land, Orchards,Vegetables, small Fruits• Minimum 2 Hours from aLarge City• Able to Settle/Homestead• Direct contact to nature
2904	DONATE• Away from the city• Able to Raise Provisions• Rural• Houses not crowded• Free from interference ofenemies• Elbow room• GardenCRITERIA FOR ACOUNTRY PROPERTY• Retired Country• Secluded places among themountains• Cultivatable• Raise Produce• Not flat plains withoutmountains• All for the Crisis• Space enough forunculuivated area• Land, Orchards,Vegetables, small Fruits• Minimum 2 Hours from aLarge City• Able to Settle/Homestead• Direct contact to nature
2910	DONATE3 PILLARS OF ACOUNTRY PROPERTY• Land• Water• Wood0000900• How much• How to get it• How Much
2916	DONATE3 PILLARS OF ACOUNTRY PROPERTY• Land• Water• Wood• How much• How to get it• How Much
2922	DONATE3 PILLARS OF ACOUNTRY PROPERTY• Land• Water• Wood0000000• How much• How to get it• How Much
2928	DONATE3 PILLARS OF ACOUNTRY PROPERTY• Land• Water• Wood• How much• How to get it• How Much
2934	DONATE3 PILLARS OF ACOUNTRY PROPERTY• Land• Water• Wood• How much• How to get it• How Much
2940	DONATE3 PILLARS OF ACOUNTRY PROPERTY• Land• Water• Wood• How much• How to get it• How Much
2946	DONATE3 PILLARS OF ACOUNTRY PROPERTY• Land• Water• Wood• How much• How to get it• How Much
2952	DONATE3 PILLARS OF ACOUNTRY PROPERTY• Land• Water• Wood• How much• How to get it• How Much
2958	DONATE3 PILLARS OF ACOUNTRY PROPERTY• Land• Water• Wood• How much• How to get it• How Much
2964	DONATE3 PILLARS OF ACOUNTRY PROPERTY• Land• Water• Wood• How much• How to get it• How Much
2970	DONATE3 PILLARS OF ACOUNTRY PROPERTY• Land• Water• Wood• How much• How to get it• How Much
2976	DONATE3 PILLARS OF ACOUNTRY PROPERTY• Land• Water• Wood• How much• How to get it• How Much
2982	DONATE3 PILLARS OF ACOUNTRY PROPERTY• Land• Water• Wood• How much• How to get it• How Much
2988	DONATE3 PILLARS OF ACOUNTRY PROPERTY• Land• Water• Wood• How much• How to get it• How Much
2994	DONATE3 PILLARS OF ACOUNTRY PROPERTY• Land• Water• Wood• How much• How to get it• How Much
3000	DONATE3 PILLARS OF ACOUNTRY PROPERTY• Land• Water• Wood• How much• How to get it• How Much
3006	DONATE3 PILLARS OF ACOUNTRY PROPERTY• Land• Water• Wood• How much• How to get it• How Much
3012	DONATEAREAS OF A SELF-SUFFICIENTHOMESTEAD• Garden/Greenhouse• Livestock• Logging• Food Preservation• Household Essentials• Water System/Storage• Energy and PowerManagement• Natural Remedies• Construction• Education• Emergency
3018	DONATEAREAS OF A SELF-SUFFICIENTHOMESTEAD• Garden/Greenhouse• Livestock• Logging• Food Preservation• Household Essentials• Water System/Storage• Energy and PowerManagement• Natural Remedies• Construction• Education• Emergency
3024	DONATEAREAS OF A SELF-SUFFICIENTHOMESTEAD• Garden/Greenhouse• Livestock• Logging• Food Preservation• Household Essentials• Water System/Storage• Energy and PowerManagement• Natural Remedies• Construction• Education• Emergency
3030	DONATEAREAS OF A SELF-SUFFICIENTHOMESTEAD• Garden/Greenhouse• Livestock• Logging• Food Preservation• Household Essentials• Water System/Storage000006• Energy and PowerManagement• Natural Remedies• Construction• Education• Emergency
3036	DONATEAREAS OF A SELF-SUFFICIENTHOMESTEAD• Garden/Greenhouse• Livestock• Logging• Food Preservation• Household Essentials• Water System/Storage• Energy and PowerManagement• Natural Remedies• Construction• Education• Emergency
3042	DONATEAREAS OF A SELF-SUFFICIENTHOMESTEAD• Garden/Greenhouse• Livestock• Logging• Food Preservation• Household Essentials• Water System/Storage00009• Energy and PowerManagement• Natural Remedies• Construction• Education• Emergency
3048	DONATEAREAS OF A SELF-SUFFICIENTHOMESTEAD• Garden/Greenhouse• Livestock• Logging• Food Preservation• Household Essentials• Water System/Storage0000000• Energy and PowerManagement• Natural Remedies• Construction• Education• Emergency
3054	DONATEAREAS OF A SELF-SUFFICIENTHOMESTEAD• Garden/Greenhouse• Livestock• Logging• Food Preservation• Household Essentials• Water System/Storage• Energy and PowerManagement• Natural Remedies• Construction• Education• Emergency
3060	DONATEAREAS OF A SELF-SUFFICIENTHOMESTEAD• Garden/Greenhouse• Livestock• Logging• Food Preservation• Household Essentials• Water System/Storage• Energy and PowerManagement• Natural Remedies• Construction• Education• Emergency
3066	DONATEAREAS OF A SELF-SUFFICIENTHOMESTEAD• Garden/Greenhouse• Livestock• Logging• Food Preservation• Household Essentials• Water System/Storage• Energy and PowerManagement• Natural Remedies• Construction• Education• Emergency
3072	DONATEAREAS OF A SELF-SUFFICIENTHOMESTEAD• Garden/Greenhouse• Livestock• Logging• Food Preservation• Household Essentials• Water System/Storage000096• Energy and PowerManagement• Natural Remedies• Construction• Education• Emergency
3078	DONATEAREAS OF A SELF-SUFFICIENTHOMESTEAD• Garden/Greenhouse• Livestock• Logging• Food Preservation• Household Essentials •• Water System/Storage000004• Energy and PowerManagement• Natural Remedies• Construction• Education• Emergency
3084	DONATEAREAS OF A SELF-SUFFICIENTHOMESTEAD• Garden/Greenhouse• Livestock• Logging• Food Preservation• Household Essentials• Water System/Storage• Energy and PowerManagement• Natural Remedies• Construction• Education• Emergency
3090	DONATEAREAS OF A SELF-SUFFICIENTHOMESTEAD• Garden/Greenhouse• Livestock• Logging• Food Preservation• Household Essentials• Water System/Storage000096• Energy and PowerManagement• Natural Remedies• Construction• Education• Emergency
3096	DONATEAREAS OF A SELF-SUFFICIENTHOMESTEAD• Garden/Greenhouse• Livestock• Logging• Food Preservation• Household Essentials• Water System/Storage000096• Energy and PowerManagement• Natural Remedies• Construction• Education• Emergency
3102	DONATEAREAS OF A SELF-SUFFICIENTHOMESTEAD• Garden/Greenhouse• Livestock• Logging• Food Preservation• Household Essentials• Water System/Storage000006• Energy and PowerManagement• Natural Remedies• Construction• Education• Emergency
3108	DONATEAREAS OF A SELF-SUFFICIENTHOMESTEAD• Garden/Greenhouse• Livestock• Logging• Food Preservation• Household Essentials• Water System/Storage• Energy and PowerManagement• Natural Remedies• Construction• Education• Emergency
3114	DONATEAREAS OF A SELF-SUFFICIENTHOMESTEAD• Garden/Greenhouse• Livestock• Logging• Food Preservation• Household Essentials• Water System/Storage• Energy and PowerManagement• Natural Remedies• Construction™• Education• Emergency
3120	DONATEAREAS OF A SELF-SUFFICIENTHOMESTEAD• Garden/Greenhouse• Livestock• Logging• Food Preservation• Household Essentials• Water System/Storage• Energy and PowerManagement• Natural Remedies• Construction• Education• Emergency
3126	DONATEAREAS OF A SELF-SUFFICIENTHOMESTEAD• Garden/Greenhouse• Livestock• Logging• Food Preservation• Household Essentials• Water System/Storage• Energy and PowerManagement• Natural Remedies• Construction-• Education• Emergency
3132	DONATEAREAS OF A SELF-SUFFICIENTHOMESTEAD• Garden/Greenhouse• Livestock• Logging• Food Preservation• Household Essentials• Water System/Storage0000000• Energy and PowerManagement• Natural Remedies• Construction• Education• Emergency
3138	DONATEAREAS OF A SELF-SUFFICIENTHOMESTEAD• Garden/Greenhouse• Livestock• Logging• Food Preservation• Household Essentials• Water System/Storage• Energy and PowerManagement• Natural Remedies• Construction• Education:• Emergency
3144	DONATEAREAS OF A SELF-SUFFICIENTHOMESTEAD• Garden/Greenhouse• Livestock• Logging• Food Preservation• Household Essentials• Water System/Storage• Energy and PowerManagement• Natural Remedies• Construction• Education•• Emergency
3150	DONATEBROKINBLUE PRINT
3156	DONATEBRUBLUEKENPRINT
3162	DONATE
3168	DONATEGROWSOILS
3174	DONATE
3180	DONATEROoTCELLARINGTURAL COLD STORA
3186	DONATEROOTCELLARINGNATUNS CONSENSES
3192	DONATENOOTCELLARINGNATSH CAO MONAES
3198	DONATEROOTCELLARING
3204	DONATEROOTCELLARINGNINUI SCRUIEAES
3210	DONATEROOTCELLARINGNANCH SORCERES
3216	DONATEROOTCELLARINGNATION COOSIERAES
3222	DONATEROOTCELLARINGNINUE SHRCTAATE
3228	DONATEROOTCELLARINGMOM CORSING
3234	DONATERươT
3240	DONATE
3246	DONATE
3252	DONATE
3258	DONATE
3264	DONATE
3270	DONATE
3276	DONATE
3282	DONATE
3288	DONATEAREAS OF A SELF-SUFFICIENTHOMESTEAD• Garden/Greenhouse• Livestock• Logging• Food Preservation• Houschold Essentials• Water System/Storage• Energy and PowerManagement• Natural Remedies• Construction• Education• Emergency
3294	DONATEAREAS OF A SELF-SUFFICIENTHOMESTEAD• Garden/Greenhouse• Livestock• Logging• Food Preservation• Household Essentials• Water System/Storage• Energy and PowerManagement• Natural Remedies• Construction• Education• Emergency
3300	DONATEAREAS OF A SELF-SUFFICIENTHOMESTEAD• Garden/Greenhouse• Livestock• Logging• Food Preservation• Household Essentials• Water System/Storage• Energy and PowerManagement• Natural Remedies• Construction• Education• Emergency
3306	DONATEAREAS OF A SELF-SUFFICIENTHOMESTEAD• Garden/Greenhouse• Livestock• Logging• Food Preservation• Household Essentials• Water System/Storage• Energy and PowerManagement• Natural Remedies• Construction• Education• Emergency
3312	DONATEAREAS OF A SELF-SUFFICIENTHOMESTEAD• Garden/Greenhouse• Livestock• Logging• Food Preservation• Household Essentials• Water System/Storage• Energy and PowerManagement• Natural Remedies• Construction• Education• Emergency
3318	DONATEAREAS OF A SELF-SUFFICIENTHOMESTEAD• Garden/Greenhouse• Livestock• Logging• Food Preservation• Household Essentials• Water System/Storage• Energy and PowerManagement• Natural Remedies• Construction• Education• Emergency
3324	DONATEHOW MUCH LAND DO I NEED?• Garden: 5 Acres• Pasture: 10 Acres• Wood: 10 Acres• Pen/Paddock: 1 Acre• Buildings area: 1-3 Acres • Root Cellar• Roads: 1 Acre (min)31 Acres40+ Acres(my recommended size)000096
3330	DONATEHOW MUCH LAND DO I NEED?• Garden: 5 Acres• Pasture: 10 Acres• Wood: 10 Acres• Pen/Paddock: 1 Acre• Buildings area: 1-3 Acres • Root Cellar• Roads: 1 Acre (min)31 Acres40+ Acres(my recommended size)
3336	DONATEHOW MUCH LAND DO I NEED?• Garden: 5 Acres• Pasture: 10 Acres• Wood: 10 Acres• Pen/Paddock: 1 Acre• Buildings area: 1-3 Acres • Root Cellar• Roads: 1 Acre (min)31 Acres40+ Acres(my recommended size)
3342	DONATEHOW MUCH LAND DO I NEED?• Garden: 5 Acres• Wood: 10 Acres• Pasture: 10 Acres• Pen/Paddock: 1 Acre• Buildings area: 1-3 Acres • Root Cellar• Roads: 1 Acre (min)31 Acres40+ Acres(my recommended size)00009
3348	DONATEHOW MUCH LAND DO I NEED?• Garden: 5 Acres• Pasture: 10 Acres• Wood: 10 Acres• Pen/Paddock: 1 Acre• Buildings area: 1-3 Acres • Root Cellar• Roads: 1 Acre (min)31 Acres40+ Acres(my recommended size)00009
3354	DONATEHOW MUCH LAND DO I NEED?• Garden: 5 Acres• Pasture: 10 Acres• Wood: 10 Acres• Pen/Paddock: 1 Acre• Buildings area: 1-3 Acres • Root Cellar• Roads: 1 Acre (min)31 Acres40+ Acres(my recommended size)0000800
3360	DONATEHOW MUCH LAND DO I NEED?• Garden: 5 Acres• Pasture: 10 Acres• Wood: 10 Acres• Pen/Paddock: 1 Acre• Buildings area: 1-3 Acres • Root Cellar• Roads: 1 Acre (min)31 Acres40+ Acres(my recommended size)0020800
3366	DONATEHOW MUCH LAND DO I NEED?• Garden: 5 Acres• Pasture: 10 Acres• Wood: 10 Acres• Pen/Paddock: 1 Acre• Buildings area: 1-3 Acres • Root Cellar• Roads: 1 Acre (min)31 Acres40+ Acres(my recommended size)00009
3372	DONATEHOW MUCH LAND DO I NEED?• Garden: 5 Acres• Pasture: 10 Acres• Wood: 10 Acres• Pen/Paddock: 1 Acre• Buildings area: 1-3 Acres • Root Cellar• Roads: 1 Acre (min)31 Acres40+ Acres(my recommended size)
3378	DONATEHOW MUCH LAND DO I NEED?• Garden: 5 Acres• Pasture: 10 Acres• Wood: 10 Acres• Pen/Paddock: 1 Acre• Buildings area: 1-3 Acres • Root Cellar• Roads: 1 Acre (min)31 Acres40+ Acres(my recommended size)
3384	DONATEHOW MUCH LAND DO I NEED?• Garden: 5 Acres• Pasture: 10 Acres• Wood: 10 Acres• Pen/Paddock: 1 Acre• Buildings area: 1-3 Acres • Root Cellar• Roads: 1 Acre (min)31 Acres40+ Acres(my recommended size)
3390	DONATEHOW MUCH LAND DO I NEED?• Garden: 5 Acres• Pasture: 10 Acres• Wood: 10 Acres• Pen/Paddock: 1 Acre• Buildings area: 1-3 Acres • Root Cellar• Roads: 1 Acre (min)31 Acres40+ Acres(my recommended size)
3396	DONATEHOW MUCH LAND DO I NEED?• Garden: 5 Acres• Pasture: 10 Acres• Wood: 10 Acres• Pen/Paddock: 1 Acre• Buildings area: 1-3 Acres • Root Cellar• Roads: 1 Acre (min)31 Acres40+ Acres(my recommended size)
3402	DONATEHOW MUCH LAND DO I NEED?• Garden: 5 Acres• Pasture: 10 Acres• Wood: 10 Acres• Pen/Paddock: 1 Acre• Buildings area: 1-3 Acres • Root Cellar• Roads: 1 Acre (min)31 Acres40+ Acres(my recommended size)
3408	DONATEHOW MUCH LAND DO I NEED?• Garden: 5 Acres• Pasture: 10 Acres• Wood: 10 Acres• Pen/Paddock: 1 Acre• Buildings area: 1-3 Acres • Root Cellar• Roads: 1 Acre (min)31 Acres40+ Acres(my recommended size)
3414	DONATEHOW MUCH LAND DO I NEED?• Garden: 5 Acres• Pasture: 10 Acres• Wood: 10 Acres• Pen/Paddock: 1 Acre• Buildings area: 1-3 Acres • Root Cellar• Roads: 1 Acre (min)31 Acres40+ Acres(my recommended size)
3420	DONATEHOW MUCH LAND DO I NEED?• Garden: 5 Acres• Pasture: 10 Acres• Wood: 10 Acres• Pen/Paddock: 1 Acre• Buildings area: 1-3 Acres • Root Cellar• Roads: 1 Acre (min)31 Acres40+ Acres(my recommended size)
3426	DONATEHOW MUCH LAND DO I NEED?• Garden: 5 Acres• Pasture: 10 Acres• Wood: 10 Acres• Pen/Paddock: 1 Acre• Buildings area: 1-3 Acres • Root Cellar• Roads: 1 Acre (min)31 Acres40+ Acres(my recommended size)
3432	DONATEHOW MUCH LAND DO I NEED?• Garden: 5 Acres• Pasture: 10 Acres• Wood: 10 Acres• Pen/Paddock: 1 Acre• Buildings area: 1-3 Acres • Root Cellar• Roads: 1 Acre (min)31 Acres40+ Acres(my recommended size)
3438	DONATEHOW MUCH LAND DO I NEED?• Garden: 5 Acres• Pasture: 10 Acres• Wood: 10 Acres• Pen/Paddock: 1 Acre• Buildings area: 1-3 Acres • Root Cellar• Roads: 1 Acre (min)31 Acres40+ Acres(my recommended size)
3444	DONATEHOW MUCH LAND DO I NEED?• Garden: 5 Acres• Pasture: 10 Acres• Wood: 10 Acres• Pen/Paddock: 1 Acre• Buildings area: 1-3 Acres • Root Cellar• Roads: 1 Acre (min)31 Acres40+ Acres(my recommended size)
3450	DONATEHOW MUCH LAND DO I NEED?• Garden: 5 Acres• Pasture: 10 Acres• Wood: 10 Acres• Pen/Paddock: 1 Acre• Buildings area: 1-3 Acres • Root Cellar• Roads: 1 Acre (min)31 Acres40+ Acres(my recommended size)
3456	DONATEHOW MUCH LAND DO I NEED?• Garden: 5 Acres• Pasture: 10 Acres• Wood: 10 Acres• Pen/Paddock: 1 Acre• Buildings area: 1-3 Acres • Root Cellar• Roads: 1 Acre (min)31 Acres40+ Acres(my recommended size)
3462	DONATEHOW MUCH LAND DO I NEED?• Garden: 5 Acres• Pasture: 10 Acres• Wood: 10 Acres• Pen/Paddock: 1 Acre• Buildings area: 1-3 Acres • Root Cellar• Roads: 1 Acre (min)31 Acres40+ Acres(my recommended size)
3468	DONATEHOW MUCH LAND DO I NEED?• Garden: 5 Acres• Pasture: 10 Acres• Wood: 10 Acres• Pen/Paddock: 1 Acre• Buildings area: 1-3 Acres • Root Cellar• Roads: 1 Acre (min)31 Acres40+ Acres(my recommended size)
3474	DONATEHOW MUCH LAND DO I NEED?• Garden: 5 Acres• Pasture: 10 Acres• Wood: 10 Acres• Pen/Paddock: 1 Acre• Buildings area: 1-3 Acres • Root Cellar• Roads: 1 Acre (min)31 Acres40+ Acres(my recommended size)
3480	DONATEHOW MUCH LAND DO I NEED?• Garden: 5 Acres• Pasture: 10 Acres• Wood: 10 Acres• Pen/Paddock: 1 Acre• Buildings area: 1-3 Acres • Root Cellar• Roads: 1 Acre (min)31 Acres40+ Acres(my recommended size)
3486	DONATEHOW MUCH LAND DO I NEED?• Garden: 5 Acres• Pasture: 10 Acres• Wood: 10 Acres• Pen/Paddock: 1 Acre• Buildings area: 1-3 Acres • Root Cellar• Roads: 1 Acre (min)31 Acres40+ Acres(my recommended size)
3492	DONATEHOW MUCH LAND DO I NEED?• Garden: 5 Acres• Pasture: 10 Acres• Wood: 10 Acres• Pen/Paddock: 1 Acre• Buildings area: 1-3 Acres • Root Cellar• Roads: 1 Acre (min)31 Acres40+ Acres(my recommended size)
3498	DONATEHOW MUCH LAND DO I NEED?• Garden: 5 Acres• Pasture: 10 Acres• Wood: 10 Acres• Pen/Paddock: 1 Acre• Buildings area: 1-3 Acres • Root Cellar• Roads: 1 Acre (min)31 Acres40+ Acres(my recommended size)
3504	DONATEHOW MUCH LAND DO I NEED?• Garden: 5 Acres• Pasture: 10 Acres• Wood: 10 Acres• Pen/Paddock: 1 Acre• Buildings area: 1-3 Acres • Root Cellar• Roads: 1 Acre (min)31 Acres40+ Acres(my recommended size)
3510	DONATEHOW MUCH LAND DO I NEED?• Garden: 5 Acres• Pasture: 10 Acres• Wood: 10 Acres• Pen/Paddock: 1 Acre• Buildings area: 1-3 Acres • Root Cellar• Roads: 1 Acre (min)31 Acres40+ Acres(my recommended size)
3516	DONATEHOW MUCH LAND DO I NEED?• Garden: 5 Acres• Pasture: 10 Acres• Wood: 10 Acres• Pen/Paddock: 1 Acre• Buildings area: 1-3 Acres • Root Cellar• Roads: 1 Acre (min)31 Acres40+ Acres(my recommended size)
3522	DONATEHOW MUCH LAND DO I NEED?• Garden: 5 Acres• Pasture: 10 Acres• Wood: 10 Acres• Pen/Paddock: 1 Acre• Buildings area: 1-3 Acres • Root Cellar• Roads: 1 Acre (min)31 Acres40+ Acres(my recommended size)
3528	DONATEHOW MUCH LAND DO I NEED?• Garden: 5 Acres• Pasture: 10 Acres• Wood: 10 Acres• Pen/Paddock: 1 Acre• Buildings area: 1-3 Acres • Root Cellar• Roads: 1 Acre (min)31 Acres40+ Acres(my recommended size)
3534	DONATEHOW MUCH LAND DO I NEED?• Garden: 5 Acres• Pasture: 10 Acres• Wood: 10 Acres• Pen/Paddock: 1 Acre• Buildings area: 1-3 Acres • Root Cellar• Roads: 1 Acre (min)31 Acres40+ Acres(my recommended size)
3540	DONATEHOW MUCH LAND DO I NEED?• Garden: 5 Acres• Pasture: 10 Acres• Wood: 10 Acres• Pen/Paddock: 1 Acre• Buildings area: 1-3 Acres • Root Cellar• Roads: 1 Acre (min)31 Acres40+ Acres(my recommended size)
3546	DONATEHOW MUCH LAND DO I NEED?• Garden: 5 Acres• Pasture: 10 Acres• Wood: 10 Acres• Pen/Paddock: 1 Acre• Buildings area: 1-3 Acres • Root Cellar• Roads: 1 Acre (min)31 Acres40+ Acres(my recommended size)
3552	DONATEHOW MUCH LAND DO I NEED?• Garden: 5 Acres• Pasture: 10 Acres• Wood: 10 Acres• Pen/Paddock: 1 Acre• Buildings area: 1-3 Acres • Root Cellar• Roads: 1 Acre (min)31 Acres40+ Acres(my recommended size)
3558	DONATEHOW MUCH LAND DO I NEED?• Garden: 5 Acres• Pasture: 10 Acres• Wood: 10 Acres• Pen/Paddock: 1 Acre• Buildings area: 1-3 Acres • Root Cellar• Roads: 1 Acre (min)31 Acres40+ Acres(my recommended size)
3564	DONATEHOW MUCH LAND DO I NEED?• Garden: 5 Acres• Pasture: 10 Acres• Wood: 10 Acres• Pen/Paddock: 1 Acre• Buildings area: 1-3 Acres • Root Cellar• Roads: 1 Acre (min)31 Acres40+ Acres(my recommended size)
3570	DONATEHOW MUCH LAND DO I NEED?• Garden: 5 Acres• Pasture: 10 Acres• Wood: 10 Acres• Pen/Paddock: 1 Acre• Buildings area: 1-3 Acres • Root Cellar• Roads: 1 Acre (min)31 Acres40+ Acres(my recommended size)
3576	DONATEHOW MUCH LAND DO I NEED?• Garden: 5 Acres• Pasture: 10 Acres• Wood: 10 Acres• Pen/Paddock: 1 Acre• Buildings area: 1-3 Acres • Root Cellar• Roads: 1 Acre (min)31 Acres40+ Acres(my recommended size)
3582	DONATEHOW MUCH LAND DO I NEED?• Garden: 5 Acres• Pasture: 10 Acres• Wood: 10 Acres• Pen/Paddock: 1 Acre• Buildings area: 1-3 Acres • Root Cellar• Roads: 1 Acre (min)31 Acres40+ Acres(my recommended size)
3588	DONATEHOW MUCH LAND DO I NEED?• Garden: 5 Acres• Pasture: 10 Acres• Wood: 10 Acres• Pen/Paddock: 1 Acre• Buildings area: 1-3 Acres • Root Cellar• Roads: 1 Acre (min)31 Acres40+ Acres(my recommended size)
3594	Someone scanned the QR codeDONATEHOW MUCH LAND DO I NEED?• Garden: 5 Acres• Pasture: 10 Acres• Wood: 10 Acres• Pen/Paddock: 1 Acre• Buildings area: 1-3 Acres • Root Cellar• Roads: 1 Acre (min)31 Acres40+ Acres(my recommended size)
3600	DONATEHOW MUCH LAND DO I NEED?• Garden: 5 Acres• Pasture: 10 Acres• Wood: 10 Acres• Pen/Paddock: 1 Acre• Buildings area: 1-3 Acres • Root Cellar• Roads: 1 Acre (min)31 Acres40+ Acres(my recommended size)
3606	DONATEHOW MUCH LAND DO I NEED?• Garden: 5 Acres• Pasture: 10 Acres• Wood: 10 Acres• Pen/Paddock: 1 Acre• Buildings area: 1-3 Acres • Root Cellar• Roads: 1 Acre (min)31 Acres40+ Acres(my recommended size)
3612	DONATEHOW MUCH LAND DO I NEED?• Garden: 5 Acres• Pasture: 10 Acres• Wood: 10 Acres• Pen/Paddock: 1 Acre• Buildings area: 1-3 Acres • Root Cellar• Roads: 1 Acre (min)31 Acres40+ Acres(my recommended size)
3618	DONATEHOW MUCH LAND DO I NEED?• Garden: 5 Acres• Pasture: 10 Acres• Wood: 10 Acres• Pen/Paddock: 1 Acre• Buildings area: 1-3 Acres • Root Cellar• Roads: 1 Acre (min)31 Acres40+ Acres(my recommended size)
3624	DONATEHOW MUCH LAND DO I NEED?• Garden: 5 Acres• Pasture: 10 Acres• Wood: 10 Acres• Pen/Paddock: 1 Acre• Buildings area: 1-3 Acres • Root Cellar• Roads: 1 Acre (min)31 Acres40+ Acres(my recommended size)
3630	DONATEHOW MUCH LAND DO I NEED?• Garden: 5 Acres• Pasture: 10 Acres• Wood: 10 Acres• Pen/Paddock: 1 Acre• Buildings area: 1-3 Acres • Root Cellar• Roads: 1 Acre (min)31 Acres40+ Acres(my recommended size)
3636	DONATEHOW MUCH LAND DO I NEED?• Garden: 5 Acres• Pasture: 10 Acres• Wood: 10 Acres• Pen/Paddock: 1 Acre• Buildings area: 1-3 Acres • Root Cellar• Roads: 1 Acre (min)31 Acres40+ Acres(my recommended size)
3642	DONATEHOW MUCH LAND DO I NEED?• Garden: 5 Acres• Pasture: 10 Acres• Wood: 10 Acres• Pen/Paddock: 1 Acre• Buildings area: 1-3 Acres • Root Cellar• Roads: 1 Acre (min)31 Acres40+ Acres(my recommended size)
3648	DONATEHOW MUCH LAND DO I NEED?• Garden: 5 Acres• Pasture: 10 Acres• Wood: 10 Acres• Pen/Paddock: 1 Acre• Buildings area: 1-3 Acres • Root Cellar• Roads: 1 Acre (min)31 Acres40+ Acres(my recommended size)
3654	DONATEHOW MUCH LAND DO I NEED?• Garden: 5 Acres• Pasture: 10 Acres• Wood: 10 Acres• Pen/Paddock: 1 Acre• Buildings area: 1-3 Acres • Root Cellar• Roads: 1 Acre (min)31 Acres40+ Acres(my recommended size)
3660	DONATEHOW MUCH LAND DO I NEED?• Garden: 5 Acres• Pasture: 10 Acres• Wood: 10 Acres• Pen/Paddock: 1 Acre• Buildings area: 1-3 Acres • Root Cellar• Roads: 1 Acre (min)31 Acres40+ Acres(my recommended size)
3666	DONATEHOW MUCH LAND DO I NEED?• Garden: 5 Acres• Pasture: 10 Acres• Wood: 10 Acres• Pen/Paddock: 1 Acre• Buildings area: 1-3 Acres • Root Cellar• Roads: 1 Acre (min)31 Acres40+ Acres(my recommended size)
3672	DONATEHOW MUCH LAND DO I NEED?• Garden: 5 Acres• Pasture: 10 Acres• Wood: 10 Acres• Pen/Paddock: 1 Acre• Buildings area: 1-3 Acres • Root Cellar• Roads: 1 Acre (min)31 Acres40+ Acres(my recommended size)
3678	DONATEHOW MUCH LAND DO I NEED?• Garden: 5 Acres• Pasture: 10 Acres• Wood: 10 Acres• Pen/Paddock: 1 Acre• Buildings area: 1-3 Acres • Root Cellar• Roads: 1 Acre (min)31 Acres40+ Acres(my recommended size)
3684	DONATEHOW MUCH LAND DO I NEED?• Garden: 5 Acres• Pasture: 10 Acres• Wood: 10 Acres• Pen/Paddock: 1 Acre• Buildings area: 1-3 Acres • Root Cellar• Roads: 1 Acre (min)31 Acres40+ Acres(my recommended size)
3690	DONATEHOW MUCH LAND DO I NEED?• Garden: 5 Acres• Pasture: 10 Acres• Wood: 10 Acres• Pen/Paddock: 1 Acre• Buildings area: 1-3 Acres • Root Cellar• Roads: 1 Acre (min)31 Acres40+ Acres(my recommended size)
3696	DONATEHOW MUCH LAND DO I NEED?• Garden: 5 Acres• Pasture: 10 Acres• Wood: 10 Acres• Pen/Paddock: 1 Acre• Buildings area: 1-3 Acres • Root Cellar• Roads: 1 Acre (min)31 Acres40+ Acres(my recommended size)
3702	DONATEHOW MUCH LAND DO I NEED?• Garden: 5 Acres• Pasture: 10 Acres• Wood: 10 Acres• Pen/Paddock: 1 Acre• Buildings area: 1-3 Acres • Root Cellar• Roads: 1 Acre (min)31 Acres40+ Acres(my recommended size)
3708	DONATEHOW MUCH LAND DO I NEED?• Garden: 5 Acres• Pasture: 10 Acres• Wood: 10 Acres• Pen/Paddock: 1 Acre• Buildings area: 1-3 Acres • Root Cellar• Roads: 1 Acre (min)31 Acres40+ Acres(my recommended size)
3714	DONATEHOW MUCH LAND DO I NEED?• Garden: 5 Acres• Pasture: 10 Acres• Wood: 10 Acres• Pen/Paddock: 1 Acre• Buildings area: 1-3 Acres • Root Cellar• Roads: 1 Acre (min)31 Acres40+ Acres(my recommended size)
3720	DONATEHOW MUCH LAND DO I NEED?• Garden: 5 Acres• Pasture: 10 Acres• Wood: 10 Acres• Pen/Paddock: 1 Acre• Buildings area: 1-3 Acres • Root Cellar• Roads: 1 Acre (min)31 Acres40+ Acres(my recommended size)
3726	DONATEHOW MUCH LAND DO I NEED?• Garden: 5 Acres• Pasture: 10 Acres• Wood: 10 Acres• Pen/Paddock: 1 Acre• Buildings area: 1-3 Acres • Root Cellar• Roads: 1 Acre (min)31 Acres40+ Acres(my recommended size)
3732	DONATEHOW MUCH LAND DO I NEED?• Garden: 5 Acres• Pasture: 10 Acres• Wood: 10 Acres• Pen/Paddock: 1 Acre• Buildings area: 1-3 Acres • Root Cellar• Roads: 1 Acre (min)31 Acres40+ Acres(my recommended size)
3738	DONATEHOW MUCH LAND DO I NEED?• Garden: 5 Acres• Pasture: 10 Acres• Wood: 10 Acres• Pen/Paddock: 1 Acre• Buildings area: 1-3 Acres • Root Cellar• Roads: 1 Acre (min)31 Acres40+ Acres(my recommended size)
3744	DONATEHOW MUCH LAND DO I NEED?• Garden: 5 Acres• Pasture: 10 Acres• Wood: 10 Acres• Pen/Paddock: 1 Acre• Buildings area: 1-3 Acres • Root Cellar• Roads: 1 Acre (min)31 Acres40+ Acres(my recommended size)
3750	DONATEHOW MUCH LAND DO I NEED?• Garden: 5 Acres• Pasture: 10 Acres• Wood: 10 Acres• Pen/Paddock: 1 Acre• Buildings area: 1-3 Acres • Root Cellar• Roads: 1 Acre (min)31 Acres40+ Acres(my recommended size)
3756	DONATEHOW MUCH LAND DO I NEED?• Garden: 5 Acres• Pasture: 10 Acres• Wood: 10 Acres• Pen/Paddock: 1 Acre• Buildings area: 1-3 Acres • Root Cellar• Roads: 1 Acre (min)31 Acres40+ Acres(my recommended size)
3762	DONATEHOW MUCH LAND DO I NEED?• Garden: 5 Acres• Pasture: 10 Acres• Wood: 10 Acres• Pen/Paddock: 1 Acre• Buildings area: 1-3 Acres • Root Cellar• Roads: 1 Acre (min)31 Acres40+ Acres(my recommended size)
3768	DONATEHOW MUCH LAND DO I NEED?• Garden: 5 Acres• Pasture: 10 Acres• Wood: 10 Acres• Pen/Paddock: 1 Acre• Buildings area: 1-3 Acres • Root Cellar• Roads: 1 Acre (min)31 Acres40+ Acres(my recommended size)
3774	DONATEHOW MUCH LAND DO I NEED?• Garden: 5 Acres• Pasture: 10 Acres• Wood: 10 Acres• Pen/Paddock: 1 Acre• Buildings area: 1-3 Acres • Root Cellar• Roads: 1 Acre (min)31 Acres40+ Acres(my recommended size)
3780	DONATEHOW MUCH LAND DO I NEED?• Garden: 5 Acres• Pasture: 10 Acres• Wood: 10 Acres• Pen/Paddock: 1 Acre• Buildings area: 1-3 Acres • Root Cellar• Roads: 1 Acre (min)31 Acres40+ Acres(my recommended size)
3786	DONATEHOW MUCH LAND DO I NEED?• Garden: 5 Acres• Pasture: 10 Acres• Wood: 10 Acres• Pen/Paddock: 1 Acre• Buildings area: 1-3 Acres • Root Cellar• Roads: 1 Acre (min)31 Acres40+ Acres(my recommended size)
3792	DONATEHOW MUCH LAND DO I NEED?• Garden: 5 Acres• Pasture: 10 Acres• Wood: 10 Acres• Pen/Paddock: 1 Acre• Buildings area: 1-3 Acres • Root Cellar• Roads: 1 Acre (min)31 Acres40+ Acres(my recommended size)
3798	DONATEHOW MUCH LAND DO I NEED?• Garden: 5 Acres• Pasture: 10 Acres• Wood: 10 Acres• Pen/Paddock: 1 Acre• Buildings area: 1-3 Acres • Root Cellar• Roads: 1 Acre (min)31 Acres40+ Acres(my recommended size)
3804	DONATEHOW MUCH LAND DO I NEED?• Garden: 5 Acres• Pasture: 10 Acres• Wood: 10 Acres• Pen/Paddock: 1 Acre• Buildings area: 1-3 Acres • Root Cellar• Roads: 1 Acre (min)31 Acres40+ Acres(my recommended size)
3810	DONATEHOW MUCH LAND DO I NEED?• Garden: 5 Acres• Pasture: 10 Acres• Wood: 10 Acres• Pen/Paddock: 1 Acre• Buildings area: 1-3 Acres • Root Cellar• Roads: 1 Acre (min)31 Acres40+ Acres(my recommended size)
3816	DONATEHOW MUCH LAND DO I NEED?• Garden: 5 Acres• Pasture: 10 Acres• Wood: 10 Acres• Pen/Paddock: 1 Acre• Buildings area: 1-3 Acres • Root Cellar• Roads: 1 Acre (min)31 Acres40+ Acres(my recommended size)
3822	DONATEHOW MUCH LAND DO I NEED?• Garden: 5 Acres• Pasture: 10 Acres• Wood: 10 Acres• Pen/Paddock: 1 Acre• Buildings area: 1-3 Acres • Root Cellar• Roads: 1 Acre (min)31 Acres40+ Acres(my recommended size)
3828	DONATEHOW MUCH LAND DO I NEED?• Garden: 5 Acres• Pasture: 10 Acres• Wood: 10 Acres• Pen/Paddock: 1 Acre• Buildings area: 1-3 Acres • Root Cellar• Roads: 1 Acre (min)31 Acres40+ Acres(my recommended size)
3834	DONATEHOW MUCH LAND DO I NEED?• Garden: 5 Acres• Pasture: 10 Acres• Wood: 10 Acres• Pen/Paddock: 1 Acre• Buildings area: 1-3 Acres • Root Cellar• Roads: 1 Acre (min)31 Acres40+ Acres(my recommended size)
3840	DONATEHOW MUCH LAND DO I NEED?• Garden: 5 Acres• Pasture: 10 Acres• Wood: 10 Acres• Pen/Paddock: 1 Acre• Buildings area: 1-3 Acres • Root Cellar• Roads: 1 Acre (min)31 Acres40+ Acres(my recommended size)
3846	DONATEHOW MUCH LAND DO I NEED?• Garden: 5 Acres• Pasture: 10 Acres• Wood: 10 Acres• Pen/Paddock: 1 Acre• Buildings area: 1-3 Acres • Root Cellar• Roads: 1 Acre (min)31 Acres40+ Acres(my recommended size)
3852	DONATEHOW MUCH LAND DO I NEED?• Garden: 5 Acres• Pasture: 10 Acres• Wood: 10 Acres• Pen/Paddock: 1 Acre• Buildings area: 1-3 Acres • Root Cellar• Roads: 1 Acre (min)31 Acres40+ Acres(my recommended size)
3858	DONATEHOW MUCH LAND DO I NEED?• Garden: 5 Acres• Pasture: 10 Acres• Wood: 10 Acres• Pen/Paddock: 1 Acre• Buildings area: 1-3 Acres • Root Cellar• Roads: 1 Acre (min)31 Acres40+ Acres(my recommended size)
3864	DONATEHOW MUCH LAND DO I NEED?• Garden: 5 Acres• Pasture: 10 Acres• Wood: 10 Acres• Pen/Paddock: 1 Acre• Buildings area: 1-3 Acres • Root Cellar• Roads: 1 Acre (min)31 Acres40+ Acres(my recommended size)
3870	DONATEHOW MUCH LAND DO I NEED?• Garden: 5 Acres• Pasture: 10 Acres• Wood: 10 Acres• Pen/Paddock: 1 Acre• Buildings area: 1-3 Acres • Root Cellar• Roads: 1 Acre (min)31 Acres40+ Acres(my recommended size)
3876	DONATEHOW MUCH LAND DO I NEED?• Garden: 5 Acres• Pasture: 10 Acres• Wood: 10 Acres• Pen/Paddock: 1 Acre• Buildings area: 1-3 Acres • Root Cellar• Roads: 1 Acre (min)31 Acres40+ Acres(my recommended size)
3882	DONATEHOW MUCH LAND DO I NEED?• Garden: 5 Acres• Pasture: 10 Acres• Wood: 10 Acres• Pen/Paddock: 1 Acre• Buildings area: 1-3 Acres • Root Cellar• Roads: 1 Acre (min)31 Acres40+ Acres(my recommended size)
3888	DONATEHOW MUCH LAND DO I NEED?• Garden: 5 Acres• Pasture: 10 Acres• Wood: 10 Acres• Pen/Paddock: 1 Acre• Buildings area: 1-3 Acres • Root Cellar• Roads: 1 Acre (min)31 Acres40+ Acres(my recommended size)
3894	DONATEHOW MUCH LAND DO I NEED?• Garden: 5 Acres• Pasture: 10 Acres• Wood: 10 Acres• Pen/Paddock: 1 Acre• Buildings area: 1-3 Acres • Root Cellar• Roads: 1 Acre (min)31 Acres40+ Acres(my recommended size)
3900	DONATEHOW MUCH LAND DO I NEED?• Garden: 5 Acres• Pasture: 10 Acres• Wood: 10 Acres• Pen/Paddock: 1 Acre• Buildings area: 1-3 Acres • Root Cellar• Roads: 1 Acre (min)31 Acres40+ Acres(my recommended size)
3906	DONATEHOW MUCH LAND DO I NEED?• Garden: 5 Acres• Pasture: 10 Acres• Wood: 10 Acres• Pen/Paddock: 1 Acre• Buildings area: 1-3 Acres • Root Cellar• Roads: 1 Acre (min)31 Acres40+ Acres(my recommended size)
3912	DONATEHOW MUCH LAND DO I NEED?• Garden: 5 Acres• Pasture: 10 Acres• Wood: 10 Acres• Pen/Paddock: 1 Acre• Buildings area: 1-3 Acres • Root Cellar• Roads: 1 Acre (min)31 Acres40+ Acres(my recommended size)
3918	DONATEHOW MUCH LAND DO I NEED?• Garden: 5 Acres• Pasture: 10 Acres• Wood: 10 Acres• Pen/Paddock: 1 Acre• Buildings area: 1-3 Acres • Root Cellar• Roads: 1 Acre (min)31 Acres40+ Acres(my recommended size)
3924	DONATEHOW MUCH LAND DO I NEED?• Garden: 5 Acres• Pasture: 10 Acres• Wood: 10 Acres• Pen/Paddock: 1 Acre• Buildings area: 1-3 Acres • Root Cellar• Roads: 1 Acre (min)31 Acres40+ Acres(my recommended size)
3930	DONATEHOW MUCH LAND DO I NEED?• Garden: 5 Acres• Pasture: 10 Acres• Wood: 10 Acres• Pen/Paddock: 1 Acre• Buildings area: 1-3 Acres • Root Cellar• Roads: 1 Acre (min)31 Acres40+ Acres(my recommended size)
3936	DONATEHOW MUCH LAND DO I NEED?• Garden: 5 Acres• Pasture: 10 Acres• Wood: 10 Acres• Pen/Paddock: 1 Acre• Buildings area: 1-3 Acres • Root Cellar• Roads: 1 Acre (min)31 Acres40+ Acres(my recommended size)
3942	DONATEHOW MUCH LAND DO I NEED?• Garden: 5 Acres• Pasture: 10 Acres• Wood: 10 Acres• Pen/Paddock: 1 Acre• Buildings area: 1-3 Acres • Root Cellar• Roads: 1 Acre (min)31 Acres40+ Acres(my recommended size)
3948	DONATEEARLY WRITINGS P.34• In the time of trouble we all fled from the citiesand villages, but were pursued by the wicked, whoentered the houses of the saints with a sword. Theyraised the sword to kill us, but it broke, andfell as powerless as a straw.OOD09EO
3954	DONATEEARLY WRITINGS P.34• In the time of trouble we all fled from the citiesand villages, but were pursued by the wicked, whoentered the houses of the saints with a sword. Theyraised the sword to kill us, but it broke, andfell as powerless as a straw.
3960	DONATEEARLY WRITINGS P.34• In the time of trouble we all fled from the citiesand villages, but were pursued by the wicked, whoentered the houses of the saints with a sword. Theyraised the sword to kill us, but it broke, andfell as powerless as a straw.00009000
3966	DONATEEARLY WRITINGS P.34• In the time of trouble we all fled from the citiesand villages, but were pursued by the wicked, whoentered the houses of the saints with a sword. Theyraised the sword to kill us, but it broke, andfell as powerless as a straw.00009000
3972	DONATEEARLY WRITINGS P.34• In the time of trouble we all fled from the citiesand villages, but were pursued by the wicked, whoentered the houses of the saints with a sword. Theyraised the sword to kill us, but it broke, andfell as powerless as a straw.00009000
3978	DONATEEARLY WRITINGS P.34• In the time of trouble we all fled from the citiesand villages, but were pursued by the wicked, whoentered the houses of the saints with a sword. Theyraised the sword to kill us, but it broke, andfell as powerless as a straw.
3984	DONATEEARLY WRITINGS P.34• In the time of trouble we all fled from the citiesand villages, but were pursued by the wicked, whoentered the houses of the saints with a sword. Theyraised the sword to kill us, but it broke, andfell as powerless as a straw.CODOO
3990	DONATEEARLY WRITINGS P.34• In the time of trouble we all fled from the citiesand villages, but were pursued by the wicked, whoentered the houses of the saints with a sword. Theyraised the sword to kill us, but it broke, andfell as powerless as a straw.00009000
3996	DONATEEARLY WRITINGS P.34• In the time of trouble we all fled from the citiesand villages, but were pursued by the wicked, whoentered the houses of the saints with a sword. Theyraised the sword to kill us, but it broke, andfell as powerless as a straw.
4002	DONATEEARLY WRITINGS P.34• In the time of trouble we all fled from the citiesand villages, but were pursued by the wicked, whoentered the houses of the saints with a sword. Theyraised the sword to kill us, but it broke, andfell as powerless as a straw.
4008	DONATE
4014	DONATEHOW MUCH LAND DO I NEED?• Garden: 5 Acres• Pasture: 10 Acres• Wood: 10 Acres• Pen/Paddock: 1 Acre• Buildings area: 1-3 Acres • Root Cellar• Roads: 1 Acre (min)31 Acres40+ Acres(my recommended size)GO00900
4020	DONATEAREAS OF A SELF-SUFFICIENTHOMESTEAD• Garden/Greenhouse• Livestock• Logging• Food Preservation• Household Essentials• Water System/Storage0000960• Energy and PowerManagement• Natural Remedies• Construction• Education• Emergency
4026	DONATE• Away from the city• Able to Raise Provisions• Rural• Houses not crowded• Free from interference ofenemies• Elbow room• Garden000000CRITERIA FOR ACOUNTRY PROPERTY• Retired Country• Secluded places among themountains• Cultivatable• Raise Produce• Not flat plains withoutmountains• All for the Crisis• Space enough foruncultivated area• Land, Orchards,Vegetables, small Fruits• Minimum 2 Hours from aLarge City• Able to Settle/Homestead• Direct contact to nature
4032	DONATE• Away from the city• Able to Raise Provisions• Rural• Houses not crowded• Free from interference ofenemies• Elbow room• GardenCRITERIA FOR ACOUNTRY PROPERTY• Retired Country• Secluded places among themountains• Cultivatable• Raise Produce• Not flat plains withoutmountains• All for the Crisis• Space enough foruncultivated area• Land, Orchards,Vegetables, small Fruits• Minimum 2 Hours from aLarge City• Able to Settle/Homestead• Direct contact to nature
4038	DONATE• Away from the city• Able to Raise Provisions• Rural• Houses not crowded• Free from interference ofenemies• Elbow room• GardenCRITERIA FOR ACOUNTRY PROPERTY• Retired Country• Secluded places among themountains• Cultivatable• Raise Produce• Not flat plains withoutmountains• All for the Crisis• Space enough foruncultivated area• Land, Orchards,Vegetables, small Fruits• Minimum 2 Hours from aLarge City• Able to Settle/Homestead• Direct contact to nature
4044	DONATE• Away from the city• Able to Raise Provisions• Rural• Houses not crowded• Free from interference ofenemies• Elbow room• GardenCRITERIA FOR ACOUNTRY PROPERTY• Retired Country• Secluded places among themountains• Cultivatable• Raise Produce• Not flat plains withoutmountains• All for the Crisis• Space enough foruncultivated area• Land, Orchards,Vegetables, small Fruits• Minimum 2 Hours from aLarge City• Able to Settle/Homestead• Direct contact to nature
4050	DONATE• Away from the city• Able to Raise Provisions• Rural• Houses not crowded• Free from interference ofenemies• Elbow room• GardenCRITERIA FOR ACOUNTRY PROPERTY• Retired Country• Secluded places among themountains• Cultivatable• Raise Produce• Not flat plains withoutmountains• All for the Crisis• Space enough forunculuvated area• Land, Orchards,Vegetables, small Fruits• Minimum 2 Hours from aLarge City• Able to Settle/Homestead• Direct contact to nature
4056	DONATEHOW MUCH LAND DO I NEED?• Garden: 5 Acres• Pasture: 10 Acres• Wood: 10 Acres• Pen/Paddock: 1 Acre• Buildings area: 1-3 Acres • Root Cellar• Roads: 1 Acre (min)31 Acres40+ Acres(my recommended size)
4062	DONATEHOW MUCH LAND DO I NEED?• Garden: 5 Acres• Pasture: 10 Acres• Wood: 10 Acres• Pen/Paddock: 1 Acre• Buildings area: 1-3 Acres • Root Cellar• Roads: 1 Acre (min)31 Acres40+ Acres(my recommended size)
4068	DONATEHOW MUCH LAND DO I NEED?• Garden: 5 Acres• Pasture: 10 Acres• Wood: 10 Acres• Pen/Paddock: 1 Acre• Buildings area: 1-3 Acres • Root Cellar• Roads: 1 Acre (min)31 Acres40+ Acres(my recommended size)
4074	DONATEHOW MUCH LAND DO I NEED?• Garden: 5 Acres• Pasture: 10 Acres• Wood: 10 Acres• Pen/Paddock: 1 Acre• Buildings area: 1-3 Acres • Root Cellar• Roads: 1 Acre (min)31 Acres40+ Acres(my recommended size)
4080	DONATE
4086	DONATE
4092	DONATE
4098	DONATE
4104	DONATE
4110	DONATE
4116	DONATE
4122	DONATE
4128	DONATE
4134	DONATE
4140	DONATE
4146	DONATE
4152	DONATE
4158	DONATE
4164	DONATE
4170	DONATE
4176	DONATE
4182	DONATE
4188	DONATE
4194	DONATE
4200	DONATE
4206	DONATE
4212	DONATE
4218	DONATE
4224	DONATE
4230	DONATE
4236	DONATE
4242	DONATE
4248	DONATE
4254	DONATE
4260	DONATE
4266	DONATE
4272	DONATE
4278	DONATE
4284	DONATE
4290	DONATE
4296	DONATE
4302	DONATE
4308	DONATE
4314	DONATE
4320	DONATE
4326	DONATE
4332	DONATE
4338	DONATE
4344	DONATE
4350	GURASDONATE
4356	DONATE
4362	DONATE
4368	DONATE
4374	DONATE
4380	DONATE
4386	DONATE
4392	DONATE
4398	DONATE
4404	DONATE
4410	DONATE
4416	DONATE
4422	DONATE
4428	DONATE
4434	DONATE
4440	DONATE
4446	DONATE
4452	DONATE
4458	DONATE
4464	DONATE
4470	DONATE
4476	DONATE
4482	DONATE
4488	DONATE
4494	DONATE
4500	DONATE
4506	DONATE
4512	DONATE
4518	DONATE
4524	DONATE
4530	DONATE
4536	DONATE
4542	DONATE
4548	DONATE
4554	DONATE
4560	DONATE
4566	DONATE
4572	DONATE
4578	DONATE
4584	DONATE
4590	DONATE
4596	DONATE
4602	DONATE
4608	DONATE
4614	DONATE
4620	DONATE
4626	DONATE
4632	DONATE
4638	DONATE
4644	DONATE
4650	DONATE
4656	DONATE
4662	DONATE
4668	DONATE
4674	DONATE
4680	DONATE
4686	DONATE
4692	DONATE
4698	DONATE
4704	DONATE
4710	DONATE
4716	
4722	DONATE
4728	DONATE
4734	DONATE
4740	DONATE
4746	DONATE
4752	DONATE
4758	DONATE
4764	DONATE
4770	DONATE
4776	DONATE
4782	DONATE
4788	DONATE
4794	DONATE
4800	DONATE
4806	DONATE
4812	DONATE
4818	DONATE
4824	DONATE
4830	DONATE
4836	DONATE
4842	DONATE
4848	DONATE
4854	DONATE
4860	DONATE
4866	DONATE
4872	DONATE
4878	DONATE
4884	DONATE
4890	DONATE
4896	DONATE
4902	DONATE
4908	DONATE
4914	DONATE
4920	DONATECountryLivingEllen G. W
4926	DONATE
4932	DONATE
4938	DONATE
4944	DONATE
4950	DONATE
4956	DONATE
4962	DONATE
4968	DONATE
4974	DONATE
4980	DONATE
4986	DONATE
4992	DONATE
4998	DONATE
5004	DONATE
5010	DONATE
5016	DONATE
5022	DONATE
5028	DONATE
5034	DONATE
5040	DONATE
5046	DONATE
5052	DONATE
5058	DONATE
5064	DONATE
5070	DONATE
5076	
5082	DONATE
5088	
5094	DONATECountryLivingEllen G. WI
5100	DONATE
5106	DONATE
5112	DONATE
5118	DONATE
5124	DONATE
5130	DONATE
5136	DONATE
5142	DONATE
5148	DONATE
5154	DONATE
5160	DONATE
5166	DONATE
5172	DONATE
5178	DONATE
5184	DONATE
5190	DONATE
5196	DONATE
5202	
5208	DONATE
5214	DONATE
5220	DONATE
5226	DONATE
5232	DONATE
5238	DONATE
5244	DONATE
5250	DONATE
5256	DONATE
5262	DONATE
5268	DONATE
5274	DONATE
5280	DONATE
5286	DONATE
5292	DONATE
5298	DONATE
5304	DONATE
5310	DONATE
5316	DONATE
5322	DONATE
5328	DONATE
5334	DONATE
5340	DONATE
5346	DONATE
5352	DONATE
5358	DONATE
5364	DONATE
5370	DONATE
5376	DONATE
5382	DONATE
5388	DONATE
5394	DONATE
5400	DONATE
5406	DONATE
5412	DONATE
5418	DONATE
5424	DONATE
5430	DONATE
5436	DONATE
5442	DONATE
5448	DONATE
5454	DONATE
5460	DONATE
5466	DONATE
5472	DONATE
5478	DONATE
5484	DONATE
5490	DONATE
5496	DONATE
5502	DONATE
5508	DONATE
5514	DONATE
5520	DONATE
5526	DONATE
5532	DONATE
5538	DONATE
5544	DONATE
5550	DONATE
5556	DONATE
5562	DONATE
5568	DONATE
5574	DONATE
5580	DONATE
5586	DONATE
5592	DONATE
5598	DONATE
5604	DONATE
5610	DONATE
5616	DONATE
5622	DONATE
5628	DONATE
5634	DONATE
5640	DONATE
5646	DONATE
5652	DONATE
5658	DONATE
5664	DONATE
5670	DONATE
5676	DONATE
5682	DONATE
5688	DONATE
5694	DONATE
5700	DONATE
5706	DONATE
5712	DONATE
5718	DONATE
5724	DONATE
5730	DONATE
5736	DONATE
5742	DONATE
5748	DONATE
5754	DONATE
5760	DONATE
5766	DONATE
5772	DONATE
5778	DONATE
5784	DONATE
5790	DONATE
5796	DONATE
5802	DONATE
5808	DONATE
5814	DONATE
5820	DONATE
5826	DONATE
5832	DONATE
5838	DONATE
5844	DONATE
5850	DONATE
5856	DONATE
5862	DONATE
5868	DONATE
5874	DONATE
5880	DONATE
5886	DONATE
5892	DONATE
5898	DONATE
5904	DONATE
5910	DONATE
5916	DONATE
5922	DONATEFor more information on endtime events go to Bible studies under:judgmentdaydocumentary.com
5928	DONATEFor more information on endtime events go to Bible studies under:judgmentdaydocumentary.com
5934	DONATE
5940	DONATEIf you've been blessed, please support our work:https://amazingdiscoveries.org/explore-projects
5946	1Y Someone scanned the QR codeDONATEIf you've been blessed, please support our work:https://amazingdiscoveries.org/explore-projects
5952	DONATE
5958	DONATE
5964	DONATEGet our free resources - in digital or print:finalcountdown.amazingdiscoveries.org.
5970	DONATEGet our free resources - in digital or print:finalcountdown.amazingdiscoveries.org.
5976	DONATEGet our free resources - in digital or print:finalcountdown.amazingdiscoveries.org.
5982	DONATE
5988	DONATEApply for our Farm Program and learn how to grow your own garden.farm.amazingdiscoveries.org
5994	DONATEApply for our Farm Program and learn how to grow your own garden.farm.amazingdiscoveries.org
6000	DONATE
6006	DONATE
6012	DONATE
6018	DONATEFollow us on How to Country YouTube for gardening tipshttps://www.youtube.com/@howtocountry
6024	DONATEFollow us on How to Country YouTube for gardening tipshttps://www.youtube.com/@howtocountry
6030	DONATEFollow us on How to Country YouTube for gardening tipshttps://www.youtube.com/@howtocountry
6036	DONATE
6042	DONATE
6048	DONATE
6054	DONATE
6060	DONATECatch up on previous episodes at:finalcountdown.amazingdiscoveries.org
6066	DONATECatch up on previous episodes at:finalcountdown.amazingdiscoveries.org
6072	DONATECatch up on previous episodes at:finalcountdown.amazingdiscoveries.org
6078	DONATECatch up on previous episodes at:finalcountdown.amazingdiscoveries.org
6084	DONATE
6090	DONATE
6096	DONATE
6102	DONATETHEFINALCOUNTDOWNEND -TIMEEVENTSTIMELINELIVE STUDY SERIESNext Bible Study:July 5th at 5:30pm PSTSign-upfinalcountdown.amazingdiscoveries.org
6108	DONATETHEFINALCOUNTDOWNEND - TIMEEVENTSTIMELINELIVE STUDY SERIESNext Bible Study:July 5th at 5:30pm PSTSign-upfinalcountdown.amazingdiscoveries.org
6114	DONATETHEFINALCOUNTDOWNEND - TIMEEVENTSTIMELINELIVE STUDY SERIESNext Bible Study:July 5th at 5:30pm PSTSign-upfinalcountdown.amazingdiscoveries.org
