0	
6	Welcome! Thank You For Joining Us. Register here for study guides & future updates.finalcountdown.amazingdiscoveries.org
12	Welcome! Thank You For Joining Us. Register here for study guides & future updates.finalcountdown.amazingdiscoveries.org
18	Welcome! Thank You For Joining Us. Register here for study guides & future updates.finalcountdown.amazingdiscoveries.org
24	Welcome! Thank You For Joining Us. Register here for study guides & future updates.finalcountdown.amazingdiscoveries.org
30	
36	
42	
48	
54	
60	
66	
72	
78	
84	
90	
96	
102	
108	MacKenzie DrebitVice President
114	MacKenzie DrebitVice President
120	
126	
132	
138	
144	
150	
156	
162	
168	
174	
180	
186	
192	
198	
204	THEFINALCOUNTDOWNBIBLICAL PROPHETICTIMELINE
210	THEFINALCOUNTDOWNBIBLICAL PROPHETICTIMELINE
216	TIME OFTHE ENDOTTOMANFALLSDAY OFJ9TATONEMENTANGELSMESSAGE3hoANGELSMESSAGEMIDNIGHTCRYSUNDAYRIGHTEOUSNESS THE BEASTLAWBY FAITHOUT OF THE CITIESSEALING OF 144,000SHAKING4тHANGELSMESSAGEChart2NDANGELSMESSAGE19TSIEGE OFSUNDAYLAW2NGSIEGE OFSUNDAYLA VUNO-BUYNO-SELLINDUCEMENTSIMPRISONMENTLOUD CRYCLOSE OFPROBATIONTIME OFTROUBLEGROW YOUR OWN FOODNEVWORORDEBATTLE OARMAGEODSATANAPPEARSAS CHRISTTROUBLIDEATHDECREE12345613RD WOE1837 1843185017981840 1844JUDGMENT DAY STUDIES20**1888200120**20**
222	TIME OFTHE ENDOTTOMANFALLSJ9TANGELSMESSAGEDAY OFATONEMENT34oANGELSMESSAGEMIDNIGHTCRYSUNDAYRIGHTEOUSNESS THE BEASTLAWBY FAITHOUT OF THE CITIESCLOSE OFPROBATIONTIME OFTROUBLESEALING OF 144,000SHAKINGGROW YOUR OWN FOODATHANGELSMESSAGESIEGE OFSUNDAY1AWNEVWORORDEBATTLE OARMAGEDDChartChart2NDANGELSMESSAGE19TSIEGE OFSUNDAYLAWILNO-BUYNO-SELLSATANAPPEARSAS CHRISTINDUCEMENTSIMPRISONMENTTROUBLIDEATHDECREELOUD CRY12|345|613RD WOE1837 1843185017981840 1844© JUDGMENT OAY STUDIES20**1888200120**20**
228	TIME OFTHE ENDOTTOMANEMPIREFALLSJ9TANGELSMESSAGEDAY OFATONEMENT3ROANGELSMESSAGEMIDNIGHTCRYSUNDAYRIGHTEOUSNESS THE BEASTLAWBY FAITHOUT OF THE CITIESSEALING OF 144,000SHAKINGCLOSE OFPROBATIONTIME OFTROUBLEGROW YOUR OWN FOODATHANGELSMESSAGESIEGE OFSUNDAYLAWNEVWORORDEBATTLE'OARMAGEDDChartChart2NDANGELSMESSAGE19TSIEGE OFSUNDAYLAWNO-BUYNO-SELLSATANAPPEARSAS CHRISTTROUBLIDEATHDECREEIMPRISONMENTLOUD CRY12345|6113RD WOE1837 1843185017981840 1844© JUDGMENT OAY STUDIES20**1888200120**20**
234	TIME OFTHE ENDOTTOMANFALLSJSTANGELSMESSAGEDAY OFATONEMENT34oANGELSMESSAGEMIDNIGHTCRYSUNDAYRIGHTEOUSNESS THE BEASTLAWBY FAITHOUT OF THE CITIESSEALING OF 144,000SHAKINGCLOSE OFPROBATIONTIME OFTROUBLEGROW YOUR OWN FOODATHANGELSMESSAGESIEGE OFSUNDAYNEVWORORDIBATTLE OARMAGEDD1850Chart2NDANGELSMESSAGE19TSIEGE OFSUNDAYLAWNO-BUYNO-SELLSATANAPPEARSAS CHRISTINDUCEMENTSIMPRISONMENTTROUBLIDEATHDECREELOUD CRY12|3|45|613RD WOE1837 1843 185017981840 1844JUDGMENT DAY STUDIES20**1888200120**20**
240	TIME OFTHE ENDOTTOMANFALLSJ9TANGELSMESSAGEDAY OFATONEMENT34oANGELSMESSAGEMIDNIGHTCRYSUNDAYRIGHTEOUSNESS THE BEASTLAWBY FAITHOUT OF THE CITIESSEALING OF 144,000SHAKINGCLOSE OFPROBATIONTIME OFTROUBLEGROW YOUR OWN FOOD4THANGELSMESSAGE1850SIEGE OFSUNDAYNEVWORORDEBATTLE'OARMAGEDDChart2NDANGELSMESSAGE19TSIEGE OFSUNDAYLAWIL.NO-BUYNO-SELLSATANAPPEARSAS CHRISTINDUCEMENTSIMPRISONMENTTROUBLIDEATHDECREELOUD CRY12|345613RD WOE1837 1843185017981840 1844• JUDGMENT GAY STUDIES20**1888200120**20**
246	TIME OFTHE ENDOTTOMANEMPIREFALLS DAY OFATONEMENTISTANGELSMESSAGE3RDANGELSMESSAGEMIDNIGHTCRYIMAGE OFRIGHTEOUSNESS THE BEASTSUNDAYBY FAITHLAWOUT OF THE CITIÉSSEALING OF 144,000SHAKING4THANGELSMESSAGE2ND.SIEGE OFSUNDAYLAW1843Chart1850Chart2NDANGELSMESSAGE1STSIEGE OFSUNDAYLAWNO-BUYNO-SELLINDUCEMENTSIMPRISONMENTFINESLOUD CRYCLOSE OFPROBATIONTIME OFTROUBLEGROW YOUR OWN FOODNEWWORLDORDERBATTLE OFARMAGEDDONSATANAPPEARSAS CHRISTTURKEYREMOVED FROMJACOBSTROUBLE/DEATHDECREEMERUSALEM12|3|4|5|6|3HD WOE1837| 1843185017981840 1844JUDGMENT GAY STUDIES188820**200120**20
252	TIME OFTHE ENDOTTOMANEMPIREFALLS DAY OFATONEMENT7STANGELSMESSAGE3RDANGELSMESSAGEMIDNIGHTCRYIMAGE OFRIGHTEOUSNESS THE BEASTSUNDAYLAWBY FAITHOUT OF THE CITIÉSSEALING OF 144,000SHAKING4тHANGELSMESSAGE2NDSIEGE OFSUNDAYLAW1843Chart1850Chart2NDANGELSMESSAGEISTSIEGE OFSUNDAYLAWNO-BUYNO-SELLINDUCEMENTSIMPRISONMENTFINESLOUD CRYCLOSE OFPROBATIONTIME OFTROUBLEGROW YOUR OWN FOODNEWWORLDORDERBATTLE OFARMAGEDDONSA TĂNAPPEARSAS CHRISTTURKEYREMOVED FROMJACOBSTROUBLE/DEATHDECREEJERUSALEM1|2|3|4|5|6|73RD WOE1837 1843185017981840 1844JUDGMENT @AY STUDIES188820**200120**20
258	TIME OFTHE ENDOTTOMANEMPIREFALLS DAY OFATONEMENT1STANGELSMESSAGE3RDANGELSMESSAGEMIDNIGHTCRYIMAGE OFRIGHTEOUSNESS THE BEASTSUNDAYLAWBY FAITHOUT OF THE CITIÉSSEALING OF 144,000SHAKING4тHANGELSMESSAGE2NDSIEGE OFSUNDAYLAW1843Chart1850Chart2NDANGELSMESSAGEISTSIEGE OFSUNDAYLAWNO-BUYNO-SELLINDUCEMENTSIMPRISONMENTFINESCLOSE OFPROBATIONTIME OFTROUBLEGROW YOUR OWN FOODNEWWORLDORDERBATTLE OFARMAGEDDONSATANAPPEARSAS CHRISTJACOBSTROUBLE/DEATHDECREELOUD CRYTURKEYREMOVED FROMJERUSALEM1|2|3|4|5|63RD WOE1837 1843185017981840 1844JUDGMENT DAY STUDIES20**1888200120**20
264	TIME OFTHE ENDOTTOMANEMPIREFALLS DAY OFATONEMENT1STANGELSMESSAGE3RDANGELSMESSAGEMIDNIGHTCRYIMAGE OFRIGHTEOUSNESS THE BEASTSUNDAYLAWBY FAITHOUT OF THE CITIESSEALING OF 144,000SHAKING4THANGELSMESSAGE2NDSIEGE OFSUNDAYLAW1843Chart1850Chart2NDANGELSMESSAGEISTSIEGE OFSUNDAYLAWNO-BUYNO-SELLINDUCEMENTSIMPRISONMENTFINESCLOSE OFPROBATIONTIME OFTROUBLEGROW YOUR OWN FOODNEWWORLDORDERBATTLE OFARMAGEDDONAPPEARSAS CHRISTJACOBSTROUBLE/DEATHDECREELOUD CRYTURKEYREMOVED FROMJERUSALEM1|2|3|4|5|63RD WOE1837 1843185017981840 1844JUDGMENT DAY STUDIES188820**200120**20'
270	TIME OFTHE ENDOTTOMANEMPIREFALLS DAY OFATONEMENT1STANGELSMESSAGE3RDANGELSMESSAGEMIDNIGHTCRYIMAGE OFRIGHTEOUSNESS THE BEASTSUNDAYLAWBY FAITHOUT OF THE CITIESSEALING OF 144,000SHAKING4THANGELSMESSAGE2NDSIEGE OFSUNDAYLAW1843Chart1850Chart2NDANGELSMESSAGEISTSIEGE OFSUNDAYLAWNO-BUYNO-SELLINDUCEMENTSIMPRISONMENTFINESCLOSE OFPROBATIONTIME OFTROUBLEGROW YOUR OWN FOODNEWWORLDORDERBATTLE OFARMAGEDDONAPPEARSAS CHRISTJACOBSTROUBLE/DEATHDECREELOUD CRYTURKEYREMOVED FROMJERUSALEM1|2|3|4|5|63RD WOE1837 1843 185017981840 1844JUDGMENT DAY STUDIES188820**200120**20
276	TIME OFTHE ENDOTTOMANEMPIREFALLS DAY OFATONEMENT1STANGELSMESSAGE3RDANGELSMESSAGEMIDNIGHTCRYIMAGE OFRIGHTEOUSNESS THE BEASTSUNDAYLAWBY FAITHOUT OF THE CITIESSEALING OF 144,000SHAKING4тHANGELSMESSAGE1843Chart1850Chart2NDANGELSMESSAGEISTSIEGE OFSUNDAYLAWCLOSE OFPROBATIONTIME OFTROUBLEGROW YOUR OWN FOOD2NDSIEGE OFSUNDAYLAWNEWWORLDORDERBATTLE OFARMAGEDDONNO-BUYNO-SELLINDUCEMENTSIMPRISONMENTFINESLOUD CRYSATANAPPEARSAS CHRISTTURKEYREMOVED FROMJACOBSTROUBLE/DEATHDECREEJERUSALEM1|2|3|4|5|6|3RD WOE183718431850judgmentdaydocumentary.comJUDGMENT DAY STUDIES20**200120**20
282	TIME OFTHE ENDOTTOMANEMPIREFALLS DAY OFATONEMENT1STANGELSMESSAGE3RDANGELSMESSAGEMIDNIGHTCRYIMAGE OFRIGHTEOUSNESS THE BEASTSUNDAYLAWBY FAITHOUT OF THE CITIÉSSEALING OF 144,000SHAKING4тHANGELSMESSAGE1843Chart1850Chart2NDANGELSMESSAGEISTSIEGE OFSUNDAYLAWCLOSE OFPROBATIONTIME OFTROUBLEGROW YOUR OWN FOOD2NDSIEGE OFSUNDAYLAWNEWWORLDORDERBATTLE OFARMAGEDDONNO-BUYNO-SELLINDUCEMENTSIMPRISONMENTFINESLOUD CRYSATANAPPEARSAS CHRISTTURKEYREMOVED FROMJACOBSTROUBLE/DEATHDECREEJERUSALEM1|2|3|4|5|63RD WOE183718431850judgmentdaydocumentary.comJUDGMENT DAY STUDIES20**200120**20
288	RIGHTEOUSNESSBY FAITHIMAGE OFSUNDAYTHE BEASTLAWOUT OF THE CITIESSEALING OF 144,000CLOSE OFPROBATIONTIME OFTROUBLEGROW YOUR OWN FOODSHAKING4THANGELSMESSAGEfsTSIEGE OFSUNDAYLAW2NDSIEGE OFSUNDAYLAWNO-BUYNO-SELLINDUCEMENTSIMPRISONMENTFINESLOUD CRYNEWWORLDORDERBATTLE OFARMAGEDDONSATANAPPEARSAS CHRISTTURKEYREMOVED FROMJACOBSTROUBLE/DEATHDECREE12|3|4|5|63RP WOEO**judgmentdaydocumentary.com00009020**20
294	RIGHTEOUSNESSBY FAITHIMAGE OFSUNDAYTHE BEASTLAWOUT OF THE CITIESSEALING OF 144,000CLOSE OFPROBATIONTIME OFTROUBLEGROW YOUR OWN FOODSHAKING4тHANGELSMESSAGE1sTSIEGE OFSUNDAYLAW2NDSIEGE OFSUNDAYLAWNO-BUYNO-SELLINDUCEMENTSIMPRISONMENTFINESLOUD CRYNEWWORLDORDERBATTLE OFARMAGEDDONSATANAPPEARSAS CHRISTTURKEYREMOVED FROMJACOBSTROUBLE/DEATHDECREEJERUSALEM1|2|3|4|5|6|3RD WOEO**judgmentdaydocumentary.com000090020**20
300	RIGHTEOUSNESSBY FAITHIMAGE OFSUNDAYTHE BEASTLAWOUT OF THE CITIESSEALING OF 144,000CLOSE OFPROBATIONTIME OFTROUBLEGROW YOUR OWN FOODSHAKING4тHANGELSMESSAGEISTSIEGE OFSUNDAYLAW2NDSIEGE OFSUNDAYLAWNO-BUYNO-SELLINDUCEMENTSIMPRISONMENTFINESLOUD CRYNEWWORLDORDERBATTLE OFARMAGEDDONSATANAPPEARSAS CHRISTTURKEYREMOVED FROMJACOBSTROUBLE/DEATHDECREE1|2|3|4|5|63RD WOEjudgmentdaydocumentary.comO**20**20
306	RIGHTEOUSNESSBY FAITHIMAGE OFSUNDAYTHE BEASTLAWOUT OF THE CITIESSEALING OF 144,000CLOSE OFPROBATIONTIME OFTROUBLEGROW YOUR OWN FOODSHAKING4тHANGELSMESSAGEISTSIEGE OFSUNDAYLAW2NDSIEGE OFSUNDAYLAWNO-BUYNO-SELLINDUCEMENTSIMPRISONMENTFINESLOUD CRYNEWWORLDORDERBATTLE OFARMAGEDDONSATANAPPEARSAS CHRISTTURKEYREMOVED FROMJACOBSTROUBLE/DEATHDECREE12|345|6|3RD WOE1888200120**20**20
312	RIGHTEOUSNESSBY FAITHIMAGE OFSUNDAYTHE BEASTLAWOUT OF THE CITIESSEALING OF 144,000CLOSE OFPROBATIONTIME OFTROUBLEGROW YOUR OWN FOODSHAKING4тHANGELSMESSAGEISTSIEGE OFSUNDAYLAW2NDSIEGE OFSUNDAYLAWNO-BUYNO-SELLINDUCEMENTSIMPRISONMENTFINESLOUD CRYNEWWORLDORDERBATTLE OFARMAGEDDONSA TÀNAPPEARSAS CHRISTTURKEYREMOVED FROMJACOBSTROUBLE/DEATHDECREE12 3 4|5|63RD WOE1888200120**20**20
318	RIGHTEOUSNESSBY FAITHIMAGE OFSUNDAYTHE BEASTLAWOUT OF THE CITIESSEALING OF 144,000CLOSE OFPROBATIONTIME OFTROUBLEGROW YOUR OWN FOODSHAKING4THANGELSMESSAGE1STSIEGE OFSUNDAYLAW2NDSIEGE OFSUNDAYLAWNO-BUYNO-SELLInDUcemeNTSIMPRISONMENTFINESLOUD CRYNEWWORLDORDERBATTLE OFARMAGEDDONSATANAPPEARSAS CHRISTTURKEYREMOVED FROMJACOBSTROUBLE/DEATHDECREE1|2|3|4|5|6|3RD WOEFor Judgment Day Studies Go To:judgmentdaydocumentary.com/bible-studies20**20
324	RIGHTEOUSNESSBY FAITHIMAGE OFSUNDAYTHE BEASTLAWOUT OF THE CITIESSEALING OF 144,000CLOSE OFPROBATIONTIME OFTROUBLEGROW YOUR OWN FOODSHAKING4тHANGELSMESSAGEISTSIEGE OFSUNDAYLAW2NDSIEGE OFSUNDAYLAWNO-BUYNO-SELLINDUCEMENTSIMPRISONMENTFINESLOUD CRYNEWWORLDORDERBATTLE OFARMAGEDDONSA TÀNAPPEARSAS CHRISTTURKEYREMOVED FROMJACOBSTROUBLE/DEATHDECREE12|3|4|5|63RD WOEFor Judgment Day Studies Go To:judgmentdaydocumentary.com/bible-studies20**20
330	RIGHTEOUSNESSBY FAITHIMAGE OFSUNDAYTHE BEASTLAWOUT OF THE CITIESSEALING OF 144,000CLOSE OFPROBATIONTIME OFTROUBLEGROW YOUR OWN FOODSHAKING4THANGELSMESSAGE1STSIEGE OFSUNDAYLAW2NDSIEGE OFSUNDAYLAWNO-BUYNO-SELLINDUCEMENTSIMPRISONMENTFINESLOUD CRYNEWWORLDORDERBATTLE OFARMAGEDDONSATANAPPEARSAS CHRISTTURKEYREMOVED FROMJACOBSTROUBLE/DEATHDECREE|2|3|4|5|63RD WOE1888200120**20**20
336	RIGHTEOUSNESSBY FAITHIMAGE OFSUNDAYTHE BEASTLAWOUT OF THE CITIESSEALING OF 144,000CLOSE OFPROBATIONTIME OFTROUBLEGROW YOUR OWN FOODSHAKING4THANGELSMESSAGEISTSIEGE OFSUNDAYLAW*2NDSIEGE OFSUNDAYLAWNO-BUYNO-SELLINDUCEMENTSIMPRISONMENTFINESLOUD CRYNEWWORLDORDERBATTLE OFARMAGEDDONAPPEARSAS CHRISTTURKEYREMOVED FROMJACOBSTROUBLE/DEATHDECREE123456|3RD WOE1888200120**20**20OOO
342	RIGHTEOUSNESSBY FAITHIMAGE OFSUNDAYTHE BEASTLAWOUT OF THE CITIESSEALING OF 144,000CLOSE OFPROBATIONTIME OFTROUBLEGROW YOUR OWN FOODSHAKING4THANGELSMESSAGEISTSIEGE OFSUNDAYLAW2NDSIEGE OFSUNDAYLAWNO-BUYNO-SELLINDUCEMENTSIMPRISONMENTFINESLOUD CRYNEWWORLDORDERBATTLE OFARMAGEDDONAPPEARSAS CHRISTTURKEYREMOVED FROMJERUSALEMJACOBSTROUBLE/DEATHDECREE1|2|3|4|5|63RD WOE1888200120**20**20
348	RIGHTEOUSNESSBY FAITHIMAGE OFSUNDAYTHE BEASTLAWOUT OF THE CITIESSEALING OF 144,000CLOSE OFPROBATIONTIME OFTROUBLEGROW YOUR OWN FOODSHAKING4THANGELSMESSAGEISTSIEGE OFSUNDAYLAW *2NDSIEGE OFSUNDAYLAWNO-BUYNO-SELLINDUCEMENTSIMPRISONMENTFINESLOUD CRYNEWWORLDORDERBATTLE OFARMAGEDDONSATANAPPEARSAS CHRISTTURKEYREMOVED FROMJERUSALEMJACOBSTROUBLE/DEATHDECREE12|3|4|5|6|3RD WOE1888200120**20**20
354	RIGHTEOUSNESSBY FAITHIMAGE OFSUNDAYTHE BEASTLAWOUT OF THE CITIESSEALING OF 144,000CLOSE OFPROBATIONTIME OFTROUBLEGROW YOUR OWN FOODSHAKING4THANGELSMESSAGEISTSIEGE OFSUNDAYLAW2NDSIEGE OFSUNDAYLAWNO-BUYNO-SELLINDUCEMENTSIMPRISONMENTFINESLOUD CRYNEWWORLDORDERBATTLE OFARMAGEDDONSATANAPPEARSAS CHRISTTURKEYREMOVED FROMJACOBSTROUBLE/DEATHDECREEJERUSALEM1|2|3|4|5|6|3RD WOE1888200120**20**20
360	RIGHTEOUSNESSBY FAITHIMAGE OFSUNDAYTHE BEASTLAWOUT OF THE CITIESSEALING OF 144,000CLOSE OFPROBATIONTIME OFTROUBLEGROW YOUR OWN FOODSHAKING4THANGELSMESSAGEISTSIEGE OFSUNDAYLAW2NDSIEGE OFSUNDAYLAWNO-BUYNO-SELLINDUCEMENTSIMPRISONMENTFINESLOUD CRYNEWWORLDORDERBATTLE OFARMAGEDDONAPPEARSAS CHRISTTURKEYREMOVED FROMJACOBSTROUBLE/DEATHDECREE12|3|4|5|63RD WOE1888200120**20**20
366	RIGHTEOUSNESSBY FAITHIMAGE OFSUNDAYTHE BEASTLAWOUT OF THE CITIESSEALING OF 144,000CLOSE OFPROBATIONTIME OFTROUBLEGROW YOUR OWN FOODSHAKING4THANGELSMESSAGEISTSIEGE OFSUNDAYLAW2NDSIEGE OFSUNDAYLAWNO-BUYNO-SELLINDUCEMENTSIMPRISONMENTFINESLOUD CRYNEWWORLDORDERBATTLE OFARMAGEDDONSATANAPPEARSAS CHRISTTURKEYREMOVED FROMJErUSALEMIJACOBSTROUBLE/DEATHDECREE12|3|4|5|63RD WOE1888200120**20**20
372	RIGHTEOUSNESSBY FAITHIMAGE OFSUNDAYTHE BEASTLAWOUT OF THE CITIESSEALING OF 144,000CLOSE OFPROBATIONTIME OFTROUBLEGROW YOUR OWN FOODSHAKING4THANGELSMESSAGEISTSIEGE OFSUNDAYLAW2NDSIEGE OFSUNDAYLAWNO-BUYNO-SELLINDUCEMENTSIMPRISONMENTFINESLOUD CRYNEWWORLDORDERBATTLE OFARMAGEDDONSATÀNAPPEARSAS CHRISTTURKEYREMOVED FROMJERUSALEVIJACOBSTROUBLE/DEATHDECREE12|3|4|5|6|73RD WOE1888200120**30**20
378	RIGHTEOUSNESSBY FAITHIMAGE OFSUNDAYTHE BEASTLAWOUT OF THE CITIESSEALING OF 144,000CLOSE OFPROBATIONTIME OFTROUBLEGROW YOUR OWN FOODSHAKING4тHANGELSMESSAGE1STSIEGE OFSUNDAYLAW2NDSIEGE OFSUNDAYLAWNO-BUYNO-SELLINDUCEMENTSIMPRISONMENTFINESLOUD CRYNEWWORLDORDERBATTLE OFARMAGEDDONSA TÀNAPPEARSAS CHRISTTURKEYREMOVED FROMJACOBSTROUBLE/DEATHDECREE12|345|63RD WOE1888200120**20**20
384	RIGHTEOUSNESSBY FAITHIMAGE OFSUNDAYTHE BEASTLAWOUT OF THE CITIESSEALING OF 144,000CLOSE OFPROBATIONTIME OFTROUBLEGROW YOUR OWN FOODSHAKING4THANGELSMESSAGE1STSIEGE OFSUNDAYLAW2NDSIEGE OFSUNDAYLAWNO-BUYNO-SELLINDUCEMENTSIMPRISONMENTFINESLOUD CRYNEWWORLDORDERBATTLE OFARMAGEDDONSATANAPPEARSAS CHRISTTURKEYREMOVED FROMJACOBSTROUBLE/DEATHDECREEJERUSALEM1|2|3|4|5|6|73RD WOE1888200120**20**20
390	RIGHTEOUSNESSBY FAITHIMAGE OFSUNDAYTHE BEASTLAWOUT OF THE CITIESSEALING OF 144,000CLOSE OFPROBATIONTIME OFTROUBLEGROW YOUR OWN FOODSHAKING4тHANGELSMESSAGEISTSIEGE OFSUNDAYLAW2NDSIEGE OFSUNDAYLAWNO-BUYNO-SELLINDUCEMENTSIMPRISONMENTFINESLOUD CRYNEWWORLDORDERBATTLE OFARMAGEDDONSA TÀNAPPEARSAS CHRISTTURKEYREMOVED FROMJACOBSTROUBLE/DEATHDECREEJERUSALEM|2|3|4|5|63RD WOE1888200120**20**20
396	RIGHTEOUSNESSBY FAITHIMAGE OFSUNDAYTHE BEASTLAWOUT OF THE CITIESSEALING OF 144,000CLOSE OFPROBATIONTIME OFTROUBLEGROW YOUR OWN FOODSHAKING4тHANGELSMESSAGEISTSIEGE OFSUNDAYLAW2NDSIEGE OFSUNDAYLAWNO-BUYNO-SELLINDUCEMENTSIMPRISONMENTFINESLOUD CRYNEWWORLDORDERBATTLE OFARMAGEDDONSATANAPPEARSAS CHRISTTURKEYREMOVED FROMJACOBSTROUBLE/DEATHDECREEJERUSALEM1|2|3|4|5|63RD WOE1888200120**20**20
402	RIGHTEOUSNESSBY FAITHIMAGE OFSUNDAYTHE BEASTLAWOUT OF THE CITIESSEALING OF 144,000CLOSE OFPROBATIONTIME OFTROUBLEGROW YOUR OWN FOODSHAKING4THANGELSMESSAGEISTSIEGE OFSUNDAYLAW2NDSIEGE OFSUNDAYLAWNO-BUYNO-SELLINDUCEMENTSIMPRISONMENTFINESLOUD CRYNEWWORLDORDERBATTLE OFARMAGEDDONAPPEARSAS CHRISTTURKEYREMOVED FROMJACOBSTROUBLE/DEATHDECREE1|2|3|4|5|6|3RD WOE1888200120**20**20
408	RIGHTEOUSNESSBY FAITHIMAGE OFSUNDAYTHE BEASTLAWOUT OF THE CITIESSEALING OF 144,000CLOSE OFPROBATIONTIME OFTROUBLEGROW YOUR OWN FOODSHAKING4тHANGELSMESSAGEISTSIEGE OFSUNDAYLAW2NDSIEGE OFSUNDAYLAWNO-BUYNO-SELLINDUCEMENTSIMPRISONMENTFINESLOUD CRYNEWWORLDORDERBATTLE OFARMAGEDDONAPPEARSAS CHRISTTURKEYREMOVED FROMJACOBSTROUBLE/DEATHDECREE12|3 4|5|63RD WOE1888200120**20**20
414	RIGHTEOUSNESSBY FAITHIMAGE OFSUNDAYTHE BEASTLAWOUT OF THE CITIESSEALING OF 144,000CLOSE OFPROBATIONTIME OFTROUBLEGROW YOUR OWN FOODSHAKING4THANGELSMESSAGEISTSIEGE OFSUNDAYLAW2NDSIEGE OFSUNDAYLAWNO-BUYNO-SELLINDUCEMENTSIMPRISONMENTFINESLOUD CRYNEWWORLDORDERBATTLE OFARMAGEDDONAPPEARSAS CHRISTTURKEYREMOVED FROMJACOBSTROUBLE/DEATHDECREE1|2|3|4|5|63RD WOE1888200120**20**20
420	RIGHTEOUSNESSBY FAITHIMAGE OFSUNDAYTHE BEASTLAWOUT OF THE CITIESSEALING OF 144,000CLOSE OFPROBATIONTIME OFTROUBLEGROW YOUR OWN FOODSHAKING4THANGELSMESSAGE1STSIEGE OFSUNDAYLAW2NDSIEGE OFSUNDAYLAWNO-BUYNO-SELLINDUCEMENTSIMPRISONMENTFINESLOUD CRYNEWWORLDORDERBATTLE OFARMAGEDDONSATANAPPEARSAS CHRISTTURKEYREMOVED FROMJERUSALEMJACOBSTROUBLE/DEATHDECREE1|2|3|4|5|6|3RD WOE1888200120**20**20
426	RIGHTEOUSNESSBY FAITHIMAGE OFSUNDAYTHE BEASTLAWOUT OF THE CITIESSEALING OF 144,000CLOSE OFPROBATIONTIME OFTROUBLEGROW YOUR OWN FOODSHAKING4THANGELSMESSAGE1STSIEGE OFSUNDAYLAW2NDSIEGE OFSUNDAYLAWNO-BUYNO-SELLINDUCEMENTSIMPRISONMENTFINESLOUD CRYNEWWORLDORDERBATTLE OFARMAGEDDONSATANAPPEARSAS CHRISTTURKEYREMOVED FROMJACOBSTROUBLE/DEATHDECREEJERUSALEM12|345|63RD WOE1888200120**20**20
432	RIGHTEOUSNESSBY FAITHIMAGE OFSUNDAYTHE BEASTLAWOUT OF THE CITIESSEALING OF 144,000CLOSE OFPROBATIONTIME OFTROUBLEGROW YOUR OWN FOODSHAKING4тHANGELSMESSAGE1STSIEGE OFSUNDAYLAW2ND.SIEGE OFSUNDAYLAWNO-BUYNO-SELLINDUCEMENTSIMPRISONMENTFINESLOUD CRYNEWWORLDORDERBATTLE OFARMAGEDDONSATANAPPEARSAS CHRISTTURKEYREMOVED FROMJACOBSTROUBLE/DEATHDECREE12|34|5|63RD WOE1888200120**20**200ОE
438	RIGHTEOUSNESSBY FAITHIMAGE OFSUNDAYTHE BEASTLAWOUT OF THE CITIESSEALING OF 144,000CLOSE OFPROBATIONTIME OFTROUBLEGROW YOUR OWN FOODSHAKING4тHANGELSMESSAGEISTSIEGE OFSUNDAYLAW2NDSIEGE OFSUNDAYLAWNO-BUYNO-SELLINDUCEMENTSIMPRISONMENTFINESLOUD CRYNEWWORLDORDERBATTLE OFARMAGEDDONSA TÀNAPPEARSAS CHRISTTURKEYREMOVED FROMJACOBSTROUBLE/DEATHDECREE12|3|4|5|6|73RD WOE1888200120**20**20
444	RIGHTEOUSNESSBY FAITHIMAGE OFSUNDAYTHE BEASTLAWOUT OF THE CITIESSEALING OF 144,000CLOSE OFPROBATIONTIME OFTROUBLEGROW YOUR OWN FOODSHAKING4THANGELSMESSAGEISTSIEGE OFSUNDAYLAW2NDSIEGE OFSUNDAYLAWNO-BUYNO-SELLINDUCEMENTSIMPRISONMENTFINESLOUD CRYNEWWORLDORDERBATTLE OFARMAGEDDONSATANAPPEARSAS CHRISTTURKEYREMOVED FROMJERUSALEMJACOBSTROUBLE/DEATHDECREE1|2|3|4|5|63RD WOE1888200120**20**20
450	RIGHTEOUSNESSBY FAITHIMAGE OFSUNDAYTHE BEASTLAWOUT OF THE CITIESSEALING OF 144,000CLOSE OFPROBATIONTIME OFTROUBLEGROW YOUR OWN FOODSHAKING4тHANGELSMESSAGE1STSIEGE OFSUNDAYLAW2NDSIEGE OFSUNDAYLAWNO-BUYNO-SELLINDUCEMENTSIMPRISONMENTFINESLOUD CRYNEWWORLDORDERBATTLE OFARMAGEDDONSATANAPPEARSAS CHRISTTURKEYREMOVED FROMJACOBSTROUBLE/DEATHDECREE12|34563RD WOE1888200120**20**20
456	RIGHTEOUSNESSBY FAITHIMAGE OFSUNDAYTHE BEASTLAWOUT OF THE CITIESSEALING OF 144,000CLOSE OFPROBATIONTIME OFTROUBLEGROW YOUR OWN FOODSHAKING4тHANGELSMESSAGEISTSIEGE OFSUNDAYLAW2NDSIEGE OFSUNDAYLAWNO-BUYNO-SELLINDUCEMENTSIMPRISONMENTFINESLOUD CRYNEWWORLDORDERBATTLE OFARMAGEDDONSATANAPPEARSAS CHRISTTURKEYREMOVED FROMJACOBSTROUBLE/DEATHDECREE1|2|3|4|5|6|3RD WOE1888200120**20**20
462	RIGHTEOUSNESSBY FAITHIMAGE OFSUNDAYTHE BEASTLAWOUT OF THE CITIESSEALING OF 144,000CLOSE OFPROBATIONTIME OFTROUBLEGROW YOUR OWN FOODSHAKING4тHANGELSMESSAGEISTSIEGE OFSUNDAYLAW2NDSIEGE OFSUNDAYLAWNO-BUYNO-SELLINDUCEMENTSIMPRISONMENTFINESLOUD CRYNEWWORLDORDERBATTLE OFARMAGEDDONSATANAPPEARSAS CHRISTTURKEYREMOVED FROMJERUSALEMIJACOBSTROUBLE/DEATHDECREE12|3 4|5|63RD WOE1888200120**20**20
468	RIGHTEOUSNESSBY FAITHIMAGE OFSUNDAYTHE BEASTLAWOUT OF THE CITIESSEALING OF 144,000CLOSE OFPROBATIONTIME OFTROUBLEGROW YOUR OWN FOODSHAKING4тHANGELSMESSAGEISTSIEGE OFSUNDAYLAW2NDSIEGE OFSUNDAYLAWNO-BUYNO-SELLINDUCEMENTSIMPRISONMENTFINESLOUD CRYNEWWORLDORDERBATTLE OFARMAGEDDONSATANAPPEARSAS CHRISTTURKEYREMOVED FROMJACOBSTROUBLE/DEATHDECREEJERUSALEM1|2|3|4|5|63RD WOE1888200120**20**20
474	RIGHTEOUSNESSBY FAITHIMAGE OFSUNDAYTHE BEASTLAWOUT OF THE CITIESSEALING OF 144,000CLOSE OFPROBATIONTIME OFTROUBLEGROW YOUR OWN FOODSHAKING4тHANGELSMESSAGE1STSIEGE OFSUNDAYLAW2NDSIEGE OFSUNDAYLAWNO-BUYNO-SELLINDUCEMENTSIMPRISONMENTFINESLOUD CRYNEWWORLDORDERBATTLE OFARMAGEDDONAPPEARSAS CHRISTTURKEYREMOVED FROMJACOBSTROUBLE/DEATHDECREE12|345|6|73RD WOE1888200120**20**2000C
480	RIGHTEOUSNESSBY FAITHIMAGE OFSUNDAYTHE BEASTLAWOUT OF THE CITIESSEALING OF 144,000CLOSE OFPROBATIONTIME OFTROUBLEGROW YOUR OWN FOODSHAKING4тHANGELSMESSAGEISTSIEGE OFSUNDAYLAW2NDSIEGE OFSUNDAYLAWNO-BUYNO-SELLINDUCEMENTSIMPRISONMENTFINESLOUD CRYNEWWORLDORDERBATTLE OFARMAGEDDONSÁTANAPPEARSAS CHRISTTURKEYREMOVED FROMJACOBSTROUBLE/DEATHDECREE12|3|4|5|63RD WOE1888200120**20**20
486	RIGHTEOUSNESSBY FAITHIMAGE OFSUNDAYTHE BEASTLAWOUT OF THE CITIESSEALING OF 144,000CLOSE OFPROBATIONTIME OFTROUBLEGROW YOUR OWN FOOD• SHAKING4THANGELSMESSAGE1STSIEGE OFSUNDAYLAW2NDSIEGE OFSUNDAYLAWNO-BUYNO-SELLINDUCEMENTSIMPRISONMENTFINESLOUD CRYNEWWORLDORDERBATTLE OFARMAGEDDONSATANAPPEARSAS CHRISTTURKEYREMOVED FROMJERUSALEMJACOBSTROUBLE/DEATHDECREE|2|3|4|5|63RD WOE1888200120**20**20
492	RIGHTEOUSNESSBY FAITHIMAGE OFSUNDAYTHE BEASTLAWOUT OF THE CITIESSEALING OF 144,000CLOSE OFPROBATIONTIME OFTROUBLEGROW YOUR OWN FOODSHAKING4THANGELSMESSAGE1STSIEGE OFSUNDAYLAW2NDSIEGE OFSUNDAYLAWNO-BUYNO-SELLINDUCEMENTSIMPRISONMENTFINESLOUD CRYNEWWORLDORDERBATTLE OFARMAGEDDONSATANAPPEARSAS CHRISTTURKEYREMOVED FROMJACOBSTROUBLE/DEATHDECREE1|2|3|4|5|63RD WOE1888200120**20**20
498	RIGHTEOUSNESSBY FAITHIMAGE OFSUNDAYTHE BEASTLAWOUT OF THE CITIESSEALING OF 144,000CLOSE OFPROBATIONTIME OFTROUBLEGROW YOUR OWN FOODSHAKING4тHANGELSMESSAGEISTSIEGE OFSUNDAYLAW2NDSIEGE OFSUNDAYLAWNO-BUYNO-SELLINDUCEMENTSIMPRISONMENTFINESLOUD CRYNEWWORLDORDERBATTLE OFARMAGEDDONSATANAPPEARSAS CHRISTTURKEYREMOVED FROMJACOBSTROUBLE/DEATHDECREEJERUSALEM12|3|4|5|63RD WOE1888200120**20**20
504	RIGHTEOUSNESSBY FAITHIMAGE OFSUNDAYTHE BEASTLAWOUT OF THE CITIESSEALING OF 144,000CLOSE OFPROBATIONTIME OFTROUBLEGROW YOUR OWN FOODSHAKINGДТНANGELSMESSAGETOTSIEGE OFSUNDAYLAW210SIEGE OFSUNDAYLAVYNO-BUYNO-SELLINDUCEMENTSIMPRISONMENTFINESLOUD GRYNEWWORLDORDERBATTLE OFARMAGEDDONSATANAPPEARSAS CHRISTTURKEYREMOVED FROMJACOBSTROUBLE/DEATHDECREE12|3 4|5|6|73RO WOE1888200120**20**20**
510	RIGHTEOUSNESSBY FAITHMAGE OFSUNDAYTHE BEASTLAWOUT OF THE CITIESSEALING OF 144,000CLOSE OFPROBATIONTIME OFTROUBLEGROW YOUR OWN FOODSHAKING4тНANGELSMESSAGENEVWORORDEBATTLE OARMAGEDD19TSIEGE OFSUNDAYLAWSIEGE OFSUNDAYNO-BUYNO-SELLINDUCEMENTSIMPRISONMENTSATANAPPEARSAS CHRISTLOUD CRYTROUBLIDEATHDECREE12345613RD WOE18880005800200120**20**20**
516	RIGHTEOUSNESSBY FAITHIMAGE OFTHE BEASTSUNDAYLAWOUT OF THE CITIESSEALING OF 144,000CLOSE OFPROBATIONTIME OFTROUBLEGROW YOUR OWN FOODSHAKING4тнANGELSMESSAGENEVWORORDEBATTLE O19TSIEGE OFSUNDAYLAWSIEGE DFSUNDAYLAWNO-BUYNO-SELLINDUCEMENTSIMPRISONMENTSATANAPPEARSAS CHRISTLOUD CRYTROUBLIDEATHDECREE12|3456113AD WOE18880005950200120**20**20**
522	RIGHTEOUSNESSBY FAITHIMAGE OFTHE BEASTSUNDAYLAWOUT OF THE CITIESSEALING OF 144,000CLOSE OFPROBATIONTIME OFTROUBLEGROW YOUR OWN FOODSHAKINGANGELSMESSAGENEVWORORDEBATTLE OARMAGEDD19TSIEGE OFSUNDAYLAWSIEGE OFSUNDAYLAWNO-BUYNO-SELLINDUCEMENTSIMPRISONMENTSATANAPPEARSAS CHRISTLOUD CRYTROUBLIDEATHDECREE12345613RD WOE18880009920200120**20**20**
528	RIGHTEOUSNESSBY FAITHIMAGE OFSUNDAYTHE BEASTLAWOUT OF THE CITIESSEALING OF 144,000CLOSE OFPROBATIONTIME OFTROUBLEGROW YOUR OWN FOODSHAKING4тнANGELSMESSAGENEVWORORDEBATTLE O19TSIEGE OFSUNDAYLAWSIEGE OFSUNDAYLAWNO-BUYNO-SELLINDUCEMENTSIMPRISONMENTSATANAPPEARSAS CHRISTLOUD CRYTROUBLIDEATHDECREE72345|613RD WOE1888000580020,0120**20**20**
534	IGHTEOUSNESIMAGE OFSUNDAYTHE BEASTLAWOUT OF THE CITIESSEALING OF 144,000CLOSE OFPROBATIONTIME OFTROUBLEGROW YOUR OWN FOODSHAKING4тнANGELSMESSAGENEVWORORDEBATTLE'GARMAGEDD19TSIEGE OFSUNDAYLAWSIEGE OFSUNDAYLAWNO-BUYNO-SELLINDUCEMENTSIMPRISONMENTSATANAPPEARSAS CHRISTLOUD CRYTROUBLIDEATHDECREE12|34|5|613RD WOE1888260120**20**20**
540	RIGHTEOUSNESSBY FAITHIMAGE OFSUNDAYTHE BEASTLAWOUT OF THE CITIESSEALING OF 144,000CLOSE OFPROBATIONTIME OFTROUBLEGROW YOUR OWN FOODSHAKINGANGELSMESSAGEJ9TSIEGE OFSUNDAYLAWSIEGE DFSUNDAYLAWNO-BUYNO-SELLINDUCEMENTSIMPRISONMENTNEVWORORDEBATTLE OARMAGEDDSATANAPPEARSAS CHRISTLOUD CRYTROUBLIDEATHDECREE12(345613RD WOE1888200120**20°*20**
546	RIGHTEOUSNESSBY FAITHIMAGE OFTHE BEASTSUNDAYLAWOUT OF THE CITIESSEALING OF 144,000CLOSE OFPROBATIONTIME OFTROUBLEGROW YOUR OWN FOODSHAKINGANGELSMESSAGENEVWORORDEBATTLE'OARMAGEDDSIEGE DFSUNDAYLAWNO-BUYNO-SELLSATANAPPEARSAS CHRIST19TSIEGE OFSUNDAYLAWIMPRISONMENTLOUD CRYTROUBLIDEATHDECREE12345|6113RD WOE18880005800200120**20**20**
552	RIGHTEOUSNESSBY FAITHIMAGE OFSUNDAYTHE BEASTLAWOUT OF THE CITIESSEALING OF 144,000CLOSE OFPROBATIONTIME OFTROUBLEGROW YOUR OWN FOODSHAKINGANGELSMESSAGE19TSIEGE OFSUNDAYLAWSIEGE OFSUNDAYLAWNO-BUYNO-SELLINDUCEMENTSIMPRISONMENTNEVWORORDIBATTLE OARMAGEDDSATANAPPEARSAS CHRISTLOUD CRYTROUBLIDEATHDECREE12345613RD WOE18880000800S200120**20**20**
558	RIGHTEOUSNESSBY FAITHIMAGE OFTHE BEASTSUNDAYLAWOUT OF THE CITIESSEALING OF 144,000CLOSE OFPROBATIONTIME OFTROUBLEGROW YOUR OWN FOODSHAKINGANGELSMESSAGENEVWORORDIBATTLE OARMAGEDDSIEGE OFSUNDAYLAWNO-BUYNO-SELLSATANAPPEARSAS CHRIST19TSIEGE OFSUNDAYLAWIMPRISONMENTLOUD CRYTROUBLIDEATHDECREE12345|6113RO WOE1888200120**20**20**For Judgment Day Studies Go To:judgmentdaydocumentary.com/bible-studies
564	IGHTEOUSNESIMAGE OFTHE BEASTSUNDAYLAWOUT OF THE CITIESSEALING OF 144,000CLOSE OFPROBATIONTIME OFTROUBLEGROW YOUR OWN FOODSHAKINGANGELSMESSAGENEVWORORDIBATTLE O19TSIEGE OFSUNDAYLAWSIEGE OFSUNDAYLAWNO-BUYNO-SELLIMPRISONMENTSATANAPPEARSAS CHRISTLOUD CRYTROUBLIDEATHDECREE12|34|5|613RD WOE1888200120**20**20**For Judgment Day Studies Go To:judgmentdaydocumentary.com/bible-studies
570	RIGHTEOUSNESSBY FAITHIMAGE OFTHE BEASTSUNDAYLAWOUT OF THE CITIESSEALING OF 144,000CLOSE OFPROBATIONTIME OFTROUBLEGROW YOUR OWN FOODSHAKINGANGELSMESSAGE18TSIEGE OFSUNDAYLAWSIEGE OFSUNDAYLAWNO-BUYNO-SELLIMPRISONMENTNEVWORORDEBATTLE OARMAGEODSATANAPPEARSAS CHRISTLOUD CRYTROUBLIDEATHDECREE12|345613RO WOE1888200120**20**20**For Judgment Day Studies Go To:judgmentdaydocumentary.com/bible-studies
576	RIGHTEOUSNESS3Y FAITHMAGE OFTHE BEASTSUNDAYLAWOUT OF THE CITIESSEALING OF 144,000CLOSE OFPROBATIONTIME OFTROUBLEGROW YOUR OWN FOODSHAKINGANGELSMESSAGENEVWORORDEBATTLE OARMAGEDDSIEGE OFSUNDAYLAWNO-BUYNO-SELLSATANAPPEARSAS CHRISTJ9TSIEGE OFSUNDAYLAWIMPRISONMENTLOUD CRYTROUBLIDEATHDECREE12|3 45|6113RD WOE1888200120**20**20**For Judgment Day Studies Go To:judgmentdaydocumentary.com/bible-studies
582	RIGHTEOUSNESSBY FAITHIMAGE OFSUNDAYTHE BEASTLAWOUT OF THE CITIESSEALING OF 144,000CLOSE OFPROBATIONTIME OFTROUBLEGROW YOUR OWN FOODSHAKING4тнANGELSMESSAGEJ9TSIEGE OFSUNDAYLAWSIEGE DFSUNDAYLAWNO-BUYNO-SELLINDUCEMENTSIMPRISONMENTNEVWORORDEBATTLE OARMAGEDDSATANAPPEARSAS CHRISTLOUD CRYTROUBLIDEATHDECREE12/34|51613RO WOE18880005920200120**20**20**
588	RIGHTEOUSNESSBY FAITHIMAGE OFSUNDAYTHE BEASTLAWOUT OF THE CITIESSEALING OF 144,000CLOSE OFPROBATIONTIME OFTROUBLEGROW YOUR OWN FOODSHAKING4тнANGELSMESSAGEJ9TSIEGE OFSUNDAYLAW2N9SIEGE OFSUNDAYLAWNO-BUYNO-SELLINDUCEMENTSMPRISONMENTNEVWORORDEBATTLE'GSATANAPPEARSAS CHRISTLOUD CRYTROUBLIDEATHDECREE1|2/3/4|5|6*3RO WOE1888200120**20**20**
594	RIGHTEOUSNESSBY FAITHIMAGE OFTHE BEASTSUNDAYLAWOUT OF THE CITIESSEALING OF 144,000CLOSE OFPROBATIONTIME OFTROUBLEGROW YOUR OWN FOODSHAKING4тHANGELSMESSAGENEVWORORDEBATTLE'G19TSIEGE OFSUNDAYLAWSIEGE OFSUNDAYLAWNO-BUYNO-SELLINDUCEMENTSIMPRISONMENTSATANAPPEARSAS CHRISTLOUD CRYTROUBLIDEATHDECREE12|34|5|6113RO WOE1888200120**20**20**
600	
606	
612	
618	
624	
630	
636	
642	
648	
654	
660	
666	
672	
678	
684	
690	
696	
702	
708	
714	
720	
726	
732	RIGHTEOUSNESSBY FAITHIMAGE OFSUNDAYTHE BEASTLAWOUT OF THE CITIESSEALING OF 144,000CLOSE OFPROBATIONTIME OFTROUBLEGROW YOUR OWN FOODSHAKINGMATHANGELSMESSAGESIEGE OFSUNDAYNEVWORORDEBATTLE OARMAGEDDSATANAPPEARSAS CHRIST19TSIEGE OFSUNDAYLAWNO-BUYNO-SELLINDUCEMENTSIMPRISONMENTLOUD CRYTROUBLIDEATHDECREE12345613RO WOE18880005000200120**20**20**
738	RIGHTEOUSNESSBY FAITHIMAGE OFSUNDAYTHE BEASTLAWOUT OF THE CITIESSEALING OF 144,000CLOSE OFPROBATIONTIME OFTROUBLEGROW YOUR OWN FOODSHAKING4тНANGELSMESSAGE18TSIEGE OFSUNDAYLAWIL.SIEGE OFSUNDAYLAWNO-BUYNO-SELLINDUCEMENTSIMPRISONMENTNEVWORORDIBATTLE OARMAGEDOSATANAPPEARSAS CHRISTLOUD CRYTROUBLIDEATHDECREE12|345|6113RD WOE1888200120**20**20**
744	RIGHTEOUSNESSBY FAITHIMAGE OFSUNDAYTHE BEASTLAWOUT OF THE CITIESSEALING OF 144,000CLOSE OFPROBATIONTIME OFTROUBLEGROW YOUR OWN FOODSHAKING4тНANGELSMESSAGENEVWORORDEBATTLE'OARMAGEDD19TSIEGE OFSUNDAYLAWIL.SIEGE OFSUNDAYLAWNO-BUYNO-SELLINDUCEMENTSIMPRISONMENTSATANAPPEARSAS CHRISTLOUD CRYTROUBLIDEATHDECREE12/345613RD WOE1888200120**20**20**
750	RIGHTEOUSNESSBY FAITHIMAGE OFSUNDAYTHE BEASTLAWOUT OF THE CITIESSEALING OF 144,000CLOSE OFPROBATIONTIME OFTROUBLEGROW YOUR OWN FOODSHAKINGANGELSMESSAGEJ9TSIEGE OFSUNDAYLAWSIEGE OFSUNDAYLAWNO-BUYNO-SELLINDUCEMENTSIMPRISONMENTNEVWORORDEBATTLE OARMAGEDDSATANAPPEARSAS CHRISTLOUD CRYTROUBLIDEATHDECREE12345613RD WOE1888200120**20**20**
756	RIGHTEOUSNESSBY FAITHIMAGE OFSUNDAYTHE BEASTLAWOUT OF THE CITIESSEALING OF 144,000CLOSE OFPROBATIONTIME OFTROUBLEGROW YOUR OWN FOODSHAKINGATHANGELSMESSAGENEVWORORDIBATTLE'OJ8TSIEGE OFSUNDAYLAWSIEGE OFSUNDAYLAWNO-BUYNO-SELLINDUCEMENTSIMPRISONMENTSATANAPPEARSAS CHRISTLOUD CRYTROUBLIDEATHDECREE12345613RD WOE1888200120**20**20*
762	RIGHTEOUSNESSBY FAITHIMAGE OFSUNDAYTHE BEASTLAWOUT OF THE CITIESSEALING OF 144,000CLOSE OFPROBATIONTIME OFTROUBLEGROW YOUR OWN FOODSHAKING4тнANGELSMESSAGENEVWORORDEBATTLE'GARMAGEDD19TSIEGE OFSUNDAYLAWSIEGE OFSUNDAYLAWNO-BUYNO-SELLINDUCEMENTSIMPRISONMENTSATANAPPEARSAS CHRISTLOUD CRYTROUBLIDEATHDECREE121345613RD WOE18880000800200120**20**20**
768	RIGHTEOUSNESSBY FAITHIMAGE OFSUNDAYTHE BEASTLAWOUT OF THE CITIESSEALING OF 144,000CLOSE OFPROBATIONTIME OFTROUBLEGROW YOUR OWN FOODSHAKINGANGELSMESSAGENEVWORORDEBATTLE OARMAGEDDJ9TSIEGE OFSUNDAYLAWSIEGE OFSUNDAYLaDYNO-BUYNO-SELLINDUCEMENTSIMPRISONMENTSATANAPPEARSAS CHRISTLOUD CRYTROUBLIDEATHDECREE12|345613RO WOE18880000800₴200120**20**20**
774	RIGHTEOUSNESSBY FAITHIMAGE OFSUNDAYTHE BEASTLAWOUT OF THE CITIESSEALING OF 144,000CLOSE OFPROBATIONTIME OFTROUBLEGROW YOUR OWN FOODSHAKINGANGELSMESSAGE18TSIEGE OFSUNDAYLAWSIEGE OFSUNDAYLAyENO-BUYNO-SELLIMPRISONMENTNEVWORORDEBATTLE OARMAGEDDSATANAPPEARSAS CHRISTLOUD CRYTROUBLIDEATHDECREE12345613RD WOE18880005800200120**20**20**
780	RIGHTEOUSNESSBY FAITHIMAGE OFTHE BEASTSUNDAYLAWOUT OF THE CITIESSEALING OF 144,000CLOSE OFPROBATIONTIME OFTROUBLEGROW YOUR OWN FOODSHAKING4тнANGELSMESSAGE18TSIEGE OFSUNDAYLAWSIEGE DFSUNDAYLAWNO-BUYNO-SELLNDUCEMMPRISONMENEVWORORDEBATTLE OARMAGEDDSAtANAPPEARSAS CHRISTLOUD CRYTROUBLIDEATHDECREE12|34|5|6113RD WOE18880000990200120**20**20**
786	RIGHTEOUSNESSBY FAITHIMAGE OFTHE BEASTSUNDAYLAWOUT OF THE CITIESSEALING OF 144,000CLOSE OFPROBATIONTIME OFTROUBLEGROW YOUR OWN FOODSHAKINGATHANGELSMESSAGENEVWORORDEBATTLE'OARMAGEDD18TSIEGE OFSUNDAYLAWBIEGE OFSUNDAYLAWNO-BUYNO-SELLINDUCEMENTSIMPRISONMENTSATANAPPEARSAS CHRISTLOUD CRYTROUBLIDEATHDECREE12|345613RD WOE18880000800200120**20**20**
792	RIGHTEOUSNESSBY FAITHIMAGE OFSUNDAYTHE BEASTLAWOUT OF THE CITIESSEALING OF 144,000CLOSE OFPROBATIONTIME OFTROUBLEGROW YOUR OWN FOODSHAKINGANGELSMESSAGENEVWORORDEBATTLE OARMAGEDD19TSIEGE OFSUNDAYLAWSIEGE OFSUNDAYLAWNO-BUYNO-SELLINDUCEMENTSIMPRISONMENTSATANAPPEARSAS CHRISTLOUD CRYTROUBLIDEATHDECREE12345613RD WOE1888200120**20**20**
798	RIGHTEOUSNESSBY FAITHIMAGE OFTHE BEASTSUNDAYLAWOUT OF THE CITIESSEALING OF 144,000CLOSE OFPROBATIONTIME OFTROUBLEGROW YOUR OWN FOODSHAKINGANGELSMESSAGENEVWORORDEBATTLE OARMAGEDD19TSIEGE OFSUNDAYLAWSIEGE OFSUNDAYLAIMNO-BUYNO-SELLIMPRISONMENTSATANAPPEARSAS CHRISTLOUD CRYTROUBLIDEATHDECREE12345613RD WOE1888200120**20**20**Get our free resources on the mark of the beast - in digital or print:finalcountdown.amazingdiscoveries.org.
804	RIGHTEOUSNESSBY FAITHIMAGE OFTHE BEASTSUNDAYLAWOUT OF THE CITIESSEALING OF 144,000CLOSE OFPROBATIONTIME OFTROUBLEGROW YOUR OWN FOODSHAKINGANGELSMESSAGENEVWORORDEBATTLE O18TSIEGE OFSUNDAYLAWIL.SIEGE OFSUNDAYLAWNO-BUYNO-SELLIMPRISONMENTSATANAPPEARSAS CHRISTLOUD CRYTROUBLIDEATHDECREE12|34563RO WOE1888200120**20**20**Get our free resources on the mark of the beast - in digital or print:finalcountdown.amazingdiscoveries.org.
810	RIGHTEOUSNESSBY FAITHIMAGE OFTHE BEASTSUNDAYLAWOUT OF THE CITIESSEALING OF 144,000CLOSE OFPROBATIONTIME OFTROUBLEGROW YOUR OWN FOODSHAKINGANGELSMESSAGENEVWORORDIBATTLE'O19TSIEGE OFSUNDAYLAWIL.SIEGE OFSUNDAYLAWNO-BUYNO-SELLIMPRISONMENTSATANAPPEARSAS CHRISTLOLL CRYTROUBLIDEATHDECREE123456113RD WOE1888200120**20**20**Get our free resources on the mark of the beast - in digital or print:finalcountdown.amazingdiscoveries.org.
816	RIGHTEOUSNESSBY FAITHIMAGE OFTHE BEASTSUNDAYLAWOUT OF THE CITIESSEALING OF 144,000CLOSE OFPROBATIONTIME OFTROUBLEGROW YOUR OWN FOODSHAKINGANGELSMESSAGENEVWORORDIBATTLE'GJ8TSIEGE OFSUNDAYLAWIL.SIEGE OFSUNDAYLAWNO-BUYNO-SELLIMPRISONMENTSATANAPPEARSAS CHRISTLOUD CRYTROUBLIDEATHDECREE12345|613RO WOE1888200120**20**20**Get our free resources on the mark of the beast - in digital or print:finalcountdown.amazingdiscoveries.org.
822	RIGHTEOUSNESSBY FAITHIMAGE OFTHE BEASTSUNDAYLAWOUT OF THE CITIESSEALING OF 1441200CLOSE OFPROBATIONTIME OFTROUBLEGROW YOUR OWN FOODSHAKING4тнANGELSMESSAGE19TSIEGE OFSUNDAYLAWSIEGE OFSUNDAYLAWNO-BUYNO-SELLINDUCEMENTSIMPRISONMENTNEVWORORDEBATTLE OARMAGEDDSATANAPPEARSAS CHRISTLOUD CRYTROUBLIDEATHDECREE1/2|3 4|5613RO WOE1888200120**20**20**• 0493
828	IGHTEOUSNESY FAITIMAGE OFSUNDAYTHE BEASTLAWOUT OF THE CITIESSEALING OF 144,000CLOSE OFPROBATIONTIME OFTROUBLEGROW YOUR OWN FOODSHAKINGANGELSMESSAGENEVWORLDORDERBATTLE OARMAGEDDfeTSIEGE OFSUNDAYLAWSIEGE OFSUNDAYLAWNO-BUYNO-SELLNDUCEMENTSIMPRISONMENTSATANAPPEARSAS CHRISTLOUD CRYTROUBLIDEATHDECREE12|345613RO WOE18880005900200120**20**20**
834	RIGHTEOUSNESSBY FAITHIMAGE OFSUNDAYTHE BEASTLAWOUT OF THE CITIESSEALING OF 144:000CLOSE OFPROBATIONTIME OFTROUBLEGROW YOUR OWN FOODSHAKING4тHANGELSMESSAGEISTSIEGE OFSUNDAYLAW2NDSIEGE OFSUNDAYLAWNO-BUYNO-SELLINDUCEMENTSIMPRISONMENTFINESLOUD CRYNEWWORLDORDERBATTLE OFARMAGEDDONSATANAPPEARSAS CHRISTTURKEYREMOVED FROMJERUSALEMJACOBSTROUBLE/DEATHDECREE|2|3|4|5|6|3RD WOE1888200120**20**2000C
840	RIGHTEOUSNESSBY FAITHIMAGE OFSUNDAYTHE BEASTLAWOUT OF THE CITIESSEALING OF 144,000CLOSE OFPROBATIONTIME OFTROUBLEGROW YOUR OWN FOODSHAKING4тHANGELSMESSAGEISTSIEGE OFSUNDAYLAW2NDSIEGE OFSUNDAYLAWNO-BUYNO-SELLINDUCEMENTSIMPRISONMENTFINESLOUD CRYNEWWORLDORDERBATTLE OFARMAGEDDONSATANAPPEARSAS CHRISTTURKEYREMOVED FROMJERUSALEMIJACOBSTROUBLE/DEATHDECREE12|3|4|5|63RD WOE1888200120**20**20
846	RIGHTEOUSNESSBY FAITHIMAGE OFSUNDAYTHE BEASTLAWOUT OF THE CITIESSEALING OF 144,000CLOSE OFPROBATIONTIME OFTROUBLEGROW YOUR OWN FOODSHAKING4THANGELSMESSAGEISTSIEGE OFSUNDAYLAW2NDSIEGE OFSUNDAYLAWNO-BUYNO-SELLINDUCEMENTSIMPRISONMENTFINESLOUD CRYNEWWORLDORDERBATTLE OFARMAGEDDONSATANAPPEARSAS CHRISTTURKEYREMOVED FROMJACOBSTROUBLE/DEATHDECREEJERUSALEM12|3|4|5|63RD WOE1888200120**20**20
852	RIGHTEOUSNESSBY FAITHIMAGE OFSUNDAYTHE BEASTLAWOUT OF THE CITIESSEALING OF 144,000CLOSE OFPROBATIONTIME OFTROUBLEGROW YOUR OWN FOODSHAKING4THANGELSMESSAGE1STSIEGE OFSUNDAYLAW2NDSIEGE OFSUNDAYLAWNO-BUYNO-SELLINDUCEMENTSIMPRISONMENTFINESLOUD CRYNEWWORLDORDERBATTLE OFARMAGEDDONSATANAPPEARSAS CHRISTJACOBSTROUBLE/TURKEYDEATHREMOVEd FROMDECREEJERUSALEM1|2|3|4|5|63RD WOE1888200120**20**20
858	RIGHTEOUSNESSBY FAITHIMAGE OFSUNDAYTHE BEASTLAWOUT OF THE CITIESSEALING OF 144,000CLOSE OFPROBATIONTIME OFTROUBLEGROW YOUR OWN FOODSHAKING4THANGELSMESSAGEISTSIEGE OFSUNDAYLAW2NDSIEGE OFSUNDAYLAWNO-BUYNO-SELLINDUCEMENTSIMPRISONMENTFINESLOUD CRYNEWWORLDORDERBATTLE OFARMAGEDDONSATANAPPEARSAS CHRISTTURKEYREMOVED FROMJACOBSTROUBLE/DEATHDECREEJERUSALEM1|2|3|4|5|63RD WOE1888200120**20**20
864	RIGHTEOUSNESSBY FAITHIMAGE OFSUNDAYTHE BEASTLAWOUT OF THE CITIESSEALING OF 144,000CLOSE OFPROBATIONTIME OFTROUBLEGROW YOUR OWN FOODSHAKING4THANGELSMESSAGE1STSIEGE OFSUNDAYLAW2ND-SIEGE OFSUNDAYLawNO-BUYNO-SELLINDUCEMENTSIMPRISONMENTFINESLOUD CRYNEWWORLDORDERBATTLE OFARMAGEDDONSATANAPPEARSAS CHRISTTURKEYREMOVED FROMJACOBSTROUBLE/DEATHDECREE12|3 45|63RD WOE1888200120**20**20
870	RIGHTEOUSNESSBY FAITHIMAGE OFSUNDAYTHE BEASTLAWOUT OF THE CITIESSEALING OF 144,000CLOSE OFPROBATIONTIME OFTROUBLEGROW YOUR OWN FOODSHAKING4тHANGELSMESSAGEISTSIEGE OFSUNDAYLAW2NDSIEGE OFSUNDAYLAWNO-BUYNO-SELLINDUCEMENTSIMPRISONMENTFINESLOUD CRYNEWWORLDORDERBATTLE OFARMAGEDDONSATANAPPEARSAS CHRISTTURKEYREMOVED FROMJACOBSTROUBLE/DEATHDECREEJERUSALEM1|2|3|4|5|63RD WOE1888200120**20**20O0C
876	RIGHTEOUSNESSBY FAITHIMAGE OFSUNDAYTHE BEASTLAWOUT OF THE CITIESSEALING OF 144,000CLOSE OFPROBATIONTIME OFTROUBLEGROW YOUR OWN FOODSHAKING4THANGELSMESSAGEISTSIEGE OFSUNDAYLAW2NDSIEGE OFSUNDAYLAWNO-BUYNO-SELLINDUCEMENTSIMPRISONMENTFINESLOUD CRYNEWWORLDORDERBATTLE OFARMAGEDDONSATANAPPEARSAS CHRISTTURKEYREMOVED FROMJACOBSTROUBLE/DEATHDECREEJERUSALEM1|2|3|4|5|6|3RD WOE1888200120**20**20
882	RIGHTEOUSNESSBY FAITHIMAGE OFSUNDAYTHE BEASTLAWOUT OF THE CITIESSEALING OF 144,000CLOSE OFPROBATIONTIME OFTROUBLEGROW YOUR OWN FOODSHAKING4THANGELSMESSAGEISTSIEGE OFSUNDAYLAW2NDSIEGE OFSUNDAYLAWNO-BUYNO-SELLINDUCEMENTSIMPRISONMENTFINESLOUD CRYNEWWORLDORDERBATTLE OFARMAGEDDONAPPEARSAS CHRISTTURKEYREMOVED FROMJACOBSTROUBLE/DEATHDECREEJERUSALEM1|2|3|4|5|63RD WOE1888200120**20**20
888	IOHTEOUSNESSUNDAYLAWOUT OF THE CITIE!BEALINO OF 144,000a0 3s015TIME OFGROW YOUR OWN FOODNEWWORLDORDERNO-SELLAND-ON20**20**20**
894	RIGHTEOUSNESSBY FAITHIMAGE OFTHE BEASTSUNDAYLAWOUT OF THE CITIESSEALING OF 144,000CLOSE OFPROBATIONTIME OFTROUBLEGROW YOUR OWN FOODSHAKING4тНANGELSMESSAGE19TSIEGE OFSUNDAYLAWSIEGE OFSUNDAYLAWNO-BUYNO-SELLINDUCEMENTSIMPRISONMENTNEVWORORDIBATTLE OARMAGEDDSẤTÀNAPPEARSAS CHRISTLOUD CRYTROUBLIDEATHDECREE12|3 4|5613RD WOE1888200120**20**20**
900	RIGHTEOUSNESSBY FAITHIMAGE OFSUNDAYTHE BEASTLAWOUT OF THE CITIES DSEALING OF 144,000CLOSE OFPROBATIONTIME OFTROUBLEGROW YOUR OWN FOODSHAKINGATHANGELSMESSAGE19TSIEGE OFSUNDAYLAWSIEGE OFSUNDAYLAWNO-BUYNO-SELLINDUCEMENTSIMPRISONMENTNEVWORORDEBATTLE OARMAGEDDSATANAPPEARSAS CHRISTLOUD CRYTROUBLIDEATHDECREE12345613RD WOE1888O0U090200120**20**20**
906	RIGHTEOUSNESSBY FAITHIMAGE OFSUNDAYTHE BEASTLAWOUT OF THE CITIESSEALING OF 144,000SHAKING4THANGELSMESSAGEJSTSIEGE OFSUNDAYLAW2NDSIEGE OFSUNDAYLAWVNO-BUYNO-SELLINDUCEMENTSIMPRISONMENTFINES1888200120**20**000CLOSE OFPROBATIONTIME OFTROUBLEGROW YOUR OWN FOODLOUD CRYNEWWORLDORDERBATTLE OFARMAGEDDONSATANAPPEARSAS CHRISTTURKEYREMOVED FROMJACOBSTROUBLE/DEATHDECREEJERUSALEM12|3|4|5|63RD WOE20
912	RIGHTEOUSNESSBY FAITHIMAGE OFSUNDAYTHE BEASTLAWOUT OF THE CITINESEALING OF 144,000CLOSE OFPROBATIONTIME OFTROUBLEGROW YOUR OWN FOODSHAKING4тHANGELSMESSAGEISTSIEGE OFSUNDAYLAW2NDSIEGE OFSUNDAYLAWNO-BUYNO-SELLINDUCEMENTSIMPRISONMENTFINESLOUD CRYNEWWORLDORDERBATTLE OFARMAGEDDONAPPEARSAS CHRISTTURKEYREMOVED FROMJACOBSTROUBLE/DEATHDECREE12345|6|3RD WOE1888200120**20**200ОC
918	RIGHTEOUSNESSBY FAITHIMAGE OFSUNDAYTHE BEASTLAWOUT OF THE CITIESSEALING OF 144,000CLOSE OFPROBATIONTIME OFTROUBLEGROW YOUR OWN FOODSHAKING4THANGELSMESSAGE1STSIEGE OFSUNDAYLAW2ND.SIEGE OFSUNDAYLAWNO-BUYNO-SELLINDUCEMENTSIMPRISONMENTFINESLOUD CRYNEWWORLDORDERBATTLE OFARMAGEDDONSATANAPPEARSAS CHRISTTURKEYREMOVED FROMJACOBSTROUBLE/DEATHDECREEJERUSALEM1|2|3|4|5|6|73RD WOE1888200120**20**20
924	RIGHTEOUSNESSBY FAITHIMAGE OFSUNDAYTHE BEASTLAWOUT OF THE CITIESSEALING OF 144,000CLOSE OFPROBATIONTIME OFTROUBLEGROW YOUR OWN FOODSHAKING4тHANGELSMESSAGEISTSIEGE OFSUNDAYLAW2NDSIEGE OFSUNDAYLAWNO BUYNO-SELLINDUCEMENTSIMPRISONMENTFINESLOUD CRYNEWWORLDORDERBATTLE OFARMAGEDDONSATANAPPEARSAS CHRISTTURKEYREMOVED FROMJACOBSTROUBLE/DEATHDECREE1|2|3|4|5|6|3RD WOE1888200120**20**20
930	RIGHTEOUSNESSBY FAITHIMAGE OFSUNDAYTHE BEASTLAWOUT OF THE CITIESSEALING OF 144,000CLOSE OFPROBATIONTIME OFTROUBLEGROW YOUR OWN FOODSHAKING4тHANGELSMESSAGEISTSIEGE OFSUNDAYLAW2NDSIEGE OFSUNDAYLAWNO-BUYNO-SELLINDUCEMENTSIMPRISONMENTFINESLOUD CRYNEWWORLDORDERBATTLE OFARMAGEDDONSATANAPPEARSAS CHRISTTURKEYREMOVED FROMJACOBSTROUBLE/DEATHDECREEJERUSALEM1|2|3|4|5|6|3RD WOE1888200120**20**20
936	RIGHTEOUSNESSBY FAITHIMAGE OFSUNDAYTHE BEASTLAWOUT OF THE CITIESSEALING OF 144,000CLOSE OFPROBATIONTIME OFTROUBLEGROW YOUR OWN FOODSHAKING4THANGELSMESSAGEISTSIEGE OFSUNDAYLAW2NDSIEGE OFSUNDAYLAWNO-BUYNO-SELLINDUCEMENTSIMPRISONMENTFINESLOUD CRYNEWWORLDORDERBATTLE OFARMAGEDDONSATANAPPEARSAS CHRISTTURKEYREMOVED FROMJACOBSTROUBLE/DEATHDECREEJERUSALEM12|3|45|6|3RD WOE1888200120**20**20
942	RIGHTEOUSNESSBY FAITHIMAGE OFSUNDAYTHE BEASTLAWOUT OF THE CITIESSEALING OF 144,000CLOSE OFPROBATIONTIME OFTROUBLEGROW YOUR OWN FOODSHAKING4тHANGELSMESSAGEISTSIEGE OFSUNDAYLAW2NDSIEGE OFSUNDAYLAWNO-BUYNO-SELLINDUCEMENTSIMPRISONMENTFINESLOUD CRYNEWWORLDORDERBATTLE OFARMAGEDDONSATANAPPEARSAS CHRISTTURKEYREMOVED FROMJACOBSTROUBLE/DEATHDECREEJERUSALEM1|2|3|4|5|6|3RD WOE1888200120**20**20O0C
948	RIGHTEOUSNESSBY FAITHIMAGE OFSUNDAYTHE BEASTLAWOUT OF THE CITIESSEALING OF 144,000CLOSE OFPROBATIONTIME OFTROUBLEGROW YOUR OWN FOODSHAKING4THANGELSMESSAGE1STSIEGE OFSUNDAYLAW2NDSIEGE OFSUNDAYLAWNO-BUYNO-SELLINDUCEMENTSIMPRISONMENTFINESLOUD CRYNEWWORLDORDERBATTLE OFARMAGEDDONSAtANAPPEARSAS CHRISTTURKEYREMOVED FROMJACOBSTROUBLE/DEATHDECREEJERUSALEM|2|3|4|5|6|3RD WOE1888200120**20**20
954	RIGHTEOUSNESSBY FAITHIMAGE OFSUNDAYTHE BEASTLAWOUT OF THE CITIESSEALING OF 144,000CLOSE OFPROBATIONTIME OFTROUBLEGROW YOUR OWN FOODSHAKING4тHANGELSMESSAGEISTSIEGE OFSUNDAYLAW2NDSIEGE OFSUNDAYLAWNO-BUYNO-SELLINDUCEMENTSIMPRISONMENTFINESLOUD CRYNEWWORLDORDERBATTLE OFARMAGEDDONSA TÀNAPPEARSAS CHRISTTURKEYREMOVED FROMJACOBSTROUBLE/DEATHDECREE12|3|4|5|63RD WOE1888200120**20**20
960	RIGHTEOUSNESSBY FAITHIMAGE OFSUNDAYTHE BEASTLAWOUT OF THE CITIESSEALING OF 144,000CLOSE OFPROBATIONTIME OFTROUBLEGROW YOUR OWN FOODSHAKING4тHANGELSMESSAGEISTSIEGE OFSUNDAYLAW2NDSIEGE OFSUNDAYLAWNO-BUYNO-SELLINDUCEMENTSIMPRISONMENTFINESLOUD CRYNEWWORLDORDERBATTLE OFARMAGEDDONSATANAPPEARSAS CHRISTTURKEYREMOVED FROMJACOBSTROUBLE/DEATHDECREEJERUSALEM1|2|3|4|5|6|73RD WOE1888200120**20**20
966	RIGHTEOUSNESSBY FAITHIMAGE OFSUNDAYTHE BEASTLAWOUT OF THE CITIESSEALING OF 144,000CLOSE OFPROBATIONTIME OFTROUBLEGROW YOUR OWN FOODSHAKING4тHANGELSMESSAGEISTSIEGE OFSUNDAYLAW2NDSIEGE OFSUNDAYLAWNO-BUYNO-SELLINDUCEMENTSIMPRISONMENTFINESLOUD CRYNEWWORLDORDERBATTLE OFARMAGEDDONSA TÀNAPPEARSAS CHRISTTURKEYREMOVED FROMJACOBSTROUBLE/DEATHDECREE12|3|4|5|6|3RD WOE1888200120**20**20
972	RIGHTEOUSNESSBY FAITHIMAGE OFSUNDAYTHE BEASTLAWOUT OF THE CITIESSEALING OF 144,000CLOSE OFPROBATIONTIME OFTROUBLEGROW YOUR OWN FOODSHAKING4THANGELSMESSAGEISTSIEGE OFSUNDAYLAW2NDSIEGE OFSUNDAYLAWNO-BUYNO-SELLINDUCEMENTSIMPRISONMENTFINESLOUD CRYNEWWORLDORDERBATTLE OFARMAGEDDONSÁTANAPPEARSAS CHRISTTURKEYREMOVED FROMJACOBSTROUBLE/DEATHDECREEJERUSALEM|2|3|4|5|6|3RD WOE1888200120**20**20
978	RIGHTEOUSNESSBY FAITHIMAGE OFSUNDAYTHE BEASTLAWOUT OF THE CITIESSEALING OF 144,000CLOSE OFPROBATIONTIME OFTROUBLEGROW YOUR OWN FOODSHAKING4THANGELSMESSAGEISTSIEGE OFSUNDAYLAW2NDSIEGE OFSUNDAYLAWNO-BUYNO-SELLINDUCEMENTSIMPRISONMENTFINESLOUD CRYNEWWORLDORDERBATTLE OFARMAGEDDONSATANAPPEARSAS CHRISTTURKEYREMOVED FROMJACOBSTROUBLE/DEATHDECREEJERUSALEM|2|3|4|5|6|73RD WOE1888200120**20**20
984	RIGHTEOUSNESSBY FAITHIMAGE OFSUNDAYTHE BEASTLAWOUT OF THE CITIESSEALING OF 144,000CLOSE OFPROBATIONTIME OFTROUBLEGROW YOUR OWN FOODSHAKING4тHANGELSMESSAGE1STSIEGE OFSUNDAYLAW2NDSIEGE OFSUNDAYLAWNO-BUYNO-SELLINDUCEMENTSIMPRISONMENTFINESLOUD CRYNEWWORLDORDERBATTLE OFARMAGEDDONSATANAPPEARSAS CHRISTTURKEYREMOVED FROMJACOBSTROUBLE/DEATHDECREEJERUSALEM12|345|6|ERD WOE1888200120**20**20
990	RIGHTEOUSNESSBY FAITHIMAGE OFSUNDAYTHE BEASTLAWOUT OF THE CITIESSEALING OF 144,000CLOSE OFPROBATIONTIME OFTROUBLEGROW YOUR OWN FOODSHAKING4THANGELSMESSAGEISTSIEGE OFSUNDAYLAW2NDSIEGE OFSUNDAYLAWNO-BUYNO-SELLINDUCEMENTSIMPRISONMENTFINESLOUD CRYYNEWWORLDORDERBATTLE OFARMAGEDDONSATANAPPEARSAS CHRISTTURKEYREMOVED FROMJERUSALEMIJACOBSTROUBLE/DEATHDECREE1|2|3|4|5|63RD WOE1888OOO@200120**20**20
996	RIGHTEOUSNESSBY FAITHIMAGE OFSUNDAYTHE BEASTLAWOUT OF THE CITIESSEALING OF 144,000CLOSE OFPROBATIONTIME OFTROUBLEGROW YOUR OWN FOODSHAKING4тHANGELSMESSAGEISTSIEGE OFSUNDAYLAW2NDSIEGE OFSUNDAYLAWNO-BUYNO-SELLINDUCEMENTSIMPRISONMENTFINESLOUD CRYNEWWORLDORDERBATTLE OFARMAGEDDONSATANAPPEARSAS CHRISTTURKEYREMOVED FROMJACOBSTROUBLE/DEATHDECREEJERUSALEM12345|63RD WOE1888200120**20**20
1002	RIGHTEOUSNESSBY FAITHIMAGE OFSUNDAYTHE BEASTLAWOUT OF THE CITIESSEALING OF 144,000CLOSE OFPROBATIONTIME OFTROUBLEGROW YOUR OWN FOODSHAKING4THANGELSMESSAGEISTSIEGE OFSUNDAYLAW2NDSIEGE OFSUNDAYLAWNO-BUYNO-SELLINDUCEMENTSIMPRISONMENTFINESLOUD CRYNEWWORLDORDERBATTLE OFARMAGEDDONSATANAPPEARSAS CHRISTTURKEYREMOVED FROMJACOBSTROUBLE/DEATHDECREE|2|3|4|5|63RD WOE1888200120**20**20
1008	RIGHTEOUSNESSBY FAITHIMAGE OFSUNDAYTHE BEASTLAWOUT OF THE CITIESSEALING OF 144,000CLOSE OFPROBATIONTIME OFTROUBLEGROW YOUR OWN FOODSHAKING4тHANGELSMESSAGEISTSIEGE OFSUNDAYLAW2NDSIEGE OFSUNDAYLAWNO-BUYNO-SELLINDUCEMENTSIMPRISONMENTFINESLOUD CRYNEWWORLDORDERBATTLE OFARMAGEDDONSATANAPPEARSAS CHRISTTURKEYREMOVED FROMJACOBSTROUBLE/DEATHDECREE12|3|4|5|6|3RD WOE1888200120**20**20
1014	RIGHTEOUSNESSBY FAITHIMAGE OFSUNDAYTHE BEASTLAWOUT OF THE CITIESSEALING OF 144,000CLOSE OFPROBATIONTIME OFTROUBLEGROW YOUR OWN FOODSHAKING4THANGELSMESSAGEISTSIEGE OFSUNDAYLAW2NDSIEGE OFSUNDAYLAWNO-BUYNO-SELLINDUCEMENTSIMPRISONMENTFINESLOUD CRYNEWWORLDORDERBATTLE OFARMAGEDDONSATANAPPEARSAS CHRISTTURKEYREMOVED FROMJERUSALEMJACOBSTROUBLE/DEATHDECREE12|3|4|5|6|3RD WOE1888200120**20**20
1020	RIGHTEOUSNESSBY FAITHIMAGE OFSUNDAYTHE BEASTLAWOUT OF THE CITIESSEALING OF 144,000CLOSE OFPROBATIONTIME OFTROUBLEGROW YOUR OWN FOODSHAKINGANGELSMESSAGE2N9SIEGE OFSUNDAYNEVWORORDIBATTLE OARMAGEDD19TSIEGE OFSUNDAYLAWNO-BUYNO-SELLINDUCEMENTSIMPRISONMENTLOUD CRYSATANAPPEARSAS CHRISTTROUBLIDEATHDECREEBRYARDROM12345613RD WOE1888200120**20**20**
1026	RIGHTEOUSNESSBY FAITHIMAGE OFSUNDAYTHE BEASTLAWOUT OF THE CITIESSEALING OF 144,000CLOSE OFPROBATIONTIME OFTROUBLEGROW YOUR OWN FOODSHAKINGANGELSMESSAGENEVWORORDEBATTLE O19TSIEGE OFSUNDAYLAWSIEGE OFSUNDAYLAWNO-BUYNO-SELLINDUCEMENTSIMPRISONMENTSATANAPPEARSAS CHRISTLOUD CRYTROUBLIDEATHDECREE1|2|3 4|56113RD WOE1888200120**20**20**
1032	RIGHTEOUSNESSBY FAITHIMAGE OFSUNDAYTHE BEASTLAWOUT OF THE CITIESSEALING OF 144,000CLOSE OFPROBATIONTIME OFTROUBLEGROW YOUR OWN FOODSHAKINGATHANGELSMESSAGENEVWORORDEBATTLE'OARMAGEDDJ9TSIEGE OFSUNDAYLAWSIEGE OFSUNDAYLAwNO-BUYNO-SELLINDUCEMENTSIMPRISONMENTSATANAPPEARSAS CHRISTLOUD CRYTROUBLIDEATHDECREE12345613RD WOE1888200120**20**20**
1038	RIGHTEOUSNESSBY FAITHIMAGE OFSUNDAYTHE BEASTLAWOUT OF THE CITIESSEALING OF 144,000CLOSE OFPROB. TIONTIME OFTROUBLEGROW YOUR OWN FOODSHAKINGANGELSMESSAGENEVWORORDEBATTLE'OARMAGEDD19TSIEGE OFSUNDAYLAWSIEGE OFSUNDAYLAWNO-BUYNO-SELLINDUCEMENTSIMPRISONMENTSATANAPPEARSAS CHRISTLOUD CRYTROUBLIDEATHDECREE12345613RD WOE18880003850200120**20**20**
1044	RIGHTEOUSNESSBY FAITHIMAGE OFTHE BEASTSUNDAYLAWOUT OF THE CITIESSEALING OF 144,00CgCLOSE OFPROBATIONTIME OFTROUBLEGROW YOUR OWN FOODSHAKING4тНANGELSMESSAGENEVWORORDEBATTLE OARMAGEDD19TSIEGE OFSUNDAYLAWSIEGE OFSUNDAYLAWNO-BUYNO-SELLINDUCEMENTSIMPRISONMENTSATANAPPEARSAS CHRISTLOUD CRYTROUBLIDEATHDECREE12345613RD WOE18889005800200120**20**20**
1050	RIGHTEOUSNESSBY FAITHIMAGE OFTHE BEASTSUNDAYLAWOUT OF THE CITIESSEALING OF 144,00GCLOSE OFPROBATIONTIME OFTROUBLEGROW YOUR OWN FOODSHAKINGANGELSMESSAGENEVWORORDEBATTLE'GARMAGEDD19TSIEGE OFSUNDAYLAWSIEGE OFSUNDAYLAWNO-BUYNO-SELLINDUCEMENTSIMPRISONMENTSATANAPPEARSAS CHRISTLOUD CRYTROUBLIDEATHDECREE12345613RD WOE1888200120**20**20**
1056	RIGHTEOUSNESSBY FAITHIMAGE OFTHE BEASTSUNDAYLAWOUT OF THE CITIESSEALING OF 144,000CLOSE OFPROBATIONTIME OFTROUBLEGROW YOUR OWN FOODSHAKING4тнANGELSMESSAGENEVWORORDEBATTLE'G19TSIEGE OFSUNDAYLAWSIEGE OFSUNDAYLAWNO-BUYNO-SELLINDUCEMENTSIMPRISONMENTSATANAPPEARSAS CHRISTOUP CRYTROUBLIDEATHDECREE12|345613RD WOE1888000D90200120**20**20**
1062	RIGHTEOUSNESSBY FAITHIMAGE OFSUNDAYTHE BEASTLAWOUT OF THE CITIESSEALING OF 144,000CLOSE OFPF-OBATIONTIME OFTROUBLEGROW YOUR OWN FOODSHAKING4тнANGELSMESSAGENEVWORORDIBATTLE'OARMAGEDDJ9TSIEGE OFSUNDAYLAWSIEGE OFSUNDAYLAWNO-BUYNO-SELLINDUCEMENTSIMPRISONMENTSAtÂNAPPEARSAS CHRISTLOUD CRYTROUBLIDEATHDECREE12345613RD WOE18880009900200120**20°*20**
1068	RIGHTEOUSNESSBY FAITHIMAGE OFSUNDAYTHE BEASTLAWOUT OF THE CITIESSEALING OF 144,000CLOSE OFPROBATIONTIME OFTROUBLEGROW YOUR OWN FOODSHAKING4тНANGELSMESSAGENEVWORORDEBATTLE'G19TSIEGE OFSUNDAYLAWSIEGE OFSUNDAYLAWNO-BUYNO-SELLINDUCEMENTSIMPRISONMENTSATANAPPEARSAS CHRISTLOUD CRYTROUBLIDEATHDECREE123456113RD WOE18880009800200120**20**20**
1074	RIGHTEOUSNESSBY FAITHIMAGE OFSUNDAYTHE BEASTLAWOUT OF THE CITIESSEALING OF 144,000CLOSE OFPROBATIONTIME OFTROUBLEGROW YOUR OWN FOODSHAKINGANGELSMESSAGENEVWORORDEBATTLE'O19TSIEGE OFSUNDAYLAWSIEGE OFSUNDAYLAWNO-BUYNO-SELLINDUCEMENTSIMPRISONMENTSATANAPPEARSAS CHRISTLOUD CRYTROUBLIDEATHDECREE12345613RO WOE188800UD800200120**20**20**
1080	RIGHTEOUSNESSBY FAITHIMAGE OFTHE BEASTSUNDAYLAWOUT OF THE CITIESSEALING OF 144,000CLOSE OFPROBATIONTIME OFTROUBLEGROW YOUR OWN FOODSHAKINGANGELSMESSAGENEVWORORDEBATTLE'OARMAGEDD19TSIEGE OFSUNDAYLAWSIEGE OFSUNDAYLAWNO-BUYNO-SELLINDUCEMENTSIMPRISONMENTSATANAPPEARSAS CHRISTLOUD CRYTROUBLIDEATHDECREE12345613RD WOE18880000800200120**20**20**
1086	RIGHTEOUSNESSBY FAITHIMAGE OFTHE BEASTSUNDAYLAWOUT OF THE CITIESSEALING OF 144,000CLOSE OFPROBATIONTIME OFTROUBLEGROW YOUR OWN FOODSHAKING4тНANGELSMESSAGE18TSIEGE OFSUNDAYLAWr.SIEGE OFSUNDAYLAWNO-BUYNO-SELLINDUCEMENTSIMPRISONMENTNEVWORORDEBATTLE OARMAGEDDSATÂNAPPEARSAS CHRISTLOUD CRYTROUBLIDEATHDECREE12345|613RD WOE18880005800200120**20**20**
1092	RIGHTEOUSNESSBY FAITHIMAGE OFSUNDAYTHE BEASTLAWOUT OF THE CITIESSEALING OF 144,000CLOSE OFPROBATIONTIME OFTROUBLEGROW YOUR OWN FOODSHAKINGANGELSMESSAGENEVWORORDEBATTLE'GARMAGEDD19TSIEGE OFSUNDAYLAWSIEGE OFSUNDAYLAWNO-BUYNO-SELLINDUCEMENTSIMPRISONMENTSATANAPPEARSAS CHRISTLOUD CRYTROUBLIDEATHDECREE12345613RD WOE1888200120**20**20**
1098	RIGHTEOUSNESSBY FAITHIMAGE OFSUNDAYTHE BEASTLAWOUT OF THE CITIESSEALING OF 144,000CLOSE OFPROBATIONTIME OFTROUBLEGROW YOUR OWN FOODSHAKINGANGELSMESSAGENEVWORORDEBATTLE'OARMAGEDD19TSIEGE OFSUNDAYLAWSIEGE OFSUNDAYLAWNO-BUYNO-SELLINDUCEMENTSIMPRISONMENTSATANAPPEARSAS CHRISTLOUD CRYTROUBLIDEATHDECREE12345|613RD WOE18880003800200120**20**20**
1104	RIGHTEOUSNESSBY FAITHIMAGE OFSUNDAYTHE BEASTLAWOUT OF THE CITIESSEALING OF 144,000CLOSE OFPROBATIONTIME OFTROUBLEGROW YOUR OWN FOODSHAKINGANGELSMESSAGENEVWORORDEBATTLE'O19TSIEGE OFSUNDAYLAWSIEGE OFSUNDAYLAWNO-BUYNO-SELLINDUCEMENTSIMPRISONMENTSATÂNASCHAIETLOUD CRYTROUBLIDEATHDECREE12345613RO WOE18880005800200120**20**20**
1110	IGHTEOUSNESIMAGE OFSUNDAYTHE BEASTLAWOUT OF THE CITIESSEALING OF 144,000CLOSE OFPROBATIONTIME OFTROUBLEGROW YOUR OWN FOODSHAKINGANGELSMESSAGENEVWORORDEBATTLE O19TSIEGE OFSUNDAYLAWSIEGE OFSUNDAYLAWNO-BUYNO-SELLINDUCEMENTSIMPRISONMENTSATANAPPEARSAS CHRISTLOUD CRYTROUBLIDEATHDECREE12345613RD WOE18880000800200120**20**20**
1116	IGHTEOUSNESIMAGE OFSUNDAYTHE BEASTLAWOUT OF THE CITIESSEALING OF 144,000CLOSE OFPROBATIONTIME OFTROUBLEGROW YOUR OWN FOODSHAKINGANGELSMESSAGENEVWORORDEBATTLE'OARMAGEDD19TSIEGE OFSUNDAYLAWSIEGE OFSUNDAYLAWNO-BUYNO-SELLINDUCEMENTSIMPRISONMENTSATANAPPEARSAS CHRISTLOUD CRYTROUBLIDEATHDECREE12|34|5|6113RD WOE1888200120**20**20**
1122	RIGHTEOUSNESSBY FAITHIMAGE OFSUNDAYTHE BEASTLAWOUT OF THE CITIESSEALING OF 144,000CLOSE OFPROBATIONTIME OFTROUBLEGROW YOUR OWN FOODSHAKINGANGELSMESSAGENEVWORORDIBATTLE'OARMAGEDD18TSIEGE OFSUNDAYLAWSIEGE OFSUNDAYLAWNO-BUYNO-SELLINDUCEMENTSIMPRISONMENTSATANAPPEARSAS CHRISTLOUD CRYTROUBLIDEATHDECREE12345613RO WOE1888200120**20**20**
1128	
1134	
1140	
1146	
1152	
1158	
1164	
1170	
1176	
1182	RIGHTEOUSNESSBY FAITHIMAGE OFSUNDAYTHE BEASTLAWOUT OF THE CITIESSEALING OF 144,000CLOSE OFPROBATIONTIME OFTROUBLEGROW YOUR OWN FOODSHAKINGANGELSMESSAGENEVWORORDEBATTLE'GARMAGEDD19TSIEGE OFSUNDAYLAWSIEGE OFSUNDAYLAWNO-BUYNO-SELLINDUCEMENTSIMPRISONMENTSATANAPPEARSAS CHRISTLOUD CRYTROUBLIDEATHDECREET213 45 6113RD WOE18880000900200120**20**20**
1188	RIGHTEOUSNESSBY FAITHIMAGE OFSUNDAYTHE BEASTLAWOUT OF THE CITIESSEALING OF 144,000CLOSE OFPROBATIONTIME OFTROUBLEGROW YOUR OWN FOODSHAKING4тHANGELSMESSAGE1STSIEGE OFSUNDAYLAW2NDSIEGE OFSUNDAYLAWNO-BUYNO-SELLINDUCEMENTSIMPRISONMENTFINESLOUD CRYNEWWORLDORDERBATTLE OFARMAGEDDONAPPEARSAS CHRISTTURKEYREMOVED FROMJACOBSTROUBLE/DEATHDECREEJERUSALEM12|3 45|63RD WOE1888200120**20**20
1194	RIGHTEOUSNESSBY FAITHIMAGE OFSUNDAYTHE BEASTLAWOUT OF THE CITIESSEALING OF 144,000CLOSE OFPROBATIONTIME OFTROUBLEGROW YOUR OWN FOODSHAKING4тHANGELSMESSAGE1STSIEGE OFSUNDAYLAW2NDSIEGE OFSUNDAYLAWNO-BUYNO-SELLINDUCEMENTSIMPRISONMENTFINESLOUD CRYNEWWORLDORDERBATTLE OFARMAGEDDONSATANAPPEARSAS CHRISTTURKEYREMOVED FROMJACOBSTROUBLE/DEATHDECREEJERUSALEM1|2|3|4|5|63RD WOE1888200120**20**20
1200	RIGHTEOUSNESSBY FAITHIMAGE OFSUNDAYTHE BEASTLAWOUT OF THE CITIESSEALING OF 144,000CLOSE OFPROBATIONTIME OFTROUBLEGROW YOUR OWN FOODSHAKING4THANGELSMESSAGEISTSIEGE OFSUNDAYLAW2NDSIEGE OFSUNDAYLAWNO-BUYNO-SELLINDUCEMENTSIMPRISONMENTFINESLOUD CRYNEWWORLDORDERBATTLE OFARMAGEDDONAPPEARSAS CHRISTTURKEYREMOVED FROMJACOBSTROUBLE/DEATHDECREEJERUSALEM123456|3RD WOE1888200120**20**20
1206	RIGHTEOUSNESSBY FAITHIMAGE OFSUNDAYTHE BEASTLAWOUT OF THE CITIESSEALING OF 144,000CLOSE OFPROBATIONTIME OFTROUBLEGROW YOUR OWN FOODSHAKING4THANGELSMESSAGE1STSIEGE OFSUNDAYLAW2NDSIEGE OFSUNDAYLAWNO-BUYNO-SELLINDUCEMENTSIMPRISONMENTFINESLOUD CRYNEWWORLDORDERBATTLE OFARMAGEDDONSAtANAPPEARSAS CHRISTTURKEYREMOVED FROMJACOBSTROUBLE/DEATHDECREEJERUSALEM12|3456|3RD WOE1888200120**20**20*
1212	JOHTEOUSNELAMOUT OF THE CITIESEALING OF 144,000PROBATIONGROW YOUR OWN FOODNEWwORLDORDERNO-NUMNO-SELL1234154188020%20**201
1218	SOHTEOUSNESSUNDAYOUT OF THE CITIESEALING OF 144,000CLOSE OFGROW YOUR OWN FOODNEWWORLDORDERNO-BUYNO-SELL02345620**20**20.
1224	OHTEOUSNESIMAGE OFSUNDAYOUT OF THE CITIE!SEALING OF 144,000CLOSE OFGROW YOUR OWN FOODTROUBLENO-BUYNO-SELL1 2345120**20**20**Find our Middle East studies on adtv.watch
1230	GHTEOUSNESIMAGE OFSUNDAYOUT OF THE CITIE!BEALING OF 144,000CLOSE OFPROBATIONGROW YOUR OWN FOODWORLDNO-BUYNO-SELL0 2 3 456188820**20**20**Find our Middle East studies on adtv.watch
1236	GHTEOUSNESIMAGE OFSUNDAYOUT OF THE CITIE!SEALING OF 144,000CLOSE OFPROBATIONTROUBLEGROW YOUR OWN FOODWORLDNO-BUYVO-SELI1234516188820**20**20**Find our Middle East studies on adtv.watch
1242	Find our Middle East studies on adtv.watch
1248	
1254	
1260	
1266	
1272	JOHTEOUSNESSUNDAYLAWOUT OF THE CITIE!SEALING OF 144,000038019GROW YOUR OWN FOODNEWWORLDORDERNO-SELLAND-ON123451€20**..oa20**
1278	RIGHTEOUSNESSBY FAITHMAGE OFTHE BEASTSUNDAYLAWOUT OF THE CITIESSEALING OF 144,000CLOSE OFPROBATIONTIME OFTROUBLEGROW YOUR OWN FOODSHAKINGANGELSMESSAGENEVWORORDIBATTLE'OARMAGEDD19TSIEGE OFSUNDAYLAWSIEGE OFSUNDAYLAWNO-BUYNO-SELLINDUCEMENTSIMPRISONMENTSATANAPPEARSAS CHRISTLOUD CRYTROUBLIDEATHDECREE4123 45813RO WOE18880000900200120**20**20**
1284	RIGHTEOUSNESSBY FAITHIMAGE OFSUNDAYTHE BEASTLAWOUT OF THE CITIESSEALING OF 144,000CLOSE OFPROBATIONTIME OFTROUBLEGROW YOUR OWN FOODSHAKINGANGELSMESSAGE18TSIEGE OFSUNDAYLAWSIEGE OFSUNDAYLAWNO-BUYNO-SELLINDUCEMENTSIMPRISONMENTLOUD CRYNEVWORORDEBATTLE OARMAGEDDSATANAPPEARSAS CHRISTTROUBLIDEATHDECREE30У RPOM12345|613RD WOE1888000090200120**20**20**
1290	RIGHTEOUSNESSBY FAITHIMAGE OFTHE BEASTSUNDAYLAWOUT OF THE CITIESSEALING OF 144,000CLOSE OFPROBATIONTIME OFTROUBLEGROW YOUR OWN FOODSHAKINGATHANGELSMESSAGE19TSIEGE OFSUNDAYLAWSIEGE DFSUNDAYLAWNO-BUYNO-SELLINDUCEMENTSIMPRISONMENTNEVWORORDEBATTLE OARMAGEODSATANAPPEARSAS CHRISTLOUD CRYTROUBLIDEATHDECREE12345613RD WOE1888200120**20**20**
1296	RIGHTEOUSNESSBY FAITHIMAGE OFSUNDAYTHE BEASTLAWOUT OF THE CITIESSEALING OF 141,000CLOSE OFPROBATIONTIME OFTROUBLEGROW YOUR OWN FOODSHAKINGATHANGELSMESSAGENEVWORORDEBATTLE OARMAGEDD18TSIEGE OFSUNDAYLAWSIEGE OFSUNDAYLAWNO-BUYNO-SELLINDUCEMENTSIMPRISONMENTSATANAPPEARSAS CHRISTLOUD CRYTROUBLIDEATHDECREE12/3451613RO WOE1888200120**20**20**0 009 9
1302	RIGHTEOUSNESSBY FAITHIMAGE OFSUNDAYTHE BEASTLAWOUT OF THE CITIESSEALING OF 144,000CLOSE OFPROBATIONTIME OFTROUBLEGROW YOUR OWN FOODSHAKINGANGELSMESSAGESIEGE OFSUNDAYLAWNO-BUYNO-SELL1sTSIEGE OFSUNDAYLAWIMPRISONMENTLOUD CRYNEVWORORDEBATTLE'OARMAOCOOSATÂNAPPEARSAS CHRISTTROUBLIDEATHDECREEMOVIESOM12/3 45613RO WOE18880000320200120**20°*20**
1308	RIGHTEOUSNESSBY FAITHIMAGE OFSUNDAYTHE BEASTLAWOUT OF THE CITIESSEALING OF 144,000CLOSE OFPROBATIONTIME OFTROUBLEGROW YOUR OWN FOODSHAKING4THANGELSMESSAGEISTSIEGE OFSUNDAYLAW2NDSIEGE OFSUNDAYLAWNO-BUYNO-SELLINDUCEMENTSIMPRISONMENTFINESLOUD CRYNEWWORLDORDERBATTLE OFARMAGEDDONSATANAPPEARSAS CHRISTTURKEYREMOVED FROMJACOBSTROUBLE/DEATHDECREEJERUSALEM12|3|4|5|6|13RD WOE1888200120**20**2000C
1314	RIGHTEOUSNESSBY FAITHIMAGE OFSUNDAYTHE BEASTLAWOUT OF THE CITIESSEALING OF 144,000CLOSE OFPROBATIONTIME OFTROUBLE™GROW YOUR OWN FOODSHAKING4THANGELSMESSAGEISTSIEGE OFSUNDAYLAW2NDSIEGE OFSUNDAYLAWNO-BUYNO-SELLINDUCEMENTSIMPRISONMENTFINESLOUD CRYNEWWORLDORDERBATTLE OFARMAGEDDONSATANAPPEARSAS CHRISTTURKEYREMOVED FROMJACOBSTROUBLE/DEATHDECREE12|3|4|5|6|3RD WOE1888200120**20**20
1320	RIGHTEOUSNESSBY FAITHIMAGE OFSUNDAYTHE BEASTLAWOUT OF THE CITIESSEALING OF 144,000CLOSE OFPROBATIONTIME OFTROUBLE*GROW YOUR OWN FOODSHAKING4тHANGELSMESSAGEISTSIEGE OFSUNDAYLAW2NDSIEGE OFSUNDAVLAWNO-BUYNO-SELLINDUCEMENTSIMPRISONMENTFINESLOUD CRYNEWWORLDORDERBATTLE OFARMAGEDDONSATANAPPEARSAS CHRISTTURKEYREMOVED FROMJACOBSTROUBLE/DEATHDECREE12|3|4|5|63RD WOE1888200120**20**20
1326	
1332	
1338	
1344	RIGHTEOUSNESSBY FAITHMAGE OFTHE BEASTSUNDAYLAWOUT OF THE CITIESSEALING OF 144,000CLOSE OFPROBATIONTIME OFTROUBLEGROW YOUR OWN FOODSHAKING4тнANGELSMESSAGENEVWORORDEBATTLE OARMAGEDD19TSIEGE OFSUNDAYLAWBIEGE OFSUNDAYLAWNO-BUYNO-SELLINDUCEMENTSIMPRISONMENTSATANAPPEARSAS CHRISTLOUD CRYTROUBLIDEATHDECREE12|3 45|61• 3RD WOE1888200120**20**20**
1350	RIGHTEOUSNESSBY FAITHIMAGE OFSUNDAYTHE BEASTLAWOUT OF THE CITIESSEALING OF 144,000CLOSE OFPROBATIONTIME OFTROUBLEGROW YOUR OWN FOODSHAKING4тнANGELSMESSAGENEVWORORDEBATTLE'O18TSIEGE OFSUNDAYLAWr.SIEGE DFSUNDAYLAWNO-BUYNO-SELLINDUCEMENTSIMPRISONMENTSATANAPPEARSAS CHRISTLOUD CRYTROUBLIDEATHDECREE1213g 51613RO WOE18880000900200120**20**20**
1356	RIGHTEOUSNESSBY FAITHIMAGE OFSUNDAYTHE BEASTLAWOUT OF THE CITIESSEALING OF 144,000CLOSE OFPROBATIONTIME OFTROUBLEGROW YOUR OWN FOODSHAKINGATHANGELSMESSAGE19TSIEGE OFSUNDAYLAW2NOSIEGE OFSUNDAYLAWNO-BUYNO-SELLINDUCEMENTSIMPRISONMENTNEVWORORDEBATTLE OSATANAPPEARSAS CHRISTLOUD CRYTROUBLIDEATHDECREE9345613RD WOE1888200120**20**20**
1362	RIGHTEOUSNESSBY FAITHIMAGE OFTHE BEASTSUNDAYLAWOUT OF THE CITIESSEALING OF 144,000CLOSE OFPROBATIONTIME OFTROUBLEGROW YOUR OWN FOODSHAKINGATHANGELSMESSAGESIEGE OFSUNDAYNEVWORORDIBATTLE OARMAGEDDSAtÂNAPPEARSAS CHRIST19TSIEGE OFSUNDAYLAWNO-BUYNO-SELLINDUCEMENTSIMPRISONMENTLOUD CRYTROUBLIDEATHDECREE62345813RD WOE18880000809200120**20**20**
1368	RIGHTEOUSNESSBY FAITHMAGE OFTHE BEASTSUNDAYLAWOUT OF THE CITIESSEALING OF 144,000CLOSE OFPROBATIONTIME OFTROUBLEGROW YOUR OWN FOODSHAKINGANGELSMESSAGENEVWORORDEBATTLE'OARMAGEDD19TSIEGE OFSUNDAYLAWSIEGE OFSUNDAYLAWNO-BUYNO-SELLINDUCEMENTSIMPRISONMENTSATANAPPEARSAS CHRISTLOUD CRYTROUBLIDEATHDECREE12045613RD WOE188800009009200120**20°*20**
1374	RIGHTEOUSNESSBY FAITHIMAGE OFSUNDAYTHE BEASTLAWOUT OF THE CITIESSEALING OF 144,000CLOSE OFPROBATIONTIME OFTROUBLEGROW YOUR OWN FOODSHAKING4THANGELSMESSAGEISTSIEGE OFSUNDAYLAW2NDSIEGE OFSUNDAYLAWNO-BUYNO-SELLINDUCEMENTSIMPRISONMENTFINESLOUD CRYNEWWORLDORDERBATTLE OFARMAGEDDONAPPEARSAS CHRISTTURKEYREMOVED FROMJACOBSTROUBLE/DEATHDECREEJERUSALEM|2|3|4|5|63RP WOE1888200120**20**20
1380	RIGHTEOUSNESSBY FAITHIMAGE OFSUNDAYTHE BEASTLAWOUT OF THE CITIESSEALING OF 144,000CLOSE OFPROBATIONTIME OFTROUBLEGROW YOUR OWN FOODSHAKING4тHANGELSMESSAGE1STSIEGE OFSUNDAYLAW2NDSIEGE OFSUNDAYLAWNO-BUYNO-SELLINDUCEMENTSIMPRISONMENTFINESLOUD CRYNEWWORLDORDERBATTLE OFARMAGEDDONSATANAPPEARSAS CHRISTTURKEYREMOVED FROMJACOBSTROUBLE/DEATHDECREEJERUSALEM1|2|3|4|5|63RP WOE1888200120**20**20
1386	RIGHTEOUSNESSBY FAITHIMAGE OFSUNDAYTHE BEASTLAWOUT OF THE CITIESSEALING OF 144,000CLOSE OFPROBATIONTIME OFTROUBLEGROW YOUR OWN FOODSHAKING4тHANGELSMESSAGEISTSIEGE OFSUNDAYLAW2NDSIEGE OFSUNDAYLAWNO-BUYNO-SELLINDUCEMENTSIMPRISONMENTFINESLOUD CRYNEWWORLDORDERBATTLE OFARMAGEDDONSATANAPPEARSAS CHRISTTURKEYREMOVED FROMJACOBSTROUBLE/DEATHDECREE12|3|4|5|6|3RP WOE1888200120**20**20
1392	RIGHTEOUSNESSBY FAITHIMAGE OFSUNDAYTHE BEASTLAWOUT OF THE CITIESSEALING OF 144,000CLOSE OFPROBATIONTIME OFTROUBLEGROW YOUR OWN FOODSHAKING4тHANGELSMESSAGEISTSIEGE OFSUNDAYLAW2NDSIEGE OFSUNDAYLAWNO-BUYNO-SELLINDUCEMENTSIMPRISONMENTFINESLOUD CRYNEWWORLDORDERBATTLE OFARMAGEDDONSATANAPPEARSAS CHRISTTURKEYREMOVED FROMJACOBSTROUBLE/DEATHDECREEJERUSALEM12|3|4|5|6|73RD WOE1888200120**20**20
1398	RIGHTEOUSNESSBY FAITHIMAGE OFSUNDAYTHE BEASTLAWOUT OF THE CITIESSEALING OF 144,000CLOSE OFPROBATIONTIME OFTROUBLEGROW YOUR OWN FOODSHAKING4THANGELSMESSAGE1STSIEGE OFSUNDAYLAW2NDSIEGE OFSUNDAYLAWNO-BUYNO-SELLINDUCEMENTSIMPRISONMENTFINESLOUD CRYNEWWORLDORDERBATTLE OFARMAGEDDONSATANAPPEARSAS CHRISTTURKEYREMOVED FROMJACOBSTROUBLE/DEATHDECREEJERUSALEM|2|3|4|5|63RD WOE1888200120**20**20
1404	RIGHTEOUSNESSBY FAITHIMAGE OFSUNDAYTHE BEASTLAWOUT OF THE CITIESSEALING OF 144,000CLOSE OFPROBATIONTIME OFTROUBLEGROW YOUR OWN FOODSHAKING4THANGELSMESSAGE1STSIEGE OFSUNDAYLAW2NDSIEGE OFSUNDAYLAWNO-BUYNO-SELLINDUCEMENTSIMPRISONMENTFINESLOUD CRYNEWWORLDORDERBATTLE OFARMAGEDDONSA TÀNAPPEARSAS CHRISTTURKEYREMOVED FROMJACOBSTROUBLE/DEATHDECREEJERUSALEM2|3|45|63RD WOE1888200120**20**20
1410	RIGHTEOUSNESSBY FAITHIMAGE OFSUNDAYTHE BEASTLAWOUT OF THE CITIESSEALING OF 144,000CLOSE OFPROBATIONTIME OFTROUBLEGROW YOUR OWN FOODSHAKING4THANGELSMESSAGEISTSIEGE OFSUNDAYLAW2NDSIEGE OFSUNDAYLAWNO-BUYNO-SELLINDUCEMENTSIMPRISONMENTFINESLOUD CRYNEWWORLDORDERBATTLE OFARMAGEDDONSATANAPPEARSAS CHRISTTURKEYREMOVED FROMJACOBSTROUBLE/DEATHDECREEJERUSALEM2|3|4|5|6|3RD WOE1888200120**20**20
1416	RIGHTEOUSNESSBY FAITHIMAGE OFSUNDAYTHE BEASTLAWOUT OF THE CITIESSEALING OF 144,000CLOSE OFPROBATIONTIME OFTROUBLEGROW YOUR OWN FOODSHAKING4THANGELSMESSAGE1STSIEGE OFSUNDAYLAW2NDSIEGE OFSUNDAYLAWNO-BUYNO-SELLINDUCEMENTSIMPRISONMENTFINESLOUD CRYNEWWORLDORDERBATTLE OFARMAGEDDONSATANAPPEARSAS CHRISTTURKEYREMOVED FROMJACOBSTROUBLE/DEATHDECREEJERUSALEM12|3|4|5|6|73RD WOE1888200120**20**20
1422	RIGHTEOUSNESSBY FAITHIMAGE OFSUNDAYTHE BEASTLAWOUT OF THE CITIESSEALING OF 144,000CLOSE OFPROBATIONTIME OFTROUBLEGROW YOUR OWN FOODSHAKING4THANGELSMESSAGE1STSIEGE OFSUNDAYLAW2NDSIEGE OFSUNDAYLAWNO-BUYNO-SELLINDUCEMENTSIMPRISONMENTFINESLOUD CRYNEWWORLDORDERBATTLE OFARMAGEDDONSATANAPPEARSAS CHRISTTURKEYREMOVED FROMJACOBSTROUBLE/DEATHDECREE12/3|4|5|63RD WOE1888200120**20**20O0C
1428	RIGHTEOUSNESSBY FAITHIMAGE OFSUNDAYTHE BEASTLAWOUT OF THE CITIESSEALING OF 144,000CLOSE OFPROBATIONTIME OFTROUBLEgROW YOUR OWN FOODSHAKING4тHANGELSMESSAGE1STSIEGE OFSUNDAYLAW2NDSIEGE OFSUNDAYLAWNO-BUYNO-SELLINDUCEMENTSIMPRISONMENTFINESLOUD CRYNEWWORLDORDERBATTLE OFARMAGEDDONSATANAPPEARSAS CHRISTTURKEYREMOVED FROMJACOBSTROUBLE/DEATHDECREEJERUSALEM12|3|4|5|63RD WOE1888200120**20**20
1434	RIGHTEOUSNESSBY FAITHIMAGE OFSUNDAYTHE BEASTLAWOUT OF THE CITIESSEALING OF 144,000CLOSE OFPROBATIONTIME OFTROUBLEGROW YOUR OWN FOODSHAKING4THANGELSMESSAGE1STSIEGE OFSUNDAYLAW2NDSIEGE OFSUNDAYLAWNO-BUYNO-SELLINDUCEMENTSIMPRISONMENTFINESLOUD CRYNEWWORLDORDERBATTLE OFARMAGEDDONSATANAPPEARSAS CHRISTTURKEYREMOVED FROMJACOBSTROUBLE/DEATHDECREEJERUSALEM1|2|3|4|5|63RD WOE1888200120**20**200 C
1440	RIGHTEOUSNESSBY FAITHIMAGE OFSUNDAYTHE BEASTLAWOUT OF THE CITIESSEALING OF 144,000CLOSE OFPROBATIONTIME OFTROUBLEGROW YOUR OWN FOODSHAKING4THANGELSMESSAGE1STSIEGE OFSUNDAYLAW2NDSIEGE OFSUNDAYLAWNO-BUYNO-SELLINDUCEMENTSIMPRISONMENTFINESLOUD CRYNEWWORLDORDERBATTLE OFARMAGEDDONSATANAPPEARSAS CHRISTTURKEYREMOVED FROMJACOBSTROUBLE/DEATHDECREEJERUSALEM12|3|4|5|63RD WOE1888200120**20**20
1446	RIGHTEOUSNESSBY FAITHIMAGE OFSUNDAYTHE BEASTLAWOUT OF THE CITIESSEALING OF 144,000CLOSE OFPROBATIONTIME OFTROUBLEGROW YOUR OWN FOODSHAKING4THANGELSMESSAGEISTSIEGE OFSUNDAYLAW2NDSIEGE OFSUNDAYLAWNO-BUYNO-SELLINDUCEMENTSIMPRISONMENTFINESLOUD CRYNEWWORLDORDERBATTLE OFARMAGEDDONSATANAPPEARSAS CHRISTJACOBSTROUBLE/TURKEYDEATHREMOVED FROMDECREEJERUSALEM1|2|3|4|5|63RD WOE1888200120**20**20
1452	RIGHTEOUSNESSBY FAITHIMAGE OFSUNDAYTHE BEASTLAWOUT OF THE CITIESSEALING OF 144,000CLOSE OFPROBATIONTIME OFTROUBLEGROW YOUR OWN FOODSHAKING4THANGELSMESSAGE1STSIEGE OFSUNDAYLAW2NDSIEGE OFSUNDAYLAWNO-BUYNO-SELLINDUCEMENTSIMPRISONMENTFINESLOUD CRYNEWWORLDORDERBATTLE OFARMAGEDDONSATANAPPEARSAS CHRISTTURKEYREMOVED FROMJACOBSTROUBLE/DEATHDECREEJERUSALEM12|3|4|5|63RD WOE1888200120**20**20
1458	RIGHTEOUSNESSBY FAITHIMAGE OFSUNDAYTHE BEASTLAWOUT OF THE CITIESSEALING OF 144,000CLOSE OFPROBATIONTIME OFTROUBLEGROW YOUR OWN FOODSHAKING4THANGELSMESSAGEISTSIEGE OFSUNDAYLAW2NDSIEGE OFSUNDAYLAWNO-BUYNO-SELLINDUCEMENTSIMPRISONMENTFINESLOUD CRYNEWWORLDORDERBATTLE OFARMAGEDDONSATANAPPEARSAS CHRISTTURKEYREMOVED FROMJACOBSTROUBLE/DEATHDECREE12|34|5|63RD WOE1888200120**20**20
1464	
1470	
1476	
1482	
1488	
1494	RIGHTEOUSNESSBY FAITHIMAGE OFSUNDAYTHE BEASTLAWOUT OF THE CITIESSEALING OF 144,000CLOSE OFPROBATIONTIME OFTROUBLEGROW YOUR OWN FOODSHAKINGATHANGELSMESSAGEJ9TSIEGE OFSUNDAYLAWSIEGE OFSUNDAYLAWNO-BUYNO-SELLINDUCEMENTEIMPRISONMENTNEVWORORDIBATTLE OARMAGEDDSATANAPPEARSAS CHRISTLOUD CRYTROUBLIDEATHDECREE12/341563RD WOE1888200120**20**20**
1500	RIGHTEOUSNESSBY FAITHIMAGE OFSUNDAYTHE BEASTLAWOUT OF THE CITIESSEALING OF 144,000CLOSE OFPROBATIONTIME OFTROUBLEGROW YOUR OWN FOODSHAKING4THANGELSMESSAGEISTSIEGE OFSUNDAYLAW2NDSIEGE OFSUNDAYLAWNO-BUYNO-SELLINDUCEMENTSIMPRISONMENTFINESLOUD CRYNEWWORLDORDERBATTLE OFARMAGEDDONSATANAPPEARSAS CHRISTTURKEYREMOVED FROMJERUSALEMIJACOBSTROUBLE/DEATHDECREE|2|3|4|5|63RD WOE1888200120**20**20
1506	RIGHTEOUSNESSBY FAITHIMAGE OFSUNDAYTHE BEASTLAWOUT OF THE CITIESSEALING OF 144,000CLOSE OFPROBATIONTIME OFTROUBLEGROW YOUR OWN FOODSHAKING4тHANGELSMESSAGEISTSIEGE OFSUNDAYLAW2NDSIEGE OFSUNDAYLAWNO-BUYNO-SELLINDUCEMENTSIMPRISONMENTFINESLOUD CRYNEWWORLDORDERBATTLE OFARMAGEDDONSATANAPPEARSAS CHRISTJACOBSTROUBLE/DEATHTURKEYREMOVED FROMDECREEJERUSALEM1|2|3|4|5|6|3RD WOE1888200120**20**20
1512	RIGHTEOUSNESSBY FAITHIMAGE OFSUNDAYTHE BEASTLAWOUT OF THE CITIESSEALING OF 144,000CLOSE OFPROBATIONTIME OFTROUBLEGROW YOUR OWN FOODSHAKING4тHANGELSMESSAGE1STSIEGE OFSUNDAYLAW2NDSIEGE OFSUNDAYLAWNO-BUYNO-SELLINDUCEMENTSIMPRISONMENTFINESLOUD CRYNEWWORLDORDERBATTLE OFARMAGEDDONSATANAPPEARSAS CHRISTTURKEYREMOVED FROMJACOBSTROUBLE/DEATHDECREE12|34|5|6|3RD WOE1888200120**20**20000
1518	RIGHTEOUSNESSBY FAITHIMAGE OFSUNDAYTHE BEASTLAWOUT OF THE CITIESSEALING OF 144,000CLOSE OFPROBATIONTIME OFTROUBLEGROW YOUR OWN FOODSHAKING4тHANGELSMESSAGEISTSIEGE OFSUNDAYLAW2NDSIEGE OFSUNDAYLAWNO-BUYNO-SELLINDUCEMENTSIMPRISONMENTFINESLOUD CRYNEWWORLDORDERBATTLE OFARMAGEDDONAPPEARSAS CHRISTTURKEYREMOVED FROMJACOBSTROUBLE/DEATHDECREE12|3|4|5|63RD WOE1888200120**20**20
1524	RIGHTEOUSNESSBY FAITHIMAGE OFSUNDAYTHE BEASTLAWOUT OF THE CITIESSEALING OF 144,000CLOSE OFPROBATIONTIME OFTROUBLEGROW YOUR OWN FOODSHAKING4THANGELSMESSAGE1STSIEGE OFSUNDAYLAW2NDSIEGE OFSUNDAYLAWNO-BUYNO-SELLINDUCEMENTSIMPRISONMENTFINESLOUD CRYNEWWORLDORDERBATTLE OFARMAGEDDONSATANAPPEARSAS CHRISTTURKEYREMOVED FROMJACOBSTROUBLE/DEATHDECREEJERUSALEM12|3|4|5|6|73RD WOE1888200120**20**20
1530	RIGHTEOUSNESSBY FAITHIMAGE OFSUNDAYTHE BEASTLAWOUT OF THE CITIESSEALING OF 144,000CLOSE OFPROBATIONTIME OFTROUBLEGROW YOUR OWN FOODSHAKING4тHANGELSMESSAGE1STSIEGE OFSUNDAYLAW2NDSIEGE OFSUNDAYLAWNO-BUYNO-SELLINDUCEMENTSIMPRISONMENTFINESLOUD CRYNEWWORLDORDERBATTLE OFARMAGEDDONSATANAPPEARSAS CHRISTTURKEYREMOVED FROMJACOBSTROUBLE/DEATHDECREE1|2|3|4|5|63RD WOE1888200120**20**20
1536	RIGHTEOUSNESSny FaIThSHAKING4тиMESSAGE18882001IMAGE OFSUNDAYTHE BEASTLAWOUT OF THE CITIESSOF144,000CLOSE OFPROBATIONTIME OFTROUBLEGROW YOUR OWN FDOONEWWORLDLATANNO-BUYNO-SELLЗНО WOC20**20**20**
1542	RIGHTEOUSNESSBY FAITHIMAGE OFSUNDAYTHE BEASTLAWOUT OF THE CITIESSEALING OF 144,000CLOSE OFPROBATIONTIME OFTROUBLEGROW YOUR OWN FOODSHAKINGANGELSMESSAGE19TSIEGE OFSUNDAYLAWSIEGE OFSUNDAYLAWNO-BUYNO-SELLINDUCEMENTSIMPRISONMENTNEVWORORDEBATTLE OARMAGEDDSATANAPPEARSAS CHRISTLOUD CRYTROUBLIDEATHDECREE12|34563RD WOE1888200120**20**20**
1548	RIGHTEOUSNESSBY FAITHIMAGE OFSUNDAYTHE BEASTLAWOUT OF THE CITIESSEALING OF 144,000CLOSE OFPROBATIONTIME OFTROUBLEGROW YOUR OWN FOODSHAKING4тHANGELSMESSAGE19TSIEGE OFSUNDAYLAW2н0SIEGE OFSUNDAYLAwNO-BUYNO-SELLINDUCEMENTSIMPRISONMENTNEVWORORDEBATTLE OSATANAPPEARSAS CHRISTLOUD CRYTROUBLIDEATHDECREE12|34|5613RD WOE1888200120**20**20**
1554	RIGHTEOUSNESEBY FAITHIMAGE OFSUNDAYTHE BEASTLAWOUT OF THE CITIESSEALING OF 144,000CLOSE OFPROBATIONTIME OFTROUBLEGROW YOUR OWN FOODSHAKING4тНANGELSMESSAGESIEGE OFSUNDAYNEVWORORDEBATTLE OARMAGEDDSATANAPPEARSAS CHRIST19TSIEGE OFSUNDAYLAWNO-BUYNO-SELIINDUCEMENTSIMPRISONMENTLOUD CRYTROUBLIDEATHDECREE12345613RD WOE1888200120**20**20**
1560	RIGHTEOUSNESSBY FAITHIMAGE OFSUNDAYTHE BEASTLAWOUT OF THE CITIESSEALING OF 144,000CLOSE OFPROBATIONTIME OFTROUBLEGROW YOUR OWN FOODSHAKINGATHANGELSMESSAGE19TSIEGE OFSUNDAYLAWSIEGE OFSUNDAYLAWNO-BUYNO-SELLINDUCEMENTSIMPRISONMENTNEVWORORDEBATTLE OARMAGEDDSATANAPPEARSAS CHRISTLOUD CRYTROUBLIDEATHDECREE12345613RO WOE1888200120**20°*20**
1566	RIGHTEOUSNESSBY FAITHIMAGE OFSUNDAYTHE BEASTLAWOUT OF THE CITIESSEALING OF 144,000CLOSE OFPROBATIONTIME OFTROUBLEGROW YOUR OWN FOODSHAKINGANGELSMESSAGEJ9TSIEGE OFSUNDAYLAW2н0SIEGE OFSUNDAYLAWNO-BUYNO-SELLINDUCEMENTEIMPRISONMENTNEVWORORDEBATTLE OARMAGEDDSATANAPPEARSAS CHRISTLOUD CRYTROUBLIDEATHDECREE12345|613RD WOE1888200120**20°*20**
1572	RIGHTEOUSNESSBY FAITHIMAGE OFSUNDAYTHE BEASTLAWOUT OF THE CITIESSEALING OF 144,000CLOSE OFPROBATIONTIME OFTROUBLEGROW YOUR OWN FOODSHAKINGANGELSMESSAGENEVWORORDEBATTLE'OARMAGEDD19TSIEGE OFSUNDAYLAWSIEGE OFSUNDAYLAWNO-BUYNO-SELLINDUCEMENTSIMPRISONMENTSATANAPPEARSAS CHRISTLOUD CRYTROUBLIDEATHDECREE12/345613RD WOE1888200120**20**20**
1578	RIGHTEOUSNESSBY FAITHIMAGE OFTHE BEASTSUNDAYLAWOUT OF THE CITIESSEALING OF 144,000CLOSE OFPROBATIONTIME OFTROUBLEGROW YOUR OWN FOODSHAKING4тHANGELSMESSAGENEVWORORDEBATTLE'O19TSIEGE OFSUNDAYLAWSIEGE OFSUNDAYLAWNO-BUYNO-SELLINDUCEMENTSIMPRISONMENTSATANAPPEARSAS CHRISTLOUD CRYTROUBLIDEATHDECREE12345613RD WOE1888200120**20**20**
1584	
1590	
1596	
1602	
1608	
1614	
1620	
1626	1888004590
1632	1888
1638	1888
1644	1888
1650	1888
1656	1888
1662	1888
1668	TESTIMONIES FOR THE CHURCH VOL.5 P.464.3• The time is not far distant, when, like the early disciples,we shall be forced to seek a refuge in desolate and solitaryplaces. As the siege of Jerusalem by the Roman armieswas the signal for flight to the Judean Christians, so theassumption of power on the part of our nation in thedecree enforcing the papal sabbath will be a warning tous. It will then be time to leave the large cities, preparatoryto leaving the smaller ones for retired homes in secludedplaces among the mountains.00009000
1674	TESTIMONIES FOR THE CHURCH VOL.5 P.464.3• The time is not far distant, when, like the early disciples,we shall be forced to seek a refuge in desolate and solitaryplaces. As the siege of Jerusalem by the Roman armieswas the signal for flight to the Judean Christians, so theassumption of power on the part of our nation in thedecree enforcing the papal sabbath will be a warning tous. It will then be time to leave the large cities, preparatoryto leaving the smaller ones for retired homes in secludedplaces among the mountains.
1680	TESTIMONIES FOR THE CHURCH VOL.5 P.464.3• The time is not far distant, when, like the early disciples,we shall be forced to seek a refuge in desolate and solitaryplaces. As the siege of Jerusalem by the Roman armieswas the signal for flight to the Judean Christians, so theassumption of power on the part of our nation in thedecree enforcing the papal sabbath will be a warning tous. It will then be time to leave the large cities, preparatoryto leaving the smaller ones for retired homes in secludedplaces among the mountains.
1686	TESTIMONIES FOR THE CHURCH VOL.5 P.464.3• The time is not far distant, when, like the early disciples,we shall be forced to seek a refuge in desolate and solitaryplaces. As the siege of Jerusalem by the Roman armieswas the signal for flight to the Judean Christians, so theassumption of power on the part of our nation in thedecree enforcing the papal sabbath will be a warning tous. It will then be time to leave the large cities, preparatoryto leaving the smaller ones for retired homes in secludedplaces among the mountains.
1692	TESTIMONIES FOR THE CHURCH VOL.5 P.464.3• The time is not far distant, when, like the early disciples,we shall be forced to seek a refuge in desolate and solitaryplaces. As the siege of Jerusalem by the Roman armieswas the signal for flight to the Judean Christians, so theassumption of power on the part of our nation in thedecree enforcing the papal sabbath will be a warning tous. It will then be time to leave the large cities, preparatoryto leaving the smaller ones for retired homes in secludedplaces among the mountains.
1698	TESTIMONIES FOR THE CHURCH VOL.5 P.464.3• The time is not far distant, when, like the early disciples,we shall be forced to seek a refuge in desolate and solitaryplaces. As the siege of Jerusalem by the Roman armieswas the signal for flight to the Judean Christians, so theassumption of power on the part of our nation in thedecree enforcing the papal sabbath will be a warning tous. It will then be time to leave the large cities, preparatoryto leaving the smaller ones for retired homes in secludedplaces among the mountains.
1704	
1710	
1716	
1722	
1728	
1734	
1740	
1746	
1752	
1758	TESTIMONIES FOR THE CHURCH VOL.5 P.464.3• The time is not far distant, when, like the early disciples,we shall be forced to seek a refuge in desolate and solitaryplaces. As the siege of Jerusalem by the Roman armieswas the signal for flight to the Judean Christians, so theassumption of power on the part of our nation in thedecree enforcing the papal sabbath will be a warning tous. It will then be time to leave the large cities, preparatoryto leaving the smaller ones for retired homes in secludedplaces among the mountains.
1764	TESTIMONIES FOR THE CHURCH VOL.5 P.464.3• The time is not far distant, when, like the early disciples,we shall be forced to seek a refuge in desolate and solitaryplaces. As the siege of Jerusalem by the Roman armieswas the signal for flight to the Judean Christians, so theassumption of power on the part of our nation in thedecree enforcing the papal sabbath will be a warning tous. It will then be time to leave the large cities, preparatoryto leaving the smaller ones for retired homes in secludedplaces among the mountains.
1770	TESTIMONIES FOR THE CHURCH VOL.5 P.464.3• The time is not far distant, when, like the early disciples,we shall be forced to seek a refuge in desolate and solitaryplaces. As the siege of Jerusalem by the Roman armieswas the signal for flight to the Judean Christians, so theassumption of power on the part of our nation in thedecree enforcing the papal sabbath will be a warning tous. It will then be time to leave the large cities, preparatoryto leaving the smaller ones for retired homes in secludedplaces among the mountains.
1776	TESTIMONIES FOR THE CHURCH VOL.5 P.464.3• The time is not far distant, when, like the early disciples,we shall be forced to seek a refuge in desolate and solitaryplaces. As the siege of Jerusalem by the Roman armieswas the signal for flight to the Judean Christians, so theassumption of power on the part of our nation in thedecree enforcing the papal sabbath will be a warning tous. It will then be time to leave the large cities, preparatoryto leaving the smaller ones for retired homes in secludedplaces among the mountains.
1782	TESTIMONIES FOR THE CHURCH VOL.5 P.464.3• The time is not far distant, when, like the early disciples,we shall be forced to seek a refuge in desolate and solitaryplaces. As the siege of Jerusalem by the Roman armieswas the signal for flight to the Judean Christians, so theassumption of power on the part of our nation in thedecree enforcing the papal sabbath will be a warning tous. It will then be time to leave the large cities, preparatoryto leaving the smaller ones for retired homes in secludedplaces among the mountains.
1788	TESTIMONIES FOR THE CHURCH VOL.5 P.464.3• The time is not far distant, when, like the early disciples,we shall be forced to seek a refuge in desolate and solitaryplaces. As the siege of Jerusalem by the Roman armieswas the signal for flight to the Judean Christians, so theassumption of power on the part of our nation in thedecree enforcing the papal sabbath will be a warning tous. It will then be time to leave the large cities, preparatoryto leaving the smaller ones for retired homes in secludedplaces among the mountains.
1794	TESTIMONIES FOR THE CHURCH VOL.5 P.464.3• The time is not far distant, when, like the early disciples,we shall be forced to seek a refuge in desolate and solitaryplaces. As the siege of Jerusalem by the Roman armieswas the signal for flight to the Judean Christians, so theassumption of power on the part of our nation in thedecree enforcing the papal sabbath will be a warning tous. It will then be time to leave the large cities, preparatoryto leaving the smaller ones for retired homes in secludedplaces among the mountains.
1800	TESTIMONIES FOR THE CHURCH VOL.5 P.464.3• The time is not far distant, when, like the early disciples,we shall be forced to seek a refuge in desolate and solitaryplaces. As the siege of Jerusalem by the Roman armieswas the signal for flight to the Judean Christians, so theassumption of power on the part of our nation in thedecree enforcing the papal sabbath will be a warning tous. It will then be time to leave the large cities, preparatoryto leaving the smaller ones for retired homes in secludedplaces among the mountains.
1806	TESTIMONIES FOR THE CHURCH VOL.5 P.464.3• The time is not far distant, when, like the early disciples,we shall be forced to seek a refuge in desolate and solitaryplaces. As the siege of Jerusalem by the Roman armieswas the signal for flight to the Judean Christians, so theassumption of power on the part of our nation in thedecree enforcing the papal sabbath will be a warning tous. It will then be time to leave the large cities, preparatoryto leaving the smaller ones for retired homes in secludedplaces among the mountains.
1812	TESTIMONIES FOR THE CHURCH VOL.5 P.464.3• The time is not far distant, when, like the early disciples,we shall be forced to seek a refuge in desolate and solitaryplaces. As the siege of Jerusalem by the Roman armieswas the signal for flight to the Judean Christians, so theassumption of power on the part of our nation in thedecree enforcing the papal sabbath will be a warning tous. It will then be time to leave the large cities, preparatoryto leaving the smaller ones for retired homes in secludedplaces among the mountains.
1818	TESTIMONIES FOR THE CHURCH VOL.5 P.464.3• The time is not far distant, when, like the early disciples,we shall be forced to seek a refuge in desolate and solitaryplaces. As the siege of Jerusalem by the Roman armieswas the signal for flight to the Judean Christians, so theassumption of power on the part of our nation in thedecree enforcing the papal sabbath will be a warning tous. It will then be time to leave the large cities, preparatoryto leaving the smaller ones for retired homes in secludedplaces among the mountains.
1824	TESTIMONIES FOR THE CHURCH VOL.5 P.464.3• The time is not far distant, when, like the early disciples,we shall be forced to seek a refuge in desolate and solitaryplaces. As the siege of Jerusalem by the Roman armieswas the signal for flight to the Judean Christians, so theassumption of power on the part of our nation in thedecree enforcing the papal sabbath will be a warning tous. It will then be time to leave the large cities, preparatoryto leaving the smaller ones for retired homes in secludedplaces among the mountains.
1830	TESTIMONIES FOR THE CHURCH VOL.5 P.464.3• The time is not far distant, when, like the early disciples,we shall be forced to seek a refuge in desolate and solitaryplaces. As the siege of Jerusalem by the Roman armieswas the signal for flight to the Judean Christians, so theassumption of power on the part of our nation in thedecree enforcing the papal sabbath will be a warning tous. It will then be time to leave the large cities, preparatoryto leaving the smaller ones for retired homes in secludedplaces among the mountains.
1836	TESTIMONIES FOR THE CHURCH VOL.5 P.464.3• The time is not far distant, when, like the early disciples,we shall be forced to seek a refuge in desolate and solitaryplaces. As the siege of Jerusalem by the Roman armieswas the signal for flight to the Judean Christians, so theassumption of power on the part of our nation in thedecree enforcing the papal sabbath will be a warning tous. It will then be time to leave the large cities, preparatoryto leaving the smaller ones for retired homes in secludedplaces among the mountains.
1842	TESTIMONIES FOR THE CHURCH VOL.5 P.464.3• The time is not far distant, when, like the early disciples,we shall be forced to seek a refuge in desolate and solitaryplaces. As the siege of Jerusalem by the Roman armieswas the signal for flight to the Judean Christians, so theassumption of power on the part of our nation in thedecree enforcing the papal sabbath will be a warning tous. It will then be time to leave the large cities, preparatoryto leaving the smaller ones for retired homes in secludedplaces among the mountains.
1848	TESTIMONIES FOR THE CHURCH VOL.5 P.464.3• The time is not far distant, when, like the early disciples,we shall be forced to seek a refuge in desolate and solitaryplaces. As the siege of Jerusalem by the Roman armieswas the signal for flight to the Judean Christians, so theassumption of power on the part of our nation in thedecree enforcing the papal sabbath will be a warning tous. It will then be time to leave the large cities, preparatoryto leaving the smaller ones for retired homes in secludedplaces among the mountains.
1854	TESTIMONIES FOR THE CHURCH VOL.5 P.464.3• The time is not far distant, when, like the early disciples,we shall be forced to seek a refuge in desolate and solitaryplaces. As the siege of Jerusalem by the Roman armieswas the signal for flight to the Judean Christians, so theassumption of power on the part of our nation in thedecree enforcing the papal sabbath will be a warning tous. It will then be time to leave the large cities, preparatoryto leaving the smaller ones for retired homes in secludedplaces among the mountains.
1860	NATIONAL SUNDAY-REST BILLSENATE BILL Ro. 2983, INTRODUCED IN FIRST SESSION OF FIFTIETHBY SENATOR H. W. BLAIR, MAY 21, 1888.BILL TO SECURE TO THE PEOPLE THE ENJOYMENT OFTHE FIRST DAY OF THE WEEK, COMMONLY KNOWNAS THE LORD'S DAY, AS A DAY OF REST, AND TOPROMOTE ITS OBSERVANCE AS A DAY OF RELIGIOUS WORSHIP.00008
1866	NATIONAL SUNDAY-REST BILLSENATE BILL No. 2983, INTRODUCED IN FIRST SESSION OF FIFTIETHBY SENATOR H. W. BLAIR, MAY 21, 1888.BILL TO SECURE TO THE PEOPLE THE ENJOYMENT OFTHE FIRST DAY OF THE WEEK, COMMONLY KNOWNAS THE LORD'S DAY, AS A DAY OF REST, AND TOPROMOTE ITS OBSERVANCE AS A DAY OF RELIGIOUS WORSHIP.00058
1872	NATIONAL SUNDAY-REST BILLSENATE BILL No. 2983, INTRODUCED IN FIRST SESSION OF FIFTIETHBY SENATOR H. W. BLAIR, MAY 21, 1888.BILL TO SECURE TO THE PEOPLE THE ENJOYMENT OFTHE FIRST DAY OF THE WEEK, COMMONLY KNOWNAS THE LORD'S DAY, AS A DAY OF REST, AND TOPROMOTE ITS OBSERVANCE AS A DAY OF RELIGIOUS WORSHIP.00003
1878	NATIONAL SUNDAY-REST BILLSENATE BILL No. 2983, INTRODUCED IN FIRST SESSION OF FIFTIETHBY SENATOR H. W. BLAIR, MAY 21, 188%BILL TO SECURE TO THE PEOPLE THE ENJOYMENT OFTHE FIRST DAY OF THE WEEK, COMMONLY KNOWNAS THE LORD'S DAY, AS A DAY OF REST, AND TOPROMOTE ITS OBSERVANCE AS A DAY OF RELIGIOUS WORSHIP.
1884	COUNTRY LIVING P.21.1 (1897)• The Protestant world have set up an idolSabbath in the place where God's Sabbath should be,and they are treading in the footsteps of the Papacy.For this reason I see the necessity of thepeople of God moving out of the cities intoretired country [places,] where they may cultivate theland and raise their own produce. Thus they maybring their children up with simple, healthful habits. Isee the necessity of making haste to get allthings ready for the crisis.00 2
1890	COUNTRY LIVING P.21.1 (1897)• The Protestant world have set up an idolSabbath in the place where God's Salbath should be,and they are treading in the footsteps of the Papacy.For this reason I see the necessity of thepeople of God moving out of the cities intoretired country places,] where they may cultivate theland and raise their own produce. Thus they maybring their children up with simple, healthful habits. Isee the necessity of making haste to get althings ready for the crisis.O00g
1896	COUNTRY LIVING P.21.1 (1897)• The Protestant world have set up an idolSabbath in the place where God's Sabbath should be,and they are treading in the footsteps of the Papacy.For this reason I see the necessity of thepeople of God moving out of the cities intoretired country places,] where they may cultivate theland and raise their own produce. Thus they maybring their children up with simple, healthful habits. Isee the necessity of making haste to get althings ready for the crisis.
1902	COUNTRY LIVING P.21.1 (1897)• The Protestant world have set up an idolSabbath in the place where God's Sabbath should be,and they are treading in the footsteps of the Papacy.For this reason I see the necessity of thepeople of God moving out of the cities intoretired country places,] where they may cultivate theland and raise their own produce. Thus they maybring their children up with simple, healthful habits. Isee the necessity of making haste to get althings ready for the crisis.
1908	COUNTRY LIVING P.21.1 (1897)• The Protestant world have set up an idolSabbath in the place where God's Sabbath should be,and they are treading in the footsteps of the Papacy.For this reason I see the necessity of thepeople of God moving out of the cities intoretired country places,] where they may cultivate theland and raise their own produce. Thus they maybring their children up with simple, healthful habits. Isee the necessity of making haste to get althings ready for the crisis.
1914	COUNTRY LIVING P.21.1 (1897)• The Protestant world have set up an idolSabbath in the place where God's Sabbath should be,and they are treading in the footsteps of the Papacy.For this reason I see the necessity of thepeople of God moving out of the cities intoretired country places,] where they may cultivate theland and raise their own produce. Thus they maybring their children up with simple, healthful habits. Isee the necessity of making haste to get althings ready for the crisis.
1920	COUNTRY LIVING P.21.1 (1897)• The Protestant world have set up an idolSabbath in the place where God's Sabbath should be,and they are treading in the footsteps of the Papacy.For this reason I see the necessity of thepeople of God moving out of the cities intoretired country places,] where they may cultivate theland and raise their own produce. Thus they maybring their children up with simple, healthful habits. Isee the necessity of making haste to get althings ready for the crisis.
1926	COUNTRY LIVING P.21.1 (1897)• The Protestant world have set up an idolSabbath in the place where God's Sabbath should be,and they are treading in the footsteps of the Papacy.For this reason I see the necessity of thepeople of God moving out of the cities intoretired country places,] where they may cultivate theland and raise their own produce. Thus they maybring their children up with simple, healthful habits. Isee the necessity of making haste to get althings ready for the crisis.
1932	COUNTRY LIVING P.21.1 (1897)• The Protestant world have set up an idolSabbath in the place where God's Sabbath should be,and they are treading in the footsteps of the Papacy.For this reason I see the necessity of thepeople of God moving out of the cities intoretired country places,] where they may cultivate theland and raise their own produce. Thus they maybring their children up with simple, healthful habits. Isee the necessity of making haste to get althings ready for the crisis.
1938	COUNTRY LIVING P.21.1 (1897)• The Protestant world have set up an idolSabbath in the place where God's Sabbath should be,and they are treading in the footsteps of the Papacy.For this reason I see the necessity of thepeople of God moving out of the cities intoretired country places,] where they may cultivate theland and raise their own produce. Thus they maybring their children up with simple, healthful habits. Isee the necessity of making haste to get althings ready for the crisis. *
1944	COUNTRY LIVING P.21.1 (1897)• The Protestant world have set up an idolSabbath in the place where God's Sabbath should be,and they are treading in the footsteps of the Papacy.For this reason I see the necessity of thepeople ol God moving out of the cities intoretired country [places,] where they may cultivate theland and raise their own produce. Thus they maybring their children up with simple, healchful habits. Isee the necessity of making haste to get allthings ready for the crisis."
1950	LIGHTEOUSNES!LY FAITHOUT OF THE CITIES19TSIEGE OFSUNDAYLAW1888002690€
1956	IGHTEOUSNESOUT OF THE CITIES18TSIEGE OFSUNDAYLAW1888
1962	LIGHTEOUSNES!LY FAITHOUT OF THE CITIESJaTSIEGE OFSUNDAYLAW18880020900€
1968	IGHTEOUSNESOUT OF THE CITIESfatSIEGE OFSUNDAYLAW1888
1974	LIGHTEOUSNESOUT OF THE CITIESSIEGE OFSUNDAYLAW1888
1980	
1986	
1992	
1998	
2004	
2010	OUT OF THE CITIESSIEGEORSUNDAY18880021a03
2016	2001
2022	2001
2028	2001
2034	2001
2040	2001
2046	2001
2052	TESTIMONIES FOR THE CHURCH VOL.9 P.17, 13• We are living in the time of the end. The fast-fulfilling signs of thetimes declare that the coming of Christ is near at hand.• On one occasion, when in New York City, I was in the night seasoncalled upon to behold buildings rising story after story toward heaven.These buildings were warranted to be fireproof ...• The scene that next passed before me was an alarm of fire. Men lookedat the lofty and supposedly fire-proof buildings and said: "They areThe il enge could do noting to stay the dest chion. The remen.were unable to operate the engines.0000990
2058	TESTIMONIES FOR THE CHURCH VOL.9 P.11, 13• We are living in the time of the end. The fast-fulfilling signs of thetimes declare that the coming of Christ is near at hand.• On one occasion, when in New York City, I was in the night seasoncalled upon to behold buildings rising story after story toward heaven.These buildings were warranted to be fireproof ...• The scene that next passed before me was an alarm of fire. Men lookedat the lofty and supposedly fire-proof buildings and said: "They areperfectly safe." But these buildings were consumed as if made of pitch.The fire engines could do nothing to stay the destruction. The firemenwere unable to operate the engines.
2064	TESTIMONIES FOR THE CHURCH VOL.9 P.11, 13• We are living in the time of the end. The fast-fulfilling signs of thetimes declare that the coming of Christ is near at hand.• On one occasion, when in New York City, I was in the night seasoncalled upon to behold buildings rising story after story toward heaven.These buildings were warranted to be fireproof ...• The scene that next passed before me was an alarm of fire. Men lookedat the lofty and supposedly fire-proof buildings and said: "They areperfectly safe." But these buildings were consumed as if made of pitch.The fire engines could do nothing to stay the destruction. The firemenwere unable to operate the engines.
2070	TESTIMONIES FOR THE CHURCH VOL.9 P.11, 13• We are living in the time of the end. The fast-fulfilling signs of thetinges declare that the coming of Christ is near at hand.• On one occasion, when in New York City, I was in the night seasoncalled upon to behold buildings rising story after story toward heaven.These buildings were warranted to be fireproof ...• The scene that next passed before me was an alarm of fire. Men lookedat the lofty and supposedly fire-proof buildings and said: "They areperfectly safe." But these buildings were consumed as if made of pitch.The fire engines could do nothing to stay the destruction. The firemenwere unable to operate the engines.
2076	TESTIMONIES FOR THE CHURCH VOL.9 P.11, 13• We are living in the time of the end. The fast-fulfilling signs of thetinges declare that the coming of Christ is near at hand.• On one occasion, when in New York City, I was in the night seasoncalled upon to behold buildings rising story after story toward heaven.These buildings were warranted to be fireproof ...• The scene that next passed before me was an alarm of fire. Men lookedat the lofty and supposedly fire-proof buildings and said: "They areperfectly safe." But these buildings were consumed as if made of pitch.The fire engines could do nothing to stay the destruction. The firemenwere unable to operate the engines.
2082	TESTIMONIES FOR THE CHURCH VOL.9 P.11, 13• We are living in the time of the end. The fast-fulfilling signs of thetimes declare that the coming of Christ is near at hand.• On one occasion, when in New York City, I was in the night seasoncalled upon to behold buildings rising story after story toward heaven.These buildings were warranted to be fireproof ...• The scene that next passed before me was an alarm of fire. Men lookedat the lofty and supposedly fire-proof buildings and said: "They areperfectly safe." But these buildings were consumed as if made of pitch.The fire engines could do nothing to stay the destruction. The firemenwere unable to operate the engines.
2088	TESTIMONIES FOR THE CHURCH VOL.9 P.11, 13• We are living in the time of the end. The fast-fulfilling signs of thetimes declare that the coming of Christ is near at hand.• On one occasion, when in New York City, I was in the night seasoncalled upon to behold buildings rising story after story toward heaven.These buildings were warranted to be fireproof ...• The scene that next passed before me was an alarm of fire. Men lookedat the lofty and supposedly fire-proof buildings and said: "They areperfectly safe." But these buildings were consumed as if made of pitch.The fire engines could do nothing to stay the destruction. The firemenwere unable to operate the engines.OOG0@0
2094	TESTIMONIES FOR THE CHURCH VOL.9 P.11, 13• We are living in the time of the end. The fast-fulfilling signs of thetimes declare that the coming of Christ is near at hand.• On one occasion, when in New York City, I was in the night seasoncalled upon to behold buildings rising story after story toward heaven.These buildings were warranted to be fireproof ...• The scene that next passed before me was an alarm of fire. Men lookedat the lofty and supposedly fire-proof buildings and said: "They areperfectly safe." But these buildings were consumed as if made of pitch.The fire engines could do nothing to stay the destruction. The firemenwere unable to operate the engines.
2100	TESTIMONIES FOR THE CHURCH VOL.9 P.11, 13• We are living in the time of the end. The fast-fulfilling signs of thetimes declare that the coming of Christ is near at hand.• On one occasion, when in New York City, I was in the night seasoncalled upon to behold buildings rising story after story toward heaven.These buildings were warranted to be fireproof...• The scene that next passed before me was an alarm of fire. Men lookedat the lofty and supposedly fire-proof buildings and said: "They areperfectly safe." But these buildings were consumed as if made of pitch.The fire engines could do nothing to stay the destruction. The firemenwere unable to operate the engines.
2106	TESTIMONIES FOR THE CHURCH VOL.9 P.11, 13• We are living in the time of the end. The fast-fulfilling signs of thetimes declare that the coming of Christ is near at hand.• On one occasion, when in New York City, I was in the night seasoncalled upon to behold buildings rising story after story toward heaven.These buildings were warranted to be fireproof ...• The scene that next passed before me was an alarm of fire. Men lookedat the lofty and supposedly fire-proof buildings and said: "They areperfectly safe." But these buildings were consumed as if made of pitch.The fire engines could do nothing to stay the destruction. The firemenwere unable to operate the engines.
2112	TESTIMONIES FOR THE CHURCH VOL.9 P.11, 13• We are living in the time of the end. The fast-fulfilling signs of thetimes declare that the coming of Christ is near at hand.• On one occasion, when in New York City, I was in the night seasoncalled upon to behold buildings rising story after story toward heaven.These buildings were warranted to be fireproof ...• The scene that next passed before me was an alarm of fire. Men lookedat the lofty and supposedly fire-proof buildings and said: "They areperfectly safe." But these buildings were consumed as if made of pitch.The fire engines could do nothing to stay the destruction. The firemenwere unable to operate the engines.
2118	PreviousLast YewedScreenCameraTESTIMONIES FOR THE CHURCH VOL.9 P.11, 13• We are living in the time of the end. The fast-fulfilling signs of thetires declare that the coming of Christ is near at hand.one occasion, when in New York City, I was in the night seasoned upon to behold buildings rising story after story toward heaven.ese buildings were warranted to be fireproof ...›e scene that next passed before me was an alarm of fire. Men lookedhe lofty and supposedly fire-proof buildings and said: "They are›fectly safe." But these buildings were consumed as if made of pitch.e fire engines could do nothing to stay the destruction. The firemene unable to operate the engines.End Show
2124	TESTIMONIES FOR THE CHURCH VOL.9 P.11, 13• We are living in the time of the end. The fast-fulfilling signs of thetimes declare that the coming of Christ is near at hand.• On one occasion, when in New York City, I was in the night seasoncalled upon to behold buildings rising story after story toward heaven.These buildings were warranted to be fireproof ...• The scene that next passed before me was an alarm of fire. Men lookedat the lofty and supposedly fire-proof buildings and said: "They areperfectly safe." But these buildings were consumed as if made of pitch.The fire engines could do nothing to stay the destruction. The firemenwere unable to operate the engines.
2130	TESTIMONIES FOR THE CHURCH VOL.9 P.11, 13• We are living in the time of the end. The fast-fulfilling signs of thetimes declare that the coming of Christ is near at hand.• On one occasion, when in New York City, I was in the night seasoncalled upon to behold buildings rising story after story toward heaven.These buildings were warranted to be fireproof ...• The scene that next passed before me was an alarm of fire. Men lookedat the lofty and supposedly fire-proof buildings and said: "They areperfectly safe." But these buildings were consumed as if made of pitch.The fire engines could do nothing to stay the destruction. The firemenwere unable to operate the engines.
2136	TESTIMONIES FOR THE CHURCH VOL.9 P.11, 13• We are living in the time of the end. The fast-fulfilling signs of thetimes declare that the coming of Christ is near at hand.• On one occasion, when in New York City, I was in the night seasoncalled upon to behold buildings rising story after story toward heaven.These buildings were warranted to be fireproof ...• The scene that next passed before me was an alarm of fire. Men lookedat the lofty and supposedly fire-proof buildings and said: "They areperfectly safe." But these buildings were consumed as if made of pitch.The fire engines could do nothing to stay the destruction. The firemenwere unable to operate the engines.
2142	TESTIMONIES FOR THE CHURCH VOL.9 P.11, 13• We are living in the time of the end. The fast-fulfilling signs of thetimes declare that the coming of Christ is near at hand.• On one occasion, when in New York City, I was in the night seasoncalled upon to behold buildings rising story after story toward heaven.These buildings were warranted to be fireproof ...• The scene that next passed before me was an alarm of fire. Men lookedat the lofty and supposedly fire-proof buildings and said: "They are*perfectly safe." But these buildings were consumed as if made of pitch.The fire engines could do nothing to stay the destruction. The firemenwere unable to operate the engines.
2148	TESTIMONIES FOR THE CHURCH VOL.9 P.11, 13• We are living in the time of the end. The fast-fulfilling signs of thetimes declare that the coming of Christ is near at hand.• On one occasion, when in New York City, I was in the night seasoncalled upon to behold buildings rising story after story toward heaven.These buildings were warranted to be fireproof ...• The scene that next passed before me was an alarm of fire. Men lookedat the lofty and supposedly fire-proof buildings and said: "They areperfectly safe." But these wildings were consumed as if made of pitch.The fire engines could do nothing to stay the destruction. The firemenwere unable to operate the engines.
2154	TESTIMONIES FOR THE CHURCH VOL.9 P.11, 13• We are living in the time of the end. The fast-fulfilling signs of thetimes declare that the coming of Christ is near at hand.• On one occasion, when in New York City, I was in the night seasoncalled upon to behold buildings rising story after story toward heaven.These buildings were warranted to be fireproof ...• The scene that next passed before me was an alarm of fire. Men lookedat the lofty and supposedly fire-proof buildings and said: "They areperfectly safe." But these buildings were consumed as if made of pitch.The fire engines could do nothing to stay the destruction. The firemenwere unable to operate the engines.
2160	TESTIMONIES FOR THE CHURCH VOL.9 P.11, 13• We are living in the time of the end. The fast-fulfilling signs of thetimes declare that the coming of Christ is near at hand.• On one occasion, when in New York City, I was in the night seasoncalled upon to behold buildings rising story after story toward heaven.These buildings were warranted to be fireproof ...• The scene that next passed before me was an alarm of fire. Men lookedat the lofty and supposedly fire-proof buildings and said: "They areperfectly safe." But these buildings were consumed as if made of pitch.The fire engines could do nothing to stay the destruction. The firemenwere unable to operate the engines.
2166	TESTIMONIES FOR THE CHURCH VOL.9 P.11, 13• We are living in the time of the end. The fast-fulfilling signs of thetimes declare that the coming of Christ is near at hand.• On one occasion, when in New York City, I was in the night seasoncalled upon to behold buildings rising story after story toward heaven.These buildings were warranted to be fireproof ...• The scene that next passed before me was an alarm of fire. Men lookedat the lofty and supposedly fire-proof buildings and said: "They areperfectly safe." But these buildings were consumed as if made of pitch.The fire engines could do nothing to stay the destruction. The firemenwere unable to operate the engines.
2172	TESTIMONIES FOR THE CHURCH VOL.9 P.11, 13• We are living in the time of the end. The fast-fulfilling signs of thetimes declare that the coming of Christ is near at hand.• On one occasion, when in New York City, I was in the night seasoncalled upon to behold buildings rising story after story toward heaven.These buildings were warranted to be fireproof ...• The scene that next passed before me was an alarm of fire. Men lookedat the lofty and supposedly fire-proof buildings and said: "They areperfectly safe." But these buildings were consumed as if made of pitch.The fire engines could do nothing to stay the destruction. The firemenwere unable to operate the engines.
2178	TESTIMONIES FOR THE CHURCH VOL.9 P.11, 13• We are living in the time of the end. The fast-fulfilling signs of thetimes declare that the coming of Christ is near at hand.• On one occasion, when in New York City, I was in the night seasoncalled upon to behold buildings rising story after story toward heaven.These buildings were warranted to be fireproof ...• The scene that next passed before me was an alarm of fire. Men lookedat the lofty and supposedly fire-proof buildings and said: "They areperfectly safe." But these buildings were consumed as if made of pitch.The fire er gines could do nothing to stay the destruction. The firemenwere unable to operate the engines.
2184	TESTIMONIES FOR THE CHURCH VOL.9 P.11, 13• We are living in the time of the end. The fast-fulfilling signs of thetimes declare that the coming of Christ is near at hand.• On one occasion, when in New York City, I was in the night seasoncalled upon to behold buildings rising story after story toward heaven.These buildings were warranted to be fireproof ...• The scene that next passed before me was an alarm of fire. Men lookedat the lofty and supposedly fire-proof buildings and said: "They areperfectly safe." But these buildings were consumed as if made of pitch.The fire engines could do nothing to stay the destruction. The firemenwere unable to operate the engines.
2190	TESTIMONIES FOR THE CHURCH VOL.9 P.11, 13• We are living in the time of the end. The fast-fulfilling signs of thetimes declare that the coming of Christ is near at hand.• On one occasion, when in New York City, I was in the night seasoncalled upon to behold buildings rising story after story toward heaven.These buildings were warranted to be fireproof ...• The scene that next passed before me was an alarm of fire. Men lookedat the lofty and supposedly fire-proof buildings and said: "They areperfectly safe." But these buildings were consumed as if made of pitch.The fire engines could do nothing to stay the destruction. The firemenwere unable to operate the engines.
2196	LIFE SKETCHES P.411.5…I have said, as I looked at the great buiklings going up there, storyafter story: "What terrible scenes will take place when the Lord shallanse to shake terribly the earth! Then the words of Revelation 18:1-3will be fulfilled. "The whole of the eighteenth chapter of Revelation isa warning of what is coming on the carth. But I have no light inparticular in regard to what is coming on New York, only I know thatone day the great buildings there will be thrown down by the turningand overturing of God's power. From the light given me. I know thatdestruction is in the world. One word from the Lord, one touch of Hismighty power, and these massive structures will fall. Scenes will takeplace the feariness of which we cannot imagine."
2202	LIFE SKETCHES P.411.5• ...I have said, as I looked at the great buildings going up there, storyafter story: "What terrible scenes will take place when the Lord shallarise to shake terribly the earth! Then the words of Revelation 18:1-3will be fulfilled. The whole of the cighteenth chapter of Revelation isa warning of what is coming on the earth. But I have no light inparticular in regard to what is coming on New York, only I know thatone day the great buildings there will be thrown down by the turningand overturning of God's power. From the light given me, I know thatdestruction is in the world. One word from the Lord, one touch of Hismighty power, and these massive structures will fall. Scenes will takeplace the fearfulness of which we cannot imagine."00000009
2208	LIFE SKETCHES P.411.5• ...I have said, as I looked at the great buildings going up there, storyalter story: "What terrible scenes will take place when the Lord shallarise to shake terribly the earth! Then the words of Revelation 18:1-3will be fulfilled. The whole of the cighteenth chapter of Revelation isa warning of what is coming on the earth. But I have no light inparticular in regard to what is coming on New York, only I know thatone day the great buildings there will be thrown down by the turningand overturning ol God's power. From the light given me, I know thatdestruction is in the world. One word from the Lord, one touch of Hismighty power, and these massive structures will fall. Scenes will takeplace the fearfulness of which we cannot imagine."00059
2214	LIFE SKETCHES P.411.5• ...I have said, as I looked at the great buildings going up there, storyalter story: "What terrible scenes will take place when the Lord shallarise to shake terribly the earth! Then the words of Revelation 18:1-3will be fulfilled.' The whole of the eighteenth chapter of Revelation isa warning of what is coming on the earth. But I have no light inparticular in regard to what is coming on New York, only I know thatone day the great buildings there will be thrown down by the turningand overturing ol God's power. From the light given me, I know thatdestruction is in the world. One word from the Lord, one touch of Hismighty power, and these massive structures will fall. Scenes will takeplace the fearfulness of which we cannot imagine."
2220	LIFE SKETCHES P.411.5• ...I have said, as I looked at the great buildings going up there, storyalter story: "What terrible scenes will take place when the Lord shallarise to shake terribly the earth! Then the words of Revelation 18:1-3will be fulfilled.' The whole of the eighteenth chapter of Revelation isa warning of what is coming on the earth. But I have no light inparticular in regard to what is coming on New York, only I know thatone day the great buildings there will be thrown down by the turningand overturning ol God's power. From the light given me, I know thatdestruction is in the world. One word from the Lord, one touch of flismighty power, and these massive structures will fall. Scenes will takeplace the fearfulness of which we cannot imagine.00458
2226	LIFE SKETCHES P.411.5• ...I have said, as I looked at the great buildings going up there, storyalter story: "What terrible scenes will take place when the Lord shallarise to shake terribly the earth! Then the words of Revelation 18:1-3will be fulfilled.' The whole of the eighteenth chapter of Revelation isa warning of what is coming on the earth. But I have no light inparticular in regard to what is coming on New York, only I know thatone day the great buildings there will be thrown down by the turningand overturning of God's power. From the light given me, I know thatdestruction is in the world. One word from the Lord, one touch of Hisnighty power, and these massive structures will fall. Scenes will takeplace the fearfulness of which we cannot imagine."000590
2232	LIFE SKETCHES P.411.5• ...I have said, as I looked at the great buildings going up there, storyalter story: "What terrible scenes will take place when the Lord shallarise to shake terribly the earth! Then the words of Revelation 18:1-3will be fulfilled. The whole of the eighteenth chapter of Revelation isa warning of what is coming on the earth. But I have no light inparticular in regard to what is coming on New York, only I know thatone day the great buildings there will be thrown down by the turningand overturning of God's power. From the light given me, I know thatdestruction is in the world. One word from the Lord, one touch of Hismighty power, and these massive structures will fall. Scenes will takeplace the fearfulness of which we cannot imagine."0000900
2238	LIFE SKETCHES P.411.5• ...I have said, as I looked at the great buildings going up there, storyafter story: "What terrible scenes will take place when the Lord shallarise to shake terribly the earth! Then the words of Revelation 18:1-3will be fulfilled! The whole of the eighteenth chapter of Revelation isa warning of what is coming on the earth. But I have no light inparticular in regard to what is coming on New York, only I know thatone day the great buildings there will be thrown down by the turningand overturning of God's power. From the light given me, I know thatdestruction is in the world. One word from the Lord, one touch of Hismighty power, and these massive structures will fall. Scenes will takeplace the fearfulness of which we cannot imagine."
2244	LIFE SKETCHES P.411.5• I have said, as I looked at the great buildings going up there, storyafter story: "What terrible scenes will take place when the Lord shallarise to shake terribly the earth! Then the words of Revelation 18:1-3will be fulfilled! The whole of the eighteenth chapter of Revelation isa warning of what is coming on the earth. But I have no light inparticular in regard to what is coming on New York, only I know thatone day the great buildings there will be thrown down by the turningand overturning of God's power. From the light given me, I know thatdestruction is in the world. One word from the Lord, one touch of Hismighty power, and these massive structures will fall. Scenes will takeplace the fearfulness of which we cannot imagine."
2250	LIFE SKETCHES P.411.5• I have said, as I looked at the great buildings going up there, storyafter story: "What terrible scenes will take place when the Lord shallarise to shake terribly the earth! Then the words of Revelation 18:1-3will be fulfilled! The whole of the eighteenth chapter of Revelation isa warning of what is coming on the earth. But I have no light inparticular in regard to what is coming on New York, only I know thatone day the great buildings there will be thrown down by the turningand overturning of God's power, From the light given me, I know thatdestruction is in the world. One word from the Lord, one touch of Hismighty power, and these massive structures will fall. Scenes will takeplace the fearfulness of which we cannot imagine."
2256	LIFE SKETCHES P.411.5• ...I have said, as I looked at the great buildings going up there, storyafter story: "What terrible scenes will take place when the Lord shallarise to shake terribly the earth! Then the words of Revelation 18:1-3will be fulfilled! The whole of the eighteenth chapter of Revelation isa warning of what is coming on the earth. But I have no light inparticular in regard to what is coming on New York, only I know thatone day the great buildings there will be thrown down by the turningand overturning of God's power. From the light given me, I know thatdestruction is in the world. One word from the Lord, one touch of Hismighty power, and these massive structures will fall. Scenes will takeplace the fearfulness of which we cannot imagine."
2262	LIFE SKETCHES P.411.5• ...I have said, as I looked at the great buildings going up there, storyafter story: "What terrible scenes will take place when the Lord shallarise to shake terribly the earth! Then the words of Revelation 18:1-3will be fulfilled! The whole of the eighteenth chapter of Revelation isa warning of what is coming on the earth. But I have no light inparticular in regard to what is coming on New York, only I know thatone day the great buildings there will be thrown down by the turningand overturning of God's power. From the light given me, I know thatdestruction is in the world. One word from the Lord, one touch of Hismighty power, and these massive structures will fall. Scenes will takeplace the fearfulness of which we cannot imagine."
2268	ISAIAH 30:25• "And there shall be upon every high mountain,and upon every high hill, rivers and streams ofwaters in the day of the great slaughter, when thetowers fall."O0C
2274	ISAIAH 30:25• "And there shall be upon every high mountain,and upon every high hill, rivers and streams ofwaters in the day of the great slaughter, when thetowers fall."
2280	ISAIAH 30:25• "And there shall be upon every high mountain,and upon every high hill, rivers and streams ofwaters in the day of the great slaughter, when thetowers fall."00C
2286	ISAIAH 30:25• "And there shall be upon every high mountain,and upon every high hill, rivers and streams ofwaters in the day of the great slaughter, when thetowers fall."
2292	ISAIAH 30:25• "And there shall be upon every high mountain,and upon every high hill, rivers and streams ofwaters in the day of the great slaughter, when thetowers fall."
2298	ISAIAH 30:25• "And there shall be upon every high mountain,and upon every high hill, rivers and streams ofwaters in the day of the great slaughter, when thetowers fall."
2304	ISAIAH 30:25• "And there shall be upon every high mountain,and upon every high hill, rivers and streams ofwaters in the day of the great slaughter, when thetowers fall."
2310	ISAIAH 30:25• "And there shall be upon every high mountain,and upon every high hill, rivers and streams ofwaters in the day of the great slaughter, when thetowers fall."
2316	ISAIAH 30:25• "And there shall be upon every high mountain,and upon every high hill, rivers and streams ofwaters in the day of the great slaughter, when thetowers fall."
2322	ISAIAH 30:25• "And there shall be upon every high mountain,and upon every high hill, rivers and streams ofwaters in the day of the great slaughter, when thetowers fall."
2328	ISAIAH 30:25• "And there shall be upon every high mountain,and upon every high hill, rivers and streams ofwaters in the day of the great slaughter, when thetowers fall."
2334	ISAIAH 30:25• "And there shall be upon every high mountain,and upon every high hill, rivers and streams ofwaters in the day of the great slaughter, when thetowers fall."
2340	IGHTEOUSNESY FAITJ9TSIEGE OFSUNDAYLAW18880000900€2001OUT OF THE CITIES
2346	4TH ANGELSMESSAGE00009e0
2352	REVELATION 18:1-4• 1 And after these things I saw another angel come down from heaven, havinggreat power; and the earth was lightened with his glory.• 2 And he cried mightily with a strong voice, saying, Babylon the great is fallen, isfallen, and is become the habitation of devils, and the hold of every foul spirit, and acage of every unclean and hateful bird.3 For all nations have drunk of the wine of the wrath of her fornication, and the kings ofthe carth have committed fornication with her, and the merchants of the carth arewaxed nich through the abundance of her delicacies.• 4 And I heard another voice from heaven, saying. Come out of her, mypeople, that ye be not partakers of her sins, and that ye receive notof her plagues.00499
2358	REVELATION 18:1-4• 1 And after these things I saw another angel come down from heaven, havinggreat power; and the earth was lightened with his glory.• 2 And he cried mightily with a strong voice, saying, Babylon the great is fallen, isfallen, and is become the habitation of devils, and the hold of every foul spirit, and acage of every unclean and hateful bird.• 3 For all nations have drunk of the wine of the wrath of her fornication, and the kings ofthe earth have committed fornication with her, and the merchants of the earth arewaxed rich through the abundance of her delicacies.• 4 And I heard another voice from heaven, saying, Come out of her, mypeople, that ye be not partakers of her sins, and that ye receive notof her plagues.
2364	REVELATION 18:1-4• 1 And after these things I saw another angel come down from heaven, havinggreat power; and the earth was lightened with his glory.• 2 And he cried mightily with a strong voice, saying, Babylon the great is fallen, isfallen, and is become the habitation of devils, and the hold of every foul spirit, and acage of every unclean and hateful bird.• 3 For all nations have drunk of the wine of the wrath of her fornication, and the kings ofthe earth have committed fornication with her, and the merchants of the earth arewaxed rich through the abundance of her delicacies.• 4 And I heard another voice from heaven, saying, Come out of her, mypeople, that ye be not partakers of her sins, and that ye receive notof her plagues.
2370	REVELATION 18:1-4• 1 And after these things I saw another angel come down from heaven, havinggreat power; and the earth was lightened with his glory.• 2 And he cried mightily with a strong voice, saying, Babylon the great is fallen, isfallen, and is become the habitation of devils, and the hold of every foul spirit, and acage of every unclean and hateful bird.• 3 For all nations have drunk of the wine of the wrath of her fornication, and the kings ofthe earth have committed fornication with her, and the merchants of the earth arewaxed rich through the abundance of her delicacies.• 4 And I heard another voice from heaven, saying, Come out of her, mypeople, that ye be not partakers of her sins, and that ye receive notof her plagues.
2376	REVELATION 18:1-4• 1 And after these things I saw another angel come down from heaven, havinggreat power; and the earth was lightened with his glory.• 2 And he cried mightily with a strong voice, saying, Babylon the great is fallen, isfallen, and is become the habitation of devils, and the hold of every foul spirit, and acage of every unclean and hateful bird.• 3 For all nations have drunk of the wine of the wrath of her fornication, and the kings ofthe earth have committed fornication with her, and the merchants of the earth arewaxed rich through the abundance of her delicacies.• 4 And I heard another voice from heaven, saying, Come out of her, mypeople, that ye be not partakers of her sins, and that ye receive notof her plagues.00009€
2382	RIGHTEOUSNESSBY FAITHOUT OF THE CITIES4THANGELSMESSAGEISTSIEGE OFSUNDAYLAW18882001000G
2388	RIGHTEOUSNESSBY FAITHOUT OF THE CITIES4THANGELSMESSAGEISTSIEGE OFSUNDAYLAW18882001
2394	THESHAKING
2400	THESHAKING
2406	• Ezekiel 37:7 So I prophesied as I was commanded:and as I prophesied, there was a noise, and behold ashaking, and the bones came together, bone to hisbone.• Ezekiel 38:19 For in my jealousy and in the fire of mywrath have I spoken, Surely in that day there shallse a great shaking in the land of Israel.
2412	• Ezekiel 37:7 So I prophesied as I was commanded:and as I prophesied, there was a noise, and behold ashaking, and the bones came together, bone to hisbone.• Ezekiel 38:19 For in my jealousy and in the fire of mywrath have 1 spoken, Surely in that day there shallbe a great shaking in the land of Israel.
2418	• Ezekiel 37:7 So I prophesied as I was commanded:and as I prophesied, there was a noise, and behold ashaking, and the bones came together, bone to hisbone.• Ezekiel 38:19 For in my jealousy and in the fire of mywrath have I spoken, Surely in that day there shallbe a great shaking in the land of Israel.
2424	
2430	
2436	
2442	• Ezekiel 37:7 So I prophesied as I was commanded:and as I prophesied, there was a noise, and behold ashaking, and the bones came together, bone to hisbone.• Ezekiel 38:19 For in my jealousy and in the fire of mywrath have I spoken, Surely in that day there shallbe a great shaking in the land of Israel.
2448	• Ezekiel 37:7 So I prophesied as I was commanded:and as I prophesied, there was a noise, and behold a.shaking, and the bones came together, bone to hisbone.• Ezekiel 38:19 For in my jealousy and in the fire of mywrath have I spoken, Surely in that day there shallse a great shaking in the land of Israel.
2454	• Ezekiel 37:7 So I prophesied as I was commanded:and as I prophesied, there was a noise, and behold ashaking, and the bones came together, bone to hisbone.• Ezekiel 38:19 For in my jealousy and in the fire of mywrath have I spoken, Surely in that day there shallbe a great shaking in the land of Israel.
2460	• Ezekiel 37:7 So I prophesied as I was commanded:and as I prophesied, there was a noise, and behold ashaking, and the bones came together, bone to hisbone.• Ezekiel 38:19 For in my jealousy and in the fire of mywrath have I spoken, Surely in that day there shallbe a great shaking in the land of Israel.
2466	• Ezekiel 37:7 So I prophesied as I was commanded:and as I prophesied, there was a noise, and behold ashaking, and the bones came together, bone to hisbone.• Ezekiel 38:19 For in my jealousy and in the fire of mywrath have I spoken, Surely in that day there shallbe a great shaking in the land of Israel.
2472	• Ezekiel 37:7 So I prophesied as I was commanded:and as I prophesied, there was a noise, and behold ashaking, and the bones came together, bone to hisbone.• Ezekiel 38:19 For in my jealousy and in the fire of mywrath have I spoken, Surely in that day there shallbe a great shaking in the land of Israel.
2478	• Ezekiel 37:7 So I prophesied as I was commanded:and as I prophesied, there was a noise, and behold ashaking, and the bones came together, bone to hisbone.• Ezekiel 38:19 For in my jealousy and in the fire of mywrath have I spoken, Surely in that day there shallbe a great shaking in the land of Israel.
2484	• Ezekiel 37:7 So I prophesied as I was commanded:and as I prophesied, there was a noise, and behold ashaking, and the bones came together, bone to hisbone.• Ezekiel 38:19 For in my jealousy and in the fire of mywrath have I spoken, Surely in that day there shallbe a great shaking in the land of Israel.
2490	• Ezekiel 37:7 So I prophesied as I was commanded:and as I prophesied, there was a noise, and behold ashaking, and the bones came together, bone to hisbone.• Ezekiel 38:19 For in my jealousy and in the fire of mywrath have I spoken, Surely in that day there shallbe a great shaking in the land of Israel.
2496	
2502	
2508	
2514	
2520	
2526	IGHTEOUSNESY FAITIOUT OF THE CITIESSHAKING4THANGELS19TSIEGE OFSUNDAYLAW18880000930
2532	IGHTEOUSNESY FAITIOUT OF THE CITIESSHAKING4THANGELSMESSAGESIEGE OFSUNDAYLAW18882001
2538	IGHTEOUSNESY FAITOUT OF THE CITIESSHAKING4THANGELSMESSAGE19TSIEGE OFSUNDAYLAW18882001
2544	IGHTEOUSNESOUT OF THE CITIESSHAKING4THANGELSMESSAGE19TSIEGE OFSUNDAYLAW18880O799:0
2550	REVELATION 7:1-4• 1 And after these things I saw four angels standing on the four corners of theearth, holding the four winds of the earth, that the wind should not blow on thecarth, nor on the sea, nor on any tree.• 2 And I saw another angel ascending from the east, having the seal of theliving God: and he cried with a loud voice to the four angels, to whom it wasgiven to hurt the earth and the sea,• 3 Saying, Hurt not the earth, neither the sea, nor the trees, till we have sealed theservants of our God in their foreheads.• 4 And 1 heard the number of them which were sealed: and there weresealed an hundred and forty and four thousand of all the tribes of thechildren of Isracl.00059
2556	REVELATION 7:1-4• 1 And ¿ter these things I saw four angels standing on the four corners of theearth, holding the four winds of the earth, that the wind should not blow on theearth, nor on the sea, nor on any tree.• 2 And I saw another angel ascending from the east, having the seal of theliving God: and he cried with a loud voice to the four angels, to whom it wasgiven to hurt the earth and the sea,• 3 Saying, Hurt not the earth, neither the sea, nor the trees, till we have sealed theservants of our God in their foreheads.• 4 And I heard the number of them which were sealed: and there weresealed an hundred and forty and four thousand of all the tribeschildren of Israel.0000900
2562	REVELATION 7:1-4• 1 And after these things I saw four angels standing on the four corners of theearth, holding the four winds of the earth, that the wind should not blow on theearth, nor on the sea, nor on any tree. *• 2 And I saw another angel ascending from the east, having the seal of theliving God: and he cried with a loud voice to the four angels, to whom it wasgiven to hurt the earth and the sea,• 3 Saying, Hurt not the earth, neither the sea, nor the trees, till we have sealed theservants of our God in their foreheads.• 4 And I heard the number of them which were sealed: and there weresealed an hundred and forty and four thousand of all the tribeschildren of Israel.
2568	REVELATION 7:1-4• 1 And after these things I saw four angels standing on the four corners of theearth, holding the four winds of the earth, that the wind should not blow on theearth, nor on the sea, nor on any tree. *• 2 And I saw another angel ascending from the east, having the seal of theliving God: and he cried with a loud voice to the four angels, to whom it wasgiven to hurt the earth and the sea,• 3 Saying, Hurt not the earth, neither the sea, nor the trees, till we have sealed theservants of our God in their foreheads.• 4 And I heard the number of them which were sealed: and there weresealed an hundred and forty and four thousand of all the tribeschildren of Israel.
2574	REVELATION 7:1-4• 1 And after these things I saw four angels standing on the four corners of theearth, holding the four winds of the earth, that the wind should not blow on theearth, nor on the sea, nor on any tree.• 2 And I saw another angel ascending from the east, having the seal of theliving God: and he cried with a loud voice to the four angels, to whom it wasgiven to hur the earth and the sea,• 3 Saying, Hurt not the earth, neither the sea, nor the trees, till we have sealed theservants of our God in their foreheads.• 4 And I heard the number of them which were sealed: and there weresealed an hundred and forty and four thousand of all the tribeschildren of Israel.
2580	REVELATION 7:1-4• 1 And after these things I saw four angels standing on the four corners of theearth, holding the four winds of the earth, that the wind should not blow on theearth, nor on the sea, nor on any tree.• 2 And I saw another angel ascending from the east, having the seal of theliving God: and he cried with a loud voice to the four angels, to whom it wasgiven to hurt the earth and the sea,• 3 Saying, Hurt not the earth, neither the sea, nor the trees, till we have sealed theservants of our God in their foreheads.• 4 And I heard the number of them which were sealed: and there weresealed an hundred and forty and four thousand of all the tribeschildren of Israel.
2586	REVELATION 7:1-4• 1 And after these things I saw four angels standing on the four corners of theearth, holding the four winds of the earth, that the wind should not blow on theearth, nor on the sea, nor on any tree.• 2 And I saw another angel ascending from the east, having the seal of theliving God: and he cried with a loud voice to the four angels, to whom it wasgiven to hurt the earth and the sea,• 3 Saying, Hurt not the earth, neither the sea, nor the trees, till we have sealed theservants of our God in their foreheads.• 4 And I heard the number of them which were sealed: and there weresealed an hundred and forty and four thousand of all the tribeschildren of Israel.
2592	REVELATION 7:1-4• 1 And after these things I saw four angels standing on the four corners of theearth, holding the four winds of the earth, that the wind should not blow on theearth, nor on the sea, nor on any tree.• 2 And I saw another angel ascending from the east, having the seal of theliving God: and he cried with a loud voice to the four angels, to whom it wasgiven to hurt the earth and the sea,• 3 Saying, Hurt not the earth, neither the sea, nor the trees, till we have sealed theservants of our God in their foreheads.• 4 And I heard the number of them which were sealed: and there weresealed an hundred and forty and four thousand of all the tribeschildren of Israel.
2598	REVELATION 7:1-4• 1 And after these things I saw four angels standing on the four corners of theearth, holding the four winds of the earth, that the wind should not blow on theearth, nor on the sea, nor on any tree.• 2 And I saw another angel ascending from the east, having the seal of theliving God: and he cried with a loud voice to the four angels, to whom it wasgiven to hurt the earth and the sea,• 3 Saying, Hurt not the earth, neither the sea, nor the trees, till we have sealed theservants of our God in their foreheads.• 4 And I heard the number of them which were sealed: and there weresealed an hundred and forty and four thousand of all the tribeschildren of Israel.
2604	REVELATION 7:1-4• 1 And after these things I saw four angels standing on the four corners of theearth, holding the four winds of the earth, that the wind should not blow on theearth, nor on the sea, nor on any tree.• 2 And I saw another angel ascending from the east, having the seal of theliving God: and he cried with a loud voice to the four angels, to whom it wasgiven to hurt the earth and the sea,• 3 Saying, Hurt not the earth, neither the sea, nor the trees, till we have sealed theservants of our God in their foreheads.• 4 And I heard the number of them which were sealed: and there weresealed an hundred and forty and four thousand of all the tribeschildren of Israel.
2610	REVELATION 7:1-4• 1 And after these things I saw four angels standing on the four corners of theearth, holding the four winds of the earth, that the wind should not blow on theearth, nor on the sea, nor on any tree.• 2 And I saw another angel ascending from the east, having the seal of theliving God: and he cried with a loud voice to the four angels, to whom it wasgiven to hurt the earth and the sea,• 3 Saying, Hurt not the earth, neither the sea, nor the trees, till we have sealed theservants of our God in their foreheads.• 4 And I heard the number of them which were sealed: and there weresealed an hundred and forty and four thousand of all the tribeschildren of Israel.00V39
2616	REVELATION 7:1-4• 1 And after these things I saw four angels standing on the four corners of theearth, holding the four winds of the earth, that the wind should not blow on theearth, nor on the sea, nor on any tree.• 2 And I saw another angel ascending from the east, having the seal of theliving God: and he cried with a loud voice to the four angels, to whom it wasgiven to hurt the earth and the sea,• 3 Saying, Hurt not the earth, neither the sea, nor the trees, till we have sealed theservants of our God in their foreheads.• 4 And I heard the number of them which were sealed: and there weresealed an hundred and forty and four thousand of all the tribeschildren of Israel.
2622	REVELATION 7:1-4• 1 And after these things I saw four angels standing on the four corners of theearth, holding the four winds of the earth, that the wind should not blow on theearth, nor on the sea, nor on any tree.• 2 And I saw another angel ascending from the east, having the seal of theliving God: and he cried with a loud voice to the four angels, to whom it wasgiven to hurt the earth and the sea,• 3 Saying, Hurt not the earth, neither the sea, nor the trees, till we have sealed theservants of our God in their foreheads.• 4 And I heard the number of them which were sealed: and there weresealed an hundred and forty and four thousand of all the tribeschildren of Israel.
2628	MARANATHA P.200.2• Just as soon as the people of God are sealed in theirforeheads-it is not any seal or mark that can be seen, buta settling into the truth, both intellectually andspiritually, so they cannot be moved-just as soon asGod's people are sealed and prepared for the shaking, itwill come. Indeed, it has begun already; the judgments ofGod are now upon the land, to give us warning, that wemay know what is coming.
2634	MARANATHA P.200.2• Just as soon as the people of God are sealed in theirforeheads-it is not any seal or mark that can be seen, buta settling into the truth, both intellectually andspiritually, so they cannot be moved-just as soon asGod's people are sealed and prepared for the shaking, itwill come. Indeed, it has begun already; the judgments ofGod are now upon the land, to give us warning, that wemay know what is coming.
2640	MARANATHA P.200.2• Just as soon as the people of God are sealed in theirforeheads-it is not any seal or mark that can be seen, buta settling into the truth, both intellectually andspiritually, so they cannot be moved-just as soon asGod's people are sealed and prepared for the shaking, itwill come. Indeed, it has begun already; the judgments ofGod are now upon the land, to give us warning, that wemay know what is coming.
2646	MARANATHA P.200.2• Just as soon as the people of God are sealed in theirforeheads-it is not any seal or mark that can be seen, buta settling into the truth, both intellectually andspiritually, so they cannot be moved-just as soon asGod's people are sealed and prepared for the shaking, itwill come. Indeed, it has begun already; the judgments ofGod are now upon the land, to give us warning, that wemay know what is coming.
2652	MARANATHA P.200.2• Just as soon as the people of God are sealed in theirforeheads-it is not any seal or mark that can be seen, buta settling into the truth, both intellectually andspiritually, so they cannot be moved-just as soon asGod's people are sealed and prepared for the shaking, itwill come. Indeed, it has begun already; the judgments ofGod are now upon the land, to give us warning, that wemay know what is coming.
2658	MARANATHA P.200.2• Just as soon as the people of God are sealed in theirforeheads-it is not any seal or mark that can be seen, buta settling into the truth, both intellectually andspiritually, so they cannot be moved-just as soon asGod's people are sealed and prepared for the shaking, itwill come. Indeed, it has begun already; the judgments ofGod are now upon the land, to give us warning, that wemay know what is coming.
2664	MARANATHA P.200.2• Just as soon as the people of God are sealed in theirforeheads-it is not any seal or mark that can be seen, buta settling into the truth, both intellectually andspiritually, so they cannot be moved-just as soon asGod's people are sealed and prepared for the shaking, itwill come. Indeed, it has begun already; the judgments ofGod are now upon the land, to give us warning, that wemay know what is coming.
2670	MARANATHA P.200.2• Just as soon as the people of God are sealed in theirforeheads-it is not any seal or mark that can be seen, buta settling into the truth, both intellectually andspiritually, so they cannot be moved-just as soon asGod's people are sealed and prepared for the shaking, itwill come. Indeed, it has begun already; the judgments ofGod are now upon the land, to give us warning, that wemay know what is coming.
2676	MARANATHA P.200.2• Just as soon as the people of God are sealed in theirforeheads-it is not any seal or mark that can be seen, buta settling into the truth, both intellectually andspiritually, so they cannot be moved-just as soon asGod's people are sealed and prepared for the shaking, itwill come. Indeed, it has begun already; the judgments ofGod are now upon the land, to give us warning, that wemay know what is coming.
2682	MARANATHA P.200.2• Just as soon as the people of God are sealed in theirforeheads-it is not any seal or mark that can be seen, buta settling into the truth, both intellectually andspiritually, so they cannot be moved-just as soon asGod's people are sealed and prepared for the shaking, itwill come. Indeed, it has begun already; the judgments ofGod are now upon the land, to give us warning, that wemay know what is coming.
2688	MARANATHA P.200.2• Just as soon as the people of God are sealed in theirforeheads-it is not any seal or mark that can be seen, buta settling into the truth, both intellectually andspiritually, so they cannot be moved-just as soon asGod's people are sealed and prepared for the shaking, itwill come. Indeed, it has begun already; the judgments ofGod are now upon the land, to give us warning, that wemay know what is coming.
2694	MARANATHA P.200.2• Just as soon as the people of God are sealed in theirforeheads-it is not any seal or mark that can be seen, buta settling into the truth, both intellectually andspiritually, so they cannot be moved-just as soon asGod's people are sealed and prepared for the shaking, itwill come. Indeed, it has begun already; the judgments ofGod are now upon the land, to give us warning, that wemay know what is coming.
2700	MARANATHA P.200.2• Just as soon as the people of God are sealed in theirforeheads-it is not any seal or mark that can be seen, buta settling into the truth, both intellectually andspiritually, so they cannot be moved-just as soon asGod's people are sealed and prepared for the shaking, itwill come. Indeed, it has begun already; the judgments ofGod are now upon the land, to give us warning, that wemay know what is coming.
2706	MARANATHA P.200.2• Just as soon as the people of God are sealed in theirforeheads-it is not any seal or mark that can be seen, buta settling into the truth, both intellectually andspiritually, so they cannot be moved-just as soon asGod's people are sealed and prepared for the shaking, itwill come. Indeed, it has begun already; the judgments ofGod are now upon the land, to give us warning, that wemay know what is coming.
2712	MARANATHA P.200.2• Just as soon as the people of God are sealed in theirforeheads-it is not any seal or mark that can be seen, buta settling into the truth, both intellectually andspiritually, so they cannot be moved-just as soon asGod's people are sealed and prepared for the shaking, itwill come. Indeed, it has begun already; the judgments ofGod are now upon the land, to give us warning, that wemay know what is coming.
2718	MARANATHA P.200.2• Just as soon as the people of God are sealed in theirforeheads-it is not any seal or mark that can be seen, buta settling into the truth, both intellectually andspiritually, so they cannot be moved-just as soon asGod's people are sealed and prepared for the shaking, itwill come. Indeed, it has begun already; the judgments ofGod are now upon the land, to give us warning, that wemay know what is coming.
2724	MARANATHA P.200.2• Just as soon as the people of God are sealed in theirforeheads-it is not any seal or mark that can be seen, buta settling into the truth, both intellectually andspiritually, so they cannot be moved-just as soon asGod's people are sealed and prepared for the shaking, itwill come. Indecd, it has begun already; the judgments ofGod are now upon the land, to give us warning, that wemay know what is coming.
2730	MARANATHA P.200.2• Just as soon as the people of God are sealed in theirforeheads-it is not any seal or mark that can be seen, buta settling into the truth, both intellectually andspiritually, so they cannot be moved-just as soon asGod's people are sealed and prepared for the shaking, itwill come. Indecd, it has begun already; the judgments ofGod are now upon the land, to give us warning, that wemay know what is coming.
2736	MARANATHA P.200.2• Just as soon as the people of God are sealed in theirforeheads-it is not any seal or mark that can be seen, buta settling into the truth, both intellectually andspiritually, so they cannot be moved-just as soon asGod's people are sealed and prepared for the shaking, itwill come. Indeed, it has begun already; the judgments ofGod are now upon the land, to give us warning, that wemay know what is coming.
2742	MARANATHA P.200.2• Just as soon as the people of God are sealed in theirforeheads-it is not any seal or mark that can be seen, buta settling into the truth, both intellectually andspiritually, so they cannot be moved-just as soon asGod's people are sealed and prepared for the shaking, itwill come. Indeed, it has begun already; the judgments ofGod are now upon the land, to give us warning, that wemay know what is coming.000590
2748	MARANATHA P.200.2• Just as soon as the people of God are sealed in theirforeheads-it is not any seal or mark that can be seen, buta settling into the truth, both intellectually andspiritually, so they cannot be moved-just as soon asGod's people are sealed and prepared for the shaking, itwill come. Indeed, it has begun already; the judgments ofGod are now upon the land, to give us warning, that wemay know what is coming.0000800
2754	MARANATHA P.200.2• Just as soon as the people of God are sealed in theirforeheads-it is not any seal or mark that can be seen, buta settling into the truth, both intellectually andspiritually, so they cannot be moved-just as soon asGod's people are sealed and prepared for the shaking, itwill come. Indeed, it has begun already; the judgments ofGod are now upon the land, to give us warning, that wemay know what is coming.
2760	MARANATHA P.200.2• Just as soon as the people of God are sealed in theirforeheads-it is not any seal or mark that can be seen, buta settling into the truth, both intellectually andspiritually, so they cannot be moved-just as soon asGod's people are sealed and prepared for the shaking, itwill come. Indeed, it has begun already; the judgments ofw upon the land, to give us warning, that wevhat is coming.000090
2766	MARANATHA P.200.2• Just as soon as the people of God are sealed in theirforeheads-it is not any seal or mark that can be seen, buta settling into the truth, both intellectually andspiritually, so they cannot be moved-just as soon asGod's people are sealed and prepared for the shaking, itwill come. Indeed, it has begun already; the judgments ofGod are now upon the land, to give us warning, that wemay know what is coming.
2772	IGHTEOUSNESOUT OF THE CITIESSEALING OF 144,000SHAKING4тHANGELSMESSAGE18TSIEGE OFSUNDAYLAW1888
2778	IGHTEOUSNESOUT OF THE CITIESSEALING OF 144,000SHAKINGATHANGELSMESSAGE19TSIEGE OFSUNDAYLAW188800008803
2784	IGHTEOUSNESY FAITIOUT OF THE CITIESSEALING OF 144,000SHAKING4тHANGELSMESSAGE19TSIEGE OFSUNDAYLAW18882001
2790	IMAGE OFTHE BEAST0000800
2796	REVELATION 13:14, 15• 14 And deceiveth them that dwell on the carth by the means of thosemiracles which he had power to do in the sight of the beast; saying tothem that dwell on the earth, that they should make an image to thebeast, which had the wound by a sword, and did live.• 15 And he had power to give life unto the image of the beast,that the image of the beast should both speak, and cause that as many aswould not worship the image of the beast should be killed.• 16 And he causeth all, both small and great, rich and poor, free andbond, to receive a mark in their right hand, or in their foreheads:
2802	REVELATION 13:14, 15• 14 And deceiveth them that dwell on the carth by the means of thosemiracles which he had power to do in the sight of the beast; saying tothem that dwell on the earth, that they should make an image to thebeast, which had the wound by a sword, and did live.• 15 And he had power to give life unto the image of the beast,that the image of the beast should both speak, and cause that as many aswould not worship the image of the beast should be killed.• 16 And he causeth all, both small and great, rich and poor, free andbond, to receive a mark in their right hand, or in their foreheads:
2808	REVELATION 13:14, 15• 14 And deceiveth them that dwell on the carth by the means of thosemiracles which he had power to do in the sight of the beast; saying tothem that dwell on the earth, that they should make an image to thebeast, which had the wound by a sword, and did live.• 15 And he had power to give life unto the image of the beast,that the image of the beast should both speak, and cause that as many aswould not worship the image of the beast should be killed.• 16 And he causeth all, both small and great, rich and poor, free andbond, to receive a mark in their right hand, or in their foreheads:0000990
2814	REVELATION 13:14, 15• 14 And deceiveth them that dwell on the earth by the means of thosemiracles which he had power to do in the sight of the beast; saying tothem that dwell on the earth, that they should make an image to thebeast, which had the wound ky a sword, and did live.• 15 And he had power to give life unto the image of the beast,that the image of the beast should both speak, and cause that as many aswould not worship the image of the beast should be killed• 16 And he causeth all, both small and great, rich and poor, free andbond, to receive a mark in their right hand, or in their foreheac
2820	REVELATION 13:14, 15• 14 And deceiveth them that dwell on the earth by the means of thosemiracles which he had power to do in the sight of the beast; saying tothem that dwell on the earth, that they should make an image to thebeast, which had the wound by a sword, and did live.• 15 And he had power to give life unto the image of the beast,that the image of the beast should both speak, and cause that as many aswould not worship the image of the beast should be killed• 16 And he causeth all, both small and great, rich and poor, free andbond, to receive a mark in their right hand, or in their forehea!
2826	REVELATION 13:14, 15• 14 And deceiveth them that dwell on the earth by the means of thosemiracles which he had power to do in the sight of the beast; saying tothem that dwell on the earth, that they should make an image to thebeast, which had the wound by a sword, and did live.• 15 And he had power to give life unto the image of the beast,that the image of the beast should both speak, and cause that as many aswould not worship the image of the beast should be killed• 16 And he causeth all, both small and great, rich and poor, free andbond, to receive a mark in their right hand, or in their forehea
2832	REVELATION 13:14, 15• 14 And deceiveth them that dwell on the earth by the means of thosemiracles which he had power to do in the sight of the beast; saying tothem that dwell on the earth, that they should make an image to thebeast, which had the wound by a sword, and did live.• 15 And he had power to give life unto the image of the beast,that the image of the beast should both speak, and cause that as many aswould not worship the image of the beast should be killed• 16 And he causeth all, both small and great, rich and poor, free andbond, to receive a mark in their right hand, or in their foreheac
2838	REVELATION 13:14, 15• 14 And deceiveth them that dwell on the earth by the means of thosemiracles which he had power to do in the sight of the beast; saying tothem that dwell on the earth, that they should make an image to thebeast, which had the wound by a sword, and did live.• 15 And he had power to give life unto the image of the beast,that the image of the beast should both speak, and cause that as many aswould not worship the image of the beast should be killed.• 16 And he causeth all, both small and great, rich and poor, free andbond, to receive a mark in their right hand, or in their foreheac
2844	GREAT CONTROVERSY P.443• "But what is the "image to the beast"? and how is it to be formed? The imageis made by the two-horned beast, and is an image to the beast. It is alsocalled an image of the beast. Then to learn what the image is like and how it is tobe formed we must study the characteristics of the beast itself-the papacy.When the early church became corrupted by departing from the simplicity ofthe gospel and accepting heathen rites and customs, she lost the Spirit and powerof God; and in order to control the consciences of the people, she sought thesupport of the secular power. The result was the papacy, a church that controlledthe power of the state and employed it to further her own ends, especially for thepunishment of "heresy." In order for the United States to form an image of thebeast, the religious power must so control the civil government thatthe authority of the state will also be employed by the church to accomown ends.
2850	GREAT CONTROVERSY P.443• "But what is the "image to the beast"? and how is it to be formed? The imageis made by the two-horned beast, and is an image to the beast. It is alsocalled an image of the beast. Then to learn what the image is like and how it is tobe formed we must study the characteristics of the beast itself-the papacy.•When the early church became corrupted by departing from the simplicity ofthe gospel and accepting heathen rites and customs, she lost the Spirit and powerof God; and in order to control the consciences of the people, she sought thesupport of the secular power. The result was the papacy, a church that controlledthe power of the state and employed it to further her own ends, especially for thepunishment of "heresy." In order for the United States to form an image of thebeast, the religious power must so control the civil government thatthe authority of the state will also be employed by the church to accomown ends.
2856	GREAT CONTROVERSY P.443• "But what is the "image to the beast"? and how is it to be formed? The imageis made by the two-horned beast, and is an image to the beast. It is alsocalled an image of the beast. Then to learn what the image is like and how it is tobe formed we must study the characteristics of the beast itself-the papacy.•When the early church became corrupted by departing from the simplicity ofthe gospel and accepting heathen rites and customs, she lost the Spirit and powerof God; and in order to control the consciences of the people, she sought thesupport of the secular power. The result was the papacy, a church that controlledthe power of the state and employed it to further her own ends, especially for thepunishment of "heresy." In order for the United States to form an image of thebeast, the religious power must so control the civil government thatthe authority of the state will also be employed by the church to accomown ends.
2862	GREAT CONTROVERSY P.443• "But what is the "image to the beast"? and how is it to be formed? The imageis made by the two-horned beast, and is an image to the beast. It is alsocalled an image of the beast. Then to learn what the image is like and how it is tobe formed we must study the characteristics of the beast itself-the papacy.•When the early church became corrupted by departing from the simplicity ofthe gospel and accepting heathen rites and customs, she lost the Spirit and powerof God; and in order to control the consciences of the people, she sought thesupport of the secular power. The result was the papacy, a church that controlledthe power of the state and employed it to further her own ends, especially for thepunishment of "heresy." In order for the United States to form an image of thebeast, the religious power must so control the civil government thatthe authority of the state will also be employed by the church to accomown ends.
2868	GREAT CONTROVERSY P.443• "But what is the "image to the beast"? and how is it to be formed? The imageis made by the two-horned beast, and is an image to the beast. It is alsocalled an image of the beast. Then to learn what the image is like and how it is tobe formed we must study the characteristics of the beast itself-the papacy.•When the early church became corrupted by departing from the simplicity ofthe gospel and accepting heathen rites and customs, she lost the Spirit and powerof God; and in order to control the consciences of the people, she sought thesupport of the secular power. The result was the papacy, a church that controlledthe power of the state and employed it to further her own ends, especially for thepunishment of "heresy." In order for the United States to form an image of thebeast, the religious power must so control the civil government thatthe authority of the state will also be employed by the church to accomown ends.
2874	GREAT CONTROVERSY P.443• "But what is the "image to the beast"? and how is it to be formed? The imageis made by the two-horned beast, and is an image to the beast. It is alsocalled an image of the beast. Then to learn what the image is like and how it is tobe formed we must study the characteristics of the beast itself-the papacy.•When the early church became corrupted by departing from the simplicity ofthe gospel and accepting heathen rites and customs, she lost the Spirit and powerof God; and in order to control the consciences of the people, she sought thesupport of the secular power. The result was the papacy, a church that controlledthe power of the state and employed it to further her own ends, especially for thepunishment of "heresy." In order for the United States to form an image of thebeast, the religious power must so control the civil government thatthe authority of the state will also be employed by the church to accomown ends.
2880	GREAT CONTROVERSY P.443• "But what is the "image to the beast"? and how is it to be formed? The imageis made by the two-horned beast, and is an image to the beast. It is alsocalled an image of the beast. Then to learn what the image is like and how it is tobe formed we must study the characteristics of the beast itself-the papacy.•When the early church became corrupted by departing from the simplicity ofthe gospel and accepting heathen rites and customs, she lost the Spirit and powerof God; and in order to control the consciences of the people, she sought thesupport of the secular power. The result was the papacy, a church that controlledthe power of the state and employed it to further her own ends, especially for thepunishment of "heresy." In order for the United States to form an image of thebeast, the religious power must so control the civil government thatthe authority of the state will also be employed by the church to accomown ends.
2886	GREAT CONTROVERSY P.443• "But what is the "image to the beast"? and how is it to be formed? The imageis made by the two-horned beast, and is an image to the beast. It is alsocalled an image of the beast. Then to learn what the image is like and how it is tobe formed we must study the characteristics of the beast itself-the papacy.•When the early church became corrupted by departing from the simplicity ofthe gospel and accepting heathen rites and customs, she lost the Spirit and powerof God; and in order to control the consciences of the people, she sought thesupport of the secular power. The result was the papacy, a church that controlledthe power of the state and employed it to further her own ends, especially for thepunishment of "hciesy." In order for the United States to form an image of thebeast, the religious power must so control the civil government thatthe authority of the state will also be employed by the church to accomown ends.
2892	GREAT CONTROVERSY P.443• "But what is the "image to the beast"? and how is it to be formed? The imageis made by the two-horned beast, and is an image to the beast. It is alsocalled an image of the beast. Then to learn what the image is like and how it is tobe formed we must study the characteristics of the beast itself-the papacy.•When the early church became corrupted by departing from the simplicity ofthe gospel and accepting heathen rites and customs, she lost the Spirit and powerof God; and in order to control the consciences of the people, she sought thesupport of the secular power. The result was the papacy, a church that controlledthe power of the state and employed it to further her own ends, especially for thepunishment of "heresy." In order for the United States to form an image of thebeast, the religious power must so control the civil government thatthe authority of the state will also be employed by the church to accomown ends.
2898	GREAT CONTROVERSY P.443• "But what is the "image to the beast"? and how is it to be formed? The imageis made by the two-horned beast, and is an image to the beast. It is alsocalled an image of the beast. Then to learn what the image is like and how it is tobe formed we must study the characteristics of the beast itself-the papacy.•When the early church became corrupted by departing from the simplicity ofthe gospel and accepting heathen rites and customs, she lost the Spirit and powerof God; and in order to control the consciences of the people, she sought thesupport of the secular power. The result was the papacy, a church that controlledthe power of the state and employed it to further her own ends, especially for thepunishment of "heresy." In order for the United States to form an image of thebeast, the religious power must so control the civil government thatthe authority of the state will also be employed by the church to accomown ends.
2904	GREAT CONTROVERSY P.443• "But what is the "image to the beast"? and how is it to be formed? The imageis made by the two-horned beast, and is an image to the beast. It is alsocalled an image of the beast. Then to learn what the image is like and how it is tobe formed we must study the characteristics of the beast itself-the papacy.•When the early church became corrupted by departing from the simplicity ofthe gospel and accepting heathen rites and customs, she lost the Spurit and powerof God; and in order to control the consciences of the people, she sought thesupport of the secular power. The result was the papacy, a church that controlledthe power of the state and employed it to further her own ends, especially for thepunishment of "heresy." In order for the United States to form an image of thebeast, the religious power must so control the civil government thatthe authority of the state will also be employed by the church to accomown ends.
2910	
2916	
2922	
2928	
2934	RIGHTEOUSNESSBY FAITHIMAGE OFTHE BEASTOUT OF THE CITIESSEALING OF 144,000SHAKING4THANGELSMESSAGEfsTSIEGE OFSUNDAYLAW188800009C200120**
2940	NATIONALSUNDAY LAW
2946	REVELATION 13:17• 16 And he causeth all, both small and great, richand poor, free and bond, to receive a mark intheir right hand, or in their foreheads:• 17 And that no man might buy or sell, savehe that had the mark, or the name of the beast, orthe number of his name.
2952	REVELATION 13:17• 16 And he causeth all, both small and great, richand poor, free and bond, to receive a mark intheir right hand, or in their foreheads:• 17 And that no man might buy or sell, savehe that had the mark, or the name of the beast, orthe number of his name.0000900
2958	REVELATION 13:17• 16 And he causeth all, both small and great, richand poor, free and bond, to receive a mark intheir right hand, or in their foreheads:• 17 And that no man might buy or sell, savehe that had the mark, or the name of the beast, orthe number of his name.0000800
2964	REVELATION 13:17• 16 And he causeth all, both small and great, richand poor, free and bond, to receive a mark intheir right hand, or in their foreheads:• 17 And that no man might buy or sell, savehe that had the mark, or the name of the beast, orthe number of his name..0009300
2970	REVELATION 13:17• 16 And he causeth all, both small and great, richand poor, free and bond, to receive a mark intheir right hand, or in their foreheads:• 17 And that no man might buy or sell, savehe that had the mark, or the name of the beast, orthe number of his name..
2976	REVELATION 13:17• 16 And he causeth all, both small and great, richand poor, free and bond, to receive a mark intheir right hand, or in their foreheads:• 17 And that no man might buy or sell, savehe that had the mark, or the name of the beast, orthe number of his name..
2982	NATIONALSUNDAY LAW
2988	NATIONALSUNDAY LAW
2994	NATIONALSUNDAY LAW
3000	NATIONALSUNDAY LAW
3006	GREAT CONTROVERSY P.449.1• "...when Sunday observance shall be enforced by law, and the worldshall be enlightened concerning the obligation of the true Sabbath, then whoevershall transgress the command of God, to obey a precept which has no higherauthonty than that of Rome, will thereby honor popery above God. He is payinghomage to Rome and to the power which enforces the institution ordamned byRome. He is worshiping the beast and his image. As men then reject theinstitution which God has declared to be the sign of Hisauthority, and honor in its stead that which Rome has chosenas the token of her supremacy, they will thereby accept thesign of allegiance to Rome-the mark of the beast." And it is nothoose between the commandments of God and the commandments of men.that those who continue in transgression will receive the mark of the beast."
3012	GREAT CONTROVERSY P.449.1• "..when Sunday observance shall be enforced by law, and the worldshall be enlightened concerning the obligation of the true Sabbath, then whoevershall transgress the command of God, to obey a precept which has no higherauthority than that of Rome, will thereby honor popery above God. He is payinghomage to Rome and to the power which enforces the institution ordained byRome. He is worshiping the beast and his image. As men then reject theinstitution which God has declared to be the sign of Hisauthority, and honor in its stead that which Rome has chosenas the token of her supremacy, they will thereby accept thesign of allegiance to Rome-"the mark of the beast." And it is notuntil the issue is thus plainly set before the people, and they are brought tochoose between the commandments of God and the commandments,that those who continue in transgression will receive "the mark of the b'
3018	GREAT CONTROVERSY P.449.1• "...when Sunday observance shall be enforced by law, and the worldshall be enlightened concerning the obligation of the true Sabbath, then whoevershall transgress the command of God, to obey a precept which has no higherauthority than that of Rome, will thereby honor popery above God. He is payinghomage to Rome and to the power which enforces the institution ordained byRome. He is worshiping the beast and his image. As men then reject theinstitution which God has declared to be the sign of Hisauthority, and honor in its stead that which Rome has chosenas the token of her supremacy, they will thereby accept thesign of allegiance to Rome-"the mark of the beast." And it is notuntil the issue is thus plainly set before the people, and they are brought tochoose between the commandments of God and the commandmentsthat those who continue in transgression will receive "the mark of the b'
3024	GREAT CONTROVERSY P.449.1• "...when Sunday observance shall be enforced by law, and the worldshall be enlightened concerning the obligation of the true Sabbath, then whoevershall transgress the command of God, to obey a precept which has no higherauthority than that of Rome, will thereby honor popery above God. He is payinghomage to Rome and to the power which enforces the institution ordained byRome. He is worshiping the beast and his image. As men then reject theinstitution which God has declared to be the sign of Hisauthority, and honor in its stead that which Rome has chosenas the token of her supremacy, they will thereby accept thesign of allegiance to Rome-"the mark of the beast." And it is notuntil the issue is thus plainly set before the people, and they are brought tochoose between the commandments of God and the commandmentsthat those who continue in transgression will receive "the mark of the b
3030	GREAT CONTROVERSY P.449.1• "...when Sunday observance shall be enforced by law, and the worldshall be enlightened concerning the obligation of the true Sabbath, then whoevershall transgress the command of God, to obey a precept which has no higherauthority than that of Rome, will thereby honor popery above God. He is payinghomage to Rome and to the power which enforces the institution ordained byRome. He is worshiping the beast and his image. As men then reject theinstitution which God has declared to be the sign of Hisauthority, and honor in its stead that which Rome has chosenas the token of her supremacy, they will thereby accept thesign of allegiance to Rome-"the mark of the beast." And it is notuntil the issue is thus plainly set before the people, and they are brought tochoose between the commandments of God and the commandmentsthat those who continue in transgression will receive "the mark of the b
3036	GREAT CONTROVERSY P.449.1• "...when Sunday observance shall be enforced by law, and the worldshall be enlightened concerning the obligation of the true Sabbath, then whoevershall transgress the command of God, to obey a precept which has no higherauthority than that of Rome, will thereby honor popery above God. He is payinghomage to Kome and to the power which entorces the institution ordamed byRome. He is worshiping the beast and his image. As men then reject theinstitution which God has declared to be the sign of Hisauthority, and honor in its stead that which Rome has chosenas the token of her supremacy, they will thereby accept thesign of allegiance to Rome-"the mark of the beast." And it is notuntil the issue is thus plainly set before the people, and they are brought tochoose between the commandments of God and the commandmentsthat those who continue in transgression will receive "the mark of the b
3042	GREAT CONTROVERSY P.449.1• "...when Sunday observance shall be enforced by law, and the worldshall be enlightened concerning the obligation of the true Sabbath, then whoevershall transgress the command of God, to obey a precept which has no higherauthority than that of Rome, will thereby honor popery above God. He is payinghomage to Rome and to the power which enforces the institution ordained byRome. He is worshiping the beast and his image. As men then reject theinstitution which God has declared to be the sign of Hisauthority, and honor in its stead that which Rome has chosenas the token of her supremacy, they will thereby accept thesign of allegiance to Rome-"the mark of the beast." And it is notuntil the issue is thus plainly set before the people, and they are brought tochoose between the commandments of God and the commandmentsthat those who continue in transgression will receive "the mark of the b
3048	GREAT CONTROVERSY P.449.1• «'...when Sunday observance shall be enforced by law, and the worldshall be enlightened concerning the obligation of the true Sabbath, then whoevershall transgress the command of God, to obey a precept which has no higherauthority than that of Rome, will thereby honor popery above God. He is payinghomage to Rome and to the power which enforces the institution ordained byRome. He is worshiping the beast and his image. As men then reject theinstitution which God has declared to be the sign of Hisauthority, and honor in its stead that which Rome has chosenas the token of her supremacy, they will thereby accept thesign of allegiance to Rome-"the mark of the beast." And it is notuntil the issue is thus plainly set before the people, and they are brought tochoose between the commandments of God and the commandmentsthat those who continue in transgression will receive "the mark of the b
3054	GREAT CONTROVERSY P.449.1• «'...when Sunday observance shall be enforced by law, and the worldshall be enlightened concerning the obligation of the true Sabbath, then whoevershall transgress the command of God, to obey a precept which has no higherauthority than that of Rome, will thereby honor popery above God. He is payinghomage to Rome and to the power which enforces the institution ordained byRome. He is worshiping the beast and his image. As men then reject theinstitution which God has declared to be the sign of Hisauthority, and honor in its stead that which Rome has chosenas the token of her supremacy, they will thereby accept thesign of allegiance to Rome-"the mark of the beast." And it is notuntil the issue is thus plainly set before the people, and they are brought tochoose between the commandments of God and the commandments of men,that those who continue in transgression will receive "the mark of the beast."
3060	GREAT CONTROVERSY P.449.1• "...when Sunday observance shall be enforced by law, and the worldshall be enlightened concerning the obligation of the true Sabbath, then whoevershall transgress the command of God, to obey a precept which has no higherauthority than that of Rome, will thereby honor popery above God. He is payinghomage to Rome and to the power which enforces the institution ordained byRome. He is worshiping the beast and his image. As men then reject theinstitution which God has declared to be the sign of Hisauthority, and honor in its stead that which Rome has chosenas the token of her supremacy, they will thereby accept thesign of allegiance to Rome-"the mark of the beast." And it is notuntil the issue is thus plainly set before the people, and they are brought tochoose between the commandments of God and the commandmentsthat those who continue in transgression will receive "the mark of the b'
3066	
3072	
3078	TESTIMONIES FOR THE CHURCH VOL.5 P.711.4'...When our nation shall so abjure the• principles of its government as to enact aSunday law, Protestantism will in this act joinhands with popery; it will be nothing else thangiving life to the tyranny which has long beeneagerly watching its opportunity to spring againinto active despotism."
3084	TESTIMONIES FOR THE CHURCH VOL.5 P.711.4• "...When our nation shall so abjure theprinciples of its government as to enact aSunday law, Protestantism will in this act joinhands with popery; it will be nothing else thangiving life to the tyranny which has long beeneagerly watching its opportunity to spring againinto active despotism."0C0080
3090	TESTIMONIES FOR THE CHURCH VOL.5 P.711.4• "...When our nation shall so abjure theprinciples of its government as to enact aSunday law, Protestantism will in this act joinhands with popery; it will be nothing else thangiving life to the tyranny which has long beeneagerly watching its opportunity to spring againinto active despotism."00U5800
3096	TESTIMONIES FOR THE CHURCH VOL.5 P.711.4• "...When our nation shall so abjure theprinciples of its government as to enact aSunday law, Protestantism will in this act joinhands with popery; it will be nothing else thangiving life to the tyranny which has long beencagerly watching its opportunity to spring againinto active despotism."0000320
3102	TESTIMONIES FOR THE CHURCH VOL.5 P.711.4• "...When our nation shall so abjure theprinciples of its government as to enact aSunday law, Protestantism will in this act joinhands with popery; it will be nothing else thangiving life to the tyranny which has long beeneagerly watching its opportunity to spring againinto active despotism."
3108	TESTIMONIES FOR THE CHURCH VOL.5 P.711.4•"...When our nation shall so abjure theprinciples of its government as to enact aSunday law, Protestantism will in this act joinhands with popery; it will be nothing else thangiving life to the tyranny which has long beencagerly watching its opportunity to spring againinto active despotism."
3114	TESTIMONIES FOR THE CHURCH VOL.5 P.711.4•"...When our nation shall so abjure theprinciples of its government as to enact aSunday law, Protestantism will in this act joinhands with popery; it will be nothing clsc thangiving life to the tyranny which has long beeneagerly watching its opportunity to spring againinto active despotism."
3120	TESTIMONIES FOR THE CHURCH VOL.5 P.711.4•"...When our nation shall so abjure theprinciples of its government as to enact aSunday law, Protestantism will in this act joinhands with popcry; it will be nothing elsc thangiving life to the tyranny which has long beeneagerly watching its opportunity to spring againinto active despotism."
3126	RIGHTEOUSNESSBY FAITHIMAGE OFTHE BEASTSUNDAYLAWOUT OF THE CITIESSEALING OF 144,000SHAKINGANGELSMESSAGEGROW YOUR OWN FOODJaTSIEGE OFSUNDAYLAWSIEGE OFSUNDAYLADNO-BUYNO-SELLINDUCEMENTSIMPRISONMENT18880000300200120**20"*
3132	IGHTEOUSNESMAGE OFSUNDAYTHE BEASTLAWOUT OF THE CITIESSEALING OF 144,000SHAKINGANGELSMESSAGEGROW YOUR OWN FOOD19TSIEGE OFSUNDAYLAWSIEGE dOSUNDAYLAWNO-BUYNO-SELLINDUCEMENTEIMPRISONMENT18880029910200120**20**
3138	IGHTEOUSNESIMAGE OFSUNDAYTHE BEASTLAWOUT OF THE CITIESSEALING OF 144,000GROW YOUR OWN FOODSHAKING4тНANGELSMESSAGEJ9TSIEGE OFSUNDAYLAWSIEGE OFSUNDAYLAWNO-BUYNO-SELLINDUCEMENTSIMPRISONMENT1888200120**20**
3144	IGHTEOUSNESY FAITIIMAGE OFSUNDAYTHE BEASTLAWOUT OF THE CITIESSEALING OF 144,000SHAKING4тнANGELSMESSAGEGROW YOUR OWN FOOD19TSIEGE OFSUNDAYLAWSIEGE OFSUNDAYLAWNO-BUYNO-SELLINDUCEMENTEIMPRISONMENT1888200120**20**
3150	RIGHTEOUSNESSBY FAITHIMAGE OFSUNDAYTHE BEASTLAWOUT OF THE CITIESSEALING OF 144,000SHAKINGATHANGELSMESSAGEGROW YOUR OWN FOOD19TSIEGE OFSUNDAYLAWSIEGE OFSUNDAYLAWNO-BUYNO-SELLINDUCEMENTSIMPRISONMENT1888200120**20**
3156	IGHTEOUSNESIMAGE OFSUNDAYTHE BEASTLAWOUT OF THE CITIESSEALING OF 144,000SHAKINGATHANGELSMESSAGEGROW YOUR OWN FOOD19TSIEGE OFSUNDAYLAWSIEGE OFSUNDAYLAWNO-BUYNO-SELLINDUCEMENTSIMPRISONMENT1888200120**20**
3162	RIGHTEOUSNESSBY FAITHIMAGE OFSUNDAYTHE BEASTLAWOUT OF THE CITIESSEALING OF 144,000GROW YOUR OWN FOODSHAKINGATHANGELSMESSAGE18TSIEGE OFSUNDAYLAWSIEGE OFSUNDAYLAWNO-BUYNO-SELLINDUCEMENTSIMPRISONMENT1888200120**20**
3168	IGHTEOUSNESY FAITIIMAGE OFSUNDAYTHE BEASTLAWOUT OF THE CITIESSEALING OF 144,000GROW YOUR OWN FOODSHAKING4тНANGELSMESSAGE19TSIEGE OFSUNDAYLAWIL.SIEGE OFSUNDAYLAWNO-BUYNO-SELLINDUCEMENTEIMPRISONMENT18880049990200120**20**
3174	€ 0960200LOUD CRY
3180	REVELATION 14:9, 10• 9 And the third angel followed them, saying with a oud voice,If any man worship the beast and his image, and receive his markin his forehead, or in his hand,• 10 The same shall drink of the wine of the wrath of God, whichis poured out without mixture into the cup of his indignation;and he shall be tormented with fire and brimstone in thepresence of the holy angels, and in the presence of the Lamb:
3186	REVELATION 14:9, 10• 9 And the third angel followed them, saying with a loud voice,If any man worship the beast and his image, and receive his markin his forehead, or in his hand,• 10 The same shall drink of the wine of the wrath of God, whichis poured out without mixture into the cup of his indignation;and he shall be tormented with fire and brimstone in thepresence of the holy angels, and in the presence of the Lamb:
3192	CHRISTIAN EXPERIENCE AND TEACHINGS P.177.2• I heard those clothed with the armor speak forth the truth withgreat power. It had effect. Many had been bound; some wives bytheir husbands, and some children by their parents. The honestwho had been prevented from hearing the truth now eagerly laidhold upon it. All tear of their relatives was gone, and the truthalone was exalted to them. They had been hungering andthirsting for truth; it was dearer and more precious than life. Iasked what had made this great change. An angel answered, "Itis the latter rain, the refreshing from the presenceof the Lord, the loud cry of the third angel."
3198	CHRISTIAN EXPERIENCE AND TEACHINGS P.177.2• I heard those clothed with the armor speak forth the truth withgreat power. It had effect. Many had been bound; some wives bytheir husbands, and some children by their parents. The honestwho had been prevented from hearing the truth now eagerly laidhold upon it. All tear of their relatives was gone, and the truthalone was exalted to them. They had been hungering andthirsting for truth; it was dearer and more precious than life. Iasked what had made this great change. An angel answered, "Itis the latter rain, the refreshing from the presenceof the Lord, the loud cry of the third angel."
3204	CHRISTIAN EXPERIENCE AND TEACHINGS P.177.2• I heard those clothed with the armor speak forth the truth withgreat power. It had effect. Many had been bound; some wives bytheir husbands, and some children by their parents. The honestwho had been prevented from hearing the truth now eagerly laidhold upon it. All tear of their relatives was gone, and the truthalone was exalted to them. They had been hungering andthirsting for truth; it was dearer and more precious than life. Iasked what had made this great change. An angel answered, "Itis the latter rain, the refreshing from the presenceof the Lord, the loud cry of the third angel."
3210	CHRISTIAN EXPERIENCE AND TEACHINGS P. 177.2• I heard those clothed with the armor speak forth the truth withgreat power. It had effect. Many had been bound; some wives bytheir husbands, and some children by their parents. The honestwho had been prevented from hearing the truth now eagerly laidhold upon it. All tear of their relatives was gone, and the truthalone was exalted to them. They had been hungering andthirsting for truth; it was dearer and more precious than life. Iasked what had made this great change. An angel answered, "Itis the latter rain, the refreshing from the presenceof the Lord, the loud cry of the third angel."
3216	CHRISTIAN EXPERIENCE AND TEACHINGS P.177.2• I heard those clothed with the armor speak forth the truth withgreat power. It had effect. Many had been bound; some wives bytheir husbands, and some children by their parents. The honestwho had been prevented from hearing the truth now eagerly laidhold upon it. All tear of their relatives was gone, and the truthalone was exalted to them. They had been hungering andthirsting for truth; it was dearer and more precious than life. Iasked what had made this great change. An angel answered, "Itis the latter rain, the refreshing from the presenceof the Lord, the loud cry of the third angel."
3222	CHRISTIAN EXPERIENCE AND TEACHINGS P.177.2• I heard those clothed with the armor speak forth the truth withgreat power. It had effect. Many had been bound; some wives bytheir husbands, and some children by their parents. The honestwho had been prevented from hearing the truth now eagerly laidhold upon it. All tear of their relatives was gone, and the truthalone was exalted to them. They had been hungering andthirsting for truth; it was dearer and more precious than life. Iasked what had made this great change. An angel answered, "Itis the latter rain, the refreshing from the presenceof the Lord, the loud cry of the third angel."
3228	CHRISTIAN EXPERIENCE AND TEACHINGS P. 177.2• I heard those clothed with the armor speak forth the truth withreat power. It had effect. Many had been bound; some wives bytheir husbands, and some children by their parents. The honestwho had been prevented from hearing the truth now eagerly laidhold upon it. All tear of their relatives was gone, and the truthalone was exalted to them. They had been hungering andthirsting for truth; it was dearer and more precious than life. Iasked what had made this great change. An angel answered, "Itis the latter rain, the refreshing from the presenceof the Lord, the loud cry of the third angel."
3234	CHRISTIAN EXPERIENCE AND TEACHINGS P. 177.2• I heard those clothed with the armor speak forth the truth withgreat power. It had effect. Many had been bound; some wives bytheir husbands, and some children by their parents. The honestwho had been prevented from hearing the truth now eagerly laidhold upon it. All tear of their relatives was gone, and the truthalone was exalted to them. They had been hungering andthirsting for truth; it was dearer and more precious than life. Iasked what had made this great change. An angel answered, "Itis the latter rain, the refreshing from the presenceof the Lord, the loud cry of the third angel."
3240	CHRISTIAN EXPERIENCE AND TEACHINGS P. 177.2• I heard those clothed with the armor speak forth the truth withgreat power. It had effect. Many had been bound; some wives bytheir husbands, and some children by their parents. The honestwho had been prevented from hearing the truth now eagerly laidhold upon it. All tear of their relatives was gone, and the truthalone was exalted to them. They had been hungering andthirsting for truth; it was dearer and more precious than life. Iasked what had made this great change. An angel answered, "Itis the latter rain, the refreshing from the presenceof the Lord, the loud cry of the third angel."
3246	CHRISTIAN EXPERIENCE AND TEACHINGS P. 177.2• I heard those clothed with the armor speak forth the truth withgreat power. It had effect. Many had been bound; some wives bytheir husbands, and some children by their parents. The honestwho had been prevented from hearing the truth now eagerly laidhold upon it. All tear of their relatives was gone, and the truthalone was exalted to them. They had been hungering andthirsting for truth; it was dearer and more precious than life. Iasked what had made this great change. An angel answered, "Itis the latter rain, the refreshing from the presenceof the Lord, the loud cry of the third angel."
3252	CHRISTIAN EXPERIENCE AND TEACHINGS P.177.2• I heard those clothed with the armor speak forth the truth withgreat power. It had effect. Many had been bound; some wives bytheir husbands, and some children by their parents. The honestwho had been prevented from hearing the truth now eagerly laidhold upon it. All tear of their relatives was gone, and the truthalone was exalted to them. They had been hungering andthirsting for truth; it was dearer and more precious than life. Iasked what had made this great change. An angel answered, "Itis the latter rain, the refreshing from the presenceof the Lord, the loud cry of the third angel."
3258	CHRISTIAN EXPERIENCE AND TEACHINGS P. 177.2• I heard those clothed with the armor speak forth the truth withgreat power. It had effect. Many had been bound; some wives bytheir husbands, and some children by their parents. The honestwho had been prevented from hearing the truth now eagerly laidhold upon it. All tear of their relatives was gone, and the truthalone was exalted to them. They had been hungering andthirsting for truth; it was dearer and more precious than life. Iasked what had made this great change. An angel answered, "Itis the latter rain, the refreshing from the presenceof the Lord, the loud cry of the third angel."
3264	CHRISTIAN EXPERIENCE AND TEACHINGS P. 177.2• I heard those clothed with the armor speak forth the truth withgreat power. It had effect. Many had been bound; some wives bytheir husbands, and some children by their parents. The honestwho had been prevented from hearing the truth now eagerly laidhold upon it. All tear of their relatives was gone, and the truthalone was exalted to them. They had been hungering andthirsting for truth; it was dearer and more precious than life. Iasked what had made this great change. An angel answered, "Itis the latter rain, the refreshing from the presenceof the Lord, the loud cry of the third angel."
3270	CHRISTIAN EXPERIENCE AND TEACHINGS P. 177.2• I heard those clothed with the armor speak forth the truth withgreat power. It had effect. Many had been bound; some wives bytheir husbands, and some children by their parents. The honestwho had been prevented from hearing the truth now eagerly laidhold upon it. All tear of their relatives was gone, and the truthalone was exalted to them. They had been hungering andthirsting for truth; it was dearer and more precious than life. Iasked what had made this great change. An angel answered, "Itis the latter rain, the refreshing from the presenceof the Lord, the loud cry of the third angel."
3276	CHRISTIAN EXPERIENCE AND TEACHINGS P. 177.2• I heard those clothed with the armor speak forth the truth withgreat power. It had effect. Many had been bound; some wives bytheir husbands, and some children by their parents. The honestwho had been prevented from hearing the truth now eagerly laidhold upon it. All tear of their relatives was gone, and the truthalone was exalted to them. They had been hungering andthirsting for truth; it was dearer and more precious than life. Iasked what had made this great change. An angel answered, "Itis the latter rain, the refreshing from the presenceof the Lord, the loud cry of the third angel."
3282	CHRISTIAN EXPERIENCE AND TEACHINGS P. 177.2• I heard those clothed with the armor speak forth the truth withgreat power. It had effect. Many had been bound; some wives bytheir husbands, and some children by their parents. The honestwho had been prevented from hearing the truth now eagerly laidhold upon it. All tear of their relatives was gone, and the truthalone was exalted to them. They had been hungering andthirsting for truth; it was dearer and more precious than life. Iasked what had made this great change. An angel answered, "Itis the latter rain, the refreshing from the presenceof the Lord, the loud cry of the third angel."
3288	RIGHTEOUSNESSBY FAITHIMAGE OFTHE BEASTSUNDAYLAWOUT OF THE CITIESSEALING OF 144,000SHAKING4тНANGELSMESSAGEGROW YOUR OWN FOODJ8TSIEGE OFSUNDAYLAWSIEGE OFSUNDAYLAWNO-BUYNO-SELLINDUCEMENTSIMPRISONMENTLOUT CRY18880045830200120**20**
3294	RIGHTEOUSNESSBY FAITHIMAGE OFTHE BEASTSUNDAYLAWOUT OF THE CITIESSEALING OF 144,000SHAKINGATHANGELSMESSAGEGROW YOUR OWN FOOD19TSIEGE OFSUNDAYLAWIL.SIEGE OFSUNDAYLAWNO-BUYNO-SELLINDUCEMENTSIMPRISONMENTLOUT CRY1888200120**20**
3300	IGHTEOUSNESIMAGE OFSUNDAYTHE BEASTLAWOUT OF THE CITIESSEALING OF 144,000SHAKING4тHANGELSMESSAGEGROW YOUR OWN FOOD19TSIEGE OFSUNDAYLAW2н0SIEGE OFSUNDAYLAWNO-BUYNO-SELLINDUCEMENTSIMPRISONMENTLOUT CRY1888200120**20**
3306	IGHTEOUSNESIMAGE OFTHE BEASTSUNDAYLAWOUT OF THE CITIESSEALING OF 144,000SHAKING4тнANGELSMESSAGEGROW YOUR OWN FOODJ8TSIEGE OFSUNDAYLAWSIEGE OFSUNDAYLAWNO-BUYNO-SELLINDUCEMENTIMPRISONMENTLOUT CRY1888200120**20**
3312	RIGHTEOUSNESSBY FAITHIMAGE OFSUNDAYTHE BEASTLAWOUT OF THE CITIESSEALING OF 144,000GROW YOUR OWN FOODSHAKING4тHANGELSMESSAGE18TSIEGE OFSUNDAYLAWSIEGE OFSUNDAYLAWNO-BUYNO-SELLINOUCEMENTSIMPRISONMENTLOUD CRY188800009:0200120**20**
3318	IGHTEOUSNESIMAGE OFSUNDAYTHE BEASTLAWOUT OF THE CITIESSEALING OF 144,000SHAKING4тнANGELSMESSAGEGROW YOUR OWN FOOD19TSIEGE OFSUNDAYLAWSIEGE OFSUNDAYLAWNO-BUYNO-SELLINDUCEMENTSIMPRISONMENTLOUD CRY1888OD0SSeO200120**20**
3324	RIGHTEOUSNESSBY FAITHIMAGE OFSUNDAYTHE BEASTLAWOUT OF THE CITIESSEALING OF 144,000SHAKING4тHANGELSMESSAGEGROW YOUR OWN FOODJ9TSIEGE OFSUNDAYLAWSIEGE OFSUNDAYLAWNO-BUYNO-SELLINDUCEMENTSIMPRISONMENTLOUD CRY1888200120**20**
3330	CLOSE OFPROBATIONDANIEL 11:45, 12:10020900€
3336	CLOSE OFPROBATIONDANIEL 11:45, 12:70000800
3342	DANIEL 11:45-12:1• 11:45 And he shall plant the tabernacles of his palace betweenthe seas in the glorious holy mountain; yet he shall come tohis end, and none shall help him.• 12:1 And at that time shall Michael stand up, the greatprince which standeth for the children of thy people: and thereshall be a time of trouble, such as never was since there was anation even to that same time: and at that time thy people shallbe delivered, every one that shall be found written in the book.0000000
3348	DANIEL 11:45-12:1• 11:45 And he shall plant the tabernacles of his palace betweenthe seas in the glorious holy mountain; yet he shall come tohis end, and none shall help him.• 12:1 And at that time shall Michael stand up, the greatprince which standeth for the children of thy people: and thereshall be a time of trouble, such as never was since there was anation even to that same time: and at that time thy people shallbe delivered, every one that shall be found written in the book.0005300
3354	DANIEL 11:45-12:1• 11:15 And he shall plant the tabernacles of his palace betweenthe seas in the glorious holy mountain; yet he shall come tohis end, and none shall help him.• 12:1 And at that time shall Michael stand up, the greatprince which standeth for the children of thy people: and thereshall be a time of trouble, such as never was since there was anation even to that same time: and at that time thy people shallbe delivered, every one that shall be found written in the book.0045900
3360	DANIEL 11:45-12:1• 11:15 And he shall plant the tabernacles of his palace betweenthe seas in the glorious holy mountain; yet he shall come tohis end, and none shall help him.• 12:1 And at that time shall Michael stand up, the greatprince which standeth for the children of thy people: and thereshall be a time of trouble, such as never was since there was anation even to that same time: and at that time thy people shallbe delivered, every one that shall be found written in the book.00058
3366	DANIEL 11:45-12:1• 11:45 And he shall plant the tabernacles of his palace betweenthe seas in the glorious holy mountain; yet he shall come tohis end, and none shall help him.• 12:1 And at that time shall Michael stand up, the greatprince which standeth for the children of thy people: and thereshall be a time of trouble, such as never was since there was anation even to that same time: and at that time thy people shallbe delivered, every one that shall be found written in the book.
3372	DANIEL 11:45-12:1• 11:45 And he shall plant the tabernacles of his palace betweenthe seas in the glorious holy mountain; yet he shall come tohis end, and none shall help him.• 12:1 And at that time shall Michael stand up, the greatprince which standeth for the children of thy people: and thereshall be a time of trouble, such as never was since there was anation even to that same time: and at that time thy people shall!be delivered, every one that shall be found written in the book.
3378	DANIEL 11:45-12:1• 11:45 And he shall plant the tabernacles of his palace betweenthe seas in the glorious holy mountain; yet he shall come tohis end, and none shall help him.• 12:1 And at that time shall Michael stand up, the greatprince which standeth for the children of thy people: and thereshall be a time of trouble, such as never was since there was anation even to that same time: and at that time thy people shallbe delivered, every one that shall be found written in the book.
3384	DANIEL 11:45-12:1• 11:15 And he shall plant the tabernacles of his palace betweenthe seas in the glorious holy mountain; yet he shall come tohis end, and none shall help him.• 12:1 And at that time shall Michael stand up, the greatprince which standeth for the children of thy people: and thereshall be a time of trouble, such as never was since there was anation even to that same time: and at that time thy people shall!be delivered, every one that shall be found written in the book.
3390	DANIEL 11:45-12:1• 11:15 And he shall plant the tabernacles of his palace betweenthe seas in the glorious holy mountain; yet he shall come tohis end, and none shall help him.• 12:1 And at that time shall Michael stand up, the greatprince which standeth for the children of thy people: and thereshall be a time of trouble, such as never was since there was anation even to that same time: and at that time thy people shallbe delivered, every one that shall be found written in the book.
3396	DANIEL 11:45-12:1• 11:45 And he shall plant the tabernacles of his palace betweenthe seas in the glorious holy mountain; yet he shall come tohis end, and none shall help him.• 12:1 And at that time shall Michael stand up, the greatprince which standeth for the children of thy people: and thereshall be a time of trouble, such as never was since there was anation even to that same time: and at that time thy people shallbe delivered, every one that shall be found written in the book.
3402	DANIEL 11:45-12:1• 11:45 And he shall plant the tabernacles of his palace betweenthe seas in the glorious holy mountain; yet he shall come tohis end, and none shall help him.• 12:1 And at that time shall Michael stand up, the greatprince which standeth for the children of thy people: and thereshall be a time of trouble, such as never was since there was anation even to that same time: and at that time thy people shallbe delivered, every one that shall be found written in the book.0070920
3408	DANIEL 11:45-12:1• 11:15 And he shall plant the tabernacles of his palace betweenthe seas in the glorious holy mountain; yet he shall come tohis end, and none shall help him.• 12:1 And at that time shall Michael stand up, the greatprince which standeth for the children of thy people: and thereshall be a time of trouble, such as never was since there was anation even to that same time: and at that time thy people shallbe delivered, every one that shall be found written in the book.00059₴
3414	DANIEL 11:45-12:1• 11:15 And he shall plant the tabernacles of his palace betweenthe seas in the glorious holy mountain; yet he shall come tohis end, and none shall help him.• 12:1 And at that time shall Michael stand up, the greatprince which standeth for the children of thy people: and thereshall be a time of trouble, such as never was since there was anation even to that same time: and at that time thy people shallbe delivered, every one that shall be found written in the book.
3420	DANIEL 11:45-12:1• 11:15 And he shall plant the tabernacles of his palace betweenthe seas in the glorious holy mountain; yet he shall come tohis end, and none shall help him.• 12:1 And at that time shall Michael stand up, the greatprince which standeth for the children of thy people: and thereshall be a time of trouble, such as never was since there was anation even to that same time: and at that time thy people shallbe delivered. every one that shall be found written in the book.012093
3426	DANIEL 11:45-12:1• 11:15 And he shall plant the tabernacles of his palace betweenthe seas in the glorious holy mountain; yet he shall come tohis end, and none shall help him.• 12:1 And at that time shall Michael stand up, the greatprince which standeth for the children of thy people: and thereshall be a time of trouble, such as never was since there was anation even to that same time: and at that time thy people shallbe delivered, every one that shall be found written in the book.0000a0
3432	DANIEL 11:45-12:1• 11:15 And he shall plant the tabernacles of his palace betweenthe seas in the glorious holy mountain; yet he shall come tohis end, and none shall help him.• 12:1 And at that time shall Michael stand up, the greatprince which standeth for the children of thy people: and thereshall be a time of trouble, such as never was since there was anation even to that same time: and at that time thy people shallbe delivered, every one that shall be found written in the book.
3438	DARKNESS BEFORE DAWN P.36.3• The events connected with the close ofprobation and the work of preparation for the time oftrouble, are clearly presented. But multitudes haveno more understanding of these important truths than ilthey had never been revealed. Satan watches to catch awayevery impression that would make them wise untosalvation, and the time of trouble will find them unready.0005830
3444	DARKNESS BEFORE DAWN P.36.3• The events connected with the close ofprobation and the work of preparation for the time oftrouble, are clearly presented. But multitudes haveno more understanding of these important truths than ifthey had never been revealed. Satan watches to catch awayevery impression that would make them wise untosalvation, and the time of trouble will find them unready.00UES0O
3450	DARKNESS BEFORE DAWN P.36.3• The events connected with the close ofprobation and the work of preparation for the time oftrouble, are clearly presented. But multitudes haveno more understanding of these important truths than ifthey had never been revealed. Satan watches to catch awayevery impression that would make them wise untosalvation, and the time of trouble will find them unready.
3456	DARKNESS BEFORE DAWN P.36.3• The events connected with the close ofprobation and the work of preparation for the time oftrouble, are clearly presented. But multitudes haveno more understanding of these important truths than ifthey had never been revealed. Satan watches to catch awayevery impression that would make them wise untosalvation, and the time of trouble will find them unready.0005960
3462	DANIEL 11:45-12:1• 11:15 And he shall plant the tabernacles of his palace betweenthe seas in the glorious holy mountain; yet he shall come tohis end, and none shall help him.• 12:1 And at that time shall Michael stand up, the greatprince which standeth for the children of thy people: and thereshall be a time of trouble, such as never was since there was anation even to that same time: and at that time thy people shallbe delivered, every one that shall be found written in the book.00058509
3468	DANIEL 11:45-12:1• 11:45 And he shall plant the tabernacles of his palace betweenthe seas in the glorious holy mountain; yet he shall come tohis end, and none shall help him.• 12:1 And at that time shall Michael stand up, the greatprince which standeth for the children of thy people: and thereshall be a time of trouble, such as never was since there was anation even to that same time: and at that time thy people shall!be delivered, every one that shall be found written in the book.
3474	DARKNESS BEFORE DAWN P.36.3• The events connected with the close ofprobation and the work of preparation for the time oftrouble, are clearly presented. But multitudes haveno more understanding of these important truths than ifthey had never been revealed. Satan watches to catch awayevery impression that would make them wise untosalvation, and the time of trouble will find them unready.000090
3480	DARKNESS BEFORE DAWN P.36.3• The events connected with the close ofprobation and the work of preparation for the time oftrouble, are clearly presented. But multitudes haveno more understanding of these important truths than ifthey had never been revealed. Satan watches to catch awayevery impression that would make them wise untosalvation, and the time of trouble will find them unready.
3486	DARKNESS BEFORE DAWN P.36.3• The events connected with the close ofprobation and the work of preparation for the time oftrouble, are clearly presented. But multitudes haveno more understanding of these important truths than ifthey had never been revealed. Satan watches to catch awayevery impression that would make them wise untosalvation, and the time of trouble will find them unready.0005320
3492	DARKNESS BEFORE DAWN P.36.3• The events connected with the close ofprobation and the work of preparation for the time oftrouble, are clearly presented. But multitudes haveno more understanding of these important truths than ifthey had never been revealed. Satan watches to catch awayevery impression that would make them wise untosalvation, and the time of trouble will find them unready.004090
3498	DARKNESS BEFORE DAWN P.36.3• The events connected with the close ofprobation and the work of preparation for the time oftrouble, are clearly presented. But multitudes haveno more understanding of these important truths than ifthey had never been revealed. Satan watches to catch awayevery impression that would make them wise untosalvation, and the time of trouble will find them unready.00059009
3504	
3510	
3516	
3522	
3528	
3534	
3540	RIGHTEOUSNESSBY FAITHMAGE OFTHE BEASTSUNDAYLAWOUT OF THE CITIESSEALING OF 144,000CLOSE OFPROBATIONGROW YOUR OWN FOODSHAKINGATHANGELSMESSAGE19TSIEGE OFSUNDAYLAWLEGE OFNDAYAWINO-BUYNO-SELLINDUCEMENTSIMPRISONMENTLOUD CRY18880009800200120**20**20**
3546	RIGHTEOUSNESSBY FAITHIMAGE OFTHE BEASTSUNDAYLAWOUT OF THE CITIESSEALING OF 144,000CLOSE OFPROBATIONGROW YOUR OWN FOODSHAKINGANGELSMESSAGEJ9TSIEGE OFSUNDAYLAWSIEGE OFSUNDAYLATINO-BUYNO-SELLINDUCEMENTSIMPRISONMENTE VERTEOMLOUD CRY18880000880200120**20**20**
3552	RIGHTEOUSNESSBY FAITHIMAGE OFTHE BEASTSUNDAYLAWOUT OF THE CITIESSEALING OF 144,000CLOSE OFPROBATIONGROW YOUR OWN FOODSHAKING4тнANGELSMESSAGE19TSIEGE OFSUNDAYLAWSIEGE OFSUNDAYLAWNO-BUYNO-SELLINDUCEMENTSIMPRISONMENTLOUD CRY18880005980200120**20**20**
3558	RIGHTEOUSNESSBY FAITHIMAGE OFSUNDAYTHE BEASTLAWOUT OF THE CITIESSEALING OF 144,000CLOSE OFPROBATIONGROW YOUR OWN FOODSHAKINGATHANGELSMESSAGEJaTSIEGE OFSUNDAYLAWSIEGE OFSUNDAYLAWNO-BUYNO-SELLINDUCEMENTSIMPRISONMENTLOUD CRY1888200120**20**20**
3564	RIGHTEOUSNESSBY FAITHIMAGE OFSUNDAYTHE BEASTLAWOUT OF THE CITIESSEALING OF 144,000CLOSE OFPROBATIONGROW YOUR OWN FOODSHAKINGДтиANGELSMESSAGE18TSIEGE OFSUNDAYLAWSIEGE OFSUNDAYLAWNO-BUYNO-SELLINDUCEMENTSIMPRISONMENTLOUD CRY1888200120**20**20**
3570	SATAN'SAPPEARING0005800
3576	TRUTH ABOUT ANGELS P.273.1• The wrath of Satan increases as his time grows short, and hiswork of deceit and destruction reaches its culmination in thetime of trouble. God's long-suffering has ended. Theworld has rejected His mercy, despised His love, and trampledupon His law. The wicked have passed the boundary of theirprobation, and the Lord withdraws His protection, and leavesthem to the mercy of the leader they have chosen....• As the crowning act in the great drama of deception,Satan himsell will attempt to personate Christ.01010950
3582	TRUTH ABOUT ANGELS P.273.1• The wrath of Satan increases as his time grows short, and hiswork of deceit and destruction reaches its culmination in thetime of trouble. God's long-suffering has ended. Theworld has rejected His mercy, despised His love, and trampledupon His law. The wicked have passed the boundary of theirprobation, and the Lord withdraws His protection, and leavesthem to the mercy of the leader they have chosen....• As the crowning act in the great drama of deception,Satan himself will attempt to personate Christ.
3588	TRUTH ABOUT ANGELS P.273.1• The wrath of Satan increases as his time grows short, and hiswork of deceit and destruction reaches its culmination in thetime of trouble. God's long-suffering has ended. Theworld has rejected His mercy, despised His love, and trampledupon His law. The wicked have passed the boundary of theirprobation, and the Lord withdraws His protection, and leavesthem to the mercy of the leader they have chosen....• As the crowning act in the great drama of deception,Satan himself will attempt to personate Christ.00009909
3594	TRUTH ABOUT ANGELS P.273.1• The wrath of Satan increases as his time grows short, and hiswork of deceit and destruction reaches its culmination in thetime of trouble. God's long-suffering has ended. Theworld has rejected His mercy, despised His love, and trampledupon His law. The wicked have passed the boundary of theirprobation, and the Lord withdraws His protection, and leavesthem to the mercy of the leader they have chosen....• As the crowning act in the great drama of deception,Satan himself will attempt to personate Christ.
3600	TRUTH ABOUT ANGELS P.273.1• The wrath of Satan increases as his time grows short, and hiswork of deceit and destruction reaches its culmination in thetime of trouble. God's long-suffering has ended. Theworld has rejected His mercy, despised His love, and trampledupon His law. The wicked have passed the boundary of theirprobation, and the Lord withdraws His protection, and leavesthem to the mercy of the leader they have chosen....• As the crowning act in the great drama of deception,Satan himself will attempt to personate Christ.
3606	TRUTH ABOUT ANGELS P.273.1• The wrath of Satan increases as his time grows short, and hiswork of deceit and destruction reaches its culmination in thetime of treuble. God's long-suffering has ended. Theworld has rejected His mercy, despised His love, and trampledupon His law. The wicked have passed the boundary of theirprobation, and the Lord withdraws His protection, and leavesthem to the mercy of the leader they have chosen....• As the crowning act in the great drama of deception,Satan himself will attempt to personate Christ.
3612	TRUTH ABOUT ANGELS P.273.1• The wrath of Satan increases as his time grows short, and hiswork of deceit and destruction reaches its culmination in thetime of trouble. God's long-suffering has ended. Theworld has rejected His mercy, despised His love, and trampledupon His law. The wicked have passed the boundary of theirprobation, and the Lord withdraws His protection, and leavesthem to the mercy of the leader they have chosen....• As the crowning act in the great drama of deception,Satan himself will attempt to personate Christ.
3618	TRUTH ABOUT ANGELS P.273.1• The wrath of Satan increases as his time grows short, and hiswork of deceit and destruction reaches its culmination in thetime of trouble. God's long-suffering has ended. Theworld has rejected His mercy, despised His love, and trampledupon His law. The wicked have passed the boundary of theirprobation, and the Lord withdraws His protection, and leavesthem to the mercy of the leader they have chosen....• As the crowning act in the great drama of deception,Satan himself will attempt to personate Christ.
3624	TRUTH ABOUT ANGELS P.273.1• The wrath of Satan increases as his time grows short, and hiswork of deceit and destruction reaches its culmination in thetime of trouble. God's long-suffering has ended. Theworld has rejected His mercy, despised His loye, and trampledupon His law. The wicked have passed the boundary of theirprobation, and the Lord withdraws His protection, and leavesthem to the mercy of the leader they have chosen....• As the crowning act in the great drama of deception,Satan himself will attempt to personate Christ.
3630	TRUTH ABOUT ANGELS P.273.1• The wrath of Satan increases as his time grows short, and hiswork of deceit and destruction reaches its culmination in thetime of trouble. God's long-suffering has ended. Theworld has rejected His mercy, despised His love, and trampledupon His law. The wicked have passed the boundary of theirprobation, and the Lord withdraws His protection, and leavesthem to the mercy of the leader they have chosen....• As the crowning act in the great drama of deception,Satan himself will attempt to personate Christ.
3636	TRUTH ABOUT ANGELS P.273.1• The wrath of Satan increases as his time grows short, and hiswork of deceit and destruction reaches its culmination in thetime of trouble. God's long-suffering has ended. Theworld has rejected His mercy, despised His love, and trampledupon His law. The wicked have passed the boundary of theirprobation, and the Lord withdraws His protection, and leavesthem to the mercy of the leader they have chosen....• As the crowning act in the great drama of deception,Satan himself will attempt to personate Christ.
3642	TRUTH ABOUT ANGELS P.273.1• The wrath of Satan increases as his time grows short, and hiswork of deceit and destruction reaches its culmination in thetime of trouble. God's long-suffering has ended. Theworld has rejected His mercy, despised His love, and trampledupon His law. The wicked have passed the boundary of theirprobation, and the Lord withdraws His protection, and leavesthem to the mercy of the leader they have chosen....• As the crowning act in the great drama of deception,Satan himself will attempt to personate Christ.
3648	TRUTH ABOUT ANGELS P.273.1• The wrath of Satan increases as his time grows short, and hiswork of deceit and destruction reaches its culmination in thetime of trouble. God's long-suffering has ended. Theworld has rejected His mercy, despised His love, and trampledupon His law. The wicked have passed the boundary of theirprobation, and the Lord withdraws His protection, and leavesthem to the mercy of the leader they have chosen....• As the crowning act in the great drama of deception,Satan himself will attempt to personate Christ.
3654	TRUTH ABOUT ANGELS P.273.1• The wrath of Satan increases as his time grows short, and hiswork of deceit and destruction reaches its culmination in thetime of trouble. God's long-suffering has ended. Theworld has rejected His mercy, despised His love, and trampledupon His law. The wicked have passed the boundary of theirprobation, and the Lord withdraws His protection, and leavesthem to the mercy of the leader they have chosen....• As the crowning act in the great drama of deception,Satan himself will attempt to personate Christ.
3660	TRUTH ABOUT ANGELS P.273.1• The wrath of Satan increases as his time grows short, and hiswork of deceit and destruction reaches its culmination in thetime of trouble. God's long-suffering has ended. Theworld has rejected His mercy, despised His love, and trampledupon His law. The wicked have passed the boundary of theirprobation, and the Lord withdraws His protection, and leavesthem to the mercy of the leader they have chosen....• As the crowning act in the great drama of deception,Satan himself will attempt to personate Christ.
3666	TRUTH ABOUT ANGELS P.273.1• The wrath of Satan increases as his time grows short, and hiswork of deceit and destruction reaches its culmination in theume of trouble. God's long-suffering has ended. Theworld has rejected His mercy, despised His love, and trampledupon His law. The wicked have passed the boundary of theirprobation, and the Lord withdraws His protection, and leavesthem to the mercy of the leader they have chosen....• As the crowning act in the great drama of deception,Satan himself will attempt to personate Christ.
3672	TRUTH ABOUT ANGELS P.273.1• The wrath of Satan increases as his time grows short, and hiswork of deceit and destruction reaches its culmination in thetime of trouble. God's long-suffering has ended. Theworld has rejected His mercy, despised His love, and trampledupon His law. The wicked have passed the boundary of theirprobation, and the Lord withdraws His protection, and leavesthem to the mercy of the leader they have chosen....• As the crowning act in the great drama of deception,Satan himself will attempt to personate Christ.
3678	TRUTH ABOUT ANGELS P.273.1• The wrath of Satan increases as his time grows short, and hiswork of deceit and destruction reaches its culmination in thetime of trouble. God's long-suffering has ended. Theworld has rejected His mercy, despised His love, and trampledupon His law. The wicked have passed the boundary of theirprobation, and the Lord withdraws His protection, and leavesthem to the mercy of the leader they have chosen....• As the crowning act in the great drama of deception,Satan himself will attempt to personate Christ.
3684	TRUTH ABOUT ANGELS P.273.1• The wrath of Satan increases as his time grows short, and hiswork of deceit and destruction reaches its culmination in thetime of trouble. God's long-suffering has ended. Theworld has rejected His mercy, despised His love, and trampledupon His law. The wicked have passed the boundary of theirprobation, and the Lord withdraws His protection, and leavesthem to the mercy of the leader they have chosen....• As the crowning act in the great drama of deception,Satan himself will attempt to personate Christ.
3690	
3696	
3702	
3708	
3714	
3720	
3726	
3732	RIGHTEOUSNESSBY FAITHIMAGE OFSUNDAYTHE BEASTLAWOUT OF THE CITIESSEALING OF 144,000CLOSE OFPROBATIONGROW YOUR OWN FOODSHAKINGATHANGELSMESSAGE18TSIEGE OFSUNDAYLAWSIEGE OFSUNDAYLAMMNO-BUYNO-SELLINDUCEMENTSIMPRISONMENTSATANAPPEARSAS CHRISTLOUD CRY188800058:0200120**20**20**
3738	DANIEL 11:45-12:1• 11:45 And he shall plant the tabernacles of his palace betweenthe seas in the glorious holy mountain; vet he shall come to hisend, and none shall help him.• 12:1 And at that time shall Michael stand up, the great princewhich standeth for the children of thy people: and there shall bea time ol, trouble, such as never was since there was a nationeven to that same time: and at that time thy people shall bedelivered, every one that shall be found written in the book.00009
3744	DANIEL 11:45-12:1• 11:45 And he shall plant the tabernacles of his palace betweenthe seas in the glorious holy mountain; yet he shall come to hisend, and none shall help him.• 12:1 And at that ime shall Michael stand up, the great princewhich standeth for the children of thy people: and there shall bea time of trouble, such as never was since there was a nationeven to that same time: and at that time thy people shall bedelivered, every one that shall be found written in the book.00058
3750	RIGHTEOUSNESSBY FAITHIMAGE OFSUNDAYTHE BEASTLAWOUT OF THE CITIESSEALING OF 144,000CLOSE OFPROBATIONTIME OFTROUBLEGROW YOUR OWN FOODSHAKING4тНANGELSMESSAGE19TSIEGE OFSUNDAYLAWSIEGE OFSUNDAYLAWNO-BUYNO-SELLINDUCEMENTSIMPRISONMENTSATANAPPEARSAS CHRISTLOUD CRY18880005800200120**20**20*
3756	IGHTEOUSNESY FAITIMAGE OFSUNDAYTHE BEASTLAWOUT OF THE CITIESSEALING OF 144,000CLOSE OFPROBATIONTIME OF"ROUBLEGROW YOUR OWN FOODSHAKINGATHANGELSMESSAGE19TSIEGE OFSUNDAYLAWSIEGE OFSUNDAYLAWNO-BUYNO-SELLINDUCEMENTSIMPRISONMENTSATANAPPEARSAS CHRISTLOUD CRY1888200120**20**20**
3762	RIGHTEOUSNESBY FAITHIMAGE OFSUNDAYTHE BEASTLAWOUT OF THE CITIESSEALING OF 144,000CLOSE OFPROBATIONTIME OFTROUBLEGROW YOUR OWN FOODSHAKING4тнANGELSMESSAGEJ9TSIEGE OFSUNDAYLAWSIEGE DFSUNDAYLAWNO-BUYNO-SELLINDUCEMENTSIMPRISONMENTSATANAPPEARSAS CHRISTLOUD CRY1888200120**20°*20**
3768	RIGHTEOUSNESSBY FAITHIMAGE OFSUNDAYTHE BEASTLAWOUT OF THE CITIESSEALING OF 144,000CLOSE OFPROBATIONTIME OFTROUBLEGROW YOUR OWN FOODSHAKING4тнANGELSMESSAGE19TSIEGE OFSUNDAYLAWаноSIEGE OFSUNDAYLAWNO-BUYNO-SELLINDUCEMENTSIMPRISONMENTSATANAPPEARSAS CHRISTLOUD CRY18880003800200120**20**20**
3774	RIGHTEOUSNESSIMAGE OFSUNDAYTHE BEASTLAWOUT OF THE CITIESSEALING OF 144,000CLOSE OFPROBATIONTIME OFTROUBLEGROW YOUR OWN FOODSHAKING4тнANGELSMESSAGEJ9TSIEGE OFSUNDAYLAWIL.SIEGE OFSUNDAYLA VUNO-BUYNO-SELLINDUCEMENTSIMPRISONMENTSATANAPPEARSAS CHRISTLOUD CRY18880009900200120**20**20**
3780	RIGHTEOUSNESSBY FAITHIMAGE OFTHE BEASTSUNDAYLAWOUT OF THE CITIESSEALING OF 144,000CLOSE OFPROBATIONTIME OFTROUBLEGROW YOUR OWN FOODSHAKINGATHANGELSMESSAGE19TSIEGE OFSUNDAYLAWSIEGE OFSUNDAYLAWNO-BUYNO-SELLINDUCEMENTSIMPRISONMENTSATANAPPEARSAS CHRISTLOUD CRY1888200120**20**20**
3786	IGHTEOUSNESIMAGE OFSUNDAYTHE BEASTLAWOUT OF THE CITIESSEALING OF 144,000CLOSE OFPROBATIONTIME OFTROUBLEGROW YOUR OWN FOODSHAKING4тнANGELSMESSAGE19TSIEGE OFSUNDAYLAWSIEGE OFSUNDAYLAWNO-BUYNO-SELLINDUCEMENTEMPRISONMENTSATANAPPEARSAS CHRISTMOVERTHOMLOUD CRY1888200120**20**20**
3792	RIGHTEOUSNESEBY FAITIIMAGE OFSUNDAYTHE BEASTLAWOUT OF THE CITIESSEALING OF 144,000CLOSE OFPROBATIONTIME OFTROUBLEGROW YOUR OWN FOODSHAKING4тHANGELSMESSAGE18TSIEGE OFSUNDAYLAWаноSIEGE OFSUNDAYLAWNO-BUYNO-SELLINDUCEMENTEIMPRISONMENTSATANAPPEARSAS CHRISTLOUD CRY1888200120**20**20**
3798	IGHTEOUSNESIMAGE OFTHE BEASTSUNDAYLAWOUT OF THE CITIESSEALING OF 144,000CLOSE OFPROBATIONTIME OFTROUBLEGROW YOUR OWN FOODSHAKINGANGELSMESSAGE18TSIEGE OFSUNDAYLAWIL.SIEGE OFSUNDAYLAWNO-BUYNO-SELLINDUCEMENTSIMPRISONMENTSATANAPPEARSAS CHRISTLOUD CRY1888200120**20**20**
3804	RIGHTEOUSNESSBY FAITHIMAGE OFTHE BEASTSUNDAYLAWOUT OF THE CITIESSEALING OF 144,000CLOSE OFPROBATIONTIME OFTROUBLEGROW YOUR OWN FOODSHAKING4тНANGELSMESSAGE19TSIEGE OFSUNDAYLAWSIEGE OFSUNDAYLAWNO-BUYNO-SELLINDUCEMENTSIMPRISONMENTSATANAPPEARSAS CHRISTLOUD CRY1888200120**20**20**
3810	IGHTEOUSNESIMAGE OFSUNDAYTHE BEASTLAWOUT OF THE CITIESSEALING OF 144,000CLOSE OFPROBATIONTIME OFTROUBLEGROW YOUR OWN FOODSHAKINGATHANGELSMESSAGE19TSIEGE OFSUNDAYLAWSIEGE OFBUNDAYLAWNO-BUYNO-SELLINDUCEMENTSIMPRISONMENTSATANAPPEARSAS CHRISTLOUD CRY1888200120**20**20**
3816	RIGHTEOUSNESSBY FAITHIMAGE OFSUNDAYTHE BEASTLAWOUT OF THE CITIESSEALING OF 144,000CLOSE OFPROBATIONTIME OFTROUBLEGROW YOUR OWN FOODSHAKING4тHANGELSMESSAGE19TSIEGE OFSUNDAYLAWIT.SIEGE DFSUNDAYLAWNO-BUYNO-SELLINDUCEMENTSIMPRISONMENTSATANAPPEARSAS CHRISTLOUD CRY1888200120**20**20**
3822	RIGHTEOUSNESSBY FAITHIMAGE OFSUNDAYTHE BEASTLAWOUT OF THE CITIESSEALING OF 144,000CLOSE OFPROBATIONTIME OFTROUBLEGROW YOUR OWN FOODSHAKINGATHANGELSMESSAGE19TSIEGE OFSUNDAYLAWSIEGE OFSUNDAYLAWNO-BUYNO-SELLINDUCEMENTSIMPRISONMENTSATANAPPEARSAS CHRISTLOUD CRY1888200120**20**20**
3828	7 LASTPLAGUES
3834	7 LASTPLAGUES
3840	7 LASTPLAGUES
3846	7 LASTPLAGUES00009000
3852	• Revelation 15:1 And I saw another sign in heaven,great and marvellous, seven angels having theseven last plagues; for in them is filled up the wrathof God.• Revelation 16:1 And I heard a great voice out of thetemple saying to the seven angels, Go your ways, andpour out the vials of the wrath of God uponthe earth.00058009
3858	• Revelation 15:1 And I saw another sign in heaven,great and marvellous, seven angels having theseven last plagues; for in them is filled up the wrathof God.• Revelation 16:1 And I heard a great voice out of thetemple saying to the seven angels, Go your ways, andpour out the vials of the wrath of God uponthe earth.000590-
3864	• Revelation 15:1 And I saw another sign in heaven,great and marvellous, seven angels having theseven last plagues; for in them is filled up the wrathof God.• Revelation 16:1 And I heard a great voice out of theemple saying to the seven angels, Go your ways, andpour out the vials of the wrath of God uponthe earth.0000950
3870	RIGHTEOUSNESSBY FAITHMAGE OFSUNDAYTHE BEASTLAWOUT OF THE CITIESSEALING OF 144,000CLOSE OFPROBATIONTIME OFTROUBLEGROW YOUR OWN FOODSHAKING4тнANGELSMESSAGE19TSIEGE OFSUNDAYLAWSIEGE OFSUNDAYLAWNO-BUYNO-SELLINDUCEMENTSIMPRISONMENTSATANAPPEARSAS CHRISTLOUD CRY124|5|61BRD WOE18880005800200120**20**20**
3876	RIGHTEOUSNESSBY FAITHIMAGE OFSUNDAYTHE BEASTLAWOUT OF THE CITIESSEALING OF 144,000CLOSE OFPROBATIONTIME OFTROUBLEGROW YOUR OWN FOODSHAKING4тнANGELSMESSAGEJ8TSIEGE OFSUNDAYLAWSIEGE OFSUNDAYLAWNO-BUYNO-SELLINDUCEMENTSIMPRISONMENTSATANAPPEARSAS CHRISTLOUD CRY123456113RO WOE18880009900200120**20**20**
3882	RIGHTEOUSNESSBY FAITHIMAGE OFTHE BEASTSUNDAYLAWOUT OF THE CITIESSEALING OF 144,000CLOSE OFPROBATIONTIME OFTROUBLEGROW YOUR OWN FOODSHAKING4тнANGELSMESSAGE19TSIEGE OFSUNDAYLAWSIEGE OFSUNDAYLAWNO-BUYNO-SELLINDUCEMENTSIMPRISONMENTSATANAPPEARSAS CHRISTLOUD CRY1|2|314|5613RO WOE18880005800200120**20**20**
3888	RIGHTEOUSNESSBY FAITHIMAGE OFTHE BEASTSUNDAYLAWOUT OF THE CITIESSEALING OF 144,000CLOSE OFPROBATIONTIME OFTROUBLEGROW YOUR OWN FOODSHAKINGANGELSMESSAGE19TSIEGE OFSUNDAYLAWSIEGE OFSUNDAYLAW!NO-BUYNO-SELLINDUCEMENTSIMPRISONMENTSATANAPPEARSAS CHRISTLOUD CRY1|2|3|4|5|613RO WOE1888200120**20**20**
3894	RIGHTEOUSNESSBY FAITHMAGE OFTHE BEASTSUNDAYLAWOUT OF THE CITIESSEALING OF 144,000CLOSE OFPROBATIONTIME OFTROUBLEGROW YOUR OWN FOODSHAKINGANGELSMESSAGE19TSIEGE OFSUNDAYLAWSIEGE OFSUNDAYLAWNO-BUYNO-SELLINDUCEMENTEIMPRISONMENTSATÀNAPPEARSAS CHRISTLOUD CRY123456111888200120**20**20**
3900	RIGHTEOUSNESSBY FAITHIMAGE OFSUNDAYTHE BEASTLAWOUT OF THE CITIESSEALING OF 144,000CLOSE OFPROBATIONTIME OFTROUBLEGROW YOUR OWN FOODSHAKINGANGELSMESSAGE19TSIEGE OFSUNDAYLAW2ноSIEGE OFBUNDAYLAWNO-BUYNO-SELLINDUCEMENTSIMPRISONMENTSATANAPPEARSAS CHRISTLOUD CRY12/3|4|5|613RD WOE188800U90:0200120**20**20**
3906	THE NEW WORLDAMERICAN ORDER00U0300
3912	THE NEW WORLDAMERICAN ORDER0025860
3918	THE NEW WORLDAMERICAN ORDER
3924	THE NEW WORLDAMERICAN ORDER
3930	THE NEW WORLDAMERICAN ORDER
3936	THE NEW WORLDAMERICAN ORDER
3942	THE NEW WORLDAMERICAN ORDER
3948	THE NEW WORLDAMERICAN ORDER
3954	REVELATION 17:12• 12 And the ten horns which thou sawest are lenkings, which have received no kingdom as yet;but receive power as kings one hour withthe beast.
3960	REVELATION 17:12• 12 And the ten horns which thou sawest are tenkings, which have received no kingdom as yet;but receive power as kings one hour withthe beast.0000810
3966	REVELATION 17:12• 12 And the ten horns which thou sawest are tenkings, which have received no kingdom as yet;but receive power as kings one hour withthe beast.DOESSO
3972	REVELATION 17:12• 12 And the ten horns which thou sawest are tenkings, which have received no kingdom as yet;but receive power as kings one hour withthe beast.000030
3978	REVELATION 17:12• 12 And the ten horns which thou sawest are tenkings, which have received no kingdom as yet;but receive power as kings one hour withthe beast.
3984	REVELATION 17:12• 12 And the ten horns which thou sawest are tenkings, which have received no kingdom as yet;but receive power as kings one hour withthe beast.
3990	REVELATION 17:12• 12 And the ten horns which thou sawest are tenkings, which have received no kingdom as yet;but receive power as kings one hour withthe beast.
3996	REVELATION 17:12• 12 And the ten horns which thou sawest are tenkings, which have received no kingdom as yet;but receive power as kings one hour withthe beast.
4002	REVELATION 17:12• 12 And the ten horns which thou sawest are tenkings, which have received no kingdom as yet;but receive power as kings one hour withthe beast.
4008	REVELATION 17:12• 12 And the ten horns which thou sawest are tenkings, which have received no kingdom as yet;but receive power as kings one hour withthe beast.
4014	RIGHTEOUSNESSBY FAITHIMAGE OFTHE BEASTSUNDAYLAWOUT OF THE CITIESSEALING OF 144,000CLOSE OFPROBATIONTIME OFTROUBLEGROW YOUR OWN FOODSHAKINGANGELSMESSAGETWEVWORORDIJ9TSIEGE OFSUNDAYLAWSIEGE OFSUNDAYLAWNO-BUYNO-SELLINDUCEMENTSIMPRISONMENTSATANAPPEARSAS CHRISTLOUD CRY12|3 456113RD WOE1888000D800200120**20**20**
4020	JACOB'S TROUBLE/DEATH DECREE0029960
4026	REVELATION 13:15• 15 And he had power to give life unto the imageof the beast, that the image of the beast shouldboth speak, and cause that as many aswould not worship the image of the beastshould be killed.
4032	REVELATION 13:15• 15 And he had power to give life unto the imageof the beast, that the image of the beast shouldboth speak, and cause that as many aswould not worship the image of the beastshould be killed.0040950
4038	REVELATION 13:15• 15 And he had power to give life unto the imageof the beast, that the image of the beast shouldboth speak, and cause that as many aswould not worship the image of the beastshould be killed.0000850
4044	REVELATION 13:15• 15 And he had power to give life unto the imageof the beast, that the image of the beast shouldboth speak, and cause that as many aswould not worship the image of the beastshould be killed.
4050	JEREMIAH 30:5-7• For thus saith the LORD; We have heard a voice oftrembling, of fear, and not of peace. Ask ye now, andsee whether a man doth travail with child? whereforedo I see every man with his hands on his loins, as awoman in travail, and all faces are turned intopaleness? Alas! for that day is great, so that noneis like it: it is even the time of Jacob's trouble; buthe shall be saved out of it.004 98 0
4056	JEREMIAH 30:5-7• For thus saith the LORD; We have heard a voice oftrembling, of fear, and not of peace. Ask ye now, andsee whether a man doth travail with child? whereforedo I see every man with his hands on his loins, as awoman in travail, and all faces are turned intopaleness? Alas! for that day is great, so that noneis like it: it is even the time of Jacob's trouble; buthe shall be saved out of it.000090-
4062	JEREMIAH 30:5-7• For thus saith the LORD; We have heard a voice oftrembling, of fear, and not of peace. Ask ye now, andsee whether a man doth travail with child? whereforedo I see every man with his hands on his loins, as awoman in travail, and all faces are turned intopaleness? Alas! for that day is great, so that noneis like it: it is even the time of Jacob's trouble; buthe shall be saved out of it.0000900
4068	JEREMIAH 30:5-7• For thus saith the LORD; We have heard a voice oftrembling, of fear, and not of peace. Ask ye now, andsee whether a man doth travail with child? whereforedo I see every man with his hands on his loins, as awoman in travail, and all faces are turned intopaleness? Alas! for that day is great, so that noneis like it: it is even the time of Jacob's trouble; buthe shall be saved out of it. *0000300
4074	JEREMIAH 30:5-7• For thus saith the LORD; We have heard a voice oftrembling, of fear, and not of peace. Ask ye now, andsee whether a man doth travail with child? whereforedo I see every man with his hands on his loins, as awoman in travail, and all faces are turned intopaleness? Alas! for that day is great, so that noneis like it: it is even the time of Jacob's trouble; buthe shall be saved out of it.
4080	JEREMIAH 30:5-7• For thus saith the LORD; We have heard a voice oftrembling, of fear, and not of peace. Ask ye now, andsee whether a man doth travail with child? whereforedo I see every man with his hands on his loins, as awoman in travail, and all faces are turned intopaleness? Alas! for that day is great, so that noneis like it: it is even the time of Jacob's trouble; buthe shall be saved out of it. *
4086	JEREMIAH 30:5-7• For thus saith the LORD; We have heard a voice oftrembling, of fear, and not of peace. Ask ye now, andsee whether a man doth travail with child? whereforedo I see every man with his hands on his loins, as awoman in travail, and all faces are turned intopaleness? Alas! for that day is great, so that noneis like it: it is even the time of Jacob's trouble; buthe shall be saved out of it. "
4092	JEREMIAH 30:5-7• For thus saith the LORD; We have heard a voice oftrembling, of fear, and not of peace. Ask ye now, andsee whether a man doth travail with childP whereforedo I see every man with his hands on his loins, as awoman in travail, and all faces are turned intopaleness? Alas! for that day is great, so that noneis like it: it is even the time of Jacob's trouble; buthe shall be saved out of it. *0000SE0
4098	RIGHTEOUSNESSBY FAITHIMAGE OFTHE BEASTSUNDAYLAWOUT OF THE CITIESSEALING OF 144,000CLOSE OFPROBATIONTIME OFTROUBLEGROW YOUR OWN FOODSHAKINGATHANGELSMESSAGENEVWORORDI19TSIEGE OFSUNDAYLAWBIEGE OFSUNDAYLAWNO-BUYNO-SELLINDUCEMENTSIMPRISONMENTSATANAPPEARSAS CHRISTLOUD CRYTROUBLIDEATHDECREE12345|613RO WOE18880049380200120**20°*20**
4104	REVELATION 16:16• 16 And he gathered them together into a place*called in the Hebrew tongue Armageddon.00008000
4110	REVELATION 16:16• 16 And he gathered them together into a placecalled in the Hebrew tongue, Armageddon.00009006
4116	RIGHTEOUSNESSBY FAITHIMAGE OFSUNDAYTHE BEASTLAWOUT OF THE CITIESSEALING OF 144,000CLOSE OFPROBATIONTIME OFTROUBLEGROW YOUR OWN FOODSHAKING4тHANGELSMESSAGENEVWORORDEBATTLE'OARMAGEDD19TSIEGE OFSUNDAYLAWSIEGE OFSUNDAYLAWNO-BUYNO-SELLINDUCEMENTSIMPRISONMENTSATANAPPEARSAS CHRISTLOUD CRYTROUBLIDEATHDECREE12|345613RD WOE18880000300200120**20**20**
4122	RIGHTEOUSNESSBY FAITHMAGE OFSUNDAYTHE BEASTLAWOUT OF THE CITIESSEALING OF 144,000CLOSE OFPROBATIONTIME OFTROUBLEGROW YOUR OWN FOODSHAKING4тHANGELSMESSAGE18TSIEGE OFSUNDAYLAWSIEGE OFSUNDAYLAWNO-BUYNO-SELLINDUCEMENTSIMPRISONMENTNEVWORORDEBATTLE OARMAGEDDSATANAPPEARSAS CHRISTLOUD CRYTROUBLIDEATHDECREE1234561gRD WOE1888200120**20°*20**
4128	RIGHTEOUSNESSBY FAITHIMAGE OFSUNDAYTHE BEASTLAWOUT OF THE CITIESSEALING OF 144,000CLOSE OFPROBATIONTIME OFTROUBLE-GROW YOUR OWN FOODSHAKINGANGELSMESSAGENEVWORORDEBATTLE'G19TSIEGE OFSUNDAYLAWSIEGE OFSUNDAYLAWNO-BUYNO-SELLINDUCEMENTSIMPRISONMENTSATANAPPEARSAS CHRISTLOUD CRYTROUBLIDEATHDECREE12345613RD WOE1888200120**20**20**
4134	LIGHTEOUSNES!3Y FAITHIMAGE OFTHE BEASTSUNDAYLAWOUT OF THE CITIESSEALING OF 144,000CLOSE OFPROBATIONTIME OFTROUBLEGROW YOUR OWN FOODSHAKING4тнANGELSMESSAGEJaTSIEGE OFSUNDAYLAWSIEGE OFSUNDAYLAWNO-BUYNO-SELLINDUCEMENTSIMPRISONMENTNEVWORORDEBATTLE OARMAGEDDSATANAPPEARSAS CHRISTLOUD CRYTROUBLIDEATHDECREE12345613RO WOE1888200120**20**20**
4140	RIGHTEOUSNESSBY FAITHIMAGE OFSUNDAYTHE BEASTLAWOUT OF THE CITIESSEALING OF 144,000CLOSE OFPROBATIONTIME OFTROUBLEGROW YOUR OWN FOODSHAKING4тнANGELSMESSAGENEVWORORDIBATTLE'OARMAGEDD19TSIEGE OFSUNDAYLAWSIEGE OFSUNDAYLAWNO-BUYNO-SELLINDUCEMENTSIMPRISONMENTSATANAPPEARSAS CHRISTLOUD CRYTROUBLIDEATHDECREE1213145813RD WOE1888200120**20**20**
4146	RIGHTEOUSNESSBY FAITHIMAGE OFSUNDAYTHE BEASTLAWOUT OF THE CITIESSEALING OF 144,000CLOSE OFPROBATIONTIME OFTROUBLEGROW YOUR OWN FOODSHAKINGANGELSMESSAGENEVWORORDEBATTLE'O18TSIEGE OFSUNDAYLAWSIEGE OFSUNDAYLAIMNO-BUYNO-SELLINDUCEMENTSIMPRISONMENTSATANAPPEARSAS CHRISTLOUD CRYTROUBLIDEATHDECREE12345813RD WOE1888200120**20**20**
4152	RIGHTEOUSNESSBY FAITHIMAGE OFSUNDAYTHE BEASTLAWOUT OF THE CITIESSEALING OF 144,000CLOSE OFPROBATIONTIME OFTROUBLEGROW YOUR OWN FOODSHAKING4тнANGELSMESSAGEJ9TSIEGE OFSUNDAYLAWILSIEGE OFSUNDAYLAWNO-BUYNO-SELLINDUCEMENTSIMPRISONMENTNEVWORORDIBATTLE OARMAGEDDSATANAPPEARSAS CHRISTLOUD CRYTROUBLIDEATHDECREE12|345|613RD WOE18880005800200120**20**20**
4158	RIGHTEOUSNESSBY FAITHIMAGE OFTHE BEASTSUNDAYLAWOUT OF THE CITIESSEALING OF 144,000CLOSE OFPROBATIONTIME OFTROUBLEGROW YOUR OWN FOODSHAKING4тнANGELSMESSAGENEVWORORDEBATTLE'OJ9TSIEGE OFSUNDAYLAWSIEGE OFSUNDAYLAWNO-BUYNO-SELLINDUCEMENTSIMPRISONMENTSATANAPPEARSAS CHRISTLOUD CRYTROUBLIDEATHDECREE12345613RD WOE1888200120**20**20**
4164	RIGHTEOUSNESSBY FAITHIMAGE OFSUNDAYTHE BEASTLAWOUT OF THE CITIESSEALING OF 144,000CLOSE OFPROBATIONTIME OFTROUBLEGROW YOUR OWN FOODSHAKING4тHANGELSMESSAGE19TSIEGE OFSUNDAYLAWSIEGE OFSUNDAYLAWNO-BUYNO-SELLINDUCEMENTSIMPRISONMENTNEVWORORDEBATTLE OARMAGEDDSATANAPPEARSAS CHRISTLOUD CRYTROUBLIDEATHDECREE1213 45613RD WOE1888200120**20**20**
4170	IGHTEOUSNESIMAGE OFSUNDAYTHE BEASTLAWOUT OF THE CITIESSEALING OF 144,000CLOSE OFPROBATIONTIME OFTROUBLEGROW YOUR OWN FOODSHAKINGANGELSMESSAGENEVWORORDIBATTLE OARMAGEDD19TSIEGE OFSUNDAYLAWSIEGE OFSUNDAYLAWNO-BUYNO-SELLINDUCEMENTSIMPRISONMENTSATANAPPEARSAS CHRISTLOUD CRYTROUBLIDEATHDECREE12345613RD WOE1888200120**20"*20**
4176	RIGHTEOUSNESS3Y FAITHIMAGE OFSUNDAYTHE BEASTLAWOUT OF THE CITIESSEALING OF 144,000CLOSE OFPROBATIONTIME OFTROUBLEGROW YOUR OWN FOODSHAKINGANGELSMESSAGENEVWORORDEBATTLE OARMAGEODSIEGE OFSUNDAYLAWNO-BUYNO-SELLSATANAPPEARSAS CHRISTJ9TSIEGE OFSUNDAYLAWIL.IMPRISONMENTLOUD CRYTROUBLIDEATHDECREE12|345|6113RD WOE1888200120**20**20**Be sure to get our free resources:finalcountdown.amazingdiscoveries.org
4182	RIGHTEOUSNESS3Y FAITHIMAGE OFTHE BEASTSUNDAYLAWOUT OF THE CITIESSEALING OF 144,000CLOSE OFPROBATIONTIME OFTROUBLEGROW YOUR OWN FOODSHAKINGANGELSMESSAGENEVWORORDEBATTLE OARMAGEDDSIEGE OFSUNDAYLAWNO-BUYNO-SELLSATANAPPEARSAS CHRIST19TSIEGE OFSUNDAYLAWIMPRISONMENTLOUD CRYTROUBLIDEATHDECREE123456113RO WOE1888200120**20**20**Be sure to get our free resources:finalcountdown.amazingdiscoveries.org
4188	RIGHTEOUSNESEBY FAITHIMAGE OFSUNDAYTHE BEASTLAWOUT OF THE CITIESSEALING OF 144,000CLOSE OFPROBATIONTIME OFTROUBLEGROW YOUR OWN FOODSHAKINGATHANGELSMESSAGENEVWORORDEBATTLE OARMAGEDD19TSIEGE OFSUNDAYLAWSIEGE OFSUNDAYLAWNO-BUYNO-SELLINDUCEMENTSIMPRISONMENTSATANAPPEARSAS CHRISTLOUD CRYTROUBLIDEATHDECREE12345613RD WOE1888200120**20**20**
4194	RIGHTEOUSNESSBY FAITHIMAGE OFTHE BEASTSUNDAYLAWOUT OF THE CITIESSEALING OF 144,000CLOSE OFPROBATIONTIME OFTROUBLEGROW YOUR OWN FOODSHAKING4тHANGELSMESSAGENEVWORORDEBATTLE OARMAGEDD19TSIEGE OFSUNDAYLAWSIEGE OFSUNDAYLAWNO-BUYNO-SELLINDUCEMENTSIMPRISONMENTSATANAPPEARSAS CHRISTLOUD CRYTROUBLIDEATHDECREE12345|6113RO WOE1888200120**20**20**
4200	RIGHTEOUSNESSBY FAITHIMAGE OFSUNDAYTHE BEASTLAWOUT OF THE CITIESSEALING OF 144,000CLOSE OFPROBATIONTIME OFTROUBLEGROW YOUR OWN FOODSHAKINGATHANGELSMESSAGE19TSIEGE OFSUNDAYLAWSIEGE OFSUNDAYLAWNO-BUYNO-SELLINDUCEMENTSIMPRISONMENTNEVWORORDEBATTLE OARMAGEDDSATANAPPEARSAS CHRISTLOUD CRYTROUBLIDEATHDECREE12345613RD WOE1888200120**20**20**
4206	
4212	
4218	
4224	
4230	
4236	
4242	
4248	
4254	
4260	
4266	
4272	
4278	
4284	
4290	
4296	
4302	
4308	
4314	
4320	
4326	
4332	
4338	
4344	
4350	
4356	
4362	
4368	
4374	
4380	
4386	DONATE
4392	
4398	DONATE
4404	DONATE
4410	
4416	DONATEGet a free copy of Miller's Rules Bookmark:bookmarks.amazingdiscoveries.org
4422	DONATEGet a free copy of Miller's Rules Bookmark:bookmarks.amazingdiscoveries.org
4428	DONATEGet a free copy of Miller's Rules Bookmark:bookmarks.amazingdiscoveries.org
4434	DONATEGet a free copy of Miller's Rules Bookmark:bookmarks.amazingdiscoveries.org
4440	DONATEGet a free copy of Miller's Rules Bookmark:bookmarks.amazingdiscoveries.org
4446	DONATEGet a free copy of Miller's Rules Bookmark:bookmarks.amazingdiscoveries.org
4452	DONATEGet a free copy of Miller's Rules Bookmark:bookmarks.amazingdiscoveries.org
4458	DONATEGet a free copy of Miller's Rules Bookmark:bookmarks.amazingdiscoveries.org
4464	DONATEGet a free copy of Miller's Rules Bookmark:bookmarks.amazingdiscoveries.org
4470	Someone scanned the QR codeDONATEGet a free copy of Miller's Rules Bookmark:bookmarks.amazingdiscoveries.org
4476	DONATEGet a free copy of Miller's Rules Bookmark:bookmarks.amazingdiscoveries.org
4482	DONATEGet a free copy of Miller's Rules Bookmark:bookmarks.amazingdiscoveries.org
4488	DONATE
4494	
4500	DONATELIVE Q&A TimeWe will answer as many questions as we can!
4506	DONATELIVE Q&A TimeWe will answer as many questions as we can!
4512	DONATE
4518	DONATE
4524	DONATE
4530	JEREMIAH 30:5-7• For thus saith the LORD; We have heard a voice oftrembling, of fear, and not of peace. Ask ye now, andsee whether a man doth travail with childP whercforedo I see every man with his hands on his loins, as awoman in travail, and all faces are turned intopaleness? Alas! for that day is great, so that noneis like it: it is even the time of Jacob's trouble: bulhe shall be saved out of it.
4536	Someone scanned the QR codeDONATEDANIEL 11:45-12:1• 11:45 And he shall plant the tabernacles of his palace betweenthe seas in the glorious holy mountain; yet he shall come tohis end, and none shall help him.• 12:1 And at that time shall Michael stand up, the greatprince which standeth for the children of thy people: and thereshall be a time of trouble, such as never was since there was anation even to that same time: and at that time thy people shallbe delivered, every one that shall be found written in the book.
4542	CHRISTIAN EXPERIENCE AND TEACHINGS P.177.2• I heard those clothed with the armor speak forth the truth withgreat power. It had eflect. Many had been bound; some wives bytheir husbands, and some children by their parents. The honestwho had been prevented from hearing the truth now eagerly laidhold upon it. All lear of their relatives was gone, and the truthalone was exalted to them. They had been hungering andthirsuing for truth; it was dearer and more precious than life. Iasked what had made this great change. An angel answered, "Itis the latter rain, the refreshing from the presenceof the Lord, the loud cry of the third angel."
4548	REVELATION 13:17• 16 And he causeth all, both small and great, richand poor, free and bond, to receive a mark intheir right hand, or in their foreheads:• 17 And that no man might buy or sell, savehe that had the mark, or the name of the beast, orthe number of his name.
4554	GREAT CONTROVERSY P.443• "But what is the image to the beast"? and how is it to be formed? The imageis made by the two-horned beast, and is an image to the beast. It is alsocalled an image of the beast. Then to learn what the image is like and how it is tobe formed we must study the charactenstics of the beast itself-the papacy.When the early church became corrupted by departing from the simplicity ofthe gospel and accepting heathen nites and customs, she lost the Spint and powerof God; and in order to control the consciences of the people, she sought thesupport of the secular power. The result was the papacy, a church that controlledthe power of the state and employed it to further her own ends, especially for thepunishment of "heresy." In order for the United States to form an image of thebeast, the religious power must so control the civil government thatthe authority of the state will also be employed by the church to accomplish herown ends.0 0009
4560	GREAT CONTROVERSY P.443• "But what is the "image to the beast'? and how is it to be formed? The imageis made by the two-horned beast, and is an image to the beast. It is alsocalled an image of the beast. Then to learn what the image is like and how it is tobe formed we must study the charactenstics of the beast itself-the papacy.When the early church became corrupted by departing from the simplicity ofi god: elatin once to conto the es as cats on, she lost the Se sound hoversupport of the secular power. The result was the papacy, a church that controlledthe power of the state and employed it to further her own ends, especially for thepunishment of "heresy." In order for the United States to form an image of thebeast, the religious power must so control the civil government thatthe authority of the state will also be employed by the church to accomplish herown ends.
4566	DONATEaring - Coogle Search Miel Wam Indutries - Mnuktuning companDanHome /Golden State Warriors - Basketball tearChaos as Russia loes dire waring world i mimetery trom nudear catatroche - Yo. - youtube com/watch harbourGic 5 Satch to this tateChaos as Russ ases dire waring world a mimeter from nodear catastrop.Chuos as Russa wars dire waring world a mimetery trom nuclear catastrophe - Youtube - youtu be/ufkbuG ichu mUCab 209Y 1h7PreviousNextChapter 14 - The Three Messages"The Hour of His Judgment is Come', 'Babyton is Fallen", "The Commandments of God and the Faith of Jesus* (DAR 5823)
4572	DONATEEN writingsellenwhite.org | Select language | Login | Registrationwarning citylDaniel and The RevelationHome / Adventist Pioneer Library / Pioneer Authors / Smith. Uriah /Daniel and The Revelation -32/44PreviousQ seurchDarkA*Next
4578	DONATEEN writingsellenwhite.org | Select language | Login | Registrationwarning cities destructionSearch for: warning cities destructionHome / Search for warning cities destructionNextLast ».0mA A
4584	DONATEHome / Search for, warning cities destruction« First< Previous45Next >Last »>The Adventist Home. p. 136.5 (Ellen Gould White)Impending Destruction —The time is near when large cities will be swept away, and all should be warned of these comingjudgments. Evangelism, 29Country Living, p. 7.4 (Ellen Gould White)- be warned that there is a God who will display His authority as God. His unseen agencies will cause destructiondevastation, and death. All the accumulated .& Search
4590	DONATEm.egwwnitings.org/er/booc/Th534mhhwwaming+obes+destrucbon+tsrcykojk.-bo/wgriclatkJroxWonsciVinioouJyX0uawechpdt21/88PreviousBack to searchNext resultNextare constantly becoming more and more difficult. Serious troubles are before us, and for many families removal from thecities will become a necessity.(AH 136-4)Impending Destruction -The time is near when large cities will be swept away, and all should be warned of thesecoming judgments.(AH 1365)Oh, that God's people had a sense of the impending destruction of thousands ofcities now almost given to idolatry!(AH 136.6)For Worldly Interests and Love of Gain-it is often the case that parents are not careful to surround their chitdreright influences. In choosing a home, they think more of their worldly interests than of the moral and social atmospnere, andthe children form associations that are unfavorable to the develooment of pietv and the formation of riaht characters..(AH
4596	DONATE21/88PreviousBack to searchNext resultNextTurmoil and Confusion-It is not God's will that His people shall settle in thecities, where there is constant turmoil andconfusion. Their children should be spared this, for the whole system is demoralized by the hurry and rush and noise.(AH 1363)Labor Troubles-Through the working of trusts and the results of labor unions and strikes, the conditions of life in the cityare constantly becoming more and more difficult. Serious troubles are before us, and for many families removal from thewill become a necessity(AH 1364)Impending Destruction -The time is near when large <coming judgments(AH 136.5}s will be swept away, and all should be warned ofOh, that God's people had a sense of the impending destruction of thousands of cities now almost given to idolatry!
4602	DONATEPreviousBack to searchNext resultNextTurmoil and Confusion-It is not God's will that His people shall settle in thewhere there is constant turmoil andconfusion. Their children should be spared this, for the whole system is demoralized by the hurry and rush and noise.(AH 136,3)Labor Troubles-Through the working of trusts and the results of labor unions and strikes, the conditions of life in the cityare constantly becoming more and more difficult. Serious troubles are before us, and for many families removal from thewill become a necessity(AH 136.4)Impending Destruction-The time is near when large ccities will be swept away, and all should be warned ofcoming judgments(AH 1365)Oh, that God's people had a sense of the impendina destruction of thousands of cities now almost given to idolatry!
4608	DONATEm.egwwritings.org/en/boot/laa.36%9/TErwaming+obes+delacbon+dns.cykoJkbo/MgriChatxJraxWonoxVicnoobJyXCurwsolahpdc21/88PreviousBack to searchNext resultNextTurmoil and Confusion-It is not God's will that His people shall settle in thewhere there is constant turmoil andconfusion. Their chitdren should be spared this, for the whole system is demoralized by the hurry and rush and noise.(AH 136,3)Labor Troubles-Through the working of trusts and the results of labor unions and strikes, the conditions of life in the cityare constantly becoming more and more difficult. Serious troubles are before us, and for many famities removal from thewitl decome a niecessily(AH 136.4}Impending Destruction -The time is near when largecoming judgments{AH 1365)ies will be swept away, and all should be warned ofOh, that God's people had a sense of the impendina destruction of thousands of cities, now almost aiven to idolatry!
4614	DONATE21/88PreviousBack to searchNext resultNextTurmoil and Confusion-It is not God's will that His people shall settle in thewhere there is constant turmoil andconfusion. Their children should be spared this, for the whole system is demoralized by the hurry and rush and noise.(AH 136.3)Labor Troubles-Through the working of trusts and the results of labor unions and strikes, the conditions of life in the cityare constantly becoming more and more difficult. Serious troubles are before us, and for many families removal from thewill become a necessity(AH 136.4)Impending Destruction -The time is near when large ciities will be swept away, and all should be warned ocoming judgments(AH 1365)Oh, that God's people had a sense of the impending destruction of thousands of cities, now almost aiven to idolatry!
4620	DONATE21/88PreviousBack to searchNext resultNextTurmoil and Confusion-It is not God's will that His people shall settle in thecities, where there is constant turmoil andconfusion. Their children should be spared this, for the whole system is demoralized by the hurry and rush and noise.(AH 136,3)Labor Troubles-Through the working of trusts and the results of labor unions and strikes, the conditions of life in the cityare constantly becoming more and more difficult. Serious troubles are before us, and for many families removal from thewill become a necessity(AH 136.4)Impending Destruction-The time is near when large cities will be swept away, and all should be warned ofcoming judgments{AH 1365)Oh, that God's people had a sense of the impendina destruction of thousands of cities: now almost given to idolatry!
4626	DONATE21/88PreviousBack to searchNext resultNextTurmoil and Confusion-It is not God's will that His people shall settle in the. where there is constant turmoil andconfusion. Their chitdren should be spared this, for the whole system is demoralized by the hurry and rush and noise.(AH 136.3)Labor Troubles -Through the working of trusts and the results of labor unions and strikes, the conditions of life in the cityare constantly becoming more and more difficult. Serious troubles are before us, and for many families removal from thewill become a necessily(AH 136.4)Impending Destruction -The time is near when largecities will be swept away. and all should be warned ofcoming judgments(AH 1355)Oh, that God's people had a sense of the impending destruction of thousands of cities now almost given to idolatry!
4632	DONATEm.egwwnitings.org/er/book/12d956t8rwaming+dbes+destvchon+tasrcy.co.khbo0MgrtclnJh0XWOnsCxVicnioOuJyXJuawSo/a%pdw21/88PreviousBack to searchNext resultNextTurmoil and Confusion-It is not God's will that His people shall settle in thecities, where there is constant turmoil andconfusion. Their chitdren should be spared this, for the whole system is demoralized by the hurry and rush and noise.(AH 136.3)Labor Troubles-Through the working of trusts and the results of labor unions and strikes, the conditions of life in the cityare constantly becoming more and more difficult. Serious troubles are before us, and for many famities removal from thewitl become d necessily(AH 136.4}Impending Destructioncoming judgments-The time is near when large(AH 1365)s will be swept away, and all should be warned ofOh, that God's people had a sense of the impendina destruction of thousands of cities now almost aiven to idolatry!
4638	DONATE
4644	DONATE
4650	DONATE
4656	
4662	
4668	
4674	
4680	
4686	DONATE
4692	DONATE
4698	
4704	
4710	DONATE
4716	DONATE
4722	DONATE
4728	DONATE
4734	DONATE
4740	DONATE
4746	DONATEEN witingsellenwhite.org | Select language | Login | Registrationwarninggother citiesAHThe Adventist HomeHome / EGW Writings / BooksThe Adventist Home -Previous.Back to searchNext resultDarkA*Next
4752	DONATE- of warning and when they were called to lay off their armor, others took up the work God brought these witnesses intocovenant relation with Himself, uniting -2The Acts of the Apostles, p. 158.3 (Ellen Gould White)warning the greatworkers, and other consecrated laymen -God is calling not only upon ministers, but also upon physicians, nurses, colporteurs, BibleChristian Service, p. 199.3 (Ellen Gould White)- the cities close by. His people need to move sensibly. They need to set about this work in thecities with seriousearnestness. Men of consecration and talent .Christian Temperance and Bible Hygiene, p. 9.1 (Ellen Gould White)ity set on a hill All intelligent beings can understand it if they will. None otheare responsible. To make natural law
4758	DONATEEN writingsellenwhite org | Select language | Login | Registrationwarning other citiesDarkAA*Search for: warning other citiesHome / Search for: warning other cities« FirstPreviousNext >Last »Q Sewch
4764	DONATEm.egwwnitings.org/wearchylangyenbequery-warming+olher+abesdduggetbon +olner+abesdauggetbonON witingsellenwhite.org | Select language | Login | RegistrationSearch for: warning other citiesHome / Search for. warning other cities«< First< PreviousNext >Last >>Q SearchDarkwarning other citiesA
4770	DONATEmegwwnitings.org/search/lang+entequerywaring «othere@besdauggesbonON writingsellenwhite.org | Select language | Login | Registrationwarning other citiesDarkAA*Search for: warning other citiesHome / Search for: warning other cities«< First< PreviousNext >Last »>Q Search
4776	DONATEm.egwwritingt.org/searob/lang-eendiquerywwariog+other+obesdaungetbongSN witingsellenwhite.org | Select language | Login | Registrationwarning other citiesDarkSearch for: warning other citiesHome / Search for: warning other cities« First< PreviousNext >Last »>Q Seurch
4782	DONATEEN writingsellenwhite.org | Select language | Login | RegistrationSearch for: warning other citiesHome / Search for: warning other cities« First< PreviousNext >Last >Q SearchDarkwarning other citiesA
4788	DONATEellenwhite.org | Select language | Login | RegistrationDarkwarning cities repentASearch for: warning cities repentHome / Search for: warning cities repent«c First< PreviousNext >Last »Q Search
4794	DONATEtime the day of probation lingeredCountry Living, P. 7.5 (Ellen Gould White)- the warnings that God has given, and if churches will repent, returning to their allegiance, then other cities may bespared for a time. But it men who have been -The Desire of Ages, p. 406.3 (Ellen Gould White)- heathentrembled as they heard thelowty together cried to the God of heaven, and.g from God. Kings and nobles humbled themselves; the high and the4The Desire of Ages, p. 577.3 (Ellen Gould White)- Hiswarnings, and was about to imbrue her hands in His blood. If Jerusalem would but repent, it was not yet too late. Whilethe last rays of the setting sun were
4800	DONATENext>Last >>Christ's Object Lessons, p. 213.3 (Ellen Gould White)- werewarnings from God to a nation equally guilty. "Except ye repent " said Jesus, 'ye shall all Ukewise perish" For a littletime the day of probation lingered.Country Living, p. 7.5. (Ellen Gould White)- thewarnings, that God has given, and if churches will repent, returning to their allegiance, then other citiés may bespared for a time. But if men who have been .The Desire of Ages, p. 406.3 (Ellen Gould White)heathen city trembled as they heard thewarning from God. Kings and nobles humbled themselves; the high and the
4806	DONATE«< Firstmegwritings.ong/search lang enbique yewarng + sabes + mpert+ chyboogestion ea< PreviousNext >Last >Christ's Object Lessons, p. 213.3 (Ellen Gould White)- werewarnings from God to a nation equally guilty. "Except ye repent " said Jesus, 'ye shall all likewise perish" For a littletime the day of probation lingered.Country Living, p. 7.5 (Ellen Gould White)warnings that God has given, and if churches willrepent, returning to their allegiance, then other citiesmay bespared for a time. But if men who have been .The Desire of Ages, p. 406.3 (Ellen Gould White)- heathen city trembled as they heard the warning from God. Kings and nobles humbled themselves: the high and the
4812	DONATEmegwwnitings.org/search lang ventiquery-waring + sates + repent + chybauggestion et-HiSwarnings, and was about to imbrue her hands in His blood. If Jerusalem would but repent, it was not yet too late. Whilethe last rays of the setting sun wereThe Desire of Ages, p. 597.3 (Ellen Gould White)- His warnings. failing to arouse them to repentance, would seal their doom, and He wished them to see that they hadbrought ruin on themselves. He designed to -Evangelism, p. 27.3 (Ellen Gould White)- the warnings that God has given, and if churches will repent, retuming to their allegiance, then other cities may bespared for a time. But if men who have been .7From Heaven With Love, p. 398.2 (Ellen Gould White)
4818	DONATESNh witingsellenwhite.org | Select language | Login | Registrationwarning cities repent citySearch for: warning cities repent cityHome / Search for: warning cities repent city« First< PreviousNext >Last »>C SearchDarkA
4824	DONATEON writingsellenwhite org | Select language | Login | RegistrationSearch for: warning cities repent cityHome / Search for: warning cities repent city«< First< PreviousNext >Last »Q SearchDarkwarning cities repent cityA
4830	DONATE
4836	DONATE
4842	DONATE
4848	
4854	DONATE
4860	DONATE
4866	DONATE
4872	DONATE
4878	
4884	DONATE
4890	DONATE
4896	DONATE
4902	DONATE
4908	DONATE
4914	DONATE
4920	DONATE
4926	DONATE
4932	DONATE
4938	DONATE
4944	DONATE
4950	DONATE
4956	DONATE
4962	DONATE
4968	DONATE
4974	
4980	DONATE
4986	megwwnitings.org/mn/book/30./o/Pas.cyaw0rb.omkxVcnbou/o/gNykziwbo/wyGimWahOsnAnca2/OW4olWC39115/169PreviousNextCalamities will come-calamities most awful, most unexpected, and these destructions will follow one after another. Ifthere will be a hoeding of the warings that God has given, and if churches will repent, retuming to their allogiance, thenother cities may be spared for a time. But if men who have been deceived continue in the same way in which they have beenwalking, disregarding the law of God and presenting falsehoods before the people. God allows them to suffer calamity. thattheir senses may be awakened… (EV.27.3)The Lord will not suddenty cast off all transgressors or destroy entire nations; but He will punish cities and places wheremen have given themselves up to the possession of Satanic agencies. Strictly will the cities of the nations be dealt with, andyet they will not be visited in the extreme of God's indignation, because some souls will yet break away from the de"the enemy, and will repent and be converted, while the mass will be treasuring up wrath against the day of wrath.-Manuscript 35. 1905. (Ev 274)Q Seardh
4992	DONATE/169PreviousNextCalamities will come--calamities most awful, most unexpected: and these destructions will follow one after another. Ifthere will be a heeding of the warnings that God has given, and if churches will repent, returning to their allegiance, thenother cities may be spared for a time. But if men who have been deceived continue in the same way in which they have beenwalking, disregarding the law of God and presenting falsehoods before the people. God allows them to suffer calamity, thattheir senses may be awakened….. {Ev 273)The Lord will not suddenly cast off all transgressors or destroy entire nations; but He will punish cities and places wheremen have given themselves up to the possession of Satanic agencies. Strictly will the cities of the nations be dealt with, andyet they will not be visited in the extreme of God's indignation, because some souls will yet break away from the de"the enemy, and will repent and be converted, while the mass will be treasuring up wrath against the day of wrath.-Manuscript 35. 1906. (EV 274)
4998	DONATE5/169PreviousNextCalamities will come-calamities most awful, most unexpected; and these destructions will follow one after another. ifthere will be a heeding of the warnings that God has given, and if churches will repent. returning to their allegiance, thenother cities may be spared for a time. But if men who have been deceived continue in the same way in which they have beenwalking, disregarding the law of God and presenting falsehoods before the people. God allows them to suffer calamity, thattheir senses may be awakened… {Ev 273)The Lord will not suddenly cast off all transgressors or destroy entire nations; but He will punish cities and places wheremen have given themselves up to the possession of Satanic agencies. Strictly will the cities of the nations be dealt with, andyet they will not be visited in the extreme of God's indignation, because some souls will yet break away from the de"the enemy, and will repent and be converted, while the mass will be treasuring up wrath against the day of wrath.-Manuscript 35, 1906. (Ev 274)
5004	Someone scanned the QR codeDONATE/169PreviousNextCalamities will come--calamities most awful, most unexpected, and these destructions will follow one after another. Ifthere will be a heeding of the warnings that God has given, and if churches will repent. returning to their allegiance, thenother cities may be spared for a time. But if men who have been deceived continue in the same way in which they have beenwalking, disregarding the law of God and presenting falsehoods before the people. God allows them to suffer calamity, thattheir senses may be awakened.. {Ev 273)The Lord will not suddenty cast off all transgressors or destroy entire nations; but He will punish cities and places wheremen have given themselves up to the possession of Satanic agencies. Strictly will the cities of the nations be dealt with, andyet they will not be visited in the extreme of God's indignation, because some souls will yet break away from the dethe enemy, and will repent and be converted, while the mass will be treasuring up wrath against the day of wrath.-Manuscript 35: 1905. (Ev 274)
5010	Someone scanned the QR codeDONATE/169PreviousNextCalamities will come--calamities most awful, most unexpected; and these destructions will follow one after another. Ifthere will be a heeding of the warnings that God has given, and if churches will repent. returning to their allegiance, thenother cities may be spared for a time. But if men who have been deceived continue in the same way in which they have beenwalking, disregarding the law of God and presenting falsehoods before the people. God allows them to suffer calamity. thattheir senses may be awakened... (Ev z7.3)The Lord will not suddenly cast off all transgressors or destroy entire nations; but He will punish cities and places wheremen have given themselves up to the possession of Satanic agencies. Strictly will the cities of the nations be dealt with, andyet they will not be visited in the extreme of God's indignation, because some souls will yet break away from the de"the enemy, and will repent and be converted, while the mass will be treasuring up wrath against the day of wrath.-Manuscript 35. 1906. (Ev 274)
5016	DONATE/169PreviousNextCalamities will come--calamities most awful, most unexpected, and these destructions will follow one after another. Ifthere will be a heeding of the warnings that God has given, and if churches will repent, returning to their allegiance, thenother cities may be spared for a time. But if men who have been deceived continue in the same way in which they have beenwalking, disregarding the law of God and presenting falsehoods before the people. God allows them to suffer calamity, thattheir senses may be awakened.. {Ev 273)The Lord will not suddenty cast off all transgressors or destroy entire nations; but He will punish cities and places wheremen have given themselves up to the possession of Satanic agencies. Strictly will the cities of the nations be dealt with, andyet they will not be visited in the extreme of God's indignation, because some souls will yet break away from the detthe enemy, and will repent and be converted, while the mass will be treasuring up wrath against the day of wrath.-Manuscript 35. 1906. (EV 274)
5022	DONATE/169PreviousNextCalamities will come-calamities most awful, most unexpected, and these destructions will follow one after another. ifthere will be a heeding of the warnings that God has given, and if churches will repent. returning to their allegiance, thenother cities may be spared for a time. But if men who have been deceived continue in the same way in which they have beenwalking, disregarding the law of God and presenting falsehoods before the people. God allows them to suffer calamity, thattheir senses may be awakened… {Ev 273)The Lord will not suddenly cast off all transgressors or destroy entire nations; but He will punish cities and places wheremen have given themselves up to the possession of Satanic agencies. Strictly will the cities of the nations be dealt with, andyet they will not be visited in the extreme of God's indignation, because some souls will yet break away from the detthe enemy, and will repent and be converted, while the mass will be treasuring up wrath against the day of wrath.-Manuscript 35. 1906. (Ev 274)
5028	/169PreviousNextCalamities will come--calamities most awful, most unexpected, and these destructions will follow one after another. Ifthere will be a heeding of the warnings that God has given, and if churches will repent. returning to their allegiance, thenother cities may be spared for a time. But if men who have been deceived continue in the same way in which they have beenwalking, disregarding the law of God and presenting falsehoods before the people. God allows them to suffer calamity. thattheir senses may be awakened… {Ev 273)The Lord will not suddenty cast off all transgressors or destroy entire nations; but He will punish cities and places wheremen have given themselves up to the possession of Satanic agencies. Strictly will the cities of the nations be dealt with, andyet they will not be visited in the extreme of God's indignation, because some souls will yet break away from the de"the enemy, and will repent and be converted, while the mass will be treasuring up wrath against the day of wrath.-Manuscript 35. 1906. (Ev 274)
5034	/169PreviousNextCalamities will come--calamities most awful, most unexpected, and these destructions will follow one after another. ifthere will be a heeding of the warnings that God has given, and if churches will repent. returning to their allegiance, thenother cities may be spared for a time. But if men who have been deceived continue in the same way in which they have beenwalking, disregarding the law of God and presenting falsehoods before the people. God allows them to suffer calamity, thattheir senses may be awakened… {Ev 273).The Lord will not suddenly cast off all transgressors or destroy entire nations; but He will punish cities and places wheremen have given themselves up to the possession of Satanic agencies. Strictly will the cities of the nations be dealt with, andyet they will not be visited in the extreme of God's indignation, because some souls will yet break away from the detthe enemy, and will repent and be converted, while the mass will be treasuring up wrath against the day of wrath.-Manuscript 35. 1906. (EV 274)
5040	DONATE
5046	
5052	DONATE
5058	DONATE
5064	DONATE
5070	DONATE
5076	DONATE
5082	DONATE
5088	DONATE1 Someone scanned the QR code
5094	DONATE
5100	DONATE
5106	DONATE
5112	DONATE
5118	DONATE
5124	DONATE
5130	
5136	DONATE
5142	
5148	DONATE
5154	DONATE
5160	DONATE
5166	DONATEIf you've been blessed, please support our work:https://amazingdiscoveries.org/explore-projects
5172	DONATEIf you've been blessed, please support our work:https://amazingdiscoveries.org/explore-projects
5178	DONATEIf you've been blessed, please support our work:https://amazingdiscoveries.org/explore-projects
5184	DONATE
5190	DONATE< Someone scanned the QR code
5196	DONATE
5202	DONATE
5208	DONATEFor Judgment Day Studies Go To:judgmentdaydocumentary.com/bible-studies
5214	DONATEFor Judgment Day Studies Go To:judgmentdaydocumentary.com/bible-studies
5220	DONATE
5226	DONATE
5232	DONATE
5238	DONATE
5244	DONATEEN writingsEvangelismHome / EGW Writings / Books /5/169Previousellenwhite.org | Select language | Login | Registrationimage of the beast pro"Evang_llen Gould White)Search for. ev 2713QCloseEvangelismQ SearchDarkA*Next
5250	DONATE«< First< PreviousNext >Last >>Last Day Events, p. 227.3 (Ellen Gould White)- that the image of the beast will be formed before probation closes, for it is to be the great test | See the previouschapter, where thegreat test for thpeople -Selected Messages Book 2, p. 80.4 (Ellen Gould White)The Lord has shown me clearty that the image of the beast will be formed before probation closes; for it is to bethe great test forpeopleGod. by -The Spirit of Prophecy, vol. 4, p. 500.2 (Ellen Gould White)bv the comina of the Son,man to reapharvest of the earth,-to gatherthe wheat into his garner. and to cast
5256	DONATE51/234PreviousPrev resultBack to searchNext resultNextSeveral times, during our conversation, in which you became very much in earnest, you repeated the sentence, "Oconsistency. thou art a jewell" I repeat the same with decided force to you. You say that Anna's visions place the forming ofthe image of the beast after probation closes. This is not so. You claim to believe the testimonies; let them set you right onthis point. The Lord has shown me clearty that the image of the beast will be formed before probation closes; for it is to bethe great test for the people of God, by which their eternal destiny will be decided. (SM 80.4)Your position is such a jumble of inconsistencies that but few will be deceived..(2SM 811)You have taken the history of the disobedient prophet, as given in the Old Testament, and applied it to Sister White.You say she is perfectly honest, but thedeceived prophet. For this reason the testimonies of the Spirit ofGod caeffect on you. Has the Lord opened to you or your daughter, your wife or your children, the disobedienceSistshe has walked contrary to God, will you show in what? My duty is to make plain statements of my position; for you
5262	DONATEm.egwwnitings.org/en/book/1.490%ramage+of+the+beant+probabioobos.cy/daJo0otMagunbhom/cylcy.kowVyeabimtrwdscexn/Hko51/234PreviousPrev resultBack to searchNext resultNextSeveral times, during our conversation, in which you became very much in earest, you repeated the sentence, "Oconsistency. thou art a jewell" I repeat the same with decided force to you. You say that Anna's visions place the forming ofthe image of the beast after probation closes. This is not so. You claim to believe the testimonies; let them set you right onthis point. The Lord has shown me clearty that the image of the beast will be formed before probation closes: for it is to bethe great test for the people of God, by which their eternal destiny will be decided. (2SM B0.A)Your position is such a jumble of inconsistencies that but few will be deceived..(2SM 811)You have taken the history of the disobedient prophet, as given in the Old Testament, and applied it to Sister White.You say she is perfectly honest, but the deceived prophet. For this reason the testimonies of the Spirit of God ceffect on you Has the Lord opened to you or your daughter, your wife or your children, the disobedience of Sistshe has walked contrary to God, will you show in what? My duty is to make plain statements of my position: for you
5268	DONATEm.egwwrtings.org/er/boot/.490%Hmamage+of+the+beant+probation.u.cy/bJk/bchMagsnbhom/icyltcyadwVyesiimtrwdocrxn.Hko51/234PreviousPrev resultBack to searchNext resultNextSeveral times, during our conversation, in which you became very much in earnest, you repeated the sentence. "Oconsistency, thou art a jewell" I repeat thesame with decided force to you. You say that Anna's visions place the forming ofthe image of the beastafter probation closes. This is not so. You claim to believe thle testimonies; let them set you right onthis point. The Lord has shown me clearly that the image of the beast will be formed before probation closes; for it is to bethe great test for the people of God, by which their eternal destiny will be decided.(2SM 8o.A)Your position is such a jumble(2SM 811)You have taken thehistory of the disobedient prophet, as given inOld Testament, and applied it to Sister White.You say she is perfectly honest, but thedeceived prophet. For this reason the testimonies of the Spirit of God ceffect on you Has the Lord opened to you or your daughter, your wife or your children, the disobedienceofSistshe has walked contrary to God, will you show in what? My duty is to make plain statements of my position; for you
5274	DONATEm.egwwritings.org/er/book/7.490wHmmage+o/+the+beant+probationons.cy.doJk2bo/MaguinEhcm//icylcyJxowVyebimtrWd.Gixm.Hklo51/234PreviousPrev resultBack to searchNext resultNextSeveral times, during our conversation, in which you became very much in eamest, you repeated the sentence, "Oconsistency, thou art a jewell" I repeat the same with decided force to you. You say that Anna's visions place the forming ofthe image of the beast afterprobation closes. This is not so. You claim to believe the testimonies; let them set you right onthis point. The Lord has shown me clearly that the image of the beast will be formed before probation closes; for it is to bethe great test for thepeople of God. by which their eternal destiny will be decided.(2SM BO.4)Your position is such a jumble(2SM 811)You have taken the history of the disobedient prophet, as given in thOld Testament, and applied it to Sister White.You say she is perfectly honest, but thedeceived prophet. For this reason the testimonies of the Spirit of Godeffect on you Has the Lord opened to you or your daughter, your wife or your children, the disobedience of Sistshe has walked contrary to God, will you show in what? My duty is to make plain statements of my position; for you
5280	DONATEm.egwanitings.org/m/book/7.4909mmage-+of+the+beant+probabond.cy/obJkhb@wMagunthom/cyltcyadwWyesicimtrwducixn/H9o51/234PreviousPrev resultBack to searchNext resultNextSeveral times, during our conversation, in which you became very much in earnest, you repeated the sentence, "Oconsistency, thou art a jewell" I repeat the same with decided force to you. You say that Anna's visions place the forming ofthe image of the beastprobation closes. This is not so. You claim to believe the testimonies; let them set you right onthis point. The Lord has shown me clearly that the image of the beast will be formed before probation closes; for it is to bethe great test for the people of God. by which their eternal destiny will be decided.• (aSM 804)Your position is such a jumbleinconsistenc ps that few walthe doceed.(ESM 811)You have taken the history of the disobedient prophet, as given in theOld Testament, and applied it to Sister White.You say she is perfectly honest, but the deceived prophet. For this reason the testimonies of the Spirit of God caeffect on you Has the Lord opened to you or your daughter, your wife or your children, the disobedienceof Sistshe has walked contrary to God, will you show in what? My duty is to make plain statements of my position; for you
5286	DONATE51/234PreviousPrev resultBack to searchNext resultNextSeveral times, during our conversation, in which you became very much in earest, you repeated the sentence, "Oconsistency. thou art a jewell" I repeat the same with decided force to you. You say that Anna's visions place the forming ofthe image of the beast after probation closes. This is not so. You claim to believe the testimonies; let them set you right onthis point. The Lord has shown me clearly that the image of the beast will be formed before probation closes; for it is to bethe great test for the people of God, by which their eternal destiny will be decided. (25M 804)Your position is such a jumble(2SM 811)You have taken the history of the disobedient prophet, as given in thOld Testament, and applied it to Sister White.You say she is perfectly honest, but the deceived prophet. For this reason the testimonies of the Spirit of God caeffect on you Has the Lord opened to you or your daughter, your wife or your children, the disobedience of Sistshe has walked contrary to God, will you show in what? My duty is to make plain statements of my position; for you
5292	DONATE51/234PreviousPrev resultBack to searchNext resultNextSeveral times, during our conversation, in which you became very much in eamest, you repeated the sentence, "Oconsistency, thou art a jewell" I repeat the same with decided force to you. You say that Anna's visions place the forming ofthe image of the beast after probation closes. This is not so. You claim to believe the testimonies; let them set you right onthis point. The Lord has shown me clearly that the image of the beast will be formed before probation closes; for it is to bethe great test for the people of God, by which their eternal destiny will be decided. (2SM 80.4)Your position is such a jumble(2SM 811)You have taken the history of the disobedient prophet, as given inOld Testament, and applied it to Sister White.You say she is perfectly honest, but thedeceived prophet. For this reason the testimonies of the Spirit of God caeffect on you Has the Lord opened to you or your daughter, your wife or your children, the disobedience of Sistshe has walked contrary to God, will you show in what? My duty is to make plain statements of my position; for you
5298	DONATE51/234PreviousPrev resultBack to searchNext resultNextSeveral times, during our conversation, in which you became very much in earest, you repeated the sentence. "Oconsistency, thou art a jewell" I repeat the same with decided force to you. You say that Anna's visions place the forming ofthe image of the beast aftera testimonies; let them set you right onthis point. The Lord has shown me clearly that the image of the beast will be formed before probation closes; for it is to bethe great test for thepeople of God, by which their eternal destiny will be decided.(2SM BOA)Your position is such a jumble(2SM 811)You have taken the history of the disobedient prophet, as given in tOld Testament, and applied it to Sister White.You say she is perfectly honest, but thedeceived prophet. For this reason the testimonies of the Spirit of God caeffect on you Has the Lord opened to you or your daughter, your wife or your children, the disobedience of Sistshe has walked contrary to God, will you show in what? My duty is to make plain statements of my position: for you
5304	DONATE51/234PreviousPrev resultBack to searchNext resultNextSeveral times, during our conversation, in which you became very much in earnest, you repeated the sentence. "Oconsistency, thou art a jewell" I repeat thesame with decided force to you. You say that Anna's visions place the forming ofthe image of the beast afterprobation closes. This is not so. You claim to believe the testimonies; let them set you right onthis point. The Lord has shown me clearly that the image of the beast will be formed before probation closes; for it is to bethe great test for the people of God, by which their eternal destiny will be decided. (2SM 804)Your position is such a jumbleInconsisteries that outrew will de deceived.(2SM 811)You have taken the history of the disobedient prophet, as given inOld Testament, and applied it to Sister White.You say she is perfectly honest, but thedeceived prophet. For this reason thtestimonies of the Spirit of God caeffect on you Has the Lord opened to you or your daughter, your wife or your children, the disobedienceSistshe has walked contrary to God, will you show in what? My duty is to make plain statements of my position: for you
5310	DONATE51/234PreviousPrev resultBack to searchNext resultNextSeveral times, during our conversation, in which you became very much in earnest, you repeated the sentence, "Oconsistency, thou art a jewell" I repeat the same with decided force to you. You say that Anna's visions place the forming ofthe image of the beastprobation closes. This is not so. You claim to believe the testimonies; let them set you right onthis point. The Lord has shown me clearly that the image of the beast will be formed before probation closes; for it is to bethe great test for the people of God, by which their eternal destiny will be decided.(2SM 804)Your position is such a jumble(2SM 811)You have taken the history of the disobedient prophet, as given in thOld Testament, and applied it to Sister White.You say she is perfectly honest, but thedeceived prophet. For this reason the testimonies of the Spirit of God caeffect on you Has the Lord opened to you or your daughter, your wife or your children, the disobedience or Sistshe has walked contrary to God, will you show in what? My duty is to make plain statements of my position; for you
5316	DONATE51/234PreviousPrev resultBack to searchNext resultNextSeveral times, during our conversation, in which you became very much in earnest, you repeated the sentence, "Oconsistency. thou art a jewell" I repeat the same with decided force to you. You say that Anna's visions place the forming ofthe image of the beast after probation closes. This is not so. You claim to believele testimonies; let them set you right onthis point. The Lord has shown me clearty that the image of the beast will be formed before probation closes; for it is to bethe great test for thepeople of God. by which their eternal destiny will be decided.(2SM B0.4)Your position is such a jumble(2SM 811)You have taken the history of the disobedient prophet, as given in tOld Testament, and applied it to Sister White.You say she is perfectly honest, but thedeceived prophet. For this reason thetestimonies of the Spirit of God caeffect on you Has the Lord opened to you or your daughter, your wife or your children,the disobedienceofSistshe has walked contrary to God, will you show in what? My duty is to make plain statements of my position; for you
5322	DONATEm.egwwntings.org/er/book/17.490//mmage+of+the+beant+probabondas.cy.do)khb0Magunbncm/icyltcyaowVyeskamitrwd.soknihlo51/234PreviousPrev resultBack to searchNext resultNextSeveral times, during our conversation, in which you became very much in earnest, you repeated the sentence, "Oconsistency. thou art a jewell" I repeat the same with decided force to you. You say that Anna's visions place the forming ofthe image of the beast after probationcloses. This is not so. You claim to believe the testimonies; let them set you right onthis point. The Lord has shown me clearly that the image of the beast will be formed before probation closes; for it is to bethe great test for the people of God. by which their eternal destiny will be decided.(SM B0.4)Your position is such a jumble(2SM 811}You have taken the history of the disobedient prophet, as given inOld Testament, and applied it to Sister White.You say she is perfectly honest, but thedeceived prophet. For this reason thetestimonies of the Spirit of God caeffect on you Has the Lord opened to you or your daughter, your wife or your children, the disobedience or Sistshe has walked contrary to God, will you show in what? My duty is to make plain statements of my position: for you
5328	DONATEm.egwwntings.org/er/book/7490wHrsmage+of+the+beant+probabondasrry.kaJ00tMagunbhcm/icyitcy.adwVyeshoimtrwdlGixn/Hhlo51/234PreviousPrev resultBack to searchNext resultNextSeveral times, during our conversation, in which you became very much in earnest, you repeated the sentence, "Oconsistency, thou art a jewell" I repeat the same with decided force to you. You say that Anna's visions place the forming ofthe image of the beast after probation closes. This is not so. You claim to believe the testimonies; let them set you right onthis point. The Lord has shown me clearly that the image of the beast will be formed before probation closes; for it is to bethe great test for the people of God, by which their eternal destiny will be dacided.(2SM BO.A)Your position is such a jumbleor incorisistenees that outrew will de deceived.(2SM 811)You have taken the history of the disobedient prophet, as given in the Old Testament, and applied it to Sister White.You say she is perfectly honest, but the deceived prophet. For this reason the testimonies of the Spirit of God caeffect on you Has the Lord opened to you or your daughter, your wife or your children, the disobedienceof Sistshe has walked contrary to God, will you show in what? My duty is to make plain statements of my position; for you
5334	DONATEm.egwwnitings.org/en/book/7.490/h/mmage+of+the+beant+probationdcs.cy.dbJkbo/Magunt.hcm/icyltcy.adwVyeskimtrwd.okn.hho51/234PreviousPrev resultBack to searchNext resultNextSeveral times, during our conversation, in which you became very much in earnest, you repeated the sentence, "Oconsistency, thou art a jewell' I repeat the same with decided force to you. You say that Anna's visions place the forming ofthe image of the beastprobation closes. This is not so. You claim to believe the testimonies; let them set you right onthis point. The Lord has shown me clearly that | the image of the beast will be formed before probation) closes; for it is to bethe great test for the people of God. by which their eternal destiny will be decided.(2SM 80.4)Your position is such a jumble(2SM 811)You have taken the history of the disobedient prophet, as given in thOld Testament, and applied it to Sister White.You say she is perfectly honest, but thedeceived prophet. For this reason the testimonies of the Spirit of God caeffect on you Has the Lord opened to you or your daughter, your wife or your children, the disobedienceSistshe has walked contrary to God, will you show in what? My duty is to make plain statements of my position; for you
5340	DONATE51/234PreviousPrev resultBack to searchNext resultNextSeveral times, during our conversation, in which you became very much in earnest, you repeated the sentence, "Oconsistency, thou art a jewell' I repeat the same with decided force to you. You say that Anna's visions place the forming ofthe image of the beastafterprobation closes. This is not so. You claim to believe the testimonies, let them set you right onthis point. The Lord has shown me clearty that the image of the beast will be formed before probation closes; for it is to bethe great test for thepeople of God. by which their eternal destiny will be decided.(2SM Bo.A)Your position is such a jumble(2SM 811)You have taken the history of the disobedient prophet, as given inOld Testament, and applied it to Sister White.You say she is perfectly honest, but thedeceived prophet. For this reason the testimonies of the Spirit of God ceffect on you Has the Lord opened to you or your daughter, your wife or your children, the disobedienceSistshe has walked contrary to God, will you show in what? My duty is to make plain statements of my position; for you
5346	DONATE51/234PreviousPrev resultBack to searchNext resultNextSeveral times, during our conversation, in which you became very much in eamest, you repeated the sentence. "Oconsistency, thou art a jewell" I repeat the same with decided force to you. You say that Anna's visions place the forming ofthe image of the beast after probation closes. This is not so. You claim to believe the testimonies; let them set you right onthis point. The Lord has shown me clearly that the image of the beast will be formed before probation closes; for it is to bethe great test for thepeople of God. by which their eternal destiny will be decided.(SM. 8o 4)Your position is such a jumble(2SM 811)You have takenthe history of the disobedient prophet, as given in thOld Testament, and applied it to Sister White.You say she is perfectly honest, but thedeceived prophet. For this reason the testimonies of the Spirit of Godeffect on you Has the Lord opened to you or your daughter, your wife or your children, the disobedienceof Sistshe has walked contrary to God, will you show in what? My duty is to make plain statements of my position; for you
5352	DONATE51/234PreviousPrev resultBack to searchNext resultNextSeveral times, during our conversation, in which you became very much in earnest, you repeated the sentence, "Oconsistency. thou art a jewell" I repeat the same with decided force to you. You say that Anna's visions place the forming ofthe image of the beast afterprobation closes. This is not so. You claim to believe the testimonies; let them set you right onthis point. The Lord has shown me clearly that the image of the beast will be formed before probation closes; for it is to bethe great test for the people of God, by which their eternal destiny will be decided. (2SM B0.4)Your position is such a jumble(2SM 811)You have taken the history of the disobedient prophet, as given in theOld Testament, and applied it to Sister White.You say she is perfectly honest, but thedeceived prophet. For this reason the testimonies of the Spirit ofGod caeffect on you Has the Lord opened to you or your daughter, your wife or your children, the disobedienceof Sistshe has walked contrary to God, will you show in what? My duty is to make plain statements of my position; for you
5358	DONATEm.egwwnitings.org/en/book/7.490vH/wmage+of+the+beaxt+probaboniasrcy.doJkbowMaguabhcm/cyitcy.adwVyeakimitrWdwGixn/Hhoa *51/234PreviousPrev resultBack to searchNext resultNextSeveral times, during our conversation, in which you became very much in earnest, you repeated the sentence. "Oconsistency, thou art a jewell" I repeat the same with decided force to you. You say that Anna's visions place the forming ofthe image of the beastprobation closes. This is not so. You claim to believe the testimonies; let them set you right onthis point. The Lord has shown me clearty that the image of the beast will be formed before probation closes; for it is to bethe great test for the people of God. by which their eternal destiny will be decided. (2SM Bo 4)Your position is such a jumble of inconsistencies that but few will be deceived..(2SM 811}You have taken the history of the disobedient prophet, as given in thOld Testament, and applied it to Sister White.You say she is perfectly honest, but the deceived prophet. For this reason the testimonies of the Spirit of God ceffect on you Has the Lord opened to you or your daughter, your wife or your children, the disobedience of Sistshe has walked contrary to God, will you show in what? My duty is to make plain statements of my position; for you
5364	DONATE51/234PreviousPrev resultBack to searchNext resultNextSeveral times, during our conversation, in which you became very much in earnest, you repeated the sentence. "Oconsistency, thou art a jewell' I repeat the same with decided force to you. You say that Anna's visions place the forming ofthe image of the beast aftercloses. This is not so. You claim to believele testimonies; let them set you right onthis point. The Lord has shown me clearly that the image of the beast will be formed before probation closes; for it is to bethe great test for thepeople of God. by which their eternal destiny will be decided. (aSM B0.4)Your position is such a jumble(SM 811}You have taken the history of the disobedient prophet, as given inOld Testament, and applied it to Sister White.You say she is perfectly honest, but the deceived prophet. For this reason the testimonies of the Spirit of God caeffect on you Has the Lord opened to you or your daughter, your wife or your children, the disobedience of Sistshe has walked contrary to God, will you show in what? My duty is to make plain statements of my position; for you
5370	DONATEm.egwwritings.org/en/book/1/490/hwamage+df+the+beat+probabondos.cy.oJk2botMagunthom/icykcy.aowVyesx.mtrwdlcixm/Hhlo51/234PreviousPrev resultBack to searchNext resultNextSeveral times, during our conversation, in which you became very much in earnest, you repeated the sentence. "Oconsistency, thou art a jewell" I repeat the same with decided force to you. You say that Anna's visions place the forming ofthe image of the beastafter probation closes. This is not so. You claim to believe the testimonies; let them set you right onthis point. The Lord has shown me clearly that the image of the beast will be formed before probation closes; for it is to bethe great test for thepeople of God. by which their eternal destiny will be decided.(ESM BO.A)Your position is such a jumble(2SM 811)You have taken the history of the disobedient prophet, as given in thOld Testament, and applied it to Sister White.You say she is perfectly honest, but thedeceived prophet. For this reason the testimonies of the Spirit of God caeffect on you Has the Lord opened to you or your daughter, your wife or your children,the disobedienceofSistshe has walked contrary to God, will you show in what? My duty is to make plain statements of my position; for you
5376	DONATE51/234PreviousPrev resultBack to searchNext resultNextSeveral times, during our conversation, in which you became very much in earest, you repeated the sentence. "Oconsistency, thou art a jewell" I repeat the same with decided force to you. You say that Anna's visions place the forming ofthe image of the beast after probation closes. This is not so. You claim to believe the testimonies; let them set you right onthis point. The Lord has shown me clearly that the image of the beast will be formed before probation closes; for it is to bethe great test for the people of God, by which their eternal destiny will be decided.(2SM 8oA)Your position is such a jumble(2SM 811)You have taken the history of the disobedient prophet, as given in the Old Testament, and applied it to Sister White.You say she is perfectly honest, but thedeceived prophet. For this reason the testimonies of the Spirit of God caeffect on you Has the Lord opened to you or your daughter, your wife or your children, the disobedienceofSistshe has walked contrary to God, will you show in what? My duty is to make plain statements of my position; for you
5382	DONATE51/234PreviousPrev resultBack to searchNext resultNextSeveral times, during our conversation, in which you became very much in earnest, you repeated the sentence. "Oconsistency, thou art a jewell" I repeat the same with decided force to you. You say that Anna's visions place the forming ofthe image of the beast after probation closes. This is not so. You claim to believe the testimonies; let them set you right onthis point. The Lord has shown me clearty that the image of the beast will be formed before probation closes; for it is to bethe great test for the people of God. by which their eternal destiny will be decided.(PSM 804)Your position is such a jumble(2SM 811)You have taken the history of the disobedient prophet, as given inOld Testament, and applied it to Sister White.You say she is perfectly honest, but the deceived prophet. For this reason the testimonies of the Spirit of God caeffect on you Has the Lord opened to you or your daughter, your wife or your children, the disobedience of Sistshe has walked contrary to God, will you show in what? My duty is to make plain statements of my position; for you
5388	DONATE51/234PreviousPrev resultBack to searchNext resultNextSeveral times, during our conversation, in which you became very much in eamest, you repeated the sentence, *Oconsistency, thou art a jewell" I repeat the same with decided force to you. You say that Anna's visions place the forming ofthe image of the beast after probationcloses. This is not so. You claim to believe the testimonies; let them set you right onthis point. The Lord has shown me clearly that the image of the beast will be formed before probation closes; for it is to bethe great test for thepeople of God, by which their eternal destiny will be decided.(2SM. 804)Your position is such a jumble ‹(2SM 811)You have taken the history of the disobedient prophet, as given in thOld Testament. and applied it to Sister White.You say she is perfectly honest, but thedeceived prophet. For this reason thtestimonies of the Spirit of God caeffect on you Has the Lord opened to you or your daughter, your wife or your children, the disobedienceof Sistshe has walked contrary to God, will you show in what? My duty is to make plain statements of my position; for you
5394	DONATE51/234PreviousPrev resultBack to searchNext resultNextSeveral times, during our conversation, in which you became very much in earnest, you repeated the sentence, "Oconsistency, thou art a jewell" I repeat the same with decided force to you. You say that Anna's visions place the forming ofthe image of the beast afterprobation closes. This is not so. You claim to believe the testimonies; let them set you right onthis point. The Lord has shown me clearty that the image of the beast will be formed before probation closes; for it is to bethe great test for the people of God. by which their eternal destiny will be dacided.(2SM. Bo.4)Your position is such a jumble(SM 811}You have taken the history of the disobedient prophet, as given in the Old Testament, and applied it to Sister White,You say she is perfectly honest, but the deceived prophet. For this reason the testimonies of the Spirit of God caeffect on you Has the Lord opened to you or your daughter, your wife or your children, the disobedienceof Sistshe has walked contrary to God, will you show in what? My duty is to make plain statements of my position: for you
5400	DONATEm.egwwritings.org/en/book/1.490//mmage+of+the+beant+probabondas.cy/dbJkbo/Magusthcm/kcylcy.acwVytsmtrwd.cixniHtlo51/234PreviousPrev resultBack to searchNext resultNextSeveral times, during our conversation, in which you became very much in earnest, you repeated the sentence. "Oconsistency. thou art a jewell" I repeat the same with decided force to you. You say that Anna's visions place the forming ofthe image of the beast afterprobation closes. This is not so. You claim to believe the testimonies; let them set you right onthis point. The Lord has shown me clearty that the image of the beast will be formed before probation closes; for it is to bethe great test for the people of God. by which their eternal destiny will be decided.(2SM. 80.4)Your position is such a jumble(2SM 811)You have taken the history of the disobedient prophet, as given inOld Testament, and applied it to Sister White.You say she is perfectly honest, but the deceived prophet. For this reason the testimonies of the Spirit of God caeffect on you Has the Lord opened to you or your daughter, your wife or your children, the disobedienceSistshe has walked contrary to God, will you show in what? My duty is to make plain statements of my position: for you
5406	DONATEm.egwwnitngs.org/er/boot/1h1490%Hrmage-+d/+the+beant+probabondas.cy.dbJkhbotMagusthcm/icyltcyhowVyesaitimtrwdicexniH9lo51/234PreviousPrev resultBack to searchNext resultNextSeveral times, during our conversation, in which you became very much in earnest, you repeated the sentence. "Oconsistency, thou art a jewell" I repeat thesame with decided force to you. You say that Anna's visions place the forming ofthe image of the beast after probation closes. This is not so. You claim to believe the testimonies; let them set you right onthis point. The Lord has shown me clearly that the image of the beast will be formed before probation closes; for it is to bethe great test for the people off God, by which their eternal destiny will be decided.(aSM 804)Your position is such a jumble(SM 811)You have taken the history of the disobedient prophet, as given in thOld Testament, and applied it to Sister White.You say she is perfectly honest, but thedeceived prophet. For this reason the testimonies of the Spirit of God caeffect on you Has the Lord opened to you or your daughter, your wife or your children, the disobedienceof Sistshe has walked contrary to God, will you show in what? My duty is to make plain statements of my position: for youQUA 7OM
5412	DONATE51/234PreviousPrev resultBack to searchNext resultNextSeveral times, during our conversation, in which you became very much in earnest, you repeated the sentence, "Oconsistency, thou art a jewell" I repeat the same with decided force to you. You say that Anna's visions place the forming ofthe image of the beast after probation closes. This is not so. You claim to believe the testimonies; let them set you right onthis point. The Lord has shown me clearty that the image of the beast will be formed before probation closes; for it is to bethe great test for the people of God, by which their eternal destiny will be decided. (aSM 80 4)Your position is such a jumble(2SM 811}You have taken the history of the disobedient prophet, as given inOld Testament, and applied it to Sister White.You say she is perfectly honest, but thedeceived prophet. For this reason the testimonies of the Spirit of God ceffect on you Has the Lord opened to you or your daughter, your wife or your children, the disobedienceof Sistshe has walked contrary to God, will you show in what? My duty is to make plain statements of my position: for you
5418	DONATE51/234PreviousPrev resultBack to searchNext resultNextSeveral times, during our conversation, in which you became very much in eamest, you repeated the sentence, "Oconsistency. thou art a jewell" I repeat the same with decided force to you. You say that Anna's visions place the forming ofthe image of the beast after probationcloses. This is not so. You claim to believe the testimonies; let them set you right onthis point. The Lord has shown me clearty that the image of the beast will be formed before probation closes; for it is to bethe great test for the people of God, by which their eternal destiny will be dacided. (25M B0 4)Your position is such a jumbleinconsistencies that but few will be deceived... (2SM 811)You have taken the history of the disobedient prophet, as given in the Old Testament, and applied it to Sister White.You say she is perfectly honest, but the deceived prophet For this reason the testimonies of the Spirit of Godeffect on you Has the Lord opened to you or your daughter, your wife or your children, the disobedienceof Sistshe has walked contrary to God, will you show in what? My duty is to make plain statements of my position: for youGet a free copy of Miller's Rules Bookmark:bookmarks.amazingdiscoveries.org
5424	DONATEm.egwwritings.org/en/book/..490/Hmmage+o/+she+beast+probabonias.cy.oo)k/b0tMagusthon/tylkcyaowWyc.imtrwdoGfrn.Hhlo51/234PreviousPrev resultBack to searchNext resultNextSeveral times, during our conversation, in which you became very much in earnest, you repeated the sentence. "Oconsistency, thou art a jewell" I repeat the same with decided force to you. You say that Anna's visions place the forming ofthe image of the beast after probation closes. This is not so. You claim to believe the testimonies, let them set you right onthis point. The Lord has shown me clearty that the image of the beast will be formed before probation closes; for it is to bethe great test for the people of God, by which their eternal destiny will be decided. (2SM 804)Your position is such a jumbleinconsistences that hew will he decened.(2SM 811)You have taken the history of the disobedient prophet, as given in the Old Testament, and applied it to Sister White,You say she is perfectly honest, but the deceived prophet. For this reason the testimonies of the Spint of God ceffect on you Has the Lord opened to you or your daughter, your wife or your children, the disobedienceof Sistshe has walked contrary to God, will you show in what? My duty is to make plain statements of my position; for youGet a free copy of Miller's Rules Bookmark:bookmarks.amazingdiscoveries.org
5430	DONATEm.egwwnitingt.org/er/book/0.490%2/mmage+of+the+beant+probabondnsrcy.oJk/b0/Magusthom/icylcy.aowVyesimtrwd.cean/Hhlo51/234PreviousPrev resultBack to searchNext resultNextSeveral times, during our conversation, in which you became very much in earest, you repeated the sentence. "Oconsistency. thou art a jewell' I repeat the same with decided force to you. You say that Anna's visions place the forming ofthe image of the beast after probation closes. This is not so. You claim to believe the testimonies; let them set you right onthis point. The Lord has shown me clearly that the image of the beast will be formed before probation closes; for it is to bethe great test for the people of God, by which their eternal destiny will be dacided. (2SM 804)Your position is such a jumble ‹inconsistencies that but few will be deceived... 2SM 811)You have taken the history of the disobedient prophet, as given in thOld Testament, and applied it to Sister White.You say she is perfectly honest, but the deceived prophet. For this reason the testimonies of the Sprit of Godeffect on you. Has the Lord opened to you or your daughter, your wife or your children, the disobedienceof Sistshe has walked contrary to God, will you show in what? My duty is to make plain statements of my position: for youGet a free copy of Miller's Rules Bookmark:bookmarks.amazingdiscoveries.org
5436	DONATE51/234PreviousPrev resultBack to searchNext resultNextSeveral times, during our conversation, in which you became very much in earnest, you repeated the sentence, "Oconsistency. thou art a jewell" I repeat the same with decided force to you. You say that Anna's visions place the forming ofthe image of the beast after probationcloses. This is not so. You claim to believe the testimonies; let them set you right onthis point. The Lord has shown me clearly that the image of the beast will be formed before probation closes; for it is to bethe great test for the people of God, by which their eternal destiny will be decided. (2SM B0.4)Your position is such a jumble(2SM 811)You have taken the history of the disobedient prophet, as given in theOld Testament, and applied it to Sister White.You say she is perfectly honest, but the deceived prophet. For this reason the testimonies of the Spirit of Godeffect on you. Has the Lord opened to you or your daughter, your wife or your children, the disobedienceof Sistshe has walked contrary to God, will you show in what? My duty is to make plain statements of my position: for youGet a free copy of Miller's Rules Bookmark:bookmarks.amazingdiscoveries.org
5442	DONATEm.egwwnitngs.org/en/book/r450/mmage+of+the+beant+probabonoat.cy.oJkbowMaguinbhom/scyiccyaowWyeskamtrwdiciam/Hiko51/234PreviousPrev resultBack to searchNext resultNextSeveral times, during our conversation, in which you became very much in earest, you repeated the sentence, "Oconsistency, thou art a jewell" I repeat the same with decided force to you. You say that Anna's visions place the forming ofthe image of the beast after probation closes. This is not so. You claim to believe the testimonies; let them set you right onthis point. The Lord has shown me clearly that the image of the beast will be formed before probation closes; for it is to bethe great test for the people of God, by which their eternal destiny will be dacided. (25M B04)Your position is such a jumble of inconsistencies that but few will be deceived.. (2SM 811)You have taken the history of the disobedient prophet, as given in the Old Testament, and applied it to Sister White.You say she is perfectly honest, but the deceived prophet. For this reason the testimonies of the Spirit of God ceffect on you Has the Lord opened to you or your daughter, your wife or your children, the disobedienceSistshe has walked contrary to God, will you show in what? My duty is to make plain statements of my position; for youGet a free copy of Miller's Rules Bookmark:bookmarks.amazingdiscoveries.org
5448	DONATEm.eqwwnitingt.org/er/book/7.490wHrmage-+o/+the+beat+probatondas.ey.doJk2boMagunbhom//scyltcy.adwWyeakamtrWdwcom/Htlo51/234PreviousPrev resultBack to searchNext resultNextSeveral times, during our conversation, in which you became very much in eamest, you repeated the sentence. "Oconsistency, thou art a jewell' i repeat the same with decided force to you. You say that Anna's visions place the forming ofthe image of the beastprobation closes. This is not so. You claim to believe the testimonies; let them set you right onthis point. The Lord has shown me clearly that the image of the beast will be formed before probation closes; for it is to bethe great test for thepeople of God. by which their eternal destiny will be decided. (25M 80 4)Your position is such a jumble(2SM 811}You have taken the history of the disobedient prophet, as given in the Old Testament, and applied it to Sister White.You say she is perfectly honest, but thedeceived prophet. For this reason the testimonies of the Spirit of God caeffect on you Has the Lord opened to you or your daughter, your wife or your children, the disobedienceSistshe has walked contrary to God, will you show in what? My duty is to make plain statements of my position; for you
5454	DONATE51/234PreviousPrev resultBack to searchNext resultNextSeveral times, during our conversation, in which you became very much in eamest, you repeated the sentence, "Oconsistency, thou art a jewell" I repeat the same with decided force to you. You say that Anna's visions place the forming ofthe image of the beastafter probation closes. This is not so. You claim to believe the testimonies; let them set you right onthis point. The Lord has shown me clearty that the image of the beast will be formed before probation closes; for it is to bethe great test for the people of God, by which their eternal destiny will be decided.(2SM.B0.4)Your position is such a jumble(2SM 811)You have taken the history of the disobedient prophet, as given in thOld Testament, and applied it to Sister White.You say she is perfectly honest, but thedeceived prophet. For this reason the testimonies of the Spirit of God ceffect on you Has the Lord opened to you or your daughter, your wife or your children, the disobedienceSistshe has walked contrary to God, will you show in what? My duty is to make plain statements of my position; for youQuA. 701
5460	DONATE51/234PreviousPrev resultBack to searchNext resultNextSeveral times, during our conversation, in which you became very much in earnest, you repeated the sentence, "Oconsistency, thou art a jewell" I repeat the same with decided force to you. You say that Anna's visions place the forming ofthe image of the beast after probation closes. This is not so. You claim to believe the testimonies; let them set you right onthis point. The Lord has shown me clearly that the image of the beast will be formed before probation closes; for it is to bethe great test for the people of God, by which their eternal destiny will be decided. (2SM 804)Your position is such a jumble(2SM 811)You have taken the history of the disobedient prophet, as given inOld Testament, and applied it to Sister White.You say she is perfectly honest, but thedeceived prophet. For this reason the testimonies of the Spirit of God caeffect on you Has the Lord opened to you or your daughter, your wife or your children, the disobedienceofSistshe has walked contrary to God, will you show in what? My duty is to make plain statements of my position; for you2 CA. 20N
5466	DONATEm.egwwnitingt.org/en/book/7.490wtmmage+d/+the+beatt+probabonias.cy.dbJk~bo/Magunbhcm/icylcy.adwVyeskamtrWdsGom.Hklo51/234PreviousPrev resultBack to searchNext resultNextSeveral times, during our conversation, in which you became very much in earnest, you repeated the sentence, "Oconsistency, thou art a jewell" I repeat the same with decided force to you. You say that Anna's visions place the forming ofthe image of the beastprobation closes. This is not so. You claim to believe the testimonies; let them set you right onthis point. The Lord has shown me clearty that the image of the beast will be formed before probation closes; for it is to bethe great test for the people of God, by which their eternal destiny will be decided.(2SM Bo.A)Your position is such a jumble(2SM 811)You have taken the history of the disobedient prophet, as given in the Old Testament, and applied it to Sister White.You say she is perfectly honest, but thedeceived prophet. For this reason the testimonies of the Spirit of God caeffect on you Has the Lord opened to you or your daughter, your wife or your children,the disobedience of Sistshe has walked contrary to God, will you show in what? My duty is to make plain statements of my position; for youQuAl
5472	DONATE51/234PreviousPrev resultBack to searchNext resultNextSeveral times, during our conversation, in which you became very much in eamest, you repeated the sentence. "Oconsistency, thou art a jewell" I repeat the same with decided force to you. You say that Anna's visions place the forming ofthe image of the beastafterprobation closes. This is not so. You claim to believe the testimonies; let them set you right onthis point. The Lord has shown me clearly that the image of the beast will be formed before probation closes; for it is to bethe great test for thepeople of God. by which their eternal destiny will be decided. (2SM 80.A)Your position is such a jumble(2SM 811)You have taken the history of the disobedient prophet, as given in thOld Testament. and applied it to Sister White,You say she is perfectly honest, but the deceived prophet. For this reason the testimonies of the Spirit of God ceffect on you Has the Lord opened to you or your daughter, your wife or your children, the disobedience ofSistshe has walked contrary to God, will you show in what? My duty is to make plain statements of my position; for you2 LA- 70M
5478	DONATE51/234PreviousPrev resultBack to searchNext resultNextSeveral times, during our conversation, in which you became very much in eamest, you repeated the sentence, 'Oconsistency, thou art a jewell' I repeat the same with decided force to you. You say that Anna's visions place the forming ofthe image of the beast after probation closes. This is not so. You claim to believe the testimonies; let them set you right onthis point. The Lord has shown me clearly that the image of the beast will be formed before probation closes; for it is to bethe great test for the people of God. by which their eternal destiny will be decided. (2SM B0-4)Your position is such a jumble of inconsistencies that but few will be deceived..(2SM 811)You have taken the history of the disobedient prophet, as given in theOld Testament, and applied it to Sister White,You say she is perfectly honest, but the deceived prophet. For this reason the testimonies of the Spirit of God ceffect on you Has the Lord opened to you or your daughter, your wife or your children, the disobedienceofSistshe has walked contrary to God, will you show in what? My duty is to make plain statements of my position: for you2шA. 10M
5484	DONATEm.egwwritings.org/er/book/n.4909Hmage+df+the+beant+probabontas.cy.dbJkhbo/Magunthom/icylcy.xowVyesabim/trwdsc/xm/k9lo51/234PreviousPrev resultBack to searchNext resultNextSeveral times, during our conversation, in which you became very much in earnest, you repeated the sentence, "Oconsistency, thou art a jewell" I repeat thesame with decided force to you. You say that Anna's visions place the forming ofthe image of the beastafterprobation closes. This is not so. You claim to believe the testimonies; let them set you right onthis point. The Lord has shown me clearty that the image of the beast will be formed before probation closes; for it is to bethe great test for thepeople of God. by which their eternal destiny will be decided.(25M 804)Your position is such a jumble(2SM 811)You have taken the history of the disobedient prophet, as given in theOld Testament, and applied it to Sister White.You say she is perfectly honest, but thedeceived prophet. For this reason thetestimonies of the Spirit of God ceffect on you Has the Lord opened to you or your daughter, your wife or your children, the disobedienceSistshe has walked contrary to God, will you show in what? My duty is to make plain statements of my position; for you2 LA. 7OM
5490	DONATE51/234PreviousPrev resultBack to searchNext resultNextSeveral times, during our conversation, in which you became very much in earnest, you repeated the sentence, "Oconsistency. thou art a jewell" I repeat the same with decided force to you. You say that Anna's visions place the forming ofthe image of the beastprobation closes. This is not so. You claim to betieve the testimonies; let them set you right onthis point. The Lord has shown me clearly that the image of the beast will be formed before probation closes; for it is to bethe great test for the people of God. by which their eternal destiny will be decided. (2SM.80.A)Your position is such a jumble(2SM 811)You have taken the history of the disobedient prophet, as given in thOld Testament, and applied it to Sister White.You say she is perfectly honest, but thedeceived prophet. For this reason thetestimonies of the Spirit of God caeffect on you Has the Lord opened to you or your daughter, your wife or your children, the disobedienceof Sistshe has walked contrary to God, will you show in what? My duty is to make plain statements of my position; for you
5496	DONATE51/234PreviousPrev resultBack to searchNext resultNextSeveral times, during our conversation, in which you became very much in earest, you repeated the sentence. "Oconsistency, thou art a jewell" I repeat thesame with decided force to you. You say that Anna's visions place the forming ofthe image of the beastaftercloses. This is not so. You claim to believe the testimonies; let them set you right onthis point. The Lord has shown me clearty that the image of the beast will be formed before probation closes; for it is to bothe great test for the people of God, by which their eternal destiny will be decided. (2SM 804)Your position is such a jumble(2SM 811)You have taken the history of the disobedient prophet, as given in theOld Testament, and applied it to Sister White.You say she is perfectly honest, but the deceived prophet. For this reason the testimonies of the Spirit of God caeffect on you. Has the Lord opened to you or your daughter, your wife or your children, the disobedienceSistshe has walked contrary to God, will you show in what? My duty is to make plain statements of my position: for you2 LA. TOM
5502	DONATEm.egwanitings.org/m/book/7.490/Hmage-+d/+the+beant+probatondas.ey/dojkbotMaguinthom/icyltcyowWyestimtrwdiGim/H9o51/234PreviousPrev resultBack to searchNext resultNextSeveral times, during our conversation, in which you became very much in earnest, you repeated the sentence, "Oconsistency, thou art a jewell" I repeat the same with decided force to you. You say that Anna's visions place the forming ofthe image of the beast after probation closes. This is not so. You claim to believe the testimonies; let them set you right onthis point. The Lord has shown me clearly that the image of the beast will be formed before probation closes; for it is to bethe, great test for the people of God, by which their eternal destiny will be decided.(2SM. BO.4)Your position is such a jumble(2SM 811)You have taken the history of the disobedient prophet, as given in the Old Testament, and applied it to Sister White.You say she is perfectly honest, but thedeceived prophet. For this reason the testimonies of the Spirit of God caeffect on you. Has the Lord opened to you or your daughter, your wife or your children, the disobedienceofSistshe has walked contrary to God, will you show in what? My duty is to make plain statements of my position: for youQUA. DON
5508	DONATEm.eqwwnitings.org/en/book/7.490%Hrmage +of+the+beast+probabonias.cy.ooJkhbotMagunt.hcm/kykcy.aowVyeakamitrwdtcixm/Hhlo51/234PreviousPrev resultBack to searchNext resultNextSeveral times, during our conversation, in which you became very much in earnest, you repeated the sentence. "Oconsistency. thou art a jewell" I repeat the same with decided force to you. You say that Anna's visions place the forming ofthe image of the beast afterprobation closes. This is not so. You claim to believe the testimonies; let them set you right onthis point. The Lord has shown me clearly that the image of the beast will be formed before probation closes: for it is to bethe great test for thepeople of God. by which their eternal destiny will be decided. (25M B0.4)Your position is such a jumble(2SM 811)You have taken the history of the disobedient prophet, as given in the Old Testament, and applied it to Sister White.You say she is perfectly honest, but the deceived prophet. For this reason the testimonies of the Spirit of Godeffect on you Has the Lord opened to you or your daughter, your wife or your children, the disobedienceof Sistshe has walked contrary to God, will you show in what? My duty is to make plain statements of my position; for you
5514	DONATE. *51/234PreviousPrev resultBack to searchNext resultNextSeveral times, during our conversation, in which you became very much in earest, you repeated the sentence. "Oconsistency, thou art a jewell" I repeat the same with decided force to you. You say that Anna's visions place the forming ofthe image of the beastprobation closes. This is not so. You claim to believe the testimonies, let them set you right onthis point. The Lord has shown me clearty that the image of the beast will be formed before probation closes; for it is to bethe great test for thepeople of God. by which their eternal destiny will be decided. (2SM 804)Your position is such a jumble(2SM 811}You have taken the history of the disobedient prophet, as given inOld Testament, and applied it to Sister White.You say she is perfectly honest.but thedeceived prophet. For this reason the testimonies of the Spirit of God caeffect on you Has the Lord opened to you or your daughter, your wife or your children, the disobedience of Sistshe has walked contrary to God, will you show in what? My duty is to make plain statements of my position: for you
5520	DONATEm.egwwnitings.org/cr/book/1.450/wmage+o/+the+beant+probabonbas.ey.bbJk2b0/Magusbhom/icylcyadwVyesskimtrwdtGixm.H9lo51/234PreviousPrev resultBack to searchNext resultNextSeveral times, during our conversation, in which you became very much in earnest, you repeated the sentence. *Oconsistency, thou art a jewell' I repeat the same with decided force to you. You say that Anna's visions place the forming ofthe image of the beast after probation closes. This is not so. You claim to believe the testimonies; let them set you right onthis point. The Lord has shown me clearty that the image of the beast/ will be formed before probation| closes: for it is to be-the great test for the people of God, by which their eternal destiny will be decided.(2SM Bo.A)Your position is such a jumbleinconsistencies that but few will be decerved... 2SM 811You have taken the history of the disobedient prophet, as given in the Old Testament, and applied it to Sister White.You say she is perfectly honest, but the deceived prophet. For this reason the testimonies of the Spirit of God caeffect on you Has the Lord opened to you or your daughter, your wife or your children, the disobedienceSistshe has walked contrary to God, will you show in what? My duty is to make plain statements of my position: for youOur Daniel 11 Study Guide will be released very soon.Register at finalcountdown.amazingdiscoveries.org to be notified.
5526	DONATE51/234PreviousPrev resultBack to searchNext resultNextSeveral times, during our conversation, in which you became very much in earnest, you repeated the sentence, "Oconsistency, thou art a jewell" I repeat the same with decided force to you. You say that Anna's visions place the forming ofthe image of the beast after probation closes. This is not so. You claim to believe the testimonies; let them set you right onthis point. |The| Lord has shown me clearty that the image of the beast| will be formed before probation| closes: for it is to be-the great test for the people of God, by which their eternal destiny will be decided. (2SM B0,4)Your position is such a jumbleinconsistencies that but few will be deceived.. (2SM 81.1You have taken the history of the disobedient prophet, as given in the Old Testament, and applied it to Sister White.You say she is perfectly honest, but the deceived prophet For this reason the testimonies of the Spirit of God caeffect on you Has the Lord opened to you or your daughter, your wife or your children, the disobedience of Sistshe has walked contrary to God, will you show in what? My duty is to make plain statements of my position: for youOur Daniel 11 Study Guide will be released very soon.Register at finalcountdown.amazingdiscoveries.org to be notified.
5532	DONATE51/234PreviousPrev resultBack to searchNext resultNextSeveral times, during our conversation, in which you became very much in eamest, you repeated the sentence, 'Oconsistency, thou art a jewell" I repeat the same with decided force to you. You say that Anna's visions place the forming ofthe image of the beast after probation closes. This is not so. You claim to believe the testimonies; let them set you right onthis point. [Thej Lord has shown me clearty that (the image of the beast| will be formod before |probation| closes: for it is to be-the great test for the) people (ofj God, by which their eternal destiny will be decided.(2SM 80.4)Your position is such a jumbleinconsistencies that but few will be deceived.. 2SM 811You have taken the history of the disobedient prophet, as given in the Old Testament, and applied it to Sister White.You say she is perfectly honest, but the deceived prophet. For this reason the testimonies of the Spirit of God caeffect on you Has the Lord opened to you or your daughter, your wife or your children, the disobedienceSistshe has walked contrary to God, will you show in what? My duty is to make plain statements of my position; for youOur Daniel 11 Study Guide will be released very soon.Register at finalcountdown.amazingdiscoveries.org to be notified.
5538	DONATE51/234PreviousPrev resultBack to searchNext resultNextSeveral times, during our conversation, in which you became very much in earnest, you repeated the sentence. "Oconsistency, thou art a jewell' I repeat the same with decided force to you You say that Anna's visions place the forming ofthe image of the beast after probation closes. This is not so. You claim to believe the testimonies; let them set you right onthis point. The Lord has shown me clearly that the image of the beast will be formed before probation closes; for it is to bethe great test for the people of God, by which their eternal destiny will be decided. (2SM 804)Your position is such a jumbleinconsistencies that but few will be decerved.. 2SM 811You have taken the history of the disobedient prophet, as given in the Old Testament, and applied it to Sister White.You say she is perfectly honest, but the deceived prophet. For this reason the testimonies of the Spirit of God caeffect on you Has the Lord opened to you or your daughter, your wife or your children, the disobedienceSistshe has walked contrary to God, will you show in what? My duty is to make plain statements of my position; for youOur Daniel 11 Study Guide will be released very soon.Register at finalcountdown.amazingdiscoveries.org to be notified.
5544	DONATE51/234PreviousPrev resultBack to searchNext resultNextSeveral times, during our conversation, in which you became very much in eamest, you repeated the sentence, "Oconsistency, thou art a jewell" I repeat the same with decided force to you. You say that Anna's visions place the forming ofthe image of the beast after probation closes. This is not so. You claim to believe the testimonies; let them set you right onthis point The Lord has shown me clearty that the image of the beast| will be formed before probation| closes for it is to be-the great test for the people of God, by which their eternal destiny will be decided.(SM B0.4)Your position is such a fumble of inconsistencies that but few will be decerved...(2SM 811)You have taken the history of the disobedient prophet, as given in the Old Testament, and applied it to Sister White.You say she is perfectly honest, but the deceived prophet. For this reason the testimonies of the Spirit of God caeffect on you Has the Lord opened to you or your daughter, your wife or your children, the disobedienceof Sistshe has walked contrary to God, will you show in what? My duty is to make plain statements of my position: for youOur Daniel 11 Study Guide will be released very soon.Register at finalcountdown.amazingdiscoveries.org to be notified.
5550	DONATE51/234PreviousPrev resultBack to searchNext resultNextSeveral times, during our conversation, in which you became very much in earnest, you repeated the sentence. "Oconsistency, thou art a jewell" I repeat the same with decided force to you. You say that Anna's visions place the forming ofthe image of the beast after probation closes. This is not so. You claim to believe the testimonies; let them set you right onthis point Tho/ Lord has shown me clearty that the image of the beast| will be formod before probation| closes, for it is to be-the great test for the people of God, by which their eternal destiny will be decided.(2SM Bo.4)Your position is such a jumble of inconsistencies that but few will be decerved...(2SM 811)You have taken the history of the disobedient prophet, as given in the Old Testament, and applied it to Sister White.You say she is perfectly honest, but the deceived prophet. For this reason the testimonies of the Spirit of God caeffect on you Has the Lord opened to you or your daughter, your wife or your children,the disobedienceof Sistshe has walked contrary to God, will you show in what? My duty is to make plain statements of my position: for youOur Daniel 11 Study Guide will be released very soon.Register at finalcountdown.amazingdiscoveries.org to be notified.
5556	DONATE51/234PreviousPrev resultBack to searchNext resultNextSeveral times, during our conversation, in which you became very much in earnest, you repeated the sentence, "Oconsistency, thou art a jewell" I repeat the same with decided force to you. You say that Anna's visions place the forming ofthe image of the beast after probation closes. This is not so. You claim to believe the testimonies; let them set you right onthis point. The Lord has shown me clearty that the image of the beast will be formed before probation closes; for it is to bethe great test for the people of God. by which their eternal destiny will be decided. (SM 80.4)Your position is such a jumble(2SM 811)You have taken the history of the disobedient prophet, as given in the Old Testament, and applied it to Sister White.You say she is perfectly honest, but the deceived prophet For this reason the testimonies of the Spirit of God c 1effect on you Has the Lord opened to you or your daughter, your wife or your children,the disobedienceofSistshe has walked contrary to God, will you show in what? My duty is to make plain statements of my position; for you
5562	DONATE51/234PreviousPrev resultBack to searchNext resultNextSeveral times, during our conversation, in which you became very much in earnest, you repeated the sentence, "Oconsistency. thou art a jewell" I repeat the same with decided force to you. You say that Anna's visions place the forming ofthe image of the beast after probation closes. This is not so. You claim to believe the testimonies; let them set you right onthis point. The Lord has shown me clearly that the image of the beast will be formed before probation closes; for it is to bethe great test for the people of God, by which their eternal destiny will be decided.(2SM 804)Your position is such a fumble of inconsistencies that but few will be deceived.(SM 811)You have taken the history of the disobedient prophet, as given inOld Testament. and applied it to Sister White.You say she is perfectly honest, but the deceived prophet. For this reason the testimonies of the Spirit of God caeffect on you Has the Lord opened to you or your daughter, your wife or your children,the disobedienceofSistshe has walked contrary to God, will you show in what? My duty is to make plain statements of my position: for you
5568	DONATE51/234PreviousPrev resultBack to searchNext resultNextSeveral times, during our conversation, in which you became very much in earest, you repeated the sentence. "Oconsistency. thou art a jewell" I repeat the same with decided force to you. You say that Anna's visions place the forming ofthe image of the beastafter probation closes. This is not so. You claim to believe the testimonies; let them set you right onthis point.The Lord has shown me clearly that the image of the beast will be formed before probation closes; for it is to bethe great test for thepeople of God. by which their eternal destiny will be decided. (2SM 804)Your position is such a jumble(2SM 811)You have taken the history of the disobedient prophet, as given inOld Testament, and applied it to Sister White.You say she is perfectly honest, but thedeceived prophet. For this reason thtestimonies of the Spirit of God caeffect on you Has the Lord opened to you or your daughter, your wife or your children, the disobedience of Sistshe has walked contrary to God, will you show in what? My duty is to make plain statements of my position: for you
5574	DONATEm.egwwntings.org/m/book/s.494wHmsmage+of+the+beint+probaboodas.cy.coJkb0/tMagunbhcm/kykcyaowWyeskimtrwdscixn/Hhlo51/234PreviousPrev resultBack to searchNext resultNextSeveral times, during our conversation, in which you became very much in eamest, you repeated the sentence, "Oconsistency, thou art a jewell" I repeat the same with decided force to you. You say that Anna's visions place the forming ofthe image of the beastafterprobation closes. This is not so. You claim to believe the testimonies; let them set you right onthis point. The Lord has shown me clearly that the image of the beast will be formed before probation closes; for it is to bethe great test for the people of God, by which their eternal destiny will be decided. (25M 804)Your position is such a jumble(ESM 811)You have taken the history of the disobedient prophet, as given inOld Testament, and applied it to Sister White.You say she is perfectly honest.but thedeceived prophet. For this reason thetestimonies of the Spirit of God ceffect on you Has the Lord opened to you or your daughter, your wife or your children, the disobedienceofSistshe has walked contrary to God, will you show in what? My duty is to make plain statements of my position; for you
5580	DONATE51/234PreviousPrev resultBack to searchNext resultNextSeveral times, during our conversation, in which you became very much in earest, you repeated the sentence. "Oconsistency, thou art a jewell" I repeat the same with decided force to you. You say that Anna's visions place the forming ofthe image of the beastprobation closes. This is not so. You claim to believe the testimonies; let them set you right onthis point. The Lord has shown me clearly that the image of the beast will be formed before probation closes; for it is to bethe great test for thepeople of God, by which their eternal destiny will be decided.(2SM.80 A)Your position is such a jumbleor incorisisterices that outrew will de deceived..(2SM 811)You have taken the history of the disobedient prophet, as given in thOld Testament, and applied it to Sister White.You say she is perfectly honest, but thedeceived prophet. For this reason the testimonies of the Spirit of God caeffect on you Has the Lord opened to you or your daughter, your wife or your children, the disobedience of Sistshe has walked contrary to God, will you show in what? My duty is to make plain statements of my position; for you
5586	DONATEmegwwnitings.org/er/book/1.490%Hrmage+of+the+beant+probation.as.ey.dbJkboMagunthom/cykcy.kowVyesximitrwd.Gum/Hhlo51/234PreviousPrev resultBack to searchNext resultNextSeveral times, during our conversation, in which you became very much in earnest, you repeated the sentence. "Oconsistency, thou art a jewell' I repeat the same with decided force to you. You say that Anna's visions place the forming ofthe image of the beastprobation closes. This is not so. You claim to believe the testimonies; let them set you right onthis point. The Lord has shown me clearty that the image of the beast will be formed before probation closes; for it is to bethe great test for thepeople of God. by which their eternal destiny will be decided. (2SM Bo4)Your position is such a jumbleinconsistences that outrew will be deceived.(2SM 811)You have taken the history of the disobedient prophet, as given in thOld Testament, and applied it to Sister White.You say she is perfectly honest, but the deceived prophet. For this reason the testimonies of the Spirit of God 1effect on you Has the Lord opened to you or your daughter, your wife or your children, the disobedienceSistshe has walked contrary to God, will you show in what? My duty is to make plain statements of my position; for you
5592	DONATE51/234PreviousPrev resultBack to searchNext resultNextSeveral times, during our conversation, in which you became very much in earest, you repeated the sentence, "Oconsistency, thou art a jewell" I repeat thesame with decided force to you. You say that Anna's visions place the forming ofthe image of the beastaftercloses. This is not so. You claim to believe the testimonies; let them set you right onthis point. The Lord has shown me clearty that the image of the beast will be formed before probation closes; for it is to bethe great test for thepeople of God. by which their eternal destiny will be decided.(2SM 80.4)Your posidon is such a umole(2SM 811)You have takenhistory of the disobedient prophet, as given in thOld Testament, and applied it to Sister White.You say she is perfectly honest, but thedeceived prophet. For this reason the testimonies of the Spirit ofGod caeffect on you Has the Lord opened to you or your daughter, your wife or your children.the disobedienceSistshe has walked contrary to God, will you show in what? My duty is to make plain statements of my position; for you
5598	DONATE51/234PreviousPrev resultBack to searchNext resultNextSeveral times, during our conversation, in which you became very much in earnest, you repeated the sentence, "Oconsistency, thou art a jewell" I repeat thesame with decided force to you. You say that Anna's visions place the forming ofthe image of the beastprobation closes. This is not so. You claim to believe the testimonies; let them set you right onthis point. The Lord has shown me clearly that the image of the beast will be formed before probation closes; for it is to bethe great test forthepeople of God. by which their eternal destiny will be decided. (2SM B0.4)Your position is such a jumble(2SM 811)You have taken the history of the disobedient prophet, as given inOld Testament, and applied it to Sister White.You say she is perfectly honest, but thedeceived prophet. For this reason thetestimonies of the Spirit of God ceffect on you Has the Lord opened to you or your daughter, your wife or your children, the disobedienceofSistshe has walked contrary to God, will you show in what? My duty is to make plain statements of my position; for you
5604	DONATE51/234PreviousPrev resultBack to searchNext resultNextSeveral times, during our conversation, in which you became very much in earnest, you repeated the sentence, "Oconsistency, thou art a jewell" I repeat the same with decided force to you. You say that Anna's visions place the forming ofthe image of the beastafterprobation closes. This is not so. You claim to believe the testimonies, let them set you right onthis point. The Lord has shown me clearly that the image of the beast will be formed before probation closes; for it is to bethe great test for the people of God. by which their eternal destiny will be decided. (2SM Bo 4)Your position is such a jumble(2SM 811)You have taken the history of the disobedient prophet, as given in the Old Testament, and applied it to Sister White.You say she is perfectly honest, but the deceived prophet. For this reason the testimonies of the Spirit of God caeffect on you Has the Lord opened to you or your daughter, your wife or your children, the disobedienceSistshe has walked contrary to God, will you show in what? My duty is to make plain statements of my position: for you
5610	DONATEm.egwwritings.org/en/book/7.490/tmmage-+o/+the+beast+probationtas.cy.dbJk/bc/Wzguinbhon/icyltcyaowVyeskcimtrWdscrxn.Hhlo.51/234PreviousPrev resultBack to searchNext resultNextSeveral times, during our conversation, in which you became very much in earnest, you repeated the sentence, "Oconsistency, thou art a jewell" I repeat the same with decided force to you. You say that Anna's visions place the forming ofthe image of the beastprobation closes. This is not so. You claim to believe thle testimonies; let them set you right onthis point. The Lord has shown me clearty that the image of the beast will be formed before probation closes; for it is to bethe great test for thepeople of God. by which their eternal destiny will be decided.(2SM BOA)Your position is such a jumbleinconsisteries that outrew will be deceived.(2SM 811)You have taken the history of the disobedient prophet, as given in thOld Testament, and applied it to Sister White.You say she is perfectly honest, but thedeceived prophet. For this reason the testimonies of the Spirit of God caeffect on you. Has the Lord opened to you or your daughter, your wife or your children, the disobedienceof Sistshe has walked contrary to God, will you show in what? My duty is to make plain statements of my position; for you
5616	DONATE51/234PreviousPrev resultBack to searchNext resultNextSeveral times, during our conversation, in which you became very much in earnest, you repeated the sentence. "Oconsistency, thou art a jewell" I repeat the same with decided force to you. You say that Anna's visions place the forming ofthe image of the beast aftercloses. This is not so. You claim to believe the testimonies; let them set you right onthis point. The Lord has shown me clearly that the image of the beast will be formed before probation closes; for it is to bethe great test for the people of God, by which their eternal destiny will be decided.(SM. Bo 4)Your position is such a fumble of inconsistencies that but few will be deceived..(2SM 811)You have taken the history of the disobedient prophet, as given in the Old Testament, and applied it to Sister White.You say she is perfectly honest, but thedeceived prophet. For this reason the testimonies of the Spirit of God caeffect on you Has the Lord opened to you or your daughter, your wife or your children, the disobedience of Sistshe has walked contrary to God, will you show in what? My duty is to make plain statements of my position: for you
5622	DONATEm.egwwritings.org/er/book/7.490whmmage+o/+the+beast+probabon.im.cykb/kbo/Mzgunthcm/lcylcyadwVyesiimtrwdiGom/H9lo51/234PreviousPrev resultBack to searchNext resultNextSeveral times, during our conversation, in which you became very much in earnest, you repeated the sentence, "Oconsistency. thou art a jewell" I repeat the same with decided force to you. You say that Anna's visions place the forming ofthe image of the beast afterprobation closes. This is not so. You claim to believe the testimonies; let them set you right onthis point. The Lord has shown me clearty that the image of the beast will be formed before probation closes; for it is to bethe great test for the people of God, by which their eternal destiny will be decided.(25M. BO.4)Your position is such a jumble(2SM 811)You have taken thhistory of the disobedient prophet, as given in thOld Testament, and applied it to Sister White.You say she is perfectly honest, but the deceived prophet. For this reason the testimonies of the Spirit of Godeffect on you Has the Lord opened to you or your daughter, your wife or your children, the disobedienceof Sistshe has walked contrary to God, will you show in what? My duty is to make plain statements of my position: for you
5628	DONATE51/234PreviousPrev resultBack to searchNext resultNextSeveral times, during our conversation, in which you became very much in eamest, you repeated the sentence, "Oconsistency, thou art a jewell" I repeat thesame with decided force to you. You say that Anna's visions place the forming ofthe image of the beastcloses. This is not so. You claim to believe the testimonies; let them set you right onthis point. The Lord has shown me clearly that the image of the beast will be formed before probation closes; for it is to bethe great test for thepeople of God. by which their eternal destiny will be decided.(2SM 8o.4)Your position is such a jumble(2SM 811)You have taken the history of the disobedient prophet, as given in thOld Testament, and applied it to Sister White.You say she is perfectly honest, but thedeceived prophet. For this reason thetestimonies of the Spirit of God Caeffect on you. Has the Lord opened to you or your daughter, your wife or your children,the disobedience of Sistshe has walked contrary to God, will you show in what? My duty is to make plain statements of my position: for you
5634	DONATEm.egwwnitings.org/er/book/7.490/h/smage+df+the+beant+probabontas.cy.bJk2bolMagunbhom/cyltcyaowVyeskimtrwd.cixm/Hho51/234PreviousPrev resultBack to searchNext resultNextSeveral times, during our conversation, in which you became very much in earnest, you repeated the sentence. "Oconsistency. thou art a jewell" I repeat the same with decided force to you. You say that Anna's visions place the forming ofthe image of the beast after probation closes. This is not so. You claim to believe the testimonies; let them set you right onthis point. The Lord has shown me clearly that the image of the beast will be formed before probation closes; for it is to bethe great test for the people of God, by which their eternal destiny will be decided. (2SM BO.A)Your position is such a jumble(2SM 811}You have taken the history of the disobedient prophet, as given in theOld Testament, and applied it to Sister White.You say she is perfectly honest, but thedeceived prophet. For this reason the testimonies of the Spirit of God caeffect on you Has the Lord opened to you or your daughter, your wife or your children, the disobedienceSistshe has walked contrary to God, will you show in what? My duty is to make plain statements of my position; for you
5640	DONATEm.egwwnitings.org/er/book/7.490%Hmmage+o/+the+beast+probationoat.cydo.k20o/Magunthom/icylcyadwVyesmtrwd.gikm.hho51/234PreviousPrev resultBack to searchNext resultNextSeveral times, during our conversation, in which you became very much in earnest, you repeated the sentence, "Oconsistency, thou art a jewell" I repeat the same with decided force to you. You say that Anna's visions place the forming ofthe image of the beast afterprobation closes. This is not so. You claim to believe the testimonies; let them set you right onthis point. The Lord has shown me clearty that the image of the beast will be formed before probation closes: for it is to bethe) great test for the people of God. by which their eternal destiny will be decided. (25M. 80.4)Your position is such a jumble(2SM 811)You have taken the history of the disobedient prophet, as given inOld Testament, and applied it to Sister White.You say she is perfectly honest, but thedeceived prophet. For this reason the testimonies of the Spirit of God caeffect on you Has the Lord opened to you or your daughter, your wife or your children, the disobedienceSistshe has walked contrary to God, will you show in what? My duty is to make plain statements of my position: for you
5646	DONATE51/234PreviousPrev resultBack to searchNext resultNextSeveral times, during our conversation, in which you became very much in earest, you repeated the sentence. "Oconsistency, thou art a jewell" I repeat thesame with decided force to you. You say that Anna's visions place the forming ofthe image of the beastcloses. This is not so. You claim to believe the testimonies; let them set you right onthis point. The Lord has shown me clearly that the image of the beast will be formed before probation closes; for it is to bethe great test for the people of| God, by which their eternal destiny will be decided.(2SM 80A)Your position is such a jumble(SM 811)You have taken the history of the disobedient prophet, as given inOld Testament, and applied it to Sister White.You say she is perfectly honest, but thedeceived prophet. For this reason the testimonies of the Spirit of God caeffect on you Has the Lord opened to you or your daughter, your wife or your children, the disobedienceof Sistshe has walked contrary to God, will you show in what? My duty is to make plain statements of my position; for you
5652	DONATE
5658	DONATE
5664	DONATE
5670	DONATE
5676	DONATEMacKenzie DrebitVice President
5682	DONATEMacKenzie DrebitVice President
5688	DONATE
5694	DONATE
5700	DONATE
5706	DONATE
5712	
5718	DONATE
5724	DONATE
5730	DONATE
5736	DONATE
5742	DONATE
5748	DONATE
5754	DONATEHow to Country YouTubeLook for the channel!
5760	DONATEHow to Country YouTubeLook for the channel!
5766	DONATEHow to Country YouTubeLook for the channel!
5772	DONATE
5778	DONATE
5784	DONATE
5790	
5796	DONATE
5802	DONATEApply for our Farm Program and learn how to grow your own garden.farm.amazingdiscoveries.org
5808	DONATEApply for our Farm Program and learn how to grow your own garden.farm.amazingdiscoveries.org
5814	DONATEApply for our Farm Program and learn how to grow your own garden.farm.amazingdiscoveries.org
5820	DONATE
5826	DONATE
5832	DONATE
5838	DONATE
5844	DONATEGet our free ebooks here:ebooks.amazingdiscoveries.org
5850	DONATEGet our free ebooks here:ebooks.amazingdiscoveries.org
5856	DONATE
5862	DONATE
5868	DONATE
5874	DONATE
5880	DONATE
5886	DONATE
5892	DONATE
5898	DONATE
5904	
5910	DONATE
5916	DONATE
5922	DONATE
5928	DONATE
5934	DONATE
5940	DONATE
5946	DONATE
5952	DONATE
5958	DONATE
5964	DONATE
5970	DONATE
5976	
5982	DONATE
5988	DONATE
5994	DONATE
6000	DONATE
6006	DONATE
6012	DONATE
6018	DONATE
6024	DONATE
6030	DONATE
6036	DONATE
6042	DONATE
6048	DONATE
6054	DONATE
6060	DONATE
6066	DONATE
6072	DONATE
6078	DONATE
6084	DONATE
6090	DONATE
6096	DONATE
6102	DONATE
6108	DONATE
6114	DONATE
6120	DONATE
6126	DONATE
6132	DONATE
6138	DONATE
6144	DONATE
6150	
6156	DONATE
6162	DONATE
6168	DONATE
6174	
6180	
6186	DONATE
6192	DONATE
6198	DONATE
6204	DONATE
6210	DONATEEN Writingsellenwnite.org1 Select language | Login | RegistrationDarkQ2SMSelected Messages Bool™Home / EGW Wntings / Booke 7Selected Messages Book 2*Previous51/234Prev resultBack to searchNext resultNext
6216	DONATESIr Writingsellenwhite org | Select language | Login | Registratione are living amid the perils of the last days)2SMSelected Messages Book 2Home / EGW Writings / Books /Selected Messages Book 2-51/2340 19XPreviousPrev resultBack to searchQ SearchNext resultDarkANext
6222	DONATEprovingmegwwnitings.org/search/ang rendequerywe are + living • amid a the e peris + of + the + latte daysonoggestionee- for the benefit of His people who live amid the perils of the last days. proved this class and given the result of HisCounsels on Health, p. 615.1 (Ellen Gould White)- thatwe uve amic the peris of tie last oaBecause iniquity abounds, the love of many waxes cold.The word "many"Fundamentals of Christian Education, p. 164.3 (Ellen Gould White)the Scriptures will not be ignorant of these things. Amid the perils of the last days, every member of theshould understand the reasons of his hope -Gospel Workers (1892/1893 ed.), p. 445.1 (Ellen Gould White)We are living amid the perils of the last days, andwe should guard every avenue by which Satan can approach us with hisQ Search
6228	DONATE14Spiritual Gifts, vol. 4b, p. 58.3 (Ellen Gould White)Heavenasir the scenesthis earth's historyare belore us, and yelwe dre not awake.fast closing. We are amid the perils of the last daysGreater pril15Testimonies for the Church, vol. 1, p. 260.3 (Ellen Gould White)heaverasur. Theearuns historylast closinocrore us. dne us we dnot awakeWe are amid the perils of the last days. Greater perils are16Testimonies for the Church, vol. 2, p. 121.1 (Ellen Gould White)roman sure and uneate sked. hea representative of the saints who live amid the perils andcorruptions of the Last days. Fert and uncorupted He was a representative of the saints who live amid the peris arecorruptions of the last days. For his faithful17Testimonies for the Church, vol. 2, p. 346.1 (Ellen Gould White)
6234	DONATEmegwwritings.org/search lang ventiquery we are + living + amid + Exe » penis + of • the • last + daysocioggestion noellenwhite.org | Select language | Login | RegistrationEN writingsDarke are living amid the perils of the last daysiSearch for: we are living amid the perils of the last daysHome / Search for: we are living amid the perils of the last days«< First< PreviousNext >Last >>Q Search
6240	DONATEbe exposed to the wiles of Satan and -m.egwwnitings.org/weardhlang nenbiquery*"we+are + living eard + the + penis + of + the • last «days dawggesbon »3Testimonies for the Church, vol. 3, p. 66.2 (Ellen Gould White)We are living amid the perils of the last days, and if we have a spirit of self-sufficiency and independence we shall beexposed to the wiles of Satan and be overcome -Testimonies for the Churchi, vol. 3, p. 403.2 (Ellen Gould White)- heart. We are living amid the perils of the last days. where there is everything to divert the mind and allure the affectionsfrom God. Our duty will onty be discerned -5Testimonies for the Church, vol: 3, p. 468.1 (Ellen Gould White)- souls: We are living amid the perils of the last days. Consecration to God can alone fit any of us to act a part in thand important closing work for this
6246	DONATEmegwwritings.org/searchang ventiquery we are a living + amid + the + penis + of + the e last «days taggesbon ne18Letters and Manuscripts - volume z (1809 - 18/5), MS 1, 18b9, par. 10We are living amid the perils of the last days. and we must receive our strength from the same source as did Enoch. Wemust walk with God. A separation from the19Letters and Manuscripts - Volume 2 (1869 - 1875), Lt 23, 1871, par. 14- Remember we are living amid the perils of the last days. Almost everything is rotten and corrupt. Look to God. pray. Opray, as you never have before, to be kept by -20Letters and Manuscripts - Volume 6 (1889-1890), Ms 21, 1889, par. 11- knows we are living amid the perils of the last days. when temptations and trials and conflicts will have to be met.ce First< PreviousNext >Last »Q Search
6252	DONATEmegwritings.org/searchang rendiquery*we•are a living + arrad + the • peris « of the • lat •days Eggesbon reWe are living amid the perils of the last days, and we must receive our strength from the same source as did Enoch. Wemust walk with God. A separation from the -19Letters and Manuscripts - Volume 2 (1869 - 1875), Lt 23, 1871, par. 14- Remember we are living amid the perils of the last days. Almost everything is rotten and corrupt. Look to God, pray. Opray, as you never have before, to be kept by -20Letters and Manuscripts - Volume 6 (1889-1890), Ms 21, 1889, par. 11- knows we are living amid the perits of the last days, when temptations and trials and conflicts will have to be met.« First‹ PreviousNext >Last »
6258	DONATE21Letters and Manuscripts - Volume 11 (1896), Lt 29, 1896, par. 17- thatre living amid the perits of the last days ? Read Revelation in connection with Daniel. Teach these things. Letdiscourses be short, spiritual, elevated -22Letters and Manuscripts - Volume 11 (1896), Lt 56, 1896, par. 10God.We are tiving amid the perits of the last days, and many of us are insensible to the perits that threaten our wortd. We,with all our religious advantages.23Letters and Manuscripts - Volume 12 (1897), Lt 1, 1897, par. 1- people. We are living amid the perits of the last days. A superficial faith results in a superficial experience. Thererepentance that needs to be repentedQ Search
6264	DONATEfrom your labors what use olfers will.38Letters and Manuscripts - Volume 16 (1901), Ms 101, 1901, par. 3We are living amid the perils of the last days. Our safety lies in holding the beginning of our confidence fem unto the endOrdinary, half-hearted service.-39Letters and Manuscripts - Volume 16 (1901), Ms 142, 1901, par. 2Will our brethren bear in mind that we are living amid the perils of the last days ? Read Revelation in connection with DanielTeach these things - Special Testimonies to Ministers and Workers, No. 8. p. 2440Letters and Manuscripts - Volume 17 (1902), Lt 90, 1902, par. 5- world. We are living amid the perils of the last days. Those who are perishing in sin must be warned. The Lord ceevery one to whom He has entrusted the .
6270	DONATEEN writingsellenwhite.orgl Select language | Login | Registrationwe are living amid the perils of the last daDarkA*Search for: "we are living amid the perils of the last days"Home: / Search for: we are living amid the perits of the last days*< First< PreviousNext >Last »
6276	DONATEm.egwwritings.org/en/warch/query*we + are + living + amdie the + peni «of+ the + last + days tityperbasic mt zod page.)- that we are living amid the perits of the last days ? AlryocimoneLoading. se is true that the Battle Creek Sanitariumocrise, luis due at tre bate creek Sanitarum is43Letters and Manuscripts - Volume 17 (1902), Ms 233, 1902, par. 4We are living amid the perils of the last days. The wrath of God is preparing to come upon all the cities-not all at once butone after another. And if the terrible -44Letters and Manuscripts - Volume 21 (1906), Lt 234, 1906, par. 13We are living amid the perils of the last days. Soon everything that can be shaken will be shaken. The world is rapidly takingsides in the great conflict between -45Letters and Manuscripts - Volume 21 (1906), Lt 270, 1906, par. 1
6282	460/469NextPreviousPrev resultBack to searchNext resultThe wrath of God will come upon all cities, upon dwellings, upon large buildings. so suddenly that they who have theslightest intimation have no safety in dallying at all They are to flee at once. (17LtMs. Ms 233, 1902, par 3)We are living amid the perils of the last days. The wrath of God is preparing to come upon all the cities-not all at oncebut one after another. And if the terrible punishment in one city does not cause the inhabitants of other cities to be afraid andseek repentance, their time will come. When the Lord ariseth to shake terribly the earth. He will not cease until His work inpunishment is done. The destruction will begin in certain places, and the destruction of life will be sudden and but few willescape. There is not to be given an encouraging thought that the gospel of Jesus Christ will be accepted by the large majorityof men prior to His coming again the second time with power and great glory. I am instructed by revelation to say that martsolemn and overwhelming judgments are determined upon all people who have the light before them in the Wors[but who do not follow iti. (17LtMs. Ms 233, 1902. par 4)
6288	DONATE460/469PreviousPrev resultBack to searchNext resultNextpunishment in one city does not cause the inhabitants of other cities to be atraid andseek repentance, their time will come. When the Lord ariseth to shake terribly theearth, He will not cease until His work in punishment is done. The destruction willbegin in certain places, and the destruction of life will be sudden and but few willescape. There is not to be given an encouraging thought that the gospel of JChrist will be accepted by the large majority of men prior to His coming againsecond time with power and great glory. I am instructed by revelation to say that most
6294	DONATE460/469PreviousPrev resultBack to searchNext resultNextall. I ney are to lee at once. (4/LEMS. MS 233, 1902. par. 3)We are living amid the perils of the last days. The wrath of God is preparing tocome upon all the cities-not all at once but one after another. And if the terriblepunishment in one city does not cause the inhabitants of other cities to be afseek repentance, their time will come. When the Lord ariseth to shake terriblyearth. He will not cease until His work in punishment is done. The destruction will
6300	DONATE460/469PreviousPrev resultBack to searchNext resultNextalt. I ney are to tiee at once. (4/LtMs, MS 233, 1902. par. 3)We are living amid the perils of the last days. The wrath of God is preparing tocome upon all the cities—not all at once but one after another. And if the terriblepunishment in one city does not cause the inhabitants of other cities to be afiseek repentance, their time will come. When the Lord ariseth to shake terribl)earth. He will not cease until His work in punishment is done. The destruction will
6306	DONATE460/46gPreviousPrev resultBack to searchNext resultNextWe are living amid the perils of the last days. The wrath of God is preparing tocome upon all the cities-not all at once but one after another. And if the terriblepunishment in one city does not cause the inhabitants of other cities to be afseek repentance, their time will come. When the Lord ariseth to shake terriblearth, He will not cease until His work in punishment is done. The destruction witt
6312	DONATE460/46gPreviousPrev resultBack to searchNext resultNextWe are living amid the perils of the last days. The wrath of God is preparing tocome upon all the cities-not all at once but one after another. And if the terriblepunishment in one city does not cause the inhabitants of other cities to be afiseek repentance. their time will come. When the Lord ariseth to shake terriblearth, He will not cease until His work in punishment is done. The destruction witt
6318	DONATE460/469PreviousPrev resultBack to searchNext resultNextWe are living amid the perils of the last days. The wrath of God is preparing tocome upon all the cities-not all at once but one after another. And if the terriblepunishment in one city does not cause the inhabitants of other cities to be af eseek repentance, their time will come. When the Lord ariseth to shake terriblearth, He will not cease until His work in punishment is done. The destruction witt
6324	DONATE460/469PreviousPrev resultBack to searchNext resultNextcome upon all the cities-not all at once but one after another. And if the terriblepunishment in one city does not cause the inhabitants of other cities to be afraid andseek repentance, their time will come. When the Lord ariseth to shake terribly theearth. He will not cease until His work in punishment is done. The destructiorbegin in certain places, and the destruction of life will be sudden and but fevescape. There is not to be given an encouraging thought that the gospel of Jesus
6330	460/46gPreviousPrev resultBack to searchNext resultNextcome upon all the cities-not all at once but one after another. And if the terriblepunishment in one city does not cause the inhabitants of other cities to be afraid andseek repentance, their time will come. When the Lord ariseth to shake terribly theearth. He will not cease until His work in punishment is done. The destructionbegin in certain places, and the destruction of life will be sudden and but fevescape. There is not to be given an encouraging thought that the gospel of Jesus
6336	DONATEtmwwwtncr/ooereo.tetttetootrmoatacenichatnnen.t0..0.000.cmn//nammcu460/469PreviousPrev resultBack to searchNext resultNextcome upon all the cities—not all at once but one after another. And if the terriblepunishment in one city does not cause the inhabitants of other cities to be afraid andseek repentance, their time will come. When the Lord ariseth to shake terribly theearth. He will not cease until His work in punishment is done. The destructiorbegin in certain places, and the destruction of life will be sudden and but fevescape. There is not to be given an encouraging thought that the gospel of Jesus
6342	DONATE460/46gPreviousPrev resultBack to searchNext resultNextcome upon all the cities-not all at once but one after another. And if the terriblepunishment in one city does not cause the inhabitants of other cities to be afraid andseek repentance, their time will come. When the Lord ariseth to shake terribly theearth. He will not cease until His work in punishment is done. The destructiorbegin in certain places, and the destruction of life will be sudden and but fevescape. There is not to be given an encouraging thought that the gospel of Jesus
6348	DONATEmegwwritings.org/er/book/14067/1217/000 7h51 wee are elving + amid • the e peris ect+ the • Last days bes rey do, mocioo nihom toylegi460/46gPreviousPrev resultBack to searchNext resultNextcome upon all the cities-not all at once but one after another. And if the terriblepunishment in one city does not cause the inhabitants of other cities to be afraid andseek repentance, their time will come. When the Lord ariseth to shake terribly theearth. He will not cease until His work in punishment is done. The destructiorbegin in certain places, and the destruction of life will be sudden and but fevescape. There is not to be given an encouraging thought that the gospel of Jesus
6354	DONATE460/469PreviousPrev resultBack to searchNext resultNextcome upon all the cities—not all at once but one after another. And if the terriblepunishment in one city does not cause the inhabitants of other cities to be afraid andseek repentance, their time will come. When the Lord ariseth to shake terribly theearth. He will not cease until His work in punishment is done. The destructiorbegin in certain places, and the destruction of life will be sudden and but fevescape. There is not to be given an encouraging thought that the gospel of Jesus
6360	DONATE
6366	DONATE
6372	DONATE
6378	DONATE
6384	DONATE
6390	DONATE
6396	DONATE
6402	DONATE
6408	DONATE
6414	DONATE
6420	DONATE
6426	DONATE
6432	DONATEThe 1950 Daried, and Revelaion Advertil Stoge
6438	DONATE&SH Writingsellenwhite.org | Select language | Login | RegistrationggA Agc 154To download the charts go to Bible studies at:JudgmentDayDocumentary.comDark
6444	DONATEm.egwwnitings.org/er/book/13z1450hsrey/wtxJhOxW/OowdxVicnioOunvyAzM/OuhOhiraebmaOu.buzzC249pom/ecoAcoJox30w15320/45PreviousNextIn the year 1840 another remarkable fulfillment of prophecy excited widespreadinterest. Two years before. Josiah Litch, one of the leading ministers preaching thesecond advent, published an exposition of Revelation g, predicting the fall of theOttoman Empire. According to his calculations, this power was to be overthrown "inA.D. 1840, sometime in the month of August: and only a few days previous teaccomplishment he wrote: *Allowing the first period. 150 years, to have beenfulfilled before Deacozes ascended the throne by permission of the Turks, and thatTo download the charts go to Bible studies at:JudgmentDayDocumentary.com
6450	DONATE20/45PreviousNextIn the year 1840 another remarkable fulfillment of prophecy excited widespreadinterest. Two years before, Josiah Litch, one of the leading ministers preaching thesecond advent, published an exposition of Revelation 9, predicting the fall of theOttoman Empire. According to his calculations, this power was to be overthrown *inA.D. 1840, sometime in the month of August, and only a few days previous tcaccomplishment he wrote: Allowing the first period, 150 years, to have beenfulfilled before Deacozes ascended the throne by permission of the Turks, and thatTo download the charts go to Bible studies at:JudgmentDayDocumentary.com
6456	DONATE20/45PreviousNextIn the year 1840 another remarkable fulfillment of prophecy excited widespreadinterest. Two years before, Josiah Litch, one of the leading ministers preaching thesecond advent, published an exposition of Revelation 9. predicting the fall of theOttoman Empire. According to his calculations, this power was to be overthrown "inA.D. 1840. sometime in the month of August, and only a few days previous teaccomplishment he wrote: "Allowing the first period, 150 years, to have beenfulfilled before Deacozes ascended the throne by permission of the Turks, and thatTo download the charts go to Bible studies at:JudgmentDayDocumentary.com
6462	DONATE20/45PreviousNextIn the year 1840 another remarkable fulfillment of prophecy excited widespreadinterest. Two years before. Josiah Litch, one of the leading ministers preaching thesecond advent, published an exposition of Revelation 9. predicting the fall of theOttoman Empire. According to his calculations, this power was to be overthrown *inA.D. 1840. sometime in the month of August, and only a few days previous toaccomplishment he wrote: "Allowing the first period, 150 years, to have beenfulfilled before Deacozes ascended the throne by permission of the Turks. and that
6468	DONATE20/45PreviousNextthe 11th of August, 1840, when the Ottoman power in Constantinople may beexpected to be broken. And this, I believe, will be found to be the case. —Josiah Litch.in Signs of the Times, and Expositor of Prophecy, August 1, 1840. (GC 3344}At the very time specified. Turkey, through her ambassadors, accepted theprotection of the allied powers of Europe, and thus placed herself under the control ofChristian nations. The event exactly fulfilled the prediction. (See Appendix.) Wbecame known. multitudes were convinced of the correctness of the principles of
6474	DONATE
6480	DONATEDan 3.9lille hernthat wooed.exceringwra nhitodtail amur thedestthemteThe 1150 Donid and Revelation Advertol Floaeatn thee mhabitun s of Nie rurti, bou Proxen afthie dre angele whach ar net to soncudThc Tur mưc remn cuon luhà Tnthen Tlinnuye Thic lorgury vithnTarkisk empus, mode hes ties altock upos the birveles. Ber 9. 3- 70.Then porser wos to lans men five manthe- Z50 years, ending 1.D. 1119.Keo. 9.1.5 "anarl vonrded
6486	DONATEPERSIA.pie to the lour windsDan.8. 9.A liale hornthat waxedexceedinggreal:2 4200 × 5760 21 2.8 MBThe, 1850_Daniel, and Revelation Adventist JPEG.jpgDORCHESTERMASSRev. 8.73. Ind Itcheld and heard an angel flying through the midst ofheaven,saying with a toud voice?WOE!WOE!WOE?tu the inhabiouts of the earth, by reason ofthe three angels which are get to sound.The Fust toe commenced July 22 1299 when Othmari the founder of cheTurkish empire made his first altack upon thebrechs. Ren 9. 3=10.Their power was tokur men for months- 150 years, onding. I.D. 1449.110%
6492	DONATEPERSIA.upire to the lour windsDan. 8. 9.1 liule hornthat waxedexcredinggreal:@ 4200 × 5760 8 2.8 MBThe,1850 Daniel and Revelation Adventist JPEG.jpsDORCHESTERMASSRev. 8.13. And I beheld and heard an angel flying through the midst of heaven,sayng wíth a loud voice:WOE!WOE!WOE?to the inhabionts of the earth, by reason ofthe three angels which ar yet to sound.The fost scoe commenced July 271299 then Oblonar the founder of theTurkish empire,made his first altock upon the bricks. Re: 2: 3=70Their porter was tohurt men for months_ 150 years, ending .1. D. 1449.110%
6498	DONATEPERSIA.upire to the four windsDan. 8. 9.A liule hornthat waxedexceedunggreat.0: 4200 × 5760 B 2.8 MBThe_1850_Daniel, Daniel, and Revelation. Adventist JPEG.jpgDORCHESTETMASSRev. s.13. Ind I beheld and heard an angel flying through the midst ofheaven,saying wich a toud voicceWOE!WOE!WOE!to the inhabions of the earth, by reason ofthe there angels which are yet to sound.The fost coe commenced July 27 1299 when Ooonar the founder of theTurkish empire made his first attack upon the brechs. Re: 2: 3-70.Their power was to hur men for months - 150 years, ending I.D. 149.110%
6504	8 EdittreDONATEtail drew thed castthem toTHERO-MANOR4 chEM-PIRE• = 4200 x 5760 B 2.8 MBThe_1850 Daniel and Revelation Adventist JPEG.jpgRev. 9:1,5 Angel sounded./s woe commenced: 1299.Bow. 9. 7 Like horses prusfor battleSearchTOMORGE
6510	EditThe,1850 Daniel and Revelation Adventist JPEG.jpgGhaloed DRAGONns and sevenids. Ind his tail drew theaven, and did cast them toReo. 9:1,5.Angel sounded,THERO-MA/Y/: woe commenced: 129,9.4 chEM-PIRERen. 9. 7 Likehorses prepared for hottleGANROME.• 0 @ 4200 × 5760 l 2.8 MB100%
6516	D ..ROME.bouY heads and ten horns anda his heads the nameuf blasDONATE0.1' gave tam les POWERand seat And / sauwve wounded te death and his deadly woundAnd there wax gion unto himMOOTH speaking gront tings, andPOWEl was given unto him to makewar and onercome the saunts 12months2 4200 × 5760 B 2.8 MBThe, 1850 Daniel, and Revelation Adrentist JPEG.jpg9. 1 fuke forses proporator hateMAHOME TANS.The sirth tampet commenced at the md of the fire woe.1449.It continued for an hour, ond a day, a mouth, and ayear. 3.91 gears.and 15 days, which ended August l1 ° 1840Ren. 9.13. 6? lagel, 2d woe.100%
6522	DONATEPAL ROME./ beheld another beast comingh. and hehad two horns like aoake as a DRAGON, And he ereroi-i of the füst beast before him, and caus-them which dwell therein to worshipnd make an IMAGE to the brustwound was healed.• 4200 × 5760 85 2.8 MBThe_1850 Daniel and _ Revelation Adventist JPEG.jpgRer. 9.13. B" Angel, 2d woe.Fire arms firstused onhorseback by the Turks100%
6528	DONATEPAL ROME.1 beheld another beast comingh, and hehad to horns like aoake as a DRAGON, And he crorei¿ of the füst beast before him, and caus-them which dwell therein to worshipnil make an IMAGE tothe brustwound was healed.• 4200 × 5760 5 2.8 MBThe,1850 Daniel, and Revelation Adventist JPEG.jpgRen. 9.13. 6 Angel, 2" woe.Fire arms firstused onhorseback by the Turks100%
6534	The,1850_Daniel, and Revelation. Adventist JPEG.jpgTHE OTTOMAN SUPREMACY CEASED.The 2 moe is past.18401814y"aIngel sounded.IGE OF PAPACY.ike horns, (Republicanism &Protest-names number 666, hecome unitedk like a DRAGOJ, and controllstatare, and cause it tomake theICE of papary cotich Freiroed a•0 г5760 B 2.8 M3" Hoe cometh quickly.The seven last plagues.Rev. 10.% In the days of the voice of the seventh angel, whenhe shall BECAN tosound the MESTERYof God shall be finished,as hehath declared to his servants the prophets.Rev. It:15_19 And the seventh angel souniled, and. There20100S 1L100%
6540	The_1850 Daniel and Revelation Adventist JPEG.jpgDONATEProtest-e united,3d Hoe cometh quickly.-The seven last plagues.Rev. 10.% In the days of the voicehe shall BEGIN to sound, the MISI236%∞ 0 a 4200 x 5760 IS 2.8 MBCloudy
6546	The,1850_Daniel Daniel and Revelation Adventist JPEG.jpgDONATEProtest-e mited• 0 ∞ 4200 × 5760 85 2.8 MBCloudy3d Hoe comette quickly.The seven last plagues.Rev. 10.% In the days of the voicehe shall BEGIN to sound, the MISTac estate dant• 236% ~
6552	DONATEACY.anism & Protest-, become nitedand controllit to make the• 0 = 4200 × 5760 B 2.8 MBThe,1850 Daniel, and Revelation Adventist JPEG.jpg7" Ingel sounded.3d Hoe cometh quickly.The seven last plagues.Rev. 10.% In the days of the voice of the serhe shall BEGIN to sound, the MISTERYof Cas hehath declared to his servants the pronhRen 17-15 19 And scena• 177% ~
6558	The_1850 Daniel, and Revelation Adventist JPEG.jpgDONATE7" Ingel sounder.OF PAPACY.rus, (Republicanism & Protest-vis,number 666, hecome united• a DRAGON, and controllc, and cause it to make thepapacy which rectooed• 0 ≥ 4200 × 5760 B 28 MB3d Hoe cometh quickly.The seven last plagues. •Rev. 10.% In the days of the voice of the seventhe shall BEGIN to sound, the MISTERYof God sas hehath declared to his servants the prophets.Rev. 11:15_19 And the seventh angelvoices in heaven, saying. The king121%
6564	791₴wantTATE.theshe.The,1850 Daniel, and _ Revelation Adventist JPEG.jpgPAPAL ROME.upatre of the erased he had two horns liker aFine urms fusstroed onhorsehack by the Tikeswth ull te MOlEl of the first beast before him, uni caus-I. ticorth we them which dwell therein to worsimpthe has beast ond mater an IMAGE to the beastwhose deadly wound was healed.THE OTTOMAN SUPREMACY CEASED.The 2 moe is past.∞ 4200 × 5760 B 2.8 MB91%
6570	The,1850 Daniel, and Revelation Adventist JPEG.jpgMAGE OF PAPACY.too lamb like horns, (Republicanism & Protest-m,) whose numes number 666, hecome unitedction speak like a DRAGON, and controllcivil legislature, und cause it tomake theRCH the IMAGE of papary which reciped adly wound and was healed.17:13. 1. These have ONE MIND and shall• their POWER and STRENGTH untobeast, (the executive powrr/ And causethto reciove their MARK, and worship their1GP. These shall make war with the LAMB,the Lamb shall overcome them; for he is" of tords, and KING of kings. Rev. 13:11.18.33 4200 × 5760 B 2.8 MB3: Woe cometh quickly.The seven last plagues.Rev. 10.%. In the days of the voice of the severith angel, whenhe shall BEGIN tosound the MYSTERYof God shall be finished,as hehath declared to his servants the prophets.Rev.11:15.19 And the seventh angel sounded, and there were greatvoices in heaven, saying. The kingdoms of this world are become ofourLord, and of his Christ, and he shall reign for ever and ever.And the nations were angry, and thy wrath is come, and the time ofthe dead. that they should be JUDGED, and that thou shouldest give.reward unto thy servants the prophels, and to the saints and themthat foar thy name: small and great; and shouldest destroythem which corrupt the carth.EXPLANATION OF THE TIMEprophetic year or time is 360 days denoting years. Times91%
6576	PAPACY.Republicanism & Protest-er 666, become unitedAGoN, and controllI cause it to make theey which recioned arenled.0 0 as 4200 × 5760 B 28 MBP15°CThe,1850 Daniel and Revelation Adventist JPEG.jpg7" Ingel sounded.3d Hoe cometh quickly.The seven last plagues.Rev. 10.% In the days of the voice of the seventh angel.he shall BEGIN to sound, the MISTERYof God shall be las hehath declared to his servants the prophets.Rev. 11: 15_19 And the seventh angel sounded, and there wervoices in heaven, saying. The kiny doms of this world areourtord, and of his Christ, and he shall rog133%
6582	DONATE
6588	DONATE
6594	
6600	DONATE
6606	DONATE
6612	DONATE
6618	
6624	
6630	DONATE
6636	DONATE
6642	DONATE
6648	DONATE
6654	DONATE
6660	DONATE
6666	DONATE
6672	DONATE
6678	DONATE
6684	DONATE
6690	DONATE
6696	DONATE
6702	DONATE
6708	DONATE
6714	DONATE
6720	DONATE
6726	DONATE
6732	DONATE
6738	20/45PreviousNextphilosopher or scholar has told or recorded an event, I suppose, like that of yesterdaymorning. A prophet eighteen hundred years ago foretold it exactly, if we will be at thetrouble of understanding stars falling to mean falling stars,... in the only sense inwhich it is possible to be literally true." (GC 3343)Thus was displayed the last of those signs of His coming, concerning whilbade His disciples: "When ye shall see all these things, know that it is near. evdoors* Mattinax 2427 After thece sians John haheld as the great event nextQ. Secon• oMin as the great event nex
6744	DONATEplaguesESPr Writingsellenwhite.org | Select language | Login | RegistrationControversy. p. 334-4 (Ellen Gould White)Search for. gc 334.4Closea sauchDark
6750	DONATEmegwritings org/searching tend query e plaques + enrage + wckeddogestion et< First< PreviousNext >Last >1Christian Experience and Teachings of Ellen G. White, p. 100.3(Ellen Gould White)- last plagues. These plagues enraged the wicked against the righteous; theythought that we had brought the judgments of God upon them, and that if they
6756	58/137Back to searchPreviousNextNext resultI saw that the four angels would hold the four winds until Jesus' work was done inthe sanctuary, and then will come the seven last plagues. These plagues enragedthe wicked against the righteous; they thought that we had brought the judgments ofGod upon them, and that if they could rid the earth of us, the plagues woulestayed. A decree went forth to slay the saints, which caused them to cry dayfor deliverance. This was the time of Jacob's troubleThen all the saints cned
6762	DONATE58/137PreviousBack to searchNextNext resultI saw that the four angels would hold the four winds until Jesus' work was done inthe sanctuary, and then will come the seven last plagues. These plagues enragedthe wicked against the righteous; they thought that we had brought the judeGod upon them, and that if they could rid the earth of us, the plagues woulstayed. A decree went forth to slay the saints, which caused them to cry day and night
6768	DONATE58/137PreviousBack to searchNextNext resultI saw that the four angels would hold the four winds until Jesus work was done inthe sanctuary, and then will come the seven last plagues. These plagues enragedthe wicked against the righteous; they thought that we had brought the judgments ofGod upon them, and that if they could rid the earth of us, the plagues woulstayed. A decree went forth to slay the saints, which caused them to cry dayfor deliverance. This was the time of Jacob's trouble.Then all the saints cried
6774	DONATE58/137PreviousBack to searchNextNext resultI saw that the four angels would hold the four winds until Jesus' work was done inthe sanctuary, and then will come the seven last plagues. These plagues enragedthe wicked against the righteous; they thought that we had brought the judgments ofGod upon them, and that if they could rid the earth of us, the plagues woulcstayed. A decree went forth to slay the saints, which caused them to cry dayfor deliverance. This was the time of Jacob's trouble.Then all the saints cried
6780	DONATE58/137PreviousBack to searchNextNext resultI saw that the four angels would hold the four winds until Jesus' work was done inthe sanctuary, and then will come the seven last plagues. These plagues enragedthe wicked against the righteous; they thought that we had brought the judgments ofGod upon them, and that if they could rid the earth of us, the plagues woulstayed. A decree went forth to slay the saints, which caused them to cry dayfor deliverance. This was the time of Jacob's trouble.0 мсThen all the saints cried
6786	DONATEmegwwritings.org/m/book/11.45w/plagurs+enrage+wdkedbasrcy.ob/khoc/Min.nDhcm/toykcyad/WwyestonasrwalowAg.hvyrwo5h58/137PreviousBack to searchNextNext resultI saw that the four angels would hold the four winds until Jesus' work was done inthe sanctuary, and then will come the seven last plagues. These plagues enragedthe wicked against the righteous; they thought that we had brought the judgments ofGod upon them, and that if they could rid the earth of us, the plagues woulcstayed. A decree went forth to slay the saints, which caused them to cry dayfor deliverance. This was the time of Jacob's trouble.Then all the saints cried
6792	DONATEm.egwwnitings.org/er/book/11454l~plagues+erzage+wnckedtosrey./oo..khocbw/w.nbhcm/toylkcybdwwyeacerbsrwolauVoknsyrwSh58/137PreviousBack to searchNextNext resultI saw that the four angels would hold the four winds until Jesus' work was done inthe sanctuary, and then will come the seven last plagues. These plagues enragedthe wicked against the righteous; they thought that we had brought the judgments ofGod upon them, and that if they could rid the earth of us, the plagues woulcstayed. A decree went forth to slay the saints, which caused them to cry dayfor deliverance. This was the time of Jacob's trouble.Then all the saints cried
6798	DONATE58/137PreviousBack to searchNextNext resultI saw that the four angels would hold the four winds until Jesus' work was done inthe sanctuary, and then will come the seven last plagues. These plagues enragedthe wicked against the righteous; they thought that we had brought the judgments ofGod upon them, and that if they could rid the earth of us, the plagues woulcstayed. A decree went forth to slay the saints, which caused them to cry dayfor deliverance. This was the time of Jacob's trouble.Then all the saints cried
6804	DONATE58/137PreviousBack to searchNextNext resultI saw that the four angels would hold the four winds until Jesus' work was done inthe sanctuary, and then will come the seven last plagues. These plagues enragedthe wicked against the righteous; they thought that we had brought the judgments ofGod upon them, and that if they could rid the earth of us, the plagues woulstayed. A decree went forth to slay the saints, which caused them to cry dayfor deliverance. This was the time of Jacob's trouble.Then all the saints cried
6810	DONATE58/137PreviousBack to searchNextNext resultI saw that the four angels would hold the four winds until Jesus' work was done inthe sanctuary, and then will come the seven last plagues. These plagues enragedthe wicked against the righteous; they thought that we had brought the judgments ofGod upon them, and that if they could rid the earth of us, the plagues woulcstayed. A decree went forth to slay the saints, which caused them to cry dayfor deliverance. This was the time of Jacob's trouble.Then all the saints cried
6816	DONATE
6822	DONATE
6828	DONATE
6834	DONATE
6840	
6846	DONATE
6852	DONATE
6858	DONATE
6864	DONATE
6870	DONATE
6876	DONATE
6882	DONATE
6888	DONATE
6894	DONATE
6900	DONATE
6906	DONATE
6912	DONATE58/137PreviousBack to searchNextNext resultfor deliverance. This was the time of Jacob's trouble.Then all the saints criedout with anguish of spirit, and were delivered by the voice of God. The one hundredand forty-four thousand triumphed. Their faces were lighted up with the glory of God.{CET 100.3}Then I was shown a company who were howling in agony. On their garments was
6918	DONATEm.egwwritings.org/mn/book/11.45/tl-plagues+entagewickeobosrepco..khbcowgminbhom/toykcyjedwwyesaoingsrwwa2o.Mo.wvyTwa558/137PreviousBack to searchNextNext resultfor deliverance. This was the time of Jacob's troubleThen all the saints criedout with anguish of spirit, and were delivered by the voice of God. The one hundredand forty-four thousand triumphed. Their faces were lighted up with the glorv of God.(CET 100 3}Then I was shown a company who were howling in agony. On their garments was
6924	DONATE
6930	DONATE
6936	DONATE
6942	DONATE
6948	DONATE
6954	DONATE
6960	DONATE
6966	DONATE
6972	DONATE
6978	DONATE
6984	DONATE
6990	DONATE
6996	DONATE
7002	
7008	DONATE
7014	DONATE
7020	DONATE
7026	DONATE
7032	DONATE
7038	DONATE
7044	DONATE
7050	
7056	DONATE
7062	DONATE
7068	DONATE
7074	DONATE
7080	DONATE
7086	DONATE
7092	DONATE
7098	DONATE
7104	DONATE
7110	DONATE
7116	DONATE
7122	DONATE
7128	DONATE
7134	DONATE
7140	DONATE
7146	DONATE
7152	DONATE
7158	DONATE
7164	DONATE
7170	DONATE
7176	DONATE
7182	DONATE
7188	
7194	DONATE
7200	DONATE
7206	DONATE
7212	DONATE
7218	
7224	DONATE
7230	DONATE
7236	DONATE
7242	DONATE
7248	DONATERIGHY FAITHEOUSNESS19TSIEGE OFSUNDAYLAW1888IMAGE OFSUNDAYTHE BEASTLAWOUT OF THE CITIESSEALING OF 144,000CLOSE OFPROBATIONTIME OFTROUBLEGROW YOUR OWN FOODSHAKINGANGELSMESSAGENEVWORORDIBATTLE OARMAGEDDNO-BUYNO-SELLMPRISONMENTSATANAPPEARSAS CHRISTLOUD CRYTROUBLIDEATHDECREE72345613RO WOE200120**20**20**
7254	EOUSNESSFAITHDONATEIMAGE OFSUNDAYTHE BEASTLAWOUT OF THE CITIESSEALING OF 144,000CLOSE OFPROBATIONTIME OFTROUBLEGROW YOUR OWN FOODSHAKING4тHANGELSMESSAGE1STSIEGE OFSUNDAYLAWSIEGE OFSUNDAYLAWNO-BUYNO-SELLINDUCEMENTSIMPRISONMENTFINESLOUD CRYNEWWORLDORDERBATTLE OFARMAGEDDONSATANAPPEARSAS CHRISTTURKEYREMOVED FROMJACOBSTROUBLE/DEATHDECREEJERUSALEM12|3|4|5|613RD WOE1888200120**20**20
7260	EOUSNESSFAITHDONATEIMAGE OFSUNDAYTHE BEASTLAWOUT OF THE CITIESSEALING OF 144,000CLOSE OFPROBATIONTIME OFTROUBLEGROW YOUR OWN FOODSHAKING4THANGELSMESSAGE1STSIEGE OFSUNDAYLAW2NDSIEGE OFSUNDAYLAWNO-BUYNO-SELLINDUCEMENTSIMPRISONMENTFINESLOUD CRYNEWWORLDORDERBATTLE OFARMAGEDDONSAtANAPPEARSAS CHRISTTURKEYREMOVED FROMJERUSALEMJACOBSTROUBLE/DEATHDECREE12|3|4|5|6|3RD WOE1888200120**20**20
7266	EOUSNESSFAITHDONATEIMAGE OFSUNDAYTHE BEASTLAWOUT OF THE CITIESSEALING OF 144,000CLOSE OFPROBATIONTIME OFTROUBLEGROW YOUR OWN FOODSHAKING4тHANGELSMESSAGEISTSIEGE OFSUNDAYLAW2NDSIEGE OFSUNDAYLAWNO-BUYNO-SELLINDUCEMENTSIMPRISONMENTFINESLOUD CRYNEWWORLDORDERBATTLE OFARMAGEDDONSA TÀNAPPEARSAS CHRISTTURKEYREMOVED FROMJACOBSTROUBLE/DEATHDECREEJERUSALEM|2|3|4|5|63RD WOE1888200120**20**20
7272	EOUSNESSFAITHDONATEIMAGE OFSUNDAYTHE BEASTLAWOUT OF THE CITIESSEALING OF 144,000CLOSE OFPROBATIONTIME OFTROUBLEGROW YOUR OWN FOODSHAKING4THANGELSMESSAGEISTSIEGE OFSUNDAYLAW2NDSIEGE OFSUNDAYLAWNO-BUYNO-SELLINDUCEMENTSIMPRISONMENTFINESLOUD CRYNEWWORLDORDERBATTLE OFARMAGEDDONAPPEARSAS CHRISTJACOBSTROUBLE/TURKEYDEATHREMOVED FROMDECREEJERUSALEM1|2|3|4|5|6|3RD WOE1888200120**20**20
7278	EOUSNESSFAITHDONATEIMAGE OFSUNDAYTHE BEASTLAWOUT OF THE CITIESSEALING OF 144,000CLOSE OFPROBATIONTIME OFTROUBLEGROW YOUR OWN FOODSHAKING4тHANGELSMESSAGETSTSIEGE OFSUNDAYLAW2NDSIEGE OFSUNDAYLAWNO-BUYNO-SELLINDUCEMENTSIMPRISONMENTFINESLOUD CRYNEWWORLDORDERBATTLE OFARMAGEDDONSA TÀNAPPEARSAS CHRISTTURKEYREMOVED FROMJACOBSTROUBLE/DEATHDECREEJERUSALEM|2|3|4|5|63RD WOE1888200120**20**20
7284	EOUSNESSFAITHDONATEIMAGE OFSUNDAYTHE BEASTLAWOUT OF THE CITIESSEALING OF 144,000CLOSE OFPROBATIONTIME OFTROUBLEGROW YOUR OWN FOODSHAKING4THANGELSMESSAGEISTSIEGE OFSUNDAYLAW2NDSIEGE OFSUNDAYLAWNO-BUYNO-SELLINDUCEMENTSIMPRISONMENTFINESLOUD CRYNEWWORLDORDERBATTLE OFARMAGEDDONSATANAPPEARSAS CHRISTTURKEYREMOVED FROMJACOBSTROUBLE/DEATHDECREE|2|3|4|5|6|3RD WOE1888200120**20**20
7290	EOUSNESSFAITHDONATEIMAGE OFSUNDAYTHE BEASTLAWOUT OF THE CITIESSEALING OF 144,000CLOSE OFPROBATIONTIME OFTROUBLEGROW YOUR OWN FOODSHAKING4тHANGELSMESSAGE1STSIEGE OFSUNDAYLAW2NDSIEGE OFSUNDAYLAWNO-BUYNO-SELLINDUCEMENTSIMPRISONMENTFINESLOUD CRYNEWWORLDORDERBATTLE OFARMAGEDDONSATANAPPEARSAS CHRISTTURKEYREMOVED FROMJERUSALEMJACOBSTROUBLE/DEATHDECREE1|2|3|4|5|63RD WOE1888200120**20**20
7296	EOUSNESSFAITHDONATEIMAGE OFSUNDAYTHE BEASTLAWOUT OF THE CITIESSEALING OF 144,000CLOSE OFPROBATIONTIME OFTROUBLEGROW YOUR OWN FOODSHAKING4THANGELSMESSAGE1STSIEGE OFSUNDAYLAW2NDSIEGE OFSUNDAYLAWNO-BUYNO-SELLINDUCEMENTSIMPRISONMENTFINESLOUD CRYNEWWORLDORDERBATTLE OFARMAGEDDONSATANAPPEARSAS CHRISTTURKEYREMOVED FROMJACOBSTROUBLE/DEATHDECREE|2|3|4|5|6|3RD WOE1888200120**20**20
7302	EOUSNESSFAITHDONATEIMAGE OFSUNDAYTHE BEASTLAWOUT OF THE CITIESSEALING OF 144,000CLOSE OFPROBATIONTIME OFTROUBLEGROW YOUR OWN FOODSHAKING4THANGELSMESSAGE1STSIEGE OFSUNDAYLAW2NDSIEGE OFSUNDAYLAWNO-BUYNO-SELLINDUCEMENTSIMPRISONMENTFINESLOUD CRYNEWWORLDORDERBATTLE OFARMAGEDDONSATANAPPEARSAS CHRISTTURKEYREMOVED FROMJACOBSTROUBLE/DEATHDECREEJERUSALEM|2|3|4|5|6|3RD WOE1888200120**20**20
7308	EOUSNESSFAITHDONATEIMAGE OFSUNDAYTHE BEASTLAWOUT OF THE CITIESSEALING OF 144,000CLOSE OFPROBATIONTIME OFTROUBLEGROW YOUR OWN FOODSHAKING4THANGELSMESSAGEISTSIEGE OFSUNDAYLAW2NDSIEGE OFSUNDAYLAWNO-BUYNO-SELLINDUCEMENTSIMPRISONMENTFINESLOUD CRYNEWWORLDORDERBATTLE OFARMAGEDDONSATANAPPEARSAS CHRISTTURKEYREMOVED FROMJACOBSTROUBLE/DEATHDECREEJERUSALEM|2|3|4|5|6|73RD WOE1888200120**20**20**
7314	DONATERIGHY FAITHEOUSNESS18TSIEGE OFSUNDAYLAW1888IMAGE OFSUNDAYTHE BEASTLAWOUT OF THE CITIESSEALING OF 144,000CLOSE OFPROBATIONTIME OFTROUBLEGROW YOUR OWN FOODSHAKING4тнANGELSMESSAGENEVWORORDEBATTLE OARMAGEODSIEGE DFSUNDAYLAMMNO-BUYNO-SELLINDUCEMENTSIMPRISONMENTSATANAPPEARSAS CHRISTLOUD CRYTROUBLIDEATHDECREE12345613RD WOE200120**20**20**
7320	DONATEIGHTEOUSNESY FAITI19TSIEGE OFSUNDAYLAW1888IMAGE OFTHE BEASTSUNDAYLAWOUT OF THE CITIESSEALING OF 144,000CLOSE OFPROBATIONTIME OFTROUBLEGROW YOUR OWN FOODSHAKINGANGELSMESSAGENEVWORORDEBATTLE'GSIEGE OFSUNDAYLAWNO-BUYNO-SELLINDUCEMENTSIMPRISONMENTSATANAPPEARSAS CHRISTLOUD CRYTROUBLIDEATHDECREE12345|613RD WOE200120**20**20**
7326	DONATERIGHY FAITHTEOUSNESS18TSIEGE OFSUNDAYLAW1888IMAGE OFTHE BEASTSUNDAYLAWOUT OF THE CITIESSEALING OF 144,000CLOSE OFPROBATIONTIME OFTROUBLEGROW YOUR OWN FOODSHAKINGANGELSMESSAGESIEGE OFSUNDAYLAWNO-BUYNO-SELLINDUCEMENTSIMPRISONMENTNEVWORORDEBATTLE OARMAGEDDSATANAPPEARSAS CHRISTLOUD CRYTROUBLIDEATHDECREE12345613RD WOE200120**20**20**
7332	DONATEIGHTEOUSNESY FAITI19TSIEGE OFSUNDAYLAW1888IMAGE OFTHE BEASTSUNDAYLAWOUT OF THE CITIESSEALING OF 144,000CLOSE OFPROBATIONTIME OFTROUBLEGROW YOUR OWN FOODSHAKINGANGELSMESSAGE2N0SIEGE OFSUNDAYLAWNO-BUYNO-SELLINDUCEMENTSIMPRISONMENTNEVWORORDEBATTLE'OSATANaPPEARSAS CHRISTLOUD CRYTROUBLIDEATHDECREE12345613RD WOE200120**20**20**
7338	DONATEIGHTEOUSNES19TSIEGE OFSUNDAYLAW1888IMAGE OFTHE BEASTSUNDAYLAWOUT OF THE CITIESSEALING OF 144,000CLOSE OFPROBATIONTIME OFTROUBLEGROW YOUR OWN FOODSHAKING4тHANGELSMESSAGENEVWORORDIBATTLE'OARMAGEDDSIEGE OFSUNDAYLAWNO-BUYNO-SELLINDUCEMENTSIMPRISONMENTSATANAPPEARSAS CHRISTLOUD CRYTROUBLIDEATHDECREE12345613RD WOE200120**20**20**
7344	DONATE
7350	DONATE
7356	DONATEBe sure to get our free resources:finalcountdown.amazingdiscoveries.org
7362	Someone scanned the QR codeDONATEBe sure to get our free resources:finalcountdown.amazingdiscoveries.org
7368	DONATE
7374	DONATEIf you've been blessed, please support our work:https://amazingdiscoveries.org/explore-projects
7380	DONATEIf you've been blessed, please support our work:https://amazingdiscoveries.org/explore-projects
7386	DONATEIf you've been blessed, please support our work:https://amazingdiscoveries.org/explore-projects
7392	DONATETHEFINALCOUNTDOWNEND -TIMEEVENTSTIMELINKLIVE STUDYNext Bible Study=July 12th at 5:30pm PSTSign-upfinalcountdown.amazingdiscoveries.org
7398	DONATETHEFINALCOUNTDOWNEND - TIMEEVENTSTIMELINELIVENext Bible Study:July 12th at 5:30pm PSTSign-upHave a blessed new week!finalcountdown.amazingdiscoveries.orgThank you for watching! Join us for the next study July 12 at 5:30pm PST
7404	DONATETHEFINALCOUNTDOWNEND -TIMEEVENTSTIMELINKNext Bible Study:July 12th at 5:30pm PSTSign-upHave a blessed new week!finalcountdown.amazingdiscoveries.orgThank you for watching! Join us for the next study July 12 at 5:30pm PST
7410	DONATETHEFINALCOUNTDOWNEND -TIMEEVENTSTIMELINKLIVENext Bible Study:July 12th at 5:30pm PSTSign-upHave a blessed new week!finalcountdown.amazingdiscoveries.orgThank you for watching! Join us for the next study July 12 at 5:30pm PST
7416	DONATETHEFINALCOUNTDOWNEND •TIMEEVENTSTIMELINKNext Bible Study:July 12th at 5:30pm PSTSign-upHave a blessed new week!finalcountdown.amazingdiscoveries.orgThank you for watching! Join us for the next study July 12 at 5:30pm PST
