0	
6	
12	
18	
24	
30	
36	
42	
48	
54	
60	
66	
72	
78	
84	
90	
96	
102	You're Watching The Final CountdownEnd-Time Events Timeline
108	finalcountdown.amazingdiscoveries.org
114	finalcountdown.amazingdiscoveries.org
120	finalcountdown.amazingdiscoveries.org
126	finalcountdown.amazingdiscoveries.org
132	You're Watching The Final CountdownEnd-Time Events Timeline | finalcountdown.amazingdiscoveries.org
138	MacKenzie DrebitVice President
144	RIGHTEOUSNESSBY FAITHIMAGE OFSUNDAYTHE BEASTLAWOUT OF THE CITIESSEALING OF 144,000CLOSE OFPROBATIONTIME OFTROUBLEGROW YOUR OWN FOODSHAKINGATHANGELSMESSAGENEVWORORDIBATTLE OARMAGEDD19TSIEGE OFSUNDAYLAWSIEGE OFBLINDAYLAWNO-BUYNO-SELLINDUCEMENTSIMPRISONMENTSATANAPPEARSAS CHRISTLOUD CRYTROUBLIDEATHDECREE12345613RO WOE1888200120**20**20**
150	RIGHTEOUSNESSBY FAITHIMAGE OFSUNDAYTHE BEASTLAWOUT OF THE CITIESSEALING OF 144,000CLOSE OFPROBATIONTIME OFTROUBLEGROW YOUR OWN FOODSHAKING4тнANGELSMESSAGENEVWORORDIBATTLE O19TSIEGE OFSUNDAYLAWSIEGE OFSUNDAYSAwnNO-BUYNO-SELLINDUCEMENTSIMPRISONMENTAPPEARSAS CHRISTLOUD CRYTROUBLIDEATHDECREE12/34|5|63RO WOE1888200120**20**20**
156	RIGHTEOUSNESSBY FAITHIMAGE OFSUNDAYTHE BEASTLAWOUT OF THE CITIESSEALING OF 144,000CLOSE OFPROBATIONTIME OFTROUBLEGROW YOUR OWN FOODSHAKING4тHANGELSMESSAGE1STSIEGE OFSUNDAYLAW2NDSIEGE OFSUNDAYLAWNO-BUYNO-SELLINDUCEMENTSIMPRISONMENTFINESLOUD CRYNEWWORLDORDERBATTLE OFARMAGEDDONSA TÀNAPPEARSAS CHRISTTURKEYREMOVED FROMJERUSALEMIJACOBSTROUBLE/DEATHDECREE12|3|4|5|63RD WOE1888200120**20**20OC
162	RIGHTEOUSNESSBY FAITHIMAGE OFSUNDAYTHE BEASTLAWOUT OF THE CITIESSEALING OF 144,000CLOSE OFPROBATIONTIME OFTROUBLEGROW YOUR OWN FOODSHAKING4THANGELSMESSAGEISTSIEGE OFSUNDAYLAW2NDSIEGE OFSUNDAYLAWNO-BUYNO-SELLINDUCEMENTSIMPRISONMENTFINESLOUD CRYNEWWORLDORDERBATTLE OFARMAGEDDONSATANAPPEARSAS CHRISTTURKEYREMOVED FROMJACOBSTROUBLE/DEATHDECREE12|34563RD WOE1888200120**20**20
168	RIGHTEOUSNESSBY FAITHSHAKING4тHANGELSMESSAGE1STSIEGE OFSUNDAYLAW18882001IMAGE OFSUNDAYTHE BEASTLAWOUT OF THE CITIESSEALING OF 144,000CLOSE OFPROBATIONTIME OFTROUBLEGROW YOUR OWN FOOD2NDSIEGE OFSUNDAYLAWNO-BUYNO-SELLINDUCEMENTSIMPRISONMENTFINESLOUD CRYNEWWORLDORDERBATTLE OFARMAGEDDONAPPEARSAS CHRISTTURKEYREMOVED FROMJACOBSTROUBLE/DEATHDECREE12|345|63RD WOE20**20**20
174	RIGHTEOUSNESSBY FAITHIMAGE OFSUNDAYTHE BEASTLAWOUT OF THE CITIESSEALING OF 144,000CLOSE OFPROBATIONTIME OFTROUBLEGROW YOUR OWN FOODSHAKING4THANGELSMESSAGEISTSIEGE OFSUNDAYLAW2NDSIEGE OFSUNDAYLAWNO-BUYNO-SELLINDUCEMENTSIMPRISONMENTFINESLOUD CRYNEWWORLDORDERBATTLE OFARMAGEDDONSATANAPPEARSAS CHRISTTURKEYREMOVED FROMJACOBSTROUBLE/DEATHDECREEJERUSALEM1|2|3|4|5|63RD WOE1888200120**20**20
180	RIGHTEOUSNESSBY FAITHSHAKING4тHANGELSMESSAGE1STSIEGE OFSUNDAYLAW18882001IMAGE OFSUNDAYTHE BEASTLAWOUT OF THE CITIESSEALING OF 144,000CLOSE OFPROBATIONTIME OFTROUBLEGROW YOUR OWN FOOD2NDSIEGE OFSUNDAYLAWNO-BUYNO-SELLINDUCEMENTSIMPRISONMENTFINESLOUD CRYNEWWORLDORDERBATTLE OFARMAGEDDONSATANAPPEARSAS CHRISTTURKEYREMOVED FROMJACOBSTROUBLE/DEATHDECREEJERUSALEM12|345|63RD WOE20**20**20
186	RIGHTEOUSNESSBY FAITHIMAGE OFSUNDAYTHE BEASTLAWOUT OF THE CITIESSEALING OF 144,000CLOSE OFPROBATIONTIME OFTROUBLEGROW YOUR OWN FOODSHAKING4THANGELSMESSAGE1STSIEGE OFSUNDAYLAW2NDSIEGE OFSUNDAYLAWNO-BUYNO-SELLINDUCEMENTSIMPRISONMENTFINESLOUD CRYNEWWORLDORDERBATTLE OFARMAGEDDONAPPEARSAS CHRISTTURKEYREMOVED FROMJACOBSTROUBLE/DEATHDECREEJERUSALEM12|3|45|63RD WOE1888200120**20**20
192	RIGHTEOUSNESSBY FAITHIMAGE OFSUNDAYTHE BEASTLAWOUT OF THE CITIESSEALING OF 144,000CLOSE OFPROBATIONTIME OFTROUBLEGROW YOUR OWN FOODSHAKING4тHANGELSMESSAGE1STSIEGE OFSUNDAYLAW2NDSIEGE OFSUNDAYLAWNO-BUYNO-SELLINDUCEMENTSIMPRISONMENTFINESLOUD CRYNEWWORLDORDERBATTLE OFARMAGEDDONSATANAPPEARSAS CHRISTTURKEYREMOVED FROMJACOBSTROUBLE/DEATHDECREE12|34|5|63RD WOE1888200120**20**2000C
198	RIGHTEOUSNESSBY FAITHIMAGE OFSUNDAYTHE BEASTLAWOUT OF THE CITIESSEALING OF 144,000CLOSE OFPROBATIONTIME OFTROUBLEGROW YOUR OWN FOODSHAKING4THANGELSMESSAGEISTSIEGE OFSUNDAYLAW2NDSIEGE OFSUNDAYLAWNO-BUYNO-SELLINDUCEMENTSIMPRISONMENTFINESLOUD CRYNEWWORLDORDERBATTLE OFARMAGEDDONSATANAPPEARSAS CHRISTTURKEYREMOVED FROMJACOBSTROUBLE/DEATHDECREE12|3|4|5|63RD WOE1888200120**20**2000C
204	RIGHTEOUSNESSBY FAITHIMAGE OFSUNDAYTHE BEASTLAWOUT OF THE CITIESSEALING OF 144,000CLOSE OFPROBATIONTIME OFTROUBLEGROW YOUR OWN FOODSHAKING4тHANGELSMESSAGE1STSIEGE OFSUNDAYLAW2NDSIEGE OFSUNDAYLAWNO-BUYNO-SELLINDUCEMENTSIMPRISONMENTFINESLOUD CRYNEWWORLDORDERBATTLE OFARMAGEDDONAPPEARSAS CHRISTTURKEYREMOVED FROMJACOBSTROUBLE/DEATHDECREE12|3 45|63RD WOE1888200120**20**20
210	RIGHTEOUSNESSBY FAITHSHAKING4THANGELSMESSAGE1STSIEGE OFSUNDAYLAW18882001IMAGE OFSUNDAYTHE BEASTLAWOUT OF THE CITIESSEALING OF 144,000CLOSE OFPROBATIONTIME OFTROUBLEGROW YOUR OWN FOOD2NDSIEGE OFSUNDAYLAWNO-BUYNO-SELLINDUCEMENTSIMPRISONMENTFINESLOUD CRYNEWWORLDORDERBATTLE OFARMAGEDDONSÁTANAPPEARSAS CHRISTTURKEYREMOVED FROMJACOBSTROUBLE/DEATHDECREE12|3|4|5|63RD WOE20**20**20
216	RIGHTEOUSNESSBY FAITHIMAGE OFSUNDAYTHE BEASTLAWOUT OF THE CITIESSEALING OF 144,000CLOSE OFPROBATIONTIME OFTROUBLEGROW YOUR OWN FOODSHAKING4тHANGELSMESSAGEISTSIEGE OFSUNDAYLAW2NDSIEGE OFSUNDAYLAWNO-BUYNO-SELLINDUCEMENTSIMPRISONMENTFINESLOUD CRYNEWWORLDORDERBATTLE OFARMAGEDDONAPPEARSAS CHRISTTURKEYREMOVED FROMJACOBSTROUBLE/DEATHDECREEJERUSALEM1|2|3|4|5|63RD WOE1888200120**20**20
222	RIGHTEOUSNESSBY FAITHIMAGE OFSUNDAYTHE BEASTLAWOUT OF THE CITIESSEALING OF 144,000CLOSE OFPROBATIONTIME OFTROUBLEGROW YOUR OWN FOODSHAKING4THANGELSMESSAGE1STSIEGE OFSUNDAYLAW2NDSIEGE OFSUNDAYLAWNO-BUYNO-SELLINDUCEMENTSIMPRISONMENTFINESLOUD CRYNEWWORLDORDERBATTLE OFARMAGEDDONSATANAPPEARSAS CHRISTTURKEYREMOVED FROMJACOBSTROUBLE/DEATHDECREEJERUSALEM12|345|63RD WOE1888200120**20**20
228	SGHTEOUSNESSUNDAYLAWOUT OF THE CITIE!SEALING OF 144,000CLOSE OFNOLBORdTIME OFGROW YOUR OWN FOODNEWWORLDORDERNO-SELLAND-ON12345620**20**20**
234	JOHTEOUSNECrototPROBATIONLAWOUT OF THE CITIESEALING OF 144,000GROW YOUR OWN FOOONEWWORLDORDERNO-SELL20%120**20%
240	JOHTEOUSNELAMvolvaoddOUT OF THE CITIEGROW YOUR OWN FOODNEWWORLDORDERNO-STU1234151920**20%
246	IOHTEOUSNESSUNDAYLAWOUT OF THE CITIESEALING OF 144,000CLOSE OFGROW YOUR OWN FOODNEWWORLDORDERNO-SELLAND-ON12345620**20**20**
252	GHTEOUSNESSUNDAYLAWOUT OF THE CITIESEALING OF 144,000NOLVaOrdCLOSE OFGROW YOUR OWN FOODNEWWORLDORDERNO-SELLAND-ON123451620**20**20**
258	IGHTEOUSNESSUNDAYOUT OF THE CITIESEALINO OF 144,000CLOSE OFPROBATIONTIME OFGROW YOUR OWN FOODNEWWORLDORDERNO-SELLAN-ON20**20**20**
264	IGHTEOUSNESSUNDAYLAWOUT OF THE CITIE!SEALING OF 144,000CLOSE OFTIME OFGROW YOUR OWN FOODNEWWORLDORDERNO-SELLANa-ON12345620**20**20**
270	IGHTEOUSNESSUNDAYOUT OF THE CITIE!SEALING OF 144,000NOLLVaOUd1O 3s010GROW YOUR OWN FOODNEWWORLDORDERNO-SELLANa-ON20**20**20**
276	TESTIMONIES FOR THE CHURCH VOL.9 P.11• We are living in the time of the end. The fast-fulfilling signs of the timesdeclare that the coming of Christ is near at hand. The days in which welive are solemn and important. The Spirit of God is gradually but surelybeing withdrawn from the earth. Plagues and judgments arcalready lalling upon the despisers of the grace of God. Thecalamities by land and sea, the unsettled state of society, the alarms ofwar, are portentous. They forecast approaching events of the greatestmagnitude.• The agencies of evil are combining their forces and consolidating. Theyare strengthening for the last great crisis. Great changes are soon to takeplace in our world, and the final movements will be rapid ones.
282	TESTIMONIES FOR THE CHURCH VOL.9 P.11• We are living in the time of the end. The fast-fulfilling signs of the timesdeclare that the coming of Christ is near at hand. The days in which welive are solemn and important. The Spirit of God is gradually but surelybeing withdrawn from the earth. Plagues and judgments arealready falling upon the despisers of the grace of God. Thecalamities by land and sea, the unsettled state of society, the alarms ofwar, are portentous. They forecast approaching events of the greatestmagnitude.• The agencies of evil are combining their forces and consolidating. Theyare strengthening for the last great crisis. Great changes are soon to takeplace in our world, and the final movements will be rapid ones.
288	TESTIMONIES FOR THE CHURCH VOL.9 P.11• We are living in the time of the end. The fast-fulfilling signs of the timesdeclare that the coming of Christ is near at hand. The days in which welive are solemn and important. The Spirit of God is gradually but surelybeing withdrawn from the earth. Plagues and judgments arealready falling upon the despisers of the grace of God. Thecalamities by land and sea, the unsettled state of society, the alarms ofwar, are portentous. They forecast approaching events of the greatestmagnitude.• The agencies of evil are combining their forces and consolidating. Theyare strengthening for the last great crisis. Great changes are soon to takeplace in our world, and the final movements will be rapid ones.
294	TESTIMONIES FOR THE CHURCH VOL.9 P.11• We are living in the time of the end. The last -ihiling signs of the timesdeclare that the coming of Christ is near at hand. The days in which welive are solemn and important. The Spirit of God is gradually but surelybeing withdrawn from the earth. Plagues and judgments arealready falling upon the despisers of the grace of God. Thecalamities by land and sea, the unsettled state of society, the alarms ofwar, are portentous. They forecast approaching events of the greatestmagnitude.• The agencies of evil are combining their forces and consolidating. Theyare strengthening for the last great crisis. Great changes are soon to takeplace in our world, and the final movements will be rapid ones.Ob/09
300	TESTIMONIES FOR THE CHURCH VOL.9 P.11• We are living in the time of the end. The fast-fulfilling signs of the timesdeclare that the coming of Christ is near at hand. The days in which welive are solemn and important. The Spirit o God is gradually but surelybeing withdrawn from the earth. Plagues and judgments arealready falling upon the despisers of the grace of God. Thecalamities by land and sea, the unsettled state of society, the alarms ofwar, are portentous. They forecast approaching events of the greatestmagnitude.• The agencies of evil are combining their forces and consolidating. Theyare strengthening for the last great crisis. Great changes are soon to takeplace in our world, and the final movements will be rapid: u
306	TESTIMONIES FOR THE CHURCH VOL.9 P.11• We are living in the time of the end. The fast-fulfilling signs of the timesdeclare that the coming of Christ is near at hand. The days in which welive are solemn and important. The Spirit of God is gradually but surelybeing wit drawn from the earth. Plagues and judgments arealready falling upon the despisers of the grace of God. Thecalamities by land and sea, the unsettled state of society, the alarms ofwar, are portentous. They forecast approaching events of the greatestmagnitude.• The agencies of evil are combining their forces and consolidating. Theyare strengthening for the last great crisis. Great changes are soon to takeplace in our world, and the final movements will be rapid: u
312	TESTIMONIES FOR THE CHURCH VOL.9 P.11• We are living in the time of the end. The fast-fulfilling signs of the timesdeclare that the coming of Christ is near at hand. The days in which welive are solemn and important. The Spirit of God is gradually but surelybeing withdrawn from the earth. Plagues and judgments arealready falling upon the despisers of the grace of God. Thecalamities by land and sea, the unsettled state of society, the alarms ofwar, are portentous. They forecast approaching events of the greatestmagnitude.• The agencies of evil are combining their forces and consolidating. Theyare strengthening for the last great crisis. Great changes are soon to takeplace in our world, and the final movements will be rapid u
318	TESTIMONIES FOR THE CHURCH VOL.9 P.11• We are living in the time of the end. The fast-fulfilling signs of the timesdeclare that the coming of Christ is near at hand. The days in which weLive are solemn and important. The Spirit of God is gradually but surelybeing withdrawn from the earth. Plagues and juagments arealready falling upon the despisers of the grace of God. Thecalamities by land and sea, the unsettled state of society, the alarms ofwar, are portentous. They forecast approaching events of the greatestmagnitude.• The agencies of evil are combining their forces and consolidating. Theyare strengthening for the last great crisis. Great changes are soon to takeplace in our world, and the final movements will be rapid u
324	TESTIMONIES FOR THE CHURCH VOL.9 P.11• We are living in the time of the end. The fast-fulfilling signs of the timesdeclare that the coming of Christ is near at hand. The days in which welive are solemn and important. The Spirit of God is gradually but surelybeing withdrawn from the earth. Plasgies and judgments arealready falling upon the despisers of the grace of God. Thecalamities by land and sea, the unsettled state of society, the alarms ofwar, are portentous. They forecast approaching events of the greatestmagnitude.• The agencies of evil are combining their forces and consolidating. Theyare strengthening for the last great crisis. Great changes are soon to takeplace in our world, and the final movements will be rapid u
330	TESTIMONIES FOR THE CHURCH VOL.9 P.11• We are living in the time of the end. The fast-fulfilling signs of the timesdeclare that the coming of Christ is near at hand. The days in which welive are solemn and important. The Spirit of God is gradually but surelybeing withdrawn from the earth. Plagues and judgments arealready falling upon the despisers of the grace of God. Thecalamities by land and sea, the unsettled state of society, the darms ofwar, are portentous. They forecast approaching events of the greatestmagnitude.• The agencies of evil are combining their forces and consolidating. Theyare strengthening for the last great crisis. Great changes are soon to takeplace in our world, and the final movements will be rapid u
336	TESTIMONIES FOR THE CHURCH VOL.9 P.11• We are living in the time of the end. The fast-fulfilling signs of the timesdeclare that the coming of Christ is near at hand. The days in which welive are solemn and important. The Spirit of God is gradually but surelybeing withdrawn from the earth. Plagues and judgments arealready falling upon the despisers of the grace of God. Thecalamities by land and sea, the unsettled state of society, the alarms ofwar, are portentous. They forecast approaching events of the greatestmagnitude.• The agencies of evil are combining their forces and consolidating. Theyare strengthening for the last great crisis. Great changes are soon to takeplace in our world, and the final movements will be rapid u
342	TESTIMONIES FOR THE CHURCH VOL.9 P.11• We are living in the time of the end. The fast-fulfilling signs of the timesdeclare that the coming of Christ is near at hand. The days in which welive are solemn and important. The Spirit of God is gradually but surelybeing withdrawn from the earth. Plagues and judgments arealready falling upon the despisers of the grace of God. Thecalamities by land and sea, the unsettled state of society, the alarms ofwar, are portentous. They forecast approaching events of the greatestmagnitude.• The agencies of evil are combining their forces and consolidating. Theyare strengthening for the last great crisis. Great changes are soon to takeplace in our world, and the final movements will be rapid: u
348	
354	
360	
366	
372	
378	
384	
390	
396	
402	
408	
414	
420	
426	
432	
438	
444	
450	
456	
462	
468	
474	
480	
486	TESTIMONIES FOR THE CHURCH VOL.9 P.11• We are living in the time of the end. The fast-fulfilling signs of the timesdeclare that the coming of Christ is near at hand. The days in which welive are solemn and important. The Spirit of God is gradually but surelybeing withdrawn from the earth. Plagues and judgments arealready falling upon the despisers of the grace of God. Thecalamities by land and sea, the unsettled state of society, the alarms ofwar, are portentous. They forecast approaching events of the greatestmagnitude.• The agencies of evil are combining their forces and consolidating. Theyare strengthening for the last great crisis. Great changes are soon to takeplace in our world, and the final movements will be rapid H
492	TESTIMONIES FOR THE CHURCH VOL.9 P.11• We are living in the time of the end. The fast-fulfilling signs of the timesdeclare that the coming of Christ is near at hand. The days in which welive are solemn and important. The Spirit of God is gradually but surelybeing withdrawn from the earth. Plagues and judgments arealready falling upon the despisers of the grace of God. Thecalamities by land and sea, the unsettled state of society, the alarms ofwar, are portentous. They forecast approaching events of the greatestmagnitude.• The agencies of evil are combining their forces and consolidating. Theyare strengthening for the last great crisis. Great changes are soon to takeplace in our world, and the final movements will be rapid u
498	TESTIMONIES FOR THE CHURCH VOL.9 P.11• We are living in the time of the end. The fast-fulfilling signs of the timesdeclare that the coming of Christ is near at hand. The days in which welive are solemn and important. The Spirit of God is gradually but surelybeing withdrawn from the earth. Plagues and judgments arealready falling upon the despisers of the grace of God. Thecalamities by land and sea, the unsettled state of society, the alarms ofwar, are portentous. They forecast approaching events of the greatestmagnitude.• The agencies of evil are combining their forces and consolidating. Theyare strengthening for the last great crisis. Great changes are soon to takeplace in our world, and the final movements will be rapid u
504	TESTIMONIES FOR THE CHURCH VOL.9 P.11• We are living in the time of the end. The fast-fulfilling signs of the timesdeclare that the coming of Christ is near at hand. The days in which welive are solemn and important. The Spirit of God is gradually but surelybeing withdrawn from the earth. Plagues and judgments arealready falling upon the despisers of the grace of God. Thecalamities by land and sea, the unsettled state of society, the alarms ofwar, are portentous. They forecast approaching events of the greatestmagnitude.• The agencies of evil are combining their forces and consolidating. Theyare strengthening for the last great crisis. Great changes are soon to takeplace in our world, and the final movements will be rapid u
510	TESTIMONIES FOR THE CHURCH VOL.9 P.11• We are living in the time of the end. The fast-fulfilling signs of the timesdeclare that the coming of Christ is near at hand. The days in which welive are solemn and important. The Spirit of God is gradually but surelybeing withdrawn from the earth. Plagues and judgments arealready falling upon the despisers of the grace of God. Thecalamities by land and sea, the unsettled state of society, the alarms ofwar, are portentous. They forecast approaching events of the greatestmagnitude.• The agencies of evil are combining their forces and consolidating. Theyare strengthening for the last great crisis. Great changes are soon to takeplace in our world, and the final movements will be rapid u
516	TESTIMONIES FOR THE CHURCH VOL.9 P.11• We are living in the time of the end. The fast-fulfilling signs of the timesdeclare that the coming of Christ is near at hand. The days in which welive are solemn and important. The Spirit of God is gradually but surelybeing withdrawn from the earth. Plagues and judgments arealready falling upon the despisers of the grace of God. Thecalamities by land and sea, the unsettled state of society, the alarms ofwar, are portentous. They forecast approaching events of the greatestmagnitude.• The agencies of evil are combining their forces and consolidating. Theyare strengthening for the last great crisis. Great changes are soon to takeplace in our world, and the final movements will be rapid u
522	TESTIMONIES FOR THE CHURCH VOL.9 P.11• We are living in the time of the end. The fast-fulfilling signs of the timesdeclare that the coming of Christ is near at hand. The days in which welive are solemn and important. The Spirit of God is gradually but surelybeing withdrawn from the earth. Plagues and judgments arealready falling upon the despisers of the grace of God. Thecalamities by land and sea, the unsettled state of society, the alarms ofwar, are portentous. They forecast approaching events of the greatestmagnitude.• The agencies of evil are combining their forces and consolidating. Theyare strengthening for the last great crisis. Great changes are soon to takeplace in our world, and the final movements will be rapid u
528	TESTIMONIES FOR THE CHURCH VOL.9 P.11• We are living in the time of the end. The fast-fulfilling signs of the timesdeclare that the coming of Christ is near at hand. The days in which welive are solemn and important. The Spirit of God is gradually but surelybeing withdrawn from the earth. Plagues and judgments arealready falling upon the despisers of the grace of God. Thecalamities by land and sea, the unsettled state of society, the alarms ofwar, are portentous. They forecast approaching events of the greatestmagnitude.• The agencies of evil are combining their forces and consolidating. Theyare strengthening for the last great crisis. Great changes are soon to takeplace in our world, and the final movements will be rapid u
534	TESTIMONIES FOR THE CHURCH VOL.9 P.11• We are living in the time of the end. The fast-fulfilling signs of the timesdeclare that the coming of Christ is near at hand. The days in which welive are solemn and important. The Spirit of God is gradually but surelybeing withdrawn from the earth. Plagues and judgments arealready falling upon the despisers of the grace of God. Thecalamities by land and sea, the unsettled state of society, the alarms ofwar, are portentous. They forecast approaching events of the greatestmagnitude.• The agencies of evil are combining their forces and consolidating. Theyare strengthening for the last great crisis. Great changes are soon to takeplace in our world, and the final movements will be rapid u
540	
546	
552	
558	
564	
570	
576	
582	TESTIMONIES FOR THE CHURCH VOL.9 P.11• We are living in the time of the end. The fast-fulfilling signs of the timesdeclare that the coming of Christ is near at hand. The days in which welive are solemn and important. The Spirit of God is gradually but surelybeing withdrawn from the earth. Plagues and judgments arealready falling upon the despisers of the grace of God. Thecalamities by land and sea, the unsettled state of society, the alarms ofwar, are portentous. They forecast approaching events of the greatestmagnitude.• The agencies of evil are combining their forces and consolidating. Theyare strengthening for the last great crisis. Great changes are soon to takeplace in our world, and the final movements will be rapid.
588	TESTIMONIES FOR THE CHURCH VOL.9 P.11• We are living in the time of the end. The fast-fulfilling signs of the timesdeclare that the coming of Christ is near at hand. The days in which welive are solemn and important. The Spirit of God is gradually but surelybeing withdrawn from the earth. Plagues and judgments arealready falling upon the despisers of the grace of God. Thecalamities by land and sea, the unsettled state of society, the alarms ofwar, are portentous. They forecast approaching events of the greatestmagnitude.• The agencies of evil are combining their forces and consolidating. Theyare strengthening for the last great crisis. Great changes are soon to takeplace in our world, and the final movements will be rapid u
594	TESTIMONIES FOR THE CHURCH VOL.9 P.11• We are living in the time of the end. The fast-fulfilling signs of the timesdeclare that the coming of Christ is near at hand. The days in which welive are solemn and important. The Spirit of God is gradually but surelybeing withdrawn from the earth. Plagues and judgments arealready falling upon the despisers of the grace of God. Thecalamities by land and sea, the unsettled state of society, the alarms ofwar, are portentous. They forecast approaching events of the greatestmagnitude.• The agencies of evil are combining their forces and consolidating. Theyare strengthening for the last great crisis. Great changes are soon to takeplace in our world, and the final movements will be rapid u
600	TESTIMONIES FOR THE CHURCH VOL.9 P.11• We are living in the time of the end. The fast-fulfilling signs of the timesdeclare that the coming of Christ is near at hand. The days in which welive are solemn and important. The Spirit of God is gradually but surelybeing withdrawn from the earth. Plagues and judgments arealready falling upon the despisers of the grace of God. Thecalamities by land and sea, the unsettled state of society, the alarms ofwar, are portentous. They forecast approaching events of the greatestmagnitude.• The agencies of evil are combining their forces and consolidating. Theyare strengthening for the last great crisis. Great changes are soon to takeplace in our world, and the final movements will be rapid u
606	TESTIMONIES FOR THE CHURCH VOL.9 P.11• We are living in the time of the end. The fast-fulfilling signs of the timesdeclare that the coming of Christ is near at hand. The days in which welive are solemn and important. The Spirit of God is gradually but surelybeing withdrawn from the earth. Plagues and judgments arealready falling upon the despisers of the grace of God. Thecalamities by land and sea, the unsettled state of society, the alarms ofwar, are portentous. They forecast approaching events of the greatestmagnitude.• The agencies of evil are combining their forces and consolidating. Theyare strengthening for the last great crisis. Great changes are soon to takeplace in our world, and the final movements will be rapid u
612	TESTIMONIES FOR THE CHURCH VOL.9 P.11• We are living in the time of the end. The fast-fulfilling signs of the timesdeclare that the coming of Christ is near at hand. The days in which welive are solemn and important. The Spirit of God is gradually but surelybeing withdrawn from the earth. Plagues and judgments arealready falling upon the despisers of the grace of God. Thecalamities by land and sea, the unsettled state of society, the alarms ofwar, are portentous. They forecast approaching events of the greatestmagnitude.• The agencies of evil are combining their forces and consolidating. Theyare strengthening for the last great crisis. Great changes are soon to takeplace in our world, and the final movements will be rapid u
618	TESTIMONIES FOR THE CHURCH VOL.9 P.11• We are living in the time of the end. The fast-fulfilling signs of the timesdeclare that the coming of Christ is near at hand. The days in which welive are solemn and important. The Spirit of God is gradually but surelybeing withdrawn from the earth. Plagues and judgments arealready falling upon the despisers of the grace of God. Thecalamities by land and sea, the unsettled state of society, the alarms ofwar, are portentous. They forecast approaching events of the greatestmagnitude.• The agencies of evil are combining their forces and consolidating. Theyare strengthening for the last great crisis. Great changes are soon to takeplace in our world, and the final movements will be rapid u
624	TESTIMONIES FOR THE CHURCH VOL.9 P.11• We are living in the time of the end. The fast-fulfilling signs of the timesdeclare that the coming of Christ is near at hand. The days in which welive are solemn and important. The Spirit of God is gradually but surelybeing withdrawn from the earth. Plagues and judgments arealready falling upon the despisers of the grace of God. Thecalamities by land and sea, the unsettled state of society, the alarms ofwar, are portentous. They forecast approaching events of the greatestmagnitude.• The agencies of evil are combining their forces and consolidating. Theyare strengthening for the last great crisis. Great changes are soon to takeplace in our world, and the final movements will be rapid:
630	TESTIMONIES FOR THE CHURCH VOL.9 P.12• On one occasion, when in New York City, Iwas in the night season called upon to beholdbuildings rising story after story toward heaven.These buildings were warranted to be fireproof,and they were erected to glorify their owners andbuilders. Higher and still higher these buildingsrose, and in them the most costly material wasused.
636	TESTIMONIES FOR THE CHURCH VOL.9 P.12• On one occasion, when in New York City, Iwas in the night season called upon to beholdbuildings rising story after story toward heaven.These buildings were warranted to be fireproof,and they were erected to glorify their owners andbuilders. Higher and still higher these buildingsrose, and in them the most costly material wasused.
642	TESTIMONIES FOR THE CHURCH VOL.9 P.12• On one occasion, when in New York City, Iwas in the night season called upon to beholdbuildings rising story after story towara heaven.These buildings were warranted to be fireproof,and they were erected to glorify their owners andbuilders. Higher and still higher these buildingsrose, and in them the most costly material wasused.
648	TESTIMONIES FOR THE CHURCH VOL.9 P.12• On one occasion, when in New York City, Iwas in the night season called upon to beholdbuildings rising story after story toward heaven.These buildings were warranted to be fireproof,and they were erected to glorify their owners andbuilders. Higher and still higher these buildingsrose, and in them the most costly material wasused.
654	TESTIMONIES FOR THE CHURCH VOL.9 P.12• On one occasion, when in New York City, Iwas in the night season called upon to beholdbuildings rising story after story toward heaven.These buildings were warranted to be fireproof,and they were erected to glorify their owners andbuilders. Higher and still higher these buildingsrose, and in them the most costly material wasused.
660	TESTIMONIES FOR THE CHURCH VOL.9 P.13• The scene that next passed before me was analarm of fire. Men looked at the lofty andsupposedly fire-proof buildings and said: "Theyare perfectly safe." But these buildings wereconsumed as if made of pitch. The fireengines could do nothing to stay the destruction.O00@@00
666	TESTIMONIES FOR THE CHURCH VOL.9 P.13• The scene that next passed before me was analarm of fire. Men looked at the lofty andsupposedly fire-proof buildings and said: "Theyare perfectly safe." But these buildings wereconsumed as if made of pitch. The fireengines could do nothing to stay the destruction.
672	TESTIMONIES FOR THE CHURCH VOL.9 P.13• The scene that next passed before me was analarm of fire. Men looked at the lofty andsupposedly fire-proof buildings and said: "Theyare perfectly safe." But these buildings wereconsumed as if made of pitch. The fireengines could do nothing to stay the destruction.
678	TESTIMONIES FOR THE CHURCH VOL.9 P.13• The scene that next passed before me was analarm of fire. Men looked at the lofty andsupposedly fire-proof buildings and said: "Theyare perfectly safe." But these buildings wereconsumed as if made of pitch. The fireengines could do nothing to stay the destruction.
684	TESTIMONIES FOR THE CHURCH VOL.9 P.13• The scene that next passed before me was analarm of fire. Men looked at the lofty andsupposedly fire-proof buildings and said: "Theyare perfectly safe." But these buildings wereconsumed as if made of pitch. The fireengines could do nothing to stay the destruction.
690	TESTIMONIES FOR THE CHURCH VOL.9 P.13• The scene that next passed before me was analarm of fire. Men looked at the lofty andsupposedly fire-proof buildings and said: "Theyare perfectly safe." But these buildings wereconsumed as if made of pitch. The fireengines could do nothing to stay the destruction.
696	TESTIMONIES FOR THE CHURCH VOL.9 P.13• The scene that next passed before me was analarm of fire. Men looked at the lofty andsupposedly fire-proof buildings and said: "Theyare perfectly safe." But these buildings wereconsumed as if made of pitch. The fireengines could do nothing to stay the destruction.
702	TESTIMONIES FOR THE CHURCH VOL.9 P.13• The scene that next passed before me was analarm of fire. Men looked at the lofty andsupposedly fire-proof buildings and said: "Theyare perfectly safe." But these buildings wereconsumed as if made of pitch. The fireengines could do nothing to stay the destruction.
708	TESTIMONIES FOR THE CHURCH VOL.9 P.13• The scene that next passed before me was analarm of fire. Men looked at the lofty andsupposedly fire-proof buildings and said: "Theyare perfectly safe." But these buildings wereconsumed as if made of pitch. The fireengines could do nothing to stay the destruction.00058000
714	TESTIMONIES FOR THE CHURCH VOL.9 P.13• The scene that next passed before me was analarm of fire. Men looked at the lofty andsupposedly fire-proof buildings and said: "Theyare perfectly safe." But these buildings wereconsumed as if made of pitch. The fireengines could do nothing to stay the destruction.0000850S
720	TESTIMONIES FOR THE CHURCH VOL.9 P.13• The scene that next passed before me was analarm of fire. Men looked at the lofty andsupposedly fire-proof buildings and said: "Theyare perfectly safe." But these buildings wereconsumed as if made of pitch. The fireengines could do nothing to stay the destruction.
726	TESTIMONIES FOR THE CHURCH VOL.9 P.13• The scene that next passed before me was analarm of fire. Men looked at the lofty andsupposedly fire-proof buildings and said: "Theyare perfectly safe." But these buildings wereconsumed as if made of pitch. The fireengines could do nothing to stay the destruction.
732	TESTIMONIES FOR THE CHURCH VOL.9 P.13• The scene that next passed before me was analarm of fire. Men looked at the lofty andsupposedly fire-proof buildings and said: "Theyare perfectly safe." But these buildings wereconsumed as if made of pitch. The fireengines could do nothing to stay the destruction.
738	TESTIMONIES FOR THE CHURCH VOL.9 P.13• The scene that next passed before me was analarm of fire. Men looked at the lofty andsupposedly fire-proof buildings and said: "Theyare perfectly safe." But these buildings wereconsumed as if made of pitch. The fireengines could do nothing to stay the destruction.
744	TESTIMONIES FOR THE CHURCH VOL.9 P.13• The scene that next passed before me was analarm of fire. Men looked at the lofty andsupposedly fire-proof buildings and said: "Theyare perfectly safe." But these buildings wereconsumed as if made of pitch. The fireengines could do nothing to stay the destruction.
750	TESTIMONIES FOR THE CHURCH VOL.9 P.13• The scene that next passed before me was analarm of fire. Men looked at the lofty andsupposedly fire-proof buildings and said: "Theyare perfectly safe." But these buildings wereconsumed as if made of pitch. The fireengines could do nothing to stay the destruction.9000800€
756	TESTIMONIES FOR THE CHURCH VOL.9 P.13• The scene that next passed before me was analarm of fire. Men looked at the lofty andsupposedly fire-proof buildings and said: "Theyare perfectly safe." But these buildings wereconsumed as if made of pitch. The fireengines could do nothing to stay the destruction.0DUD000
762	TESTIMONIES FOR THE CHURCH VOL.9 P.13• The scene that next passed before me was analarm of fire. Men looked at the lofty andsupposedly fire-proof buildings and said: "Theyare perfectly safe." But these buildings wereconsumed as if made of pitch. The fireengines could do nothing to stay the destruction.
768	TESTIMONIES FOR THE CHURCH VOL.9 P.14• The world is stirred with the spirit of war.The prophecy of the eleventh chapter of Danielhas nearly reached its complete fulfillment. Soonthe scenes of trouble spoken of in theprophecies will take place.00059009
774	TESTIMONIES FOR THE CHURCH VOL.9 P.14• The world is stirred with the spirit of war.The prophecy of the eleventh chapter of Danielhas nearly reached its complete fulfillment. Soonthe scenes of trouble spoken of in theprophecies will take place.
780	TESTIMONIES FOR THE CHURCH VOL.9 P.14• The world is stirred with the spirit of war.The prophecy of the eleventh chapter of Danielhas nearly reached its complete fulfillment. Soonthe scenes of trouble spoken of in theprophecies will take place.
786	TESTIMONIES FOR THE CHURCH VOL.9 P.14• The world is stirred with the spirit of war.The prophecy of the eleventh chapter of Danielhas nearly reached its complete fulfillment. Soonthe scenes of trouble spoken of in theprophecies will take place.
792	TESTIMONIES FOR THE CHURCH VOL.9 P.14• The world is stirred with the spirit of war.The prophecy of the eleventh chapter of Danielhas nearly reached its complete fulfillment. Soonthe scenes of trouble spoken of in theprophecies will take place.
798	TESTIMONIES FOR THE CHURCH VOL.9 P.14• The world is stirred with the spirit of war.The prophecy of the eleventh chapter of Danielhas nearly reached its complete fulfillment. Soonthe scenes of trouble spoken of in theprophecies will take place.
804	TESTIMONIES FOR THE CHURCH VOL.9 P.14• The world is stirred with the spirit of war.The prophecy of the eleventh chapter of Danielhas nearly reached its complete fulfillment. Soonthe scenes of trouble spoken of in theprophecies will take place.
810	TESTIMONIES FOR THE CHURCH VOL.9 P.14• The world is stirred with the spirit of war.The prophecy of the eleventh chapter of Danielhas nearly reached its complete fulfillment. Soonthe scenes of trouble spoken of in theprophecies will take place.
816	TESTIMONIES FOR THE CHURCH VOL.9 P.14• The world is stirred with the spirit of war.The prophecy of the eleventh chapter of Danielhas nearly reached its complete fulfillment. Soonthe scenes of trouble spoken of in theprophecies will take place.
822	TESTIMONIES FOR THE CHURCH VOL.9 P.14• The world is stirred with the spirit of war.The prophecy of the eleventh chapter of Danielhas nearly reached its complete fulfillment. Soonthe scenes of trouble spoken of in theprophecies will take place.
828	TESTIMONIES FOR THE CHURCH VOL.9 P.14• The world is stirred with the spirit of war.The prophecy of the eleventh chapter of Danielhas nearly reached its complete fulfillment. Soonthe scenes of trouble spoken of in theprophecies will take place.
834	TESTIMONIES FOR THE CHURCH VOL.9 P.14• The world is stirred with the spirit of war.The prophecy of the eleventh chapter of Danielhas nearly reached its complete fulfillment. Soonthe scenes of trouble spoken of in theprophecies will take place.
840	TESTIMONIES FOR THE CHURCH VOL.9 P.14• The world is stirred with the spirit of war.The prophecy of the eleventh chapter of Danielhas nearly reached its complete fulfillment. Soonthe scenes of trouble spoken of in theprophecies will take place.
846	TESTIMONIES FOR THE CHURCH VOL.9 P.14• The world is stirred with the spirit of war.The prophecy of the eleventh chapter of Danielhas nearly reached its complete fulfillment. Soonthe scenes of trouble spoken of in theprophecies will take place.
852	TESTIMONIES FOR THE CHURCH VOL.9 P.14• The world is stirred with the spirit of war.The prophecy of the eleventh chapter of Danielhas nearly reached its complete fulfillment. Soonthe scenes of trouble spoken of in theprophecies will take place.
858	TESTIMONIES FOR THE CHURCH VOL.9 P.14• The world is stirred with the spirit of war.The prophecy of the eleventh chapter of Danielhas nearly reached its complete fulfillment. Soonthe scenes of trouble spoken of in theprophecies will take place.
864	TESTIMONIES FOR THE CHURCH VOL.9 P.14• The world is stirred with the spirit of war.The prophecy of the eleventh chapter of Danielhas nearly reached its complete fulfillment. Soonthe scenes of trouble spoken of in theprophecies will take place.
870	TESTIMONIES FOR THE CHURCH VOL.9 P.14• The world is stirred with the spirit of war.The prophecy of the cleventh chapter of Danielhas nearly reached its complete fulfillment. Soonthe scenes of trouble spoken of in theprophecies will take place.00008000
876	TESTIMONIES FOR THE CHURCH VOL.9 P.14• The world is stirred with the spirit of war.The prophecy of the eleventh chapter of Danielhas nearly reached its complete fulfillment. Soonthe scenes of trouble spoken of in theprophecies will take place.0005800
882	TESTIMONIES FOR THE CHURCH VOL.9 P.14• The world is stirred with the spirit of war.The prophecy of the eleventh chapter of Danielhas nearly reached its complete fulfillment. Soonthe scenes of trouble spoken of in theprophecies will take place.
888	TESTIMONIES FOR THE CHURCH VOL.9 P.14• The world is stirred with the spirit of war.The prophecy of the eleventh chapter of Danielhas nearly reached its complete fulfillment. Soonthe scenes of trouble spoken of in theprophecies will take place.
894	TESTIMONIES FOR THE CHURCH VOL.9 P.14• The world is stirred with the spirit of war.The prophecy of the cleventh chapter of Danielhas nearly reached its complete fulfillment. Soonthe scenes of trouble spoken of in theprophecies will take place.00009003
900	TESTIMONIES FOR THE CHURCH VOL.9 P.14• The world is stirred with the spirit of war.The prophecy of the eleventh chapter of Danielhas nearly reached its complete fulfillment. Soonthe scenes of trouble spoken of in theprophecies will take place.0005900e
906	TESTIMONIES FOR THE CHURCH VOL.9 P.13• The scene that next passed belore me was analarm of fire. Men looked at the lofty andsupposedly fire-proof buildings and said: "Theyare perfectly safe." But these buildings wereconsumed as if made of pitch. The fireengines could do nothing to stay the destruction.00D09E0-
912	TESTIMONIES FOR THE CHURCH VOL.9 P.14• The world is stirred with the spirit of war.The prophecy of the eleventh chapter of Danielhas nearly reached its complete fulfillment. Soonthe scenes of trouble spoken of in theprophecies will take place.00009009
918	TESTIMONIES FOR THE CHURCH VOL.9 P.14• The world is stirred with the spirit of war.The prophecy of the eleventh chapter of Daniclhas nearly reached its complete fulfillment. Soonthe scenes of trouble spoken of in theprophecies will take place.
924	TESTIMONIES FOR THE CHURCH VOL.9 P.14• The world is stirred with the spirit of war.The prophecy of the eleventh chapter of Danielhas nearly reached its complete fulfillment. Soonthe scenes of trouble spoken of in theprophecies will take place.
930	TESTIMONIES FOR THE CHURCH VOL.9 P.14• The world is stirred with the spirit of war.The prophecy of the eleventh chapter of Danielhas nearly reached its complete fulfillment. Soony the scenes of trouble spoken of in theprophecies will take place.00408500
936	TESTIMONIES FOR THE CHURCH VOL.9 P.14• The world is stirred with the spirit of war.The prophecy of the eleventh chapter of Danielhas nearly reached its complete fulfillment. Soonthe scenes of trouble spoken of in theprophecies will take place.00208000
942	TESTIMONIES FOR THE CHURCH VOL.9 P.15.1• "Alas for the day! for the day of the Lord is at hand, andas a destruction from the Almighty shall it come....Theseed is rotten under their clods, the garners are laid desolate, thebarns are broken down, for the corn is withered. How do thebeasts groan! the herds of cattle are perplexed, because they haveno pasture; yca, the flocks of sheep are made desolatc." "Thevine is dried up, and the lig tree languisheth; the pomegranatetree, the palm tree also, and the apple tree, even all the trees ofthe field, are withered: because joy is withered away from thesons of men." Joel 1:15-18, 12.
948	TESTIMONIES FOR THE CHURCH VOL.9 P.15.1• "Alas for the day! for the day of the Lord is at hand, andas a destruction from the Almighty shall it come....Theseed is rotten under their clods, the garners are laid desolate, thebarns are broken down, for the corn is withered. How do thebeasts groan! the herds of cattle are perplexed, because they haveno pasture; yca, the flocks of sheep are made desolatc." "Thevine is dried up, and the hg tree languisheth; the pomegranatetree, the palm tree also, and the apple tree, even all the trees ofthe field, are withered: because joy is withered away from thesons of men." Joel 1:15-18, 12.
954	TESTIMONIES FOR THE CHURCH VOL.9 P.15.1• "Alas for the day! for the day of the Lord is at hand, andas a destruction from the Almighty shall it come.... Theseed is rotten under their clods, the garners are laid desolate, thebarns are broken down, for the corn is withered. How do thebeasts groan! the herds of cattle are perplexed, because they haveno pasture; yea, the flocks of sheep are made desolatc." "Thevine is dried up, and the hg tree languisheth; the pomegranatetree, the palm tree also, and the apple tree, even all the trees ofthe field, are withered: because joy is withered away from thesons of men." Joel 1:15-18, 12.
960	TESTIMONIES FOR THE CHURCH VOL.9 P.15.1• "Alas for the day! for the day of the Lord is at hand, andas a destruction from the Almighty shall it come.... Theseed is rotten under their clods, the garners are laid desolate, thebarns are broken down, for the corn is withered. How do thebeasts groan! the herds of cattle are perplexed, because they haveno pasture; yca, the flocks of sheep arc made desolate." "Thevine is dried up, and the lig tree languisheth; the pomegranatetree, the palm tree also, and the apple tree, even all the trees ofthe field, are withered: because joy is withered away from thesons of men." Joel 1:15-18, 12.
966	TESTIMONIES FOR THE CHURCH VOL.9 P.15.1• "Alas for the day! for the day of the Lord is at hand, andas a destruction from the Almighty shall it come.... Theseed is rotten under their clods, the garners are laid desolate, thebarns are broken down, for the corn is withered. How do thebeasts groan! the herds of cattle are perplexed, because they haveno pasture; yca, the flocks of sheep arc made desolate." "Thevine is dried up, and the fig tree languisheth; the pomegranatetree, the palm tree also, and the apple tree, even all the trees ofthe fild, are withered: because joy is withered away from thesons of men." Joel 1:15-18, 12.
972	TESTIMONIES FOR THE CHURCH VOL.9 P.15.1• "Alas for the day! for the day of the Lord is at hand, andas a destruction from the Almighty shall it come....Theseed is rotten under their clods, the garners are laid desolate, thebarns are broken down, for the corn is withered. How do thebeasts groan! the herds of cattle are perplexed, because they haveno pasture; yea, the flocks of sheep are made desolatc." "Thevine is dried up, and the lg tree languisheth; the pomegranatetree, the palm tree also, and the apple tree, even all the trees ofthe field, are withered: because joy is withered away from thesons of men." Joel 1:15-18, 12.
978	TESTIMONIES FOR THE CHURCH VOL.9 P.15.1• "Alas for the day! for the day of the Lord is at hand, andas a destruction from the Almighty shall it come....Theseed is rotten under their clods, the garners are laid desolate, thebarns are broken down, for the corn is withered. How do thebeasts groan! the herds of cattle are perplexed, because they haveno pasture; yca, the flocks of sheep are made desolate." "Thevine is dried up, and the fig tree languisheth; the pomegranatetree, the palm tree also, and the apple tree, even all the trees ofthe field, are withered: because joy is withered away from thesons of men." Joel 1:15-18, 12.
984	TESTIMONIES FOR THE CHURCH VOL.9 P.15.1• "Alas for the day! for the day of the Lord is at hand, andas a destruction from the Almighty shall it come.... Theseed is rotten under their clods, the garners are laid desolate, thebarns are broken down, for the corn is withered. How do thebeasts groan! the herds of cattle are perplexed, because they haveno pasture; yea, the flocks of sheep are made desolate." "Thevine is dried up, and the fig tree languisheth; the pomegranatetree, the palm tree also, and the apple tree, even all the trees ofthe field, are withered: because joy is withered away from thesons of men." Joel 1:15-18, 12.
990	TESTIMONIES FOR THE CHURCH VOL.9 P.15.1• "Alas for the day! for the day of the Lord is at hand, andas a destruction from the Almighty shall it come.... Theseed is rotten under their clods, the garners are laid desolate, thebarns are broken down, for the corn is withered. How do thebeasts groan! the herds of cattle are perplexed, because they haveno pasture; yea, the flocks of sheep are made desolatc." "Thevine is dried up, and the hg tree languisheth; the pomegranatetree, the palm tree also, and the apple tree, even all the trees ofthe field, are withered: because joy is withered away from thesons of men." Joel 1:15-18, 12.
996	TESTIMONIES FOR THE CHURCH VOL.9 P.15.1• "Alas for the day! for the day of the Lord is at hand, andas a destruction from the Almighty shall it come....Theseed is rotten under their clods, the garners are laid desolate, thebarns are broken down, for the corn is withered. How do thebeasts groan! the herds of cattle are perplexed, because they haveno pasture: yea, the flocks of sheep are made desolate." "Thevine is dried up, and the hg tree languisheth; the pomegranatetree, the palm tree also, and the apple tree, even all the trees ofthe field, are withered: because joy is withered away from thesons of men." Joel 1:15-18, 12.
1002	TESTIMONIES FOR THE CHURCH VOL.9 P.15.1• "Alas for the day! for the day of the Lord is at hand, andas a destruction from the Almighty shall it come....Theseed is rotten under their clods, the garners are laid desolate, thebarns are broken down, for the corn is withered. How do thebeasts groan! the herds of cattle are perplexed, because they haveno pasture; yea, the flocks of sheep are made desolatc." "Thevine is dried up, and the hg tree languisheth; the pomegranatetree, the palm tree also, and the apple tree, even all the trees ofthe field, are withered: becausc joy is withered away from thesons of men." Joel 1:15-18, 12.0049800
1008	TESTIMONIES FOR THE CHURCH VOL.9 P.15.1• "Alas for the day! for the day of the Lord is at hand, andas a destruction from the Almighty shall it come.... Theseed is rotten under their clods, the garners are laid desolate, thebarns are broken down, for the corn is withered. How do thebeasts groan! the herds of cattle are perplexed, because they haveno pasture; yca, the flocks of sheep arc made desolate." "Thevine is dried up, and the lig tree languisheth; the pomegranatetree, the palm tree also, and the apple tree, even all the trees ofthe field, are withered: because joy is withered away from thesons of men." Joel 1:15-18, 12.
1014	TESTIMONIES FOR THE CHURCH VOL.9 P.15.1• "Alas for the day! for the day of the Lord is at hand, andas a destruction from the Almighty shall it come.... Theseed is rotten under their clods, the garners are laid desolate, thebarns are broken down, for the corn is withered. How do thebeasts groan! the herds of cattle are perplexed, because they haveno pasture: yea, the flocks of sheep are made desolate." "Thevine is dried up, and the hg tree languisheth; the pomegranatetree, the palm tree also, and the apple tree, even all the trees ofthe field, are withered: because joy is withered away from thesons of men." Joel 1:15-18, 12.
1020	TESTIMONIES FOR THE CHURCH VOL.9 P.15.1• "Alas for the day! for the day of the Lord is at hand, andas a destruction from the Almighty shall it come.... Theseed is rotten under their clods, the garners are laid desolate, thebarns are broken down, for the corn is withered. How do thebeasts groan! the herds of cattle are perplexed, because they haveno pasture; yca, the flocks of sheep are made desolatc." "Thevine is dried up, and the hig tree languisheth; the pomegranatetree, the palm tree also, and the apple tree, even all the trees ofthe fild, are withered: because joy is withered away from thesons of men." Joel 1:15-18, 12.00498 0
1026	TESTIMONIES FOR THE CHURCH VOL.9 P.15.1• "Alas for the day! for the day of the Lord is at hand, andas a destruction from the Almighty shall it come.... Theseed is rotten under their clods, the garners are laid desolate, thebarns are broken down, for the corn is withered. How do thebeasts groan! the herds of cattle are perplexed, because they haveno pasture; yca, the flocks of sheep are made desolate." "Thevine is dried up, and the fig tree languisheth; the pomegranatetree, the palm tree also, and the apple tree, even all the trees ofthe field, are withered: because joy is withered away from thesons of men." Joel 1:15-18, 12.
1032	TESTIMONIES FOR THE CHURCH VOL.9 P.15.1• "Alas for the day! for the day of the Lord is at hand, andas a destruction from the Almighty shall it come.... Theseed is rotten under their clods, the garners are laid desolate, thebarns are broken down, for the corn is withered. How do thebeasts groan! the herds of cattle are perplexed, because they haveno pasture; yca, the flocks of sheep arc made desolate." "Thevine is dried up, and the lig tree languisheth; the pomegranatetree, the palm tree also, and the apple tree, even all the trees ofthe field, arc withered: because joy is withered away from thesons of men." Joel 1:15-18, 12.
1038	TESTIMONIES FOR THE CHURCH VOL.9 P.15.2• "I am pained at my very heart; ... I cannot holdmy peace, because thou hast heard, O my soul,the sound of the trumpet, the alarm ofwar. Destruction upon destruction is cried; forthe whole land is spoiled." Jeremiah 4:19, 20.90059805
1044	TESTIMONIES FOR THE CHURCH VOL.9 P.15.2• "I am pained at my very heart; ... I cannot holdmy peace, because thou hast heard, O my soul,the sound of the trumpet, the alarm ofwar. Destruction upon destruction is cried; forthe whole land is spoiled." Jeremiah 4:19, 20.90008009
1050	TESTIMONIES FOR THE CHURCH VOL.9 P.15.2• "I am pained at my very heart; ... I cannot holdmy peace, because thou hast heard, O my soul,the sound of the trumpet, the alarm ofwar. Destruction upon destruction is cried; forthe whole land is spoiled." Jeremiah 4:19, 20.90059000
1056	TESTIMONIES FOR THE CHURCH VOL.9 P.15.2• "I am pained at my very heart; ... I cannot holdmy peace, because thou hast heard, O my soul,the sound of the trumpet, the alarm ofwar. Destruction upon destruction is cried; forthe whole land is spoiled." Jercmiah 4:19, 20.0000980€
1062	TESTIMONIES FOR THE CHURCH VOL.9 P.15.2• "I am pained at my very heart; ... I cannot holdmy peace, because thou hast heard, O my soul,the sound of the trumpet, the alarm ofwar. Destruction upon destruction is cried; forthe whole land is spoiled." Jefemiah 4:19, 20.0D00309
1068	JEREMIAH 4:7, 11 - 13• 7 The lion is come up from his thicket, and the destroyer of the Gentiles ison his way; he is gone forth from his place to make thy land desolate; and thycities shall be laid waste, without an inhabitant.• 11 At that time shall it be said to this people and to Jerusalem, A dry wind ofthe high places in the wilderness toward the daughter of my people, not to fan,nor to cleanse,• 12 Even a full wind from those places shall come unto me: now also will I givesentence against them.• 13 Behold, he shall come up as clouds, and his chariots shall be as awhirlwind: his horses are swifter than eagles. Woe unto us! for we arespoiled.
1074	JEREMIAH 4:7, 11 - 13• 7 The lion is come up from his thicket, and the destroyer of the Gentiles ison his way; he is gone forth from his place to make thy land desolate; and thycities shall be laid waste, without an inhabitant.• 11 At that time shall it be said to this people and to Jerusalem, A dry wind ofthe high places in the wilderness toward the daughter of my people, not to fan,nor to cleanse,• 12 Even a full wind from those places shall come unto me: now also will I givesentence against them.• 13 Behold, he shall come up as clouds, and his chariots shall be as awhirlwind: his horses are swifter than cagles. Woe unto us! for we arespoiled.• 0059
1080	JEREMIAH 4:7, 11 - 13• 7 The lion is come up from his thicket, and the destroyer of the Gentiles ison his way; he is gone forth from his place to make thy land desolate; and thycities shall be laid waste, without an inhabitant.• 11 At that time shall it be said to this people and to Jerusalem, A dry wind ofthe high places in the wilderness toward the daughter of my people, not to fan,nor to cleanse,• 12 Even a full wind from those places shall come unto me: now also will I givesentence against them.• 13 Behold, he shall come up as clouds, and his chariots shall be as awhirlwind: his horses are swifter than cagles. Woe unto us! for we arespoiled.00100:09
1086	JEREMIAH 4:7, 11 - 13• 7 The lion is come up from his thicket, and the destroyer of the Gentiles ison his way; he is gone forth from his place to make thy land desolate; and thycities shall be laid waste, without an inhabitant.• 11 At that time shall it be said to this people and to Jerusalem, A dry vind ofthe high places in the wilderness toward the daughter of my people, not to fan,nor to cleanse,• 12 Even a full wind from those places shall come unto me: now also will I givesentence against them.• 13 Behold, he shall come up as clouds, and his chariots shall be as awhirlwind: his horses are swifter than eagles. Woe unto us! for we aspoiled.
1092	JEREMIAH 4:7, 11 - 13• 7 The lion is come up from his thicket, and the destroyer of the Gentiles ison his way; he is gone forth from his place to make thy land desolate; and thycities shall be laid waste, without an inhabitant.• 1l At that time shall it be said to this people and to Jerusalem, A dry wind ofthe high places in the wilderness toward the daughter of my people, not to fan,nor to cleanse,• 12 Even a full wind from those places shall come unto me: now also will I givesentence against them.• 18 Behold, he shall come up as clouy's, and his chariots shall be as awhirlwind: his horses are swifter than eagles. Woe unto us! for we aspoiled.
1098	JEREMIAH 4:7, 11 - 13• 7 The lion is come up from his thicket, and the destroyer of the Gentiles ison his way; he is gone forth from his place to make thy land desolate; and thycities shall be laid waste, without an inhabitant.• 11 At that time shall it be said to this people and to Jerusalem, A dry wind ofthe high places in the wilderness toward the daughter of my people, not to fan,nor to cleanse,• 12 Even a full wind from those places shall come unto me: now also will I givesentence against them.• 13 Behold, he shall come up as clouds, and his chariots shall be as awhirlwind: his horses are swifter than eagles. Woe unto us! for we aspoiled.O00G
1104	JEREMIAH 4:7, 11 - 13• 7 The lion is come up from his thicket, and the destroyer of the Gentiles ison his way; he is gone forth from his place to make thy land desolate; and thycities shall be laid waste, without an inhabitant.• 11 At that time shall it be said to this people and to Jerusalem, A dry wind ofthe high places in the wilderness toward the daughter of my people, not to fan,nor to cleanse,• 12 Even a full wind from those places shall come unto me: now also will I givesentence against them.• 13 Behold, he shall come up as clouds, and his chariots shall be as awhirlwind: his horses are swifter than eagles. Woe unto us! for we aspoiled.
1110	JEREMIAH 4:7, 11 - 13• 7 The lion is come up from his thicket, and the destroyer of the Gentiles ison his way; he is gone forth from his place to make thy land desolate; and thycities shall be laid waste, without an inhabitant.• 11 At that time shall it be said to this people and to Jerusalem, A dry wind ofthe high places in the wilderness toward the daughter of my people, not to fan,nor to cleanse,• 12 Even a full wind from those places shall come unto me: now also will I givesentence against them.• 13 Behold, he shall come up as clouds, and his chariots shall be as awhirlwind: his horses are swifter than eagles. Woe unto us! for we aspoiled.
1116	JEREMIAH 4:7, 11 - 13• 7 The lion is come up from his thicket, and the destroyer of the Gentiles ison his way; he is gone forth from his place to make thy land desolate; and thycities shall be laid waste, without an inhabitant.• 11 At that time shall it be said to this people and to Jerusalem, A dry wind ofthe high places in the wilderness toward the daughter of my people, not to fan,nor to cleanse,• 12 Even a full wind from those places shall come unto me: now also will I givesentence against them.• 13 Behold, he shall come up as clouds, and his chariots shall be as awhirlwind: his horses are swifter than eagles. Woe unto us! for we aspoiled.
1122	JEREMIAH 4:7, 11 - 13• 7 The lion is come up from his thicket, and the destroyer of the Gentiles ison his way; he is gone forth from his place to make thy land desolate; and thycities shall be laid waste, without an inhabitant.• 11 At that time shall it be said to this people and to Jerusalem, A dry wind ofthe high places in the wilderness toward the daughter of my people, not to fan,nor to cleanse,• 12 Even a full wind from those places shall come unto me: now also will I givesentence against them.• 13 Behold, he shall come up as clouds, and his chariots shall be as awhirlwind: his horses are swifter than eagles. Woe unto us! for we aspoiled.
1128	REVELATION 7:1-3• 1 And after these things I saw four angels standing on the fourcorners of the earth, holding the four winds of the earth,that the wind should not blow on the earth, nor on the sea, noron any tree.• 2 And I saw another angel ascending from the east, having theseal of the living God: and he cried with a loud voice to the fourangels, to whom it was given to hurt the earth and the sea,till• 3 Saying, Hurt not the earth, neither the sea, nor the trees, tillwe have sealed the servants of our God in theirforeheads.
1134	REVELATION 7:1-3• 1 And after these things I saw four angels standing on the fourcorners of the earth, holding the four winds of the earth,that the wind should not blow on the earth, nor on the sea, noron any tree.• 2 And I saw another angel ascending from the east, having theseal of the living God: and he cried with a loud voice to the fourangels, to whom it was given to hurt the earth and the sea,• 3 Saying, Hurt not the earth, neither the sea, nor the trees, tillwe have sealed the servants of our God in theirforeheads.
1140	
1146	
1152	
1158	REVELATION 7:1-3• 1 And after these things I saw four angels standing on the fourcorners of the earth, holding the four winds of the earth,that the wind should not blow on the earth, nor on the sea, noron any tree.• 2 And I saw another angel ascending from the east, having theseal of the living God: and he cried with a loud voice to the fourangels, to whom it was given to hurt the earth and the sea,till• 3 Saying, Hurt not the earth, neither the sea, nor the trees, tillwe have sealed the servants of our God in theirforeheads.• C
1164	REVELATION 7:1-3• 1 And after these things I saw four angels standing on the fourcorners of the farth, holding the four winds of the earth,that the wind should not blow on the earth, nor on the sea, noron any tree.• 2 And I saw another angel ascending from the east, having theseal of the living God: and he cried with a loud voice to the fourangels, to whom it was given to hurt the earth and the sea,• 3 Saying, Hurt not the earth, neither the sea, nor the trees, tillwe have sealed the servants of our God in theirforeheads.
1170	REVELATION 7:1-3• 1 And after these things I saw four angels standing on the fourcorners of the earth, holding the four winds of the earth,that the wind should not blow on the earth, nor on the sea, noron any tree.• 2 And I saw another angel ascending from the east, having theseal of the living God: and he cried with a loud voice to the fourangels, to whom it was given to hurt the earth and the sea,• 3 Saying, Hurt not the earth, neither the sea, nor the trees, tillwe have sealed the servants of our God in theirforeheads.
1176	REVELATION 7:1-3• 1 And after these things I saw four angels standing on the fourcorners of the earth, holding the four winds of the earth,that the wind should not blow on the earth, nor on the sea, noron any tree.• 2 And I saw another angel ascending from the east, having theseal of the living God: and he cried with a loud voice to the fourangels, to whom it was given to hurt the earth and the sea,• 3 Saying, Hurt not the earth, neither the sea, nor the trees, tillwe have sealed the servants of our God in theirforeheads.Đ @
1182	REVELATION 7:1-3• 1 And after these things I saw four angels standing on the fourcorners of the earth, holding the four winds of the earth,that the wind should not blow on the earth, nor on the sea, noron any tree.• 2 And I saw another angel ascending from the east, having theseal of the living God: and he cried with a loud voice to the fourangels, to whom it was given to hurt the earth and the sea,• 3 Saying, Hurt not the earth, neither the sea, nor the trees, tillwe have sealed the servants of our God in theirforeheads.
1188	REVELATION 7:1-3• 1 And after these things I saw four angels standing on the fourcorners of the earth, holding the four winds of the earth,that the wind should not blow on the earth, nor on the sea, noron any tree.• 2 And I saw another angel ascending from the east, having theseal of the living God: and he cried with a loud voice to the fourangels, to whom it was given to hurt the earth and the sea,till• 3 Saying, Hurt not the earth, neither the sea, nor the trees, tillwe have sealed the servants of our God in theirforeheads.C
1194	REVELATION 7:1-3• 1 And after these things I saw four angels standing on the fourcorners of the earth, holding the four winds of the earth,that the wind should not blow on the earth, nor on the sea, noron any tree.• 2 And I saw another angel ascending from the east, having theseal of the living God: and he cried with a loud voice to the fourangels, to whom it was given to hurt the earth and the sea,till• 3 Saying, Hurt not the earth, neither the sea, nor the trees, tillwe have sealed the servants of our God in theirforeheads.
1200	REVELATION 7:1-3• 1 And after these things I saw four angels standing on the fourcorners of the earth, holding the four winds of the earth,that the wind should not blow on the earth, nor on the sea, noron any tree.• 2 And I saw another angel ascending from the east, having theseal of the living God: and he cried with a loud voice to the fourangels, to whom it was given to hurt the earth and the sea,till• 3 Saying, Hurt not the earth, neither the sea, nor the trees, tillwe have sealed the servants of our God in theirforeheads.
1206	REVELATION 7:1-3• 1 And after these things I saw four angels standing on the fourcorners of the earth, holding the four winds of the carth,that the wind should not blow on the earth, nor on the sea, noron any tree.• 2 And I saw another angel ascending from the east, having thescal ol the living God: and he cried with a loud voice to the fourangels, to whom it was given to hurt the earth and the sea,• 3 Saying, Hurt not the earth, neither the sea, nor the trees, tillwe have sealed the servants of our God in theirforcheads.
1212	REVELATION 7:1-3• 1 And after these things I saw four angels standing on the fourcorners of the earth, holding the four winds of the earth,that the wind should not & low on the earth, nor on the sea, noron any tree.• 2 And I saw another angel ascending from the east, having theseal of the living God: and he cried with a loud voice to the fourangels, to whom it was given to hurt the earth and the sea,• 3 Saying, Hurt not the carth, neither the sea, nor the trees, tillwe have sealed the servants of our God in theirforcheads.0O1D00
1218	REVELATION 7:1-3• 1 And after these things I saw four angels standing on the fourcorners of the earth, holding the four winds of the earth,that the wind should not blow on the carth, nor on the sea, noron any tree.• 2 And I saw another angel ascending from the east, having thescal of the living God: and he cried with a loud voice to the fourangels, to whom it was given to hurt the earth and the sea,• 3 Saying, Hurt not the earth, neither the sea, nor the trees, tillwe have sealed the servants of our God in theirforcheads.
1224	REVELATION 7:1-3• 1 And after these things I saw four angels standing on the fourcorners of the earth, holding the four winds of the earth,that the wind should not blow on the earth, nor on the sea, noron any tree.• 2 And I saw another angel ascending from the east, having theseal of the living God: and he cried with a loud voice to the fourangels, to whom it was given to hurt the earth and the sea,• 3 Saying, Hurt not the earth, neither the sea, nor the trees, tillwe have sealed the servants of our God in theirforcheads.
1230	REVELATION 7:1-3• 1 And after these things I saw four angels standing on the fourcorners of the earth, holding the four winds of the earth,that the wind should not blow on the earth, nor on the sea, noron any tree.• 2 And I saw another angel ascending from the east, having thecal of the living God: and he cried with a loud voice to the lowangels, to whom it was given to hurt the earth and the sea,• 3 Saying, Hurt not the earth, neither the sea, nor the trees, tillwe have sealed the servants of our God in theirforeheads.00/0800
1236	REVELATION 7:1-3• 1 And after these things I saw four angels standing on the fourcorners of the earth, holding the four winds of the carth,that the wind should not blow on the earth, nor on the sea, noron any tree.• 2 And I saw another angel ascending from the east, having theseal of the living God: and he cried with a loud voice to the fourangels, to whom it was given to hurt the earth and the sea,• 3 Saying, Hurt not the carth, neither the sea, nor the trees, tillwe have sealed the servants of our God in theirforcheads.
1242	REVELATION 7:1-3• 1 And after these things I saw four angels standing on the fourcorners of the earth, holding the four winds of the earth,that the wind should not blow on the earth, nor on the sea, noron any tree.• 2 And I saw another angel ascending from the east, having thescal of the living God: and he cried with a loud voice to the fourangels, to whom it was given to hurt the earth and the sea,• 3 Saying, Hurt not the earth, neither the sea, nor the trees, tillwe have sealed the servants of our God in theirforcheads.
1248	REVELATION 7:1-3• 1 And after these things I saw four angels standing on the fourcorners of the earth, holding the four winds of the carth,that the wind should not blow on the earth, nor on the sea, noron any tree.• 2 And I saw another angel ascending from the cast, having thescal of the living God: and he cried with a loud voice to the fourangels, to whom it was given to hurt the earth and the sea,• 3 Saying, Hurt not the carth, neither the sea, nor the trees, tillwe have sealed the servants of our God in theirforcheads.
1254	REVELATION 7:1-3• 1 And after these things I saw four angels standing on the fourcorners of the earth, holding the four winds of the earth,that the wind should not blow on the earth, nor on the sea, noron any tree.• 2 And I saw another angel ascending from the cast, having theseal of the living God: and he cried with a loud voice to the fourangels, to whom it was given to hurt the earth and the sea,• 3 Saying, Hurt not the earth, neither the sea, nor the trees, tillwe have sealed the servants of our God in theirforeheads.
1260	REVELATION 7:1-3• 1 And after these things I saw four angels standing on the fourcorners of the earth, holding the four winds of the carth,that the wind should not blow on the earth, nor on the sea, noron any tree.• 2 And I saw another angel ascending from the east, having thescal of the living God: and he cried with a loud voice to the fourangels, to whom it as given to hurt the earth and the sea,• 3 Saying, Hurt not the carth, neither the sea, nor the trees, tillwe have sealed the servants of our God in theirforcheads.00009000
1266	REVELATION 7:1-3• 1 And after these things I saw four angels standing on the fourcorners of the earth, holding the four winds of the earth,that the wind should not blow on the earth, nor on the sea, noron any tree.• 2 And I saw another angel ascending from the cast, having thescal of the living God: and he cried with a loud voice to the fourangels, to whom it was given to hurt the earth and the sea,• 3 Saying, Hurt not the earth, neither the sea, nor the trees, tillwe have sealed the servants of our God in theirforcheads.
1272	REVELATION 7:1-3• 1 And after these things I saw four angels standing on the fourcorners of the earth, holding the four winds of the carth,that the wind should not blow on the earth, nor on the sea, noron any tree.• 2 And I saw another angel ascending from the east, having thescal of the living God: and he cried with a loud voice to the fourangels, to whom it was given to hurt the earth and the sea,• 3 Saying, Hurt not the earth, neither the sea, nor the trees, tillwe have sealed the servants of our Godan theuforeheads.0010930
1278	REVELATION 7:1-3• 1 And after these things I saw four angels standing on the fourcorners of the earth, holding the four winds of the earth,that the wind should not blow on the earth, nor on the sea, noron any tree.• 2 And I saw another angel ascending from the east, having theseal of the living God: and he cried with a loud voice to the fourangels, to whom it was given to hurt the earth and the sea,• 3 Saying, Hurt not the carth, neither the sea, nor the trees, tillwe have sealed the servants of our God in theirforeheads.
1284	REVELATION 7:1-3• 1 And after these things I saw four angels standing on the fourcorners of the earth, holding the four winds of the carth,that the wind should not blow on the earth, nor on the sea, noron any tree.• 2 And I saw another angel ascending from the east, having thescal of the living God: and he cried with a loud voice to the fourangels, to whom it was given to hurt the earth and the sea,• 3 Saying, Hurt not the earth, neither the sea, gor the trees, tillwe have sealed the servants of our God in theirforeheads.0040800
1290	REVELATION 7:1-3• 1 And after these things I saw four angels standing on the fourcorners of the earth, holding the four winds of the earth,that the wind should not blow on the earth, nor on the sea, noron any tree.• 2 And I saw another angel ascending from the cast, having thescal of the living God: and he cried with a loud voice to the fourangels, to whom it was given to hurt the earth and the sea,• 3 Saying, Hurt not the carth, neither the sea, nor the trees, tillwe have sealed the servants of our God in theirforcheads.
1296	REVELATION 7:1-3• 1 And after these things I saw four angels standing on the fourcorners of the earth, holding the four winds of the earth,that the wind should not blow on the carth, nor on the sea, noron any tree.• 2 And I saw another angel ascending from the cast, having thescal of the living God: and he cried with a loud voice to the fourangels, to whom it was given to hurt the earth and the sea,• 3 Saying, Hurt not the carth, neither the sea, nor the trees, tillwe have sealed the servants of our God in theirforeheads.
1302	REVELATION 7:1-3• 1 And after these things I saw four angels standing on the fourcorners of the earth, holding the four winds of the carth,that the wind should not blow on the earth, nor on the sea, noron any tree.• 2 And I saw another angel ascending from the east, having thescal of the living God: and he cried with a loud voice to the fourangels, to whom it was given to hurt the earth and the sea,• 3 Saying, Hurt not the carth, neither the sea, nor the trees, tillwe have sealed the servants of our God in theirforcheads.
1308	REVELATION 7:1-3• 1 And after these things I saw four angels standing on the fourcorners of the earth, holding the four winds of the earth,that the wind should not blow on the earth, nor on the sea, noron any tree.• 2 And I saw another angel ascending from the cast, having thescal of the living God: and he cried with a loud voice to the fourangels, to whom it was given to hurt the earth and the sea,• 3 Saying, Hurt not the earth, neither the sea, nor the trees, tillwe have sealed the servants of our God in theirforeheads.
1314	REVELATION 7:1-3• 1 And after these things I saw four angels standing on the fourcorners of the earth, holding the four winds of the carth,that the wind should not blow on the carth, nor on the sea, noron any free.• 2 And I saw another angel ascending from the east, having thescal of the living God: and he cried with a loud voice to the fourangels, to whom it was given to hurt the earth and the sea,• 3 Saying, Hurt not the earth, neither the sea, nor the trees, tillwe have sealed the servants of our God in theirforeheads.
1320	REVELATION 7:1-3• 1 And after these things I saw four angels standing on the fourcorners of the earth, holding the four winds of the earth,that the wind should not blow on the earth, nor on the sea, noron any tree.• 2 And I saw another angel ascending from the east, having theseal of the living God: and he cried with a loud voice to the lourangels, to whom it was given to hurt the earth and the sea,• 3 Saying, Hurt not the carth, neither the sea, nor the trees, tillwe have sealed the servants of our God in theirforcheads.
1326	REVELATION 7:1-3• 1 And after these things I saw four angels standing on the fourcorners of the earth, holding the four winds of the earth,that the wind should not blow on the earth, nor on the sea, noron any tree.• 2 And I saw another angel ascending from the cast, having thescal of the living God: and he cried with a loud voice to the fourangels, to whom it was given to hurt the earth and the sea,• 3 Saying, Hurt not the carth, neither the sea, nor the trees, tillwe have sealed the servants of our God in theirforeheads.
1332	REVELATION 7:1-3• 1 And after these things I saw four angels standing on the fourcorners of the earth, holding the four winds of the earth,that the wind should not blow on the earth, nor on the sea, noron any tree.• 2 And I saw another angel ascending from the cast, having thescal of the living God: and he cried with a loud voice to the fourangels, to whom it was given to hurt the earth and the sea,• 3 Saying, Hurt not the earth, neither the sea, nor the trees, tillwe have sealed the servants of our God in theirforeheads.
1338	
1344	
1350	REVELATION 7:1-3• 1 And after these things I saw four angels standing on the fourcorners of the earth, holding the four winds of the earth,that the wind should not blow on the earth, nor on the sea, noron any tree.• 2 And I saw another angel ascending from the east, having thescal of the living God: and he cried with a loud voice to the fourangels, to whom it was given to hurt the earth and the sea,• 3 Saying, Hurt not the earth, neither the sea, nor the trees, tillwe have sealed the servants of our God mn theirforcheads.
1356	REVELATION 7:1-3• 1 And after these things I saw four angels standing on the fourcorners of the earth, holding the four winds of the carth,that the wind should not blow on the earth, nor on the sea, noron any tree.• 2 And I saw another angel ascending from the east, having theseal of the living God: and he cried with a loud voice to the fourangels, to whom it was given to hurt the earth and the sea,• 3 Saying, Hurt not the carth, neither the sea, nor the trees, tillwe have sealed the servants of our God in theirforeheads.
1362	REVELATION 7:1-3• 1 And after these things I saw four angels standing on the fourcorners of the earth, holding the four winds of the earth,that the wind should not blow on the earth, nor on the sea, noron any tree.• 2 And I saw another angel ascending from the cast, having theseal of the living God: and he cried with a loud voice to the fourangels, to whom it was given to hurt the earth and the sea,• 3 Saying, Hurt not the earth, neither the sea, nor the trees, tillwe have sealed the servants of our God in theirforcheads.
1368	REVELATION 7:1-3• 1 And after these things I saw four angels standing on the fourcorners of the earth, holding the four winds of the earth,that the wind should not blow on the earth, nor on the sea, noron any tree.• 2 And I saw another angel ascending from the east, having thescal of the living God: and he cried with a loud voice to the fourangels, to whom it was given to hurt the earth and the sea,• 3 Saying, Hurt not the earth, neither the sea, nor the trees, tillwe have sealed the servants of our God in theirforcheads.
1374	REVELATION 7:1-3• 1 And after these things I saw four angels standing on the fourcorners of the earth, holding the four winds of the carth,that the wind should not blow on the earth, nor on the sea, noron any tree.• 2 And I saw another angel ascending from the east, having thescal of the living God: and he cried with a loud voice to the fourangels, to whom it was given to hurt the earth and the sea,• 3 Saying, Hurt not the carth, neither the sea, nor the trees, tillwe have sealed the servants of our God in theirforcheads.
1380	EARLY WRITINGS P.38• I saw four angels who had a work to do on the earth,and were on their way to accomplish it. Jesus was clothedwith priestly garments. He gazed in pity on the remnant, thenraised His hands, and with a voice of deep pity cried, "My bloodFather, Mv blood, Mv blood. My blood!"exceeding bright light come from God, who sat upon the greatwhite throne, and was shed all about Jesus. Then I saw an ange.with a commission from Jesus, swiftly flying to the four angelswho had a work to do on the earth, and waving something tand down in his hand, and crying with a loud voice,"Hold!Hold! Hold! Hold! until the servants of God are sealed in theirforcheads."00059
1386	EARLY WRITINGS P.38• I saw four angels who had a work to do on the earth,and were on their way to accomplish it. Jesus was clothedwith priestly garments. He gazed in pity on the remnant, thenraised His hands, and with a voice of deep pity cried, "My bloodlather, My blood, Mv blood. My blood!"exceeding bright light come from God, who sat upon the greatwhite throne, and was shed all about Jesus. Then I saw an angelwith a commission from Jesus, swiftly flying to the four angelswho had a work to do on the carth, and waving something upand down in his hand, and crying with a loud voice,"Hold!Hold! Hold! Hold! until the servants of God are sealed in theirforcheads."
1392	EARLY WRITINGS P.38• I saw four angels who hacka work to do on the earth,and were on their way to accomplish it. Jesus was clothedwith priestly garments. He gazed in pity on the remnant, thenraised His hands, and with a voice of deep pity cried, "My bloodFather, My blood, My blood, My blood!"exceeding bright light come from God, who sat upon the greatwhite throne, and was shed all about Jesus. Then I saw an ange.with a commission from Jesus, swiftly flying to the four angelswho had a work to do on the carth, and waving something upand down in his hand, and crying with a loud voice, "Hold!Hold! Hold! Hold! until the servants of God are sealed in theirforcheads."OOI09O
1398	EARLY WRITINGS P.38• I saw four angels who had a work to do on the earth,and were on their way to accomplish it. Jesus was clothedwith priestly garments. He gazed in pity on the remnant, thenraised His hands, and with a voice of deep pity cried, "My blood,Father, My blood, My blood, My blood!" Then I saw anexceeding bright light come from God, who sat upon the greatwhite throne, and was shed all about Jesus. Then I saw an angelwith a commission from Jesus, swiftly flying to the four angelswho had a work to do on the earth, and waving something upand down in his hand, and crying with a loud voice, "Hold!Hold! Hold! Hold! until the servants of God are sealed ir thforeheads.
1404	EARLY WRITINGS P.38• I saw four angels who had a work to do on the earth,and were on their way to accomplish it. Jesus was clothedwith priestly garments. He gazed in pity on the remnant, thenraised His hands, and with a voice of deep pity cried, "My blood,Father, My blood, My blood, My blood!" Then I saw anexceeding bright light come from God, who sat upon the greatwhite throne, and was shed all about Jesus. Then I saw an angelwith a commission from Jesus, swiftly flying to the four angelswho had a work to do on the earth, and waving something upand down in his hand, and crying with a loud voice, "Hold!Hold! Hold! Hold! until the servants of God are sealed irth.foreheads.
1410	REVELATION 7:1-3• 1 And after these things I saw four angels standing on the fourcorners of the carth, holding the four winds of the earth,that the wind should not blow on the earth, nor on the sea, noron any tree.• 2 And I saw another angel ascending from the east, having theseal of the living God: and he cried with a loud voice to the fourangels, to whom it was given to hurt the earth and the sea,• 3 Saying, Hurt not the earth, neither the sea, nor the trees, tillwe have sealed the servants of our God in theirforeheads.
1416	REVELATION 7:1-3• 1 And after these things I saw four angels standing on the fourcorners of the earth, holding the four winds of the earth,that the wind should not blow on the earth, nor on the sea, noron any tree.• 2 And I saw another angel ascending from the east, having theseal of the living God: and he cried with a loud voice to the fourangels, to whom it was given to hurt the earth and the sea,• 3 Saying, Hurt not the earth, neither the sea, nor the trees, tillwe have sealed the servants of our God in theirforeheads.
1422	EARLY WRITINGS P.38• I saw four angels who had a work to do on the earth,and were on their way to accomplish it. Jesus was clothedwith priestly garments. He gazed in pity on the remnant, thenraised His hands, and with a voice of deep pity cried, "My blood,Father, My blood, My blood, My blood!" Then I saw anexceeding bright light come from God, who sat upon the greatwhite throne, and was shed all about Jesus. Then I saw an angelwith a commission from Jesus, swiftly flying to the four angelswho had a work to do on the earth, and waving something upand down in his hand, and crying with a loud voice, "Hold!Hold! Hold! Hold! until the servants of God are sealed irth.foreheads.
1428	EARLY WRITINGS P.38• I saw four angels who had a work to do on the earth,and were on their way to accomplish it. Jesus was clothedwith lestly garments. He gazed in pity on the remnant, thenraised His hands, and with a voice of deep pity cried, "My blood,Father, My blood, My blood, My blood!" Then I saw anexceeding bright light come from God, who sat upon the greatwhite throne, and was shed all about Jesus. Then I saw an angelwith a commission from Jesus, swiftly flying to the four angelswho had a work to do on the earth, and waving something upand down in his hand, and crying with a loud voice, "Hold!Hold! Hold! Hold! until the servants of God are sealed ir-+lforeheads.
1434	EARLY WRITINGS P.38• I saw four angels who had a work to do on the earth,and were on their way to accomplish it. Jesus was clothedwith priestly garments. He gazed in pity on the remnant, thenraised His hands, and with a voice of deep pity cried, "My blood,Father, My blood, My blood, My blood!" Then I saw anexceeding bright light come from God, who sat upon the greatwhite throne, and was shed all about Jesus. Then I saw an angelwith a commission from Jesus, swiftly flying to the four angelswho had a work to do on the earth, and waving something upand down in his hand, and crying with a loud voice, "Hold!Hold! Hold! Hold! until the servants of God are sealed irth.foreheads.
1440	EARLY WRITINGS P.38• I saw four angels who had a work to do on the earth,and were on their way to accomplish it. Jesus was clothedwith priestly garments. He gazed in pity on the remnant, thenraised His hands, and with a voice of deep pity cried, "My blood,Father, My blood, My blood, My blood!" Then I saw anexceeding bright light come from God, who sat upon the greatwhite throne, and was shed all about Jesus. Then I saw an angelwith a commission from Jesus, swiftly flying to the four angelswho had a work to do on the earth, and waving something upand down in his hand, and crying with a loud voice, "Hold!Hold! Hold! Hold! until the servants of God are sealed irth.foreheads.
1446	EARLY WRITINGS P.38• I saw four angels who had a work to do on the earth,and were on their way to accomplish it. Jesus was clothedwith priestly garments. He gazed in pity on the remnant, thenraised His hands, and with a voice of deep pity cried, "My blood,Father, My blood, My blood, My blood!" Then I saw anexceeding bright light come from God, who sat upon the greatwhite throne, and was shed all about Jesus. Then I saw an angelwith a commission from Jesus, swiftly flying to the four angelswho had a work to do on the earth, and waving something upand down in his hand, and crying with a loud voice, "Hold!Hold! Hold! Hold! until the servants of God are sealed irth.foreheads.
1452	
1458	
1464	
1470	
1476	EARLY WRITINGS P.38• I saw four angels who had a work to do on the earth,and were on their way to accomplish it. Jesus was clothedwith priestly garments. He gazed in pity on the remnant, thenraised His hands, and with a voice of deep pity cried, "My blood,Father, My blood, My blood, My blood!" Then I saw anexceeding bright light come from God, who sat upon the greatwhite throne, and was shed all about Jesus. Then I saw an angelwith a commission from Jesus, swiftly flying to the four angelswho had a work to do on the earth, and waving something upand down in his hand, and crying with a loud voice, "Hold!Hold! Hold! Hold! until the servants of God are sealed ir thforeheads.
1482	EARLY WRITINGS P.38• I saw four angels who had a work to do on the earth,and were on their way to accomplish it. Jesus was clothedwith priestly garments. He gazed in pity on the remnant, thenraised His hands, and with a voice of deep pity cried, "My blood,Fathey, My blood, My blood, My blood!" Then I saw anexceeding bright light come from God, who sat upon the greatwhite throne, and was shed all about Jesus. Then I saw an angelwith a commission from Jesus, swiftly flying to the four angelswho had a work to do on the earth, and waving something upand down in his hand, and crying with a loud voice, "Hold!Hold! Hold! Hold! until the servants of God are sealed ir+.foreheads.
1488	EARLY WRITINGS P.38• I saw four angels who had a work to do on the earth,and were on their way to accomplish it. Jesus was clothedwith priestly garments. He gazed in pity on the remnant, thenraised His hands, and with a voice of deep pity cried, "My blood,Father, My blood, My blood, My blood!" Then I saw anexceeding bright light come from God, who sat upon the greatwhite throne, and was shed all about Jesus. Then I saw an angelwith a commission from Jesus, swiftly flying to the four angelswho had a work to do on the earth, and waving something upand down in his hand, and crying with a loud voice, "Hold!Hold! Hold! Hold! until the servants of God are sealed ir-+.foreheads.
1494	EARLY WRITINGS P.38• I saw four angels who had a work to do on the earth,and were on their way to accomplish it. Jesus was clothedwith priestly garments. He gazed in pity on the remnant, thenraised His hands, and with a voice of deep pity cried, "My blood,Father, My blood, My blood, My blood!" Then I saw anexceeding bright light come from God, who sat upon the greatwhite throne, and was shed all about lesus. Then I saw an angelwith a commission from Jesus, swiftly flying to the four angelswho had a work to do on the earth, and waving something upand down in his hand, and crying with a loud voice, "Hold!Hold! Hold! Hold! until the servants of God are sealed irth.foreheads.
1500	EARLY WRITINGS P.38• I saw four angels who had a work to do on the earth,and were on their way to accomplish it. Jesus was clothedwith priestly garments. He gazed in pity on the remnant, thenraised His hands, and with a voice of deep pity cried, "My blood,Father, My blood, My blood, My blood!" Then I saw anexceeding bright light come from God, who sat upon the greatwhite throne, and was shed all about Jesus. Then I saw an angelwith a commission from Jesus, swiftly flying to the four angelswho had a work to do on the earth, and waving something upand down in his hand, and crying with a loud voice, "Hold!Hold! Hold! Hold! until the servants of God are sealed irth.foreheads.
1506	EARLY WRITINGS P.38• I saw four angels who had a work to do on the earth,and were on their way to accomplish it. Jesus was clothedwith priestly garments. He gazed in pity on the remnant, thenraised His hands, and with a voice of deep pity cried, "My blood,Father, My blood, My blood, My blood!" Then I saw anexceeding bright light come from God, who sat upon the greatwhite throne, and was shed all about Jesus. Then I saw an angelwith a commission from Jesus, swiftly flying to the four angelswho had a work to do on the earth, and waving somy thing upand down in his hand, and crying with a loud voice,"Hold!Hold! Hold! Hold! until the servants of God are sealed irth.foreheads.
1512	EARLY WRITINGS P.38• I saw four angels who had a work to do on the earth,and were on their way to accomplish it. Jesus was clothedwith priestly garments. He gazed in pity on the remnant, thenraised His hands, and with a voice of deep pity cried, "My blood,Father, My blood, My blood, My blood!" Then I saw anexceeding bright light come from God, who sat upon the greatwhite throne, and was shed all about Jesus. Then I saw an angelwith a commission from Jesus, swiftly flying to the four angelswho had a work to do on the earth, and waving something upand down in his hand, and crying with a loud voice, "Hold!Hold! Hold! Hold! until the servants of God are sealed ir thforeheads.
1518	EARLY WRITINGS P.38• I saw four angels who had a work to do on the earth,and were on their way to accomplish it. Jesus was clothedwith priestly garments. He gazed in pity on the remnant, thenraised His hands, and with a voice of deep pity cried, "My blood,Father, My blood, My blood, My blood!" Then I saw anexceeding bright light come from God, who sat upon the greatwhite throne, and was shed all about Jesus. Then I saw an angelwith a commission from Jesus, swiftly flying to the four angelswho had a work to do on the earth, and waving something upand down in his hand, and crying with a loud voice, "Hold!Hold! Hold! Hold! until the servants of God are sealed ir thforeheads.
1524	EARLY WRITINGS P.38• I saw four angels who had a work to do on the earth,and were on their way to accomplish it. Jesus was clothedwith priestly garments. He gazed in pity on the remnant, thenraised His hands, and with a voice of deep pity cried, "My blood,Father, My blood, My blood, My blood!" Then I saw anexceeding bright light come from God, who sat upon the greatwhite throne, and was shed all about Jesus. Then I saw an angelwith a commission from Jesus, swiftly flying to the four angelswho had a work to do on the earth, and waving something upand down in his hand, and crying with a loud voice, "Hold!Hold! Hold! Hold! until the servants of God are sealed irth.foreheads.
1530	EARLY WRITINGS P.38• I saw four angels who had a work to do on the earth,and were on their way to accomplish it. Jesus was clothedwith priestly garments. He gazed in pity on the remnant, thenraised His hands, and with a voice of deep pity cried, "My blood,Father, My blood, My blood, My blood!" Then I saw anexceeding bright light come from God, who sat upon the greatwhite throne, and was shed all about Jesus. Then I saw an angelwith a commission from Jesus, swiftly flying to the four angelswho had a work to do on the earth, and waving something upand down in his hand, and crying with a loud voice, "Hold!Hold! Hold! Hold! until the servants of God are sealed irth.foreheads.
1536	EARLY WRITINGS P.38• I saw four angels who had a work to do on the earth,and were on their way to accomplish it. Jesus was clothedwith priestly garments. He gazed in pity on the remnant, thenraised His hands, and with a voice of deep pity cried, "My blood,Father, My blood, My blood, My blood!" Then I saw anexceeding bright light come from God, who sat upon the greatwhite throne, and was shed all about Jesus. Then I saw an angelwith a commission from Jesus, swiftly flying to the four angelswho had a work to do on the earth, and waving something upand down in his hand, and crying with a loud voice, "Hold!Hold! Hold! Hold! until the servants of God are sealed ir+.foreheads.
1542	EARLY WRITINGS P.38• I saw four angels who had a work to do on the earth,and were on their way to accomplish it. Jesus was clothedwith priestly garments. He gazed in pity on the remnant, thenraised His hands, and with a voice of deep pity cried, "My blood,Father, My blood, My blood, My blood!" Then I saw anexceeding bright light come from God, who sat upon the greatwhite throne, and was shed all about Jesus. Then I saw an angelwith a commission from Jesus, swiftly flying to the four angelswho had a work to do on the earth, and waving something upand down in his hand, and crying with a loud voice, "Hold!Hold! Hold! Hold! until the servants of God are sealed irth.foreheads.
1548	EARLY WRITINGS P.38• I saw four angels who had a work to do on the earth,and were on their way to accomplish it. Jesus was clothedwith priestly garments. He gazed in pity on the remnant, thenraised Fhis hands, and with a voice of deep pity cried, "My bloodfather. My blood. My blood. Mv blood!"Then I saw anexceeding bright light come from God, who sat upon the greatwhite throne, and was shed all about Jesus. Then I saw an angelwith a commission from Jesus, swifily flying to the four angelswho had a work to do on the carth, and waving something upand down in his hand, and crying with a loud voice, "Hold!Hold! Hold! Hold! until the servants of God are sealed in theirforcheads."
1554	EARLY WRITINGS P.38• I asked my accompanying angel the meaning of what Iheard, and what the four angels were about to do. He saidto mo that it was God that restrained the powers, and that He gave Hisangels charge over things on the earth; that the four angels had powerfrom God to hold the four winds, and that they were about to let themgo; but while their hands were loosening, and the four windswere about to blow, the merciful eye of Jesus gazed on the remnantthat were not scaled, and He raised This hands to the Father andpleaded with Him that He had spilled His blood for them. Thenanother angel was commissioned to fly swiftly to the four angels and bidthem hold, until the servants of God were sealed with the seal of theliving God in their foreheads.00098
1560	EARLY WRITINGS P.38• I asked my accompanying angel the meaning of what Iheard, and what the four angels were about to do. He saidto me that it was God that restrained the powers, and that He gave Hisangels charge over things on the earth; that the four angels had powerfrom God to hold the four winds, and that they were about to let themgo; but while their hands were loosening, and the four windswere about to blow, the merciful eye of Jesus gazed on the remnantthat were not scaled, and He raised His hands to the Father andpleaded with Him that He had spilled His blood for them. Thenanother angel was commissioned to fly swiftly to the four angels and bidthem hold, until the servants of God were sealed with the seal of theliving God in their foreheads.00008009
1566	EARLY WRITINGS P.38• I asked my accompanying angel the meaning of what Iheard, and what the lour angels were about to do. He saico me that it was God that restrained the powers, and that Lie gave Hisangels charge over things on the earth; that the lour angels had powerfrom God to hold the four winds, and that they were about to let themgo; but while their hands were loosening, and the four windswere about to blow, the merciful eye of Jesus gazed on the remnantthat were not sealed, and fle raised His hands to the Father andpleaded with Him that He had spilled His blood for them. Thenanother angel was commissioned to fly swiftly to the four angels and bidthem hold, until the servants of God were sealed with the seal of theliving God in their foreheads.000Dge0e
1572	EARLY WRITINGS P.38• I asked my accompanying angel the meaning of what Iheard, and what the four angels were about to do. He saidto me that it was God that restrained the powers, and that He gave Hisangels charge over things on the earth; that the four angels had powerfrom God to hold the four winds, and that they were about to let themgo; but while their hands were loosening, and the four windswere about to blow, the merciful eye of Jesus gazed on the remnantthat were not scaled, and He raised His hands to the Father andpleaded with Him that He had spilled His blood for them. Thenanother angel was commissioned to fly swiftly to the four angels and bidthem hold, until the servants of God were sealed with the seal of theliving God in their foreheads.00059500
1578	EARLY WRITINGS P.38• I asked my accompanying angel the meaning of what Iheard, and what the four angels were about to do. He saidto me that it was God that restrained the powers, and that He gave Hisangels charge over things on the earth; that the four angels had powerfrom God to hold thy four winds, and that they were about to let themgo; but while their hands were loosening, and the four windswere about to blow, the merciful eye of Jesus gazed on the remnantthat were not sealed, and He raised His hands to the Father andpleaded with Him that He had spilled His blood for them. Thenanother angel was commissioned to fly swiftly to the four angels and bidthem hold, until the servants of God were sealed with the seal eftheliving God in their foreheads.
1584	EARLY WRITINGS P.38• I asked my accompanying angel the meaning of what Iheard, and what the four angels were about to do. He saidto me that it was God that restrained the powers, and that He gave Hisangels charge over things on the earth; that the four angels had powerfrom God to hold the four winds, and that they were about to let themgo; but while their hands wet loosening, and the four windswere about to blow, the merciful eye of Jesus gazed on the remnantthat were not sealed, and He raised His hands to the Father andpleaded with Him that He had spilled His blood for them. Thenanother angel was commissioned to fly swiftly to the four angels and bidthem hold, until the servants of God were sealed with the seal eftheliving God in their foreheads.@©.
1590	EARLY WRITINGS P.38• I asked my accompanying angel the meaning of what Iheard, and what the four angels were about to do. He saidto me that it was God that restrained the powers, and that He gave Hisangels charge over things on the earth; that the four angels had powerfrom God to hold the four winds, and that they were about to let themgo; but while their hands were loosening, and the four windswere about to blow, the merciful eye of Jesus gazed on the remnantthat were not sealed, and He raised His hands to the Father andpleaded with Him that He had spilled His blood for them. Thenanother angel was commissioned to fly swiftly to the four angels and bidthem hold, until the servants of God were sealed with the seal of theliving God in their foreheads.O0OG@©.
1596	• CEARLY WRITINGS P.38• I asked my accompanying angel the meaning of what Iheard, and what the four angels were about to do. He saidto me that it was God that restrained the powers, and that He gave Hisangels charge over things on the earth; that the four angels had powerfrom God to hold the four winds, and that they were about to let themgo; but while their hands were loosening, and the four windswere about to blow, the merciful eye of Jesus gazed on the remnantthat were not sealed, ancHe raised His hands to the Father andpleaded with Him that He had spilled His blood for them. Thenanother angel was commissioned to fly swiftly to the four angels and bidthem hold, until the servants of God were sealed with the seal eftheliving God in their foreheads.@©.
1602	EARLY WRITINGS P.38• I asked my accompanying angel the meaning of what Iheard, and what the four angels were about to do. He saidto me that it was God that restrained the powers, and that He gave Hisangels charge over things on the earth; that the four angels had powerfrom God to hold the four winds, and that they were about to let themgo; but while their hands were loosening, and the four windswere about to blow, the merciful eye of Jesus gazed on the remnantthat were not sealed, and He raised His hands to the Father andpleaded with Him that He had spilled his blood for them. Thenanother angel was commissioned to fly swiftly to the four angels and bidthem hold, until the servants of God were sealed with the seal eftheliving God in their foreheads.• e
1608	EARLY WRITINGS P.38• I asked my accompanying angel the meaning of what Iheard, and what the four angels were about to do. He saidto me that it was God that restrained the powers, and that He gave Hisangels charge over things on the earth; that the four angels had powerfrom God to hold the four winds, and that they were about to let themgo; but while their hands were loosening, and the four windswere about to blow, the merciful eye of Jesus gazed on the remnantthat were not sealed, and He raised His hands to the Father andpleaded with Him that He had spilled His blood for them. Thenanother angel was commissioned to fly swiftly to the four angels and bidthem hold, until the servants of God were sealed with the seal of theliving God in their foreheads.OOO@@©
1614	EARLY WRITINGS P.38• I asked my accompanying angel the meaning of what Iheard, and what the four angels were about to do. He saidto me that it was God that restrained the powers, and that He gave Hisangels charge over things on the earth; that the four angels had powerfrom God to hold the four winds, and that they were about to let themgo; but while their hands were loosening, and the four windswere about to blow, the merciful eye of Jesus gazed on the remnantthat were not sealed, and He raised His hands to the Father andpleaded with Him that He had spilled His blood for them. Thenanother angel was commissioned to fly swiftly to the four angels and bidthem hold, until the servants of God were sealed with the seal eftheliving God in tit ir foreheads.O00Đ@©.
1620	EARLY WRITINGS P.38• I asked my accompanying angel the meaning of what Iheard, and what the four angels were about to do. He saidto me that it was God that restrained the powers, and that He gave Hisangels charge over things on the earth; that the four angels had powerfrom God to hold the four winds, and that they were about to let themgo; but while their hands were loosening, and the four windswere about to blow, the merciful eye of Jesus gazed on the remnantthat were not sealed, and He raised His hands to the Father andpleaded with Him that He had spilled His blood for them. Thenanother angel was commissioned to fly swiftly to the four angels and bidthem hold, until the servants of God were sealed with the seal eftheliving God in their foreheads.@ ©
1626	
1632	
1638	
1644	EARLY WRITINGS P.38• I asked my accompanying angel the meaning of what Iheard, and what the four angels were about to do. He saidto me that it was God that restrained the powers, and that He gave Hisangels charge over things on the carth; that the four angels had powerfrom God to hold the four winds, and that they were about to let themgo; but while their hands were loosening, and the lour windswere about to blow, the merciful eye of Jesus gazed on the remnantthat were not sealed, and Fle raised Flis hands to the Father andpleaded with Him that He had spilled His blood for them. Thenanother angel was commissioned to fly swiltly to the four angels and bidthem hold, until the servants of God were sealed with the seal of theliving God in their forcheads.
1650	EARLY WRITINGS P.38• I asked my accompanying angel the meaning of what Iheard, and what the lour angels were about to do. He saidto me that it was God that restrained the powers, and that He gave Hisangels charge over things on the earth; that the four angels had powerfrom God to hold the four winds, and that they were about to let themgo; but while their hands were loosening, and the four windswere about to blow, the merciful eye of Jesus gazed on the remnantthat were not scaled, and Fle raised Fis hands to the Father andpleaded with Him that He had spilled His blood for them. Thenanother angel was commissioned to fly swiftly to the four angels and bidthem hold, until the servants of God were sealed with the seal of theliving God in their foreheads.
1656	EARLY WRITINGS P.38• I asked my accompanying angel the meaning of what Iheard, and what the four angels were about to do. He saidto me that it was God that restrained the powers, and that He gave Hisangels charge over things on the earth; that the four angels had powerfrom God to hold the four winds, and that they were about to let themgo; but while their hands were loosening, and the four windswere about to blow, the merciful eye of Jesus gazed on the remnantthat were not scaled, and He raised His hands to the Father andpleaded with Him that He had spilled His blood for them. Thenanother angel was commissioned to fly swiftly to the four angels and bidthem hold, until the servants of God were sealed with the seal of theliving God in their foreheads.
1662	EARLY WRITINGS P.38• I asked my accompanying angel the meaning of what Iheard, and what the four angels were about to do. He saidto me that it was God that restrained the powers, and that He gave Hisangels charge over things on the earth; that the four angels had powerfrom God to hold the four winds, and that they were about to let themgo; but while their hands were loosening, and the four windswere about to blow, the merciful eye of Jesus gazed on the remnantthat were not scaled, and He raised His hands to the Father andpleaded with Him that He had spilled His blood for them. Thenanother angel was commissioned to fly swiftly to the four angels and bidthem hold, until the servants of God were sealed with the seal of theliving God in their foreheads.
1668	CHRIST IN HIS SANCTUARY P.188.7• Solemn are the scenes connected with the closing workof the atonement. Momentous are the interests involvedtherein. The judgment is now passing in the sanctuaryabove. For many vears this work has been in progress. Soon-none know how soon-it will pass to the cases of the living. In theawful presence of God our lives are to come up in review. At thisime above all others it behooves every soul to heed the Saviour'sadmontion: "Watch and pray: for ve know not when the timeis." Mark 13:33. "If therefore thou shalt not watch, I willcome on thee as a thief, and thou shalt not know what hour Iwill come upon thee." Revelation 3:3.
1674	CHRIST IN HIS SANCTUARY P.188.7• Solemn are the scenes connected with the closing workof the atonement. Momentous are the interests involvedtherein. The judgment is now passing in the sanctuaryabove. For many vears this work has been in progress. Soon-none know how soon-it will pass to the cases of the living. In theawful presence of God our lives are to come up in review. At thisime above all others it behooves every soul to heed the Savioursadmonition: "Watch and pray: for ye know not when the timeis." Mark 13:33. "If therefore thou shalt not watch, I willcome on thee as a thief, and thou shalt not know what hour Iwill come upon thee." Revelation 3:3.000590
1680	CHRIST IN HIS SANCTUARY P.188.7• Solemn are the scenes coinected with the closing workof the atonement. Momentous are the interests involvedthercin. The judgment is now passing in the sanctuaryabove. For many vears this work has been in progress. Soon-none know how soon—it will pass to the cases of the living. In theawful presence of God our lives are to come up in review. At thisume above all others it behooves every soul to heed the Savioursadmonition: "Watch and pray: for ye know not when the timeis." Mark 13:33. "If therefore thou shalt not watch, I willcome on thee as a thief, and thou shalt not know what hour Iwill come upon thee." Revelation 3:3.00408503
1686	CHRIST IN HIS SANCTUARY P.188.7• Solemn are the scenes connected with the closing workof the atonement. Momentous are the interests involvedtherein. The judgment is now passing in the sanctuaryabove. For many vears this work has been in progress. Soon-none know how soon—it will pass to the cases of the living. In theawful presence of God our lives are to come up in review. At thisime above all others it behooves every soul to heed the Savioursadmonition: "Watch and pray: for ye know not when the timeis." Mark 13:33. "If therefore thou shalt not watch, I willcome on thee as a thief, and thou shalt not know what hour Iwill come upon thee." Revelation 3:3.
1692	CHRIST IN HIS SANCTUARY P.188.7• Solemn are the scenes connected with the closing workof the atonement. Momentous are the interests involvedtherein. The judgment is now passing in the sanctuaryabove. For many vears this work has been in progress. Soon-none know how soon-it will pass to the cases of the living. In theawlul presence of God our lives are to come up in review. At thisame above all others it behooves every soul to heed the Savioursadmonition: "Watch and pray: for ye know not when the timeis." Mark 13:33. "If therefore thou shalt not watch, I willcome on thee as a thief, and thou shalt not know what hour Iwill come upon thee." Revelation 3:3.00459
1698	CHRIST IN HIS SANCTUARY P.188.7• Solemn are the scenes connected with the closing workof the atonement. Momentous are the interests involvedtherein. The judgment is now passing in the sanctuaryabove. For many vears this work has been in progress. Soon-none know how soon-it will pass to the cases of the living. In theawful presence of God our lives are to come up in review. At thisime above all others it behooves every soul to heed the Savioursadmonition: "Watch and pray: for ye know not when the timeis." Mark 13:33. "If therefore thou shalt not watch, I willcome on thee as a thief, and thou shalt not know what hour Iwill come upon thee." Revelation 3:3.
1704	CHRIST IN HIS SANCTUARY P.188.7• Solemn are the scenes connected with the closing workof the atonement. Momentous are the interests involvedtherein. The judgment is now passing in the sanctuaryabove. For many vears this work has been in progress. Soon-none know how soon-it will pass to the cases of the living. In theawful presence of God our lives are to come up in review. At thisume above all others it behooves every soul to heed the Saviour'sadmonition: "Watch and pray: for ve know not when the timeis." Mark 13:33. "If therefore thou shalt not watch, I willcome on thee as a thief, and thou shalt not know what hour Iwill come upon thee." Revelation 3:3.
1710	CHRIST IN HIS SANCTUARY P.188.7• Solemn are the scenes connected with the closing workof the atonement. Momentous are the interests involvedtherein. The judgment is now passing in the sanctuaryabove. For many vears this work has been in progress. Soon-none know how soon—it will pass to the cases of the living. In theawful presence of God our lives are to come up in review. At thisime above all others it behooves every soul to heed the Saviour'sadmonition: "Watch and pray: for ye know not when the timeis." Mark 13:33. "If therefore thou shalt not watch, I willcome on thee as a thief, and thou shalt not know what hour Iwill come upon thee." Revelation 3:3.
1716	CHRIST IN HIS SANCTUARY P.188.7• Solemn are the scenes connected with the closing workof the atonement. Momentous are the interests involvedherein. "The judgment is now passing in the sanctuaryabove. For many years this work has been in progress. Soon-none know how soon-it will pass to the cases of the living. In theawlul presence of God our lives are to come up in review. At thistime above all others it behooves every soul to heed the Saviour'sadmonition: "Watch and pray: for ve know not when the timeis." Mark 13:33. "If therefore thou shalt not watch, I willcome on thee as a thief, and thou shalt not know what hour Iwill come upon thee." Revelation 3:3.
1722	CHRIST IN HIS SANCTUARY P.188.7• Solemn are the scenes connected with the closing workof the atonement. Momentous are the interests involvedtherein. The judgnent is now passing in the sanctuaryabove. For many vears this work has been in progress. Soon-none know how soon-it will pass to the cases of the living. In theawlul presence of God our lives are to come up in review. At thisume above all others it behooves every soul to heed the Savioursadmonition: "Watch and pray: for ye know not when the timeis." Mark 13:33. "If therefore thou shalt not watch, I willcome on thee as a thief, and thou shalt not know what hour Iwill come upon thee." Revelation 3:3.000583
1728	CHRIST IN HIS SANCTUARY P.188.7• Solemn are the scenes connected with the closing workof the atonement. Momentous are the interests involvedtherein. The udgment is now passing in the sanctuaryabove. For many vears this work has been in progress. Soon-nore know how soon-it will pass to the cases of the living. In theawlul presence of God our lives are to come up in review. At thisime above all others it behooves every soul to heed the Savioursadmonition: "Watch and pray: for ye know not when the timeis." Mark 13:33. "If therefore thou shalt not watch, I willcome on thee as a thief, and thou shalt not know what hour Iwill come upon thee." Revelation 3:3.0000800
1734	CHRIST IN HIS SANCTUARY P.188.7• Solemn are the scenes connected with the closing workof the atonement. Momentous are the interests involvedtherein. The judgment is now passing in the sancluaryabove. For many years this work has been in progress. Soew-one know how soon-it will pass to the cases of the living. In theawful presence of God our lives are to come up in review. At thistime above all others it behooves every soul to heed the Saviour'sadmonition: "Watch and pray: for ve know not when the timeis." Mark 13:33. "If therefore thou shalt not watch, I willcome on thee as a thief, and thou shalt not know what hour Iwill come upon thee." Revelation 3:3.
1740	CHRIST IN HIS SANCTUARY P.188.7• Solemn are the scenes connected with the closing workof the atonement. Momentous are the interests involvedtherein. The judgment is now passing in the sanctuaryabove. For many vears this work has been in progress. Soon-none know how soon-it will pass to the cases of the living. In theawful presence of God our lives are to come up in review. At thistime above all others it behooves every soul to heed the Saviour'sadmonition: "Watch and pray: for ye know not when the timeis." Mark 13:33. "If therefore thou shalt not watch, I willcome on thee as a thief, and thou shalt not know what hour Iwill come upon thee." Revelation 3:3.00109009
1746	CHRIST IN HIS SANCTUARY P.188.7• Solemn are the scenes connected with the closing workof the atonement. Momentous are the interests involvedtherein. The judgment is now passing in the sanctuaryabove. For many vears this work has been in progress. Soon-none know how soon-it will pass to the cases of the living. In theawful presence of God our lives are to come up in review. At thistime above all others it behooves every soul to heed the Saviour'sadmonition: "Watch and pray: for ve know not when the timeis." Mark 13:33. "If therefore thou shalt not watch, I willcome on thee as a thief, and thou shalt not know what hour Iwill come upon thee." Revelation 3:3.
1752	CHRIST IN HIS SANCTUARY P.188.7• Solemn are the scenes connected with the closing workof the atonement. Momentous are the interests involvedtherein. The judgment is now passing in the sanctuaryabove. For many years this work has been in progress. Soon-none know how soon—it will pass to the cases of the living. In theawlul presence of God our lives are to come up in review. At thisime above all others it behooves every soul to heed the Saviour'sadmonition: "Watch and pray: for ye know not when the timeis." Mark 13:33. "If therefore thou shalt not watch, I willcome on thee as a thief, and thou shalt not know what hour Iwill come upon thee." Revelation 3:3.
1758	CHRIST IN HIS SANCTUARY P.188.7• Solemn are the scenes connected with the closing workof the atonement. Momentous are the interests involvedtherein. The judgment is now passing in the sanctuaryabove. For many vears this work has been in progress. Soon-admonition: "Watch and pray: for ve know not when the timeis." Mark 13:33. "If therefore thou shalt not watch, I willcome on thee as a thief, and thou shalt not know what hour Iwill come upon thee." Revelation 3:3.00038209
1764	CHRIST IN HIS SANCTUARY P.188.7• Solemn are the scenes connected with the closing workof the atonement. Momentous are the interests involvedtherein. The judgment is now passing in the sanctuaryabove. For many years this work has been in progress. Seen-none know how soon—it will pass to the cases of the living. In theawful presence of God our lives are to come up in review. At thistime above all others it behooves every soul to heed the Saviour'sadmonition: "Watch and pray: for ye know not when the timeis." Mark 13:33. "If therefore thou shalt not watch, I willcome on thee as a thief, and thou shalt not know what hour Iwill come upon thee." Revelation 3:3.0005800
1770	CHRIST IN HIS SANCTUARY P.188.7• Solemn are the scenes connected with the closing workof the atonement. Momentous are the interests involvedtherein. The judgment is now passing in the sanctuaryabove. For many vears this work has been in progress. Soon-none know how soon-it will pass to the cases of the living. In theawful presence of God our lives are to come up in review. At thistime above all others it behooves every soul to heed the Saviour'sadmonition: "Watch and pray: for ve know not when the timeis." Mark 13:33. "If therefore thou shalt not watch, I willcome on thee as a thief, and thou shalt not know what hour Iwill come upon thee." Revelation 3:3.
1776	CHRIST IN HIS SANCTUARY P.188.7• Solemn are the scenes connected with the closing workof the atonement. Momentous are the interests involvedtherein. The judgment is now passing in the sanctuaryabove. For many vears this work has been in progress. Soon-none know how soon—it will pass to the cases of the living. In theawful presence of God our lives are to come up in review. At thisame above all others it behooves every soul to heed the Saviour'sadmonition: "Watch and pray: for ve know not when the timeis." Mark 13:33. "If therefore thou shalt not watch, I willcome on thee as a thief, and thou shalt not know what hour Iwill come upon thee." Revelation 3:3.
1782	CHRIST IN HIS SANCTUARY P.188.7• Solemn are the scenes connected with the closing workof the atonement. Momentous are the interests involvedtherein. The judgment is now passing in the sanctuaryabove. For many vears this work has been in progress. Soon-none know how soon—it will pass to the cases of the living. In theawful presence of God our lives are to come up in review. At thisime above all others it behooves every soul to heed the Saviour'sadmonition: "Watch and pray: for ye know not when the timeis." Mark 13:33. "If therefore thou shalt not watch, I willcome on thee as a thief, and thou shalt not know what hour Iwill come upon thee." Revelation 3:3.
1788	CHRIST IN HIS SANCTUARY P.188.7• Solemn are the scenes connected with the closing workof the atonement. Momentous are the interests involvedtherein. The judgment is now passing in the sanctuaryabove. For many years this work has been in progress. Soon-none know how soon-it will pass to the cases of the living. In theawful presence of God our lives are to come up in review. At thistime above all others it behooves every soul to heed the Saviour'sadmonition: "Watch and pray: for ve know not when the timeis." Mark 13:33. "If therefore thou shalt not watch, I willcome on thee as a thief, and thou shalt not know what hour Iwill come upon thee." Revelation 3:3.
1794	CHRIST IN HIS SANCTUARY P.188.7• Solemn are the scenes connected with the closing workof the atonement. Momentous are the interests involvedtherein. The judgment is now passing in the sanctuaryabove. For many years this work has been in progress. Soon-none know how soon-it will pass to the cases of the living. In theawful presence of God our lives are to come up in review. At thisime above all others it behooves every soul to heed the Savioursadmonition: "Watch and pray: for ye know not when the timeis." Mark 13:33. "If therefore thou shalt not watch, I willcome on thee as a thief, and thou shalt not know what hour Iwill come upon thee." Revelation 3:3.
1800	CHRIST IN HIS SANCTUARY P.188.7• Solemn are the scenes connected with the closing workof the atonement. Momentous are the interests involvedtherein. The judgment is now passing in the sanctuaryabove. For many vears this work has been in progress. Soon-none know how soon-it will pass to the cases of the living. In theawful presence of God our lives are to come up in review. At thistime above all others it behooves every soul to heed the Saviour'sadmonition: "Watch and pray: for ve know not when the timeis." Mark 13:33. "If therefore thou shalt not watch, I willcome on thee as a thief, and thou shalt not know what hour Iwill come upon thee." Revelation 3:3.
1806	CHRIST IN HIS SANCTUARY P.188.7• Solemn are the scenes connected with the closing workof the atonement. Momentous are the interests involvedtherein. The judgment is now passing in the sanctuaryabove. For many vears this work has been in progress. Soon-none know how soon—it will pass to the cases of the living. In theawful presence of God our lives are to come up in review. At thistime above all others it behooves every soul to heed the Saviour'sadmonition: "Watch and pray: for ve know not when the timeis." Mark 13:33. "If therefore thou shalt not watch, I willcome on thee as a thief, and thou shalt not know what hour Iwill come upon thee." Revelation 3:3.
1812	CHRIST IN HIS SANCTUARY P.188.7• Solemn are the scenes connected with the closing workof the atonement. Momentous are the interests involvedtherein. The judgment is now passing in the sanctuaryabove. For many vears this work has been in progress. Soon-none know how soon-it will pass to the cases of the living. In theawlul presence of God our lives are to come up in review. At thisume above all others it behooves every soul to heed the Savioursadmonition: "Watch and pray: for ye know not when the timeis." Mark 13:33. "If therefore thou shalt not watch, I willcome on thee as a thief, and thou shalt not know what hour Iwill come upon thee." Revelation 3:3.
1818	CHRIST IN HIS SANCTUARY P.188.7• Solemn are the scenes connected with the closing workof the atonement. Momentous are the interests involvedtherein. The fudgment is now passing in the sanctuaryabove. For many vears this work has been in progress. Soon-none know how soon-it will pass to the cases of the living. In theawful presence of God our lives are to come up mn ronew. At thisime above all others it behooves every soul to heed the Savioursadmonition: "Watch and pray: for ye know not when the timeis." Mark 13:33. "If therefore thou shalt not watch, I willcome on thee as a thief, and thou shalt not know what hour Iwill come upon thee." Revelation 3:3.000593
1824	CHRIST IN HIS SANCTUARY P.188.7• Solemn are the scenes connected with the closing workof the atonement. Momentous are the interests involvedtherein. The judgment is now passing in the sanctuaryabove. For many vears this work has been in progress. Soon-none know how soon—it will pass to the cases of the living. In theawful presence of God our lives are to come up in review. At thisime above all others it behooves every soul to heed the Savioursadmonition: "Watch and pray: for ye know not when the timeis." Mark 13:33. "If therefore thou shalt not watch, I willcome on thee as a thief, and thou shalt not know what hour Iwill come upon thee." Revelation 3:3.
1830	CHRIST IN HIS SANCTUARY P.188.1• Solemn are the scenes connected with the closing workof the atonement. Momentous are the interests involvedthercin. The judgment is now passing in the sanctuaryabove. For many vears this work has been in progress. Soon-none know how soon-it will pass to the cases of the living. In theawful presence of God our lives are to come up in review. At thistime above all others it behooves every soul to heed the Saviour'sadmonition: "Watch and pray: for ve know not when the timeis." Mark 13:33. "If therefore thou shalt not watch, I willcome on thee as a thief, and thou shalt not know what hour Iwill come upon thee." Revelation 3:3.
1836	CHRIST IN HIS SANCTUARY P.188.7• Solemn are the scenes connected with the closing workof the atonement. Momentous are the interests involvedtherein. The judgment is now passing in the sanctuaryabove. For many years this work has been in progress. Soon-none know how soon—it will pass to the cases of the living. In theawlul presence of God our lives are to come up in review. At thistime above all others it behooves every soul to heed the Saviour'sadmonition: "Watch and pray: for ye know not when the timeis." Mark 13:33. "If therefore thou shalt not watch, I willcome on thee as a thief, and thou shalt not know what hour Iwill come upon thee." Revelation 3:3.
1842	CHRIST IN HIS SANCTUARY P.188.7• Solemn are the scenes connected with the closing workof the atonement. Momentous are the interests involvedtherein. The judgment is now passing in the sanctuaryabove. For many vears this work has been in progress. Soon-none know how soon-it will pass to the cases of the living. In theawful presence of God our lives are to come up in review. At thisime above all others it behooves every soul to heed the Savioursadmonition: "Watch and pray: for ye know not when the timeis." Mark 13:33. "If therefore thou shalt not watch, I willcome on thee as a thief, and thou shalt not know what hour Iwill come upon thee." Revelation 3:3.
1848	CHRIST IN HIS SANCTUARY P.188.7• Solemn are the scenes connected with the closing workof the atonement. Momentous are the interests involvedtherein. The judgment is now passing in the sanctuaryabove. For many vears this work has been in progress. Soon-none know how soon—it will pass to the cases of the living. In theawful presence of God our lives are to come up in review. At thistime above all others it behoves every soul to heed the Saviour'sadmonition: "Watch and pray: for ye know not when the timeis." Mark 13:33. "If therefore thou shalt not watch, I willcome on thee as a thief, and thou shalt not know what hour Iwill come upon thee." Revelation 3:3.
1854	CHRIST IN HIS SANCTUARY P.188.7• Solemn are the scenes connected with the closing workof the atonement. Momentous are the interests involvedtherein. The judgment is now passing in the sanctuaryabove. For many vears this work has been in progress. Soon-none know how soon—it will pass to the cases of the living. In theawful presence of God our lives are to come up in review. At thisime above all others it behooves every soul to heed the Saviour'sadmontion: "Watch and pray: for ve know not when the timeis." Mark 13:33. "If therefore thou shalt not watch, I willcome on thee as a thief, and thou shalt not know what hour Iwill come upon thee." Revelation 3:3.
1860	CHRIST IN HIS SANCTUARY P.188.7• Solemn are the scenes connected with the closing workof the atonement. Momentous are the interests involvedtherein. The judgment is now passing in the sanctuaryabove. For many vears this work has been in progress. Soon-none know how soon-it will pass to the cases of the living. In theawful presence of God our lives are to come up in review. At thistime above all others it behooves every soul to heed the Saviour'sadmonition: "Watch aud pray: for ye know not when the timeis." Mark 13:33. "Il therelore thou shalt not watch, I willcome on thee as a thief, and thou shalt not know what hour Iwill come upon thee." Revelation 3:3.00008000
1866	CHRIST IN HIS SANCTUARY P.188.7• Solemn are the scenes connected with the closing workof the atonement. Momentous are the interests involvedtherein. The judgment is now passing in the sanctuaryabove. For many vears this work has been in progress. Soon-none know how soon—it will pass to the cases of the living. In theawful presence of God our lives are to come up in review. At thistime above all others it behooves every soul to heed the Saviour'sadmonition: "Watch and pray: for ye know not when the timeis." Mark 13:33. "If therelore thou shalt not watch, I willcome on thee as a thief, and thou shalt not know what hour Iwill come upon thee." Revelation 3:3.00038.
1872	CHRIST IN HIS SANCTUARY P.188.7• Solemn are the scenes connected with the closing workof the atonement. Momentous are the interests involvedtherein. The judgment is now passing in the sanctuaryabove. For many vears this work has been in progress. Soon-none know how soon-it will pass to the cases of the living. In theawful presence of God our lives are to come up in review. At thisime above all others it behooves every soul to heed the Savioursadmonition: "Watch and pray: for ye know not when the timeis." Mark 13:33. "If therefore thou shalt not watch, I willcome or thee as a thief, and thou shalt not know what hour Iwill come upon thee." Revelation 3:3.00008000
1878	CHRIST IN HIS SANCTUARY P.188.7• Solemn are the scenes connected with the closing workof the atonement. Momentous are the interests involvedthercin. The judgment is now passing in the sanctuaryabove. For many vears this work has been in progress. Soon-none know how soon-it will pass to the cases of the living. In theawlul presence of God our lives are to come up in review. At thisume above all others it behooves every soul to heed the Saviour'sadmonition: "Watch and pray: for ye know not when the timeis." Mark 13:33. "If therefore thou shalt not watch, I willcome on thee as a thief, and thou shalt not know what hour Iwill come upon thee." Revelation 3:3.
1884	CHRIST IN HIS SANCTUARY P.188.1• Solemn are the scenes connected with the closing workof the atonement. Momentous are the interests involvedtherein. The judgment is now passing in the sanctuaryabove. For many vears this work has been in progress. Soon-none know how soon—it will pass to the cases of the living. In theawful presence of God our lives are to come up in review. At thistime above all others it behooves every soul to heed the Saviour'sadmonition: "Watch and pray: for ye know not when the timeis." Mark 13:33. "If therefore thou shalt not watch, I willcome on thee as a thief, and thou shalt not know what hour Iwill come upon thee." Revelation 3:3.
1890	CHRIST IN HIS SANCTUARY P.188.7• Solemn are the scenes connected with the closing workof the atonement. Momentous are the interests involvedtherein. The judgment is now passing in the sanctuaryabove. For many vears this work has been in progress. Soon-none know how soon-it will pass to the cases of the living. In theawful presence of God our lives are to come up in review. At thisime above all others it behooves every soul to heed the Saviour'sadmonition: "Watch and pray: for ye know not when the timeis." Mark 13:33. "If therefore thou shalt not watch, I willcome on thee as a thief, and thou shalt not know what hour Iwill come upon thee." Revelation 3:3.
1896	CHRIST IN HIS SANCTUARY P.188.1• Solemn are the scenes connected with the closing workof the atonement. Momentous are the interests involvedtherein. The judgment is now passing in the sanctuaryabove. For many vears this work has been in progress. Soon-none know how soon-it will pass to the cases of the living. In theawful presence of God our lives are to come up in review. At thisame above all others it behooves every soul to heed the Savioursadmonition: "Watch and pray: for ye know not when the timeis." Mark 13:33. "If therefore thou shalt not watch, I willcome on thee as a thief, and thou shalt not know what hour Iwill come upon thee." Revelation 3:3.•CUSSEOS
1902	CHRIST IN HIS SANCTUARY P.188.7• Solemn are the scenes connected with the closing workof the atonement. Momentous are the interests involvedthercin. The judgment is now passing in the sanctuaryabove. For many vears this work has been in progress. Soon-none know how soon-it will pass to the cases of the living. In theawful presence of God our lives are to come up in review. At thisime above all others it behooves every soul to heed the Savioursadmonition: "Watch and pray: for ye know not when the timeis." Mark 13:33. "If therefore thou shalt not watch, I willcome on thee as a thief, and thou shalt not know what hour Iwill come upon thee." Revelation 3:3.
1908	CHRIST IN HIS SANCTUARY P.188.7• Solemn are the scenes connected with the closing workof the atonement. Momentous are the interests involvedtherein. The judgment is now passing in the sanctuaryabove. For many vears this work has been in progress. Soon-none know how soon-it will pass to the cases of the living. In theawful presence of God our lives are to come up in review. At thisime above all others it behooves every soul to heed the Saviour'sadmontion: "Watch and pray: for ye know not when the timeis." Mark 13:33. "If therefore thou shalt not watch, I willcome on thee as a thief, and thou shalt not know what hour Iwill come upon thee." Revelation 3:3.
1914	CHRIST IN HIS SANCTUARY P.188.7• Solemn are the scenes connected with the closing workof the atonement. Momentous are the interests involvedthercin. The judgment is now passing in the sanctuaryabove. For many years this work has been in progress. Soon-none know how soon-it will pass to the cases of the living. In theawful presence of God our lives are to come up in review. At thistime above all others it behooves every soul to heed the Saviour'sadmonition: "Watch and pray: for ve know not when the timeis." Mark 13:33. "If therefore thou shalt not watch, I willcome on thee as a thief, and thou shalt not know what hour Iwill come upon thee." Revelation 3:3.
1920	CHRIST IN HIS SANCTUARY P.188.7• Solemn are the scenes connected with the closing workof the atonement. Momentous are the interests involvedtherein. The judgment is now passing in the sanctuaryabove. For many vears this work has been in progress. Soon-none know how soon—it will pass to the cases of the living. In theawful presence of God our lives are to come up in review. At thisime above all others it behooves every soul to heed the Savioursadmonition: "Watch and pray: for ye know not when the timeis." Mark 13:33. "If therefore thou shalt not watch, I willcome on thee as a thief, and thou shalt not know what hour Iwill come upon thee." Revelation 3:3.
1926	CHRIST IN HIS SANCTUARY P.188.7• Solemn are the scenes connected with the closing workof the atonement. Momentous are the interests involvedtherein. The judgment is now passing in the sanctuaryabove. For many vears this work has been in progress. Soon-none know how soon—it will pass to the cases of the living. In theawful presence of God our lives are to come up in review. At thistime above all others it behooves every soul to heed the Saviour'sadmonition: "Watch and pray: for ye know not when the timeis." Mark 13:33. "If therefore thou shalt not watch, I willcome on thee as a thief, and thou shalt not know what hour Iwill come upon thee." Revelation 3:3.
1932	CHRIST IN HIS SANCTUARY P.188.1• Solemn are the scenes connected with the closing workof the atonement. Momentous are the interests involvedtherein. The judgment is now passing in the sanctuaryabove. For many vears this work has been in progress. Soon-none know how soon-it will pass to the cases of the living. In theawful presence of God our lives are to come up in review. At thistime above all others it behooves every soul to heed the Saviour'sadmonition: "Watch and pray: for ve know not when the timeis." Mark 13:33. "If therefore thou shalt not watch, I willcome on thee as a thief, and thou shalt not know what hour Iwill come upon thee." Revelation 3:3.For more information on endtime events go to Bible studies under:judgmentdaydocumentary.com
1938	CHRIST IN HIS SANCTUARY P.188.7• Solemn are the scenes connected with the closing workof the atonement. Momentous are the interests involvedtherein. The judgment is now passing in the sanctuaryabove. For many vears this work has been in progress. Soon-none know how soon—it will pass to the cases of the living. In theawful presence of God our lives are to come up in review. At thistime above all others it behooves every soul to heed the Savioursadmonition: "Watch and pray: for ye know not when the timeis." Mark 13:33. "If therefore thou shalt not watch, I willcome on thee as a thief, and thou shalt not know what hour Iwill come upon thee." Revelation 3:3.For more information on endtime events go to Bible studies under:judgmentdaydocumentary.com
1944	CHRIST IN HIS SANCTUARY P.188.7• Solemn are the scenes connected with the closing workof the atonement. Momentous are the interests involvedtherein. The judgment is now passing in the sanctuaryabove. For many vears this work has been in progress. Soon-none know how soon-it will pass to the cases of the living. In theawful presence of God our lives are to come up in review. At thisime above all others it behooves every soul to heed the Saviour'sadmonition: "Watch and pray: for ve know not when the timeis." Mark 13:33. "If therefore thou shalt not watch, I willcome on thee as a thief, and thou shalt not know what hour Iwill come upon thee." Revelation 3:3.
1950	CHRIST IN HIS SANCTUARY P.188.7• Solemn are the scenes connected with the closing workof the atonement. Momentous are the interests involvedtherein. The judgment is now passing in the sanctuaryabove. For many years this work has been in progress. Soon-none know how soon-it will pass to the cases of the living. In theawful presence of God our lives are to come up in review. At thisime above all others it behooves every soul to heed the Saviour'sadmonition: "Watch and pray: for ve know not when the timeis." Mark 13:33. "If therefore thou shalt not watch, I willcome on thee as a thief, and thou shalt not know what hour Iwill come upon thee." Revelation 3:3.
1956	CHRIST IN HIS SANCTUARY P.188.1• Solemn are the scenes connected with the closing workof the atonement. Momentous are the interests involvedtherein. The judgment is now passing in the sanctuaryabove. For many years this work has been in progress. Soon-none know how soon—it will pass to the cases of the living. In theawful presence of God our lives are to come up in review. At thisime above all others it behooves every soul to heed the Saviour'sadmonition: "Watch and pray: for ve know not when the timeis." Mark 13:33. "If therefore thou shalt not watch, I willcome on thee as a thief, and thou shalt not know what hour Iwill come upon thee." Revelation 3:3.
1962	CHRIST IN HIS SANCTUARY P.188.7• Solemn are the scenes connected with the closing workof the atonement. Momentous are the interests involvedtherein. The judgment is now passing in the sanctuaryabove. For many vears this work has been in progress. Soon-none know how soon-it will pass to the cases of the living. In theawful presence of God our lives are to come up in review. At thisume above all others it behooves every soul to heed the Saviour'sadmonition: "Watch and pray: for ye know not when the timeis." Mark 13:33. "If therefore thou shalt not watch, I willcome on thee as a thief, and thou shalt not know what hour Iwill come upon thee." Revelation 3:3.Get a free copy of our Symbols Bookmark:bookmarks.amazingdiscoveries.org
1968	TESTIMONIES FOR THE CHURCH VOL.6 P.130• Now, when the great work of judgingthe living is about to begin, shall weallow unsanctified ambition to take possessionof the heart and lead us to neglect theeducation required to mect the needs in thisday of peril?Get a free copy of our Symbols Bookmark:bookmarks.amazingdiscoveries.org
1974	TESTIMONIES FOR THE CHURCH VOL.6 P.130• Now, when the great work of judgingthe living is about to begin, shall weallow unsanctified ambition to take possessionof the heart and lead us to neglect treeducation required to meet the needs in thisday of peril00059505
1980	TESTIMONIES FOR THE CHURCH VOL.6 P.130• Now, when the great work of judgingthe living is about to begin, shall weallow unsanctified ambition to take possessionof the heart and lead us to neglect theeducation required to mect the needs in thisday of peril?
1986	TESTIMONIES FOR THE CHURCH VOL.6 P.130• Now, when the great work of judgingthe living is about to begin, shall weallow unsanctified ambition to take possessionof the heart and lead us to neglect theeducation required to meet the needs in thisday of peril?
1992	TESTIMONIES FOR THE CHURCH VOL.6 P.130• Now, when the great work of judgingthe living is about to begin, shall weallow unsanctified ambition to take possessionof the heart and lead us to neglect theeducation required to mect the needs in thisday of peril?
1998	EZEKIEL 9:1-6• 1 He cried also in mine ears with a loud voice, saying, Causethem that have charge over the city to draw near, even every man withhis destroying weapon in his hand.• 2 And, behold, six men came from the way of the higher gate, whichleth toward the north, and every man a slaughter weapon in hishand; and one man among them was clothed with linen, with a writer'sinkhorn by his side: and they went in, and stood beside the brasen altar.• 3 And the glory of the God of Israel was gone up from the cherub,whereupon he was, to the threshold of the house. And he called to theman clothed with linen, which had the writer's inkhorn by his side;
2004	EZEKIEL 9:1-6• 1 He cried also in mine ears with a loud voice, saying, Causethem that have charge over the city to draw near, even every man withhis destroying weapon in his hand.• 2 And, behold, six men came from the way of the higher gate, whichleth toward the north, and every man a slaughter weapon in hishand; and one man among them was clothed with linen, with a writer'sinkhorn by his side: and they went in, and stood beside the brasen altar.• 3 And the glory of the God of Israel was gone up from the cherub,whereupon he was, to the threshold of the house. And he called to theman clothed with linen, which had the writer's inkhorn by his side:
2010	EZEKIEL 9:1-6• 1 He cried also in mine ears with a loud voiceysaying, Causethem that have charge over the city to draw near, even every man withhis destroying weapon in his hand.• 2 And, behold, six men came from the way of the higher gate, whichlieth toward the north, and every man a slaughter weapon in hishand; and one man among them was clothed with linen, with a writer'sinkhorn by his side: and they went in, and stood beside the brasen altar.• 3 And the glory of the God of Israel was gone up from the cherub,whereupon he was, to the threshold of the house. And he called to theman clothed with linen, which had the writer's inkhorn by his s;
2016	EZEKIEL 9:1-6• 1 He cried also in mine ears with a loud voice, saying, Causethem that have charge over the city to draw near, even every man withhis destroying weapon in his hand.• 2 And, behold, six men came from the way of the higher gate, whichlieth toward the north, and every man a slaughter weapon in hishand; and one man among them was clothed with linen, with a writer'sinkhorn by his side: and they went in, and stood beside the brasen altar.• 3 And the glory of the God of Israel was gone up from the cherub,whereupon he was, to the threshold of the house. And he called to theman clothed with linen, which had the writer's inkhorn by his s
2022	EZEKIEL 9:1-6• 1 He cried also in mine ears with a loud voice, saying, Causethem that have charge over the city to draw near, even every man withhis destroying weapon in his hand.• 2 And, behold, six men came from the way of the higher gate, whichlieth toward the north, and every man a slaughter weapon in hishand; and one man among them was clothed with linen, with a writer'sinkhorn by his side: and they went in, and stood beside the brasen altar.• 3 And the glory of the God of Israel was gone up from the cherub,whereupon he was, to the threshold of the house. And he called to theman clothed with linen, which had the writer's inkhorn by his s
2028	EZEKIEL 9:1-6• 1 He cried also in mine ears with a loud voice, saying, Causethem that have charge over the city to draw near, even every man withhis destroying weapon in his hand.• 2 And, behold, six men came from the way of the higher gate, whichlieth toward the north, and every man a slaughter weapon in hishand; and one man among them was clothed with linen, with a writer'sinkhorn by his side: and they went in, and stood beside the brasen altar.• 3 And the glory of the God of Israel was gone up from the cherub,whereupon he was, to the threshold of the house. And he called to theman clothed with linen, which had the writer's inkhorn by his st
2034	EZEKIEL 9:1-6• 1 He cried also in mine ears with a loud voice, saying, Causethem that have charge over the city to draw near, even every man withhis destroying weapon in his hand.• 2 And, behold, six men came from the way of the higher gate, whichlieth toward the north, and every man a slaughter weapon in hishand; and one man among them was clothed with linen, with a writer'sinkhorn by his side: and they went in, and stood beside the brasen altar.• 3 And the glory of the God of Israel was gone up from the cherub,whereupon he was, to the threshold of the house. And he called to theman clothed with linen, which had the writer's inkhorn by his s?
2040	EZEKIEL 9:1-6• 4 And the Lord said unto him, Go through the midst of the city,through the midst of Jerusalem, and set a mark upon theforeheads of the men what sigh and that cry for all the abominationsthat be done in the midst thereof.• 5 And to the others he said in mine hearing, Go ye after him throughthe city, and smite: let not your eye spare, neither have ye pity:• 6 Slay utterly old and young, both maids, and little children, andwomen: but come not near any man upon whom is the mark;and begin at my sanctuary. Then they began at the ancient men whichwere before the house.
2046	EZEKIEL 9:1-6• 4 And the Lord said unto him, Go through the midst of the city,through the midst of Jerusalem, and set a mark upon theforeheads of the men that sigh and that cry for all the abominationsthat be done in the midst thereof.• 5 And to the others he said in mine hearing, Go ye after him throughthe city, and smite: let not your eye spare, neither have ye pity:• 6 Slay utterly old and young, both maids, and little children, andwomen: but come not near any man upon whom is the mark;and begin at my sanctuary. Then they began at the ancient men whichwere before the house.
2052	EZEKIEL 9:1-6• 4 And the Lord said unto him, Go through the midst of the city,through the midst of Jerusalem, and set a mark upon theforeheads of the men that sigh and that cry for all the abominationsthat be me in the midst thereof.• 5 And to the others he said in mine hearing, Go ye after him throughthe city, and smite: let not your eye spare, neither have ye pity:• 6 Slay utterly old and young, both maids, and little children, andwomen: but come not near any man upon whom is the mark;and begin at my sanctuary. Then they began at the ancient men whichwere before the house.
2058	EZEKIEL 9:1-6• 4 And the Lord said unto him, Go through the midst of the city,through the midst of Jerusalem, and set a mark upon theforeheads of the men that sigh and that cry for all the abominationsthat be done in the midst thereof.• 5 And to the others he said in mine hearing, Go ye after him throughthe city, and smite: let not your eye spare, neither have ye pity:• 6 Slay utterly old and young, both maids, and little children, andwomen: but come not near any man upon whom is the mark;and begin at my sanctuary. Then they began at the ancient men whichwere before the house.
2064	EZEKIEL 9:1-6• 4 And the Lord said unto him, Go through the midst of the city,through the midst of Jerusalem, and set a mark upon theforeheads of the men that sigh and that cry for all the abominationsthat be done in the midst thereof.• 5 And to the others he said in mine hearing, Go ye after him throughthe city, and smite: let not your eye spare, neither have ye pity:• 6 Slay utterly old and young, both maids, and little children, andwomen: but come not near any man upon whom is the marland begin at my sanctuary. Then they began at the ancient men whichwere before the house.
2070	EZEKIEL 9:1-6• 4 And the Lord said unto him, Go through the midst of the city,through the midst of Jerusalem, and set a mark upon theforeheads of the men that sigh and that cry for all the abominationsthat be done in the midst thereof.• 5 And to the others he said in mine hearing, Go ye after him throughthe city, and smite: let not your eye spart, neither have ye pity:• 6 Slay utterly old and young, both maids, and little children, andwomen: but come not near any man upon whom is the mark;and begin at my sanctuary. Then they began at the ancient men whichwere before the house.
2076	EZEKIEL 9:1-6• 4 And the Lord said unto him, Go through the midst of the city,through the midst of Jerusalem, and set a mark upon theforeheads of the men that sigh and that cry for all the abominationsthat be done in the midst thereof.• 5 And to the others he said in mine hearing, Go ye after him throughthe city, and smite: let not your eye spare, neither have ye pity:• 6 Slay utterly old and young, both maids, and little children, andwomen: but come not near any man upon whom is the mark;and begin at my sanctuary. Then they began at the ancient men whichwere before the house.
2082	EZEKIEL 9:1-6• 4 And the Lord said unto him, Go through the midst of the city,through the midst of Jerusalem, and set a mark upon theforeheads of the men that sigh and that cry for all the abominationsthat be done in the midst thereof.• 5 And to the others he said in mine hearing, Go ye after him throughthe city, and smite: let not your eye spare, neither have ye pity:• 6 Slay utterly old and young, both maids, and little children, andwomen: it come not near any man upon whom is the mark;and begin at my sanctuary. Then they began at the ancient men whichwere before the house.
2088	EZEKIEL 9:1-6• 4 And the Lord said unto him, Go through the midst of the city,through the midst of Jerusalem, and set a mark upon theforeheads of the men that sigh and that cry for all the abominationsthat be done in the midst thereof.• 5 And to the others he said in mine hearing, Go ye after him throughthe city, and smite: let not your eye spare, neither have ye pity:• 6 Slay utterly old and young, both maids, and little children, andwomen: but come not near any man upon whom is the mark;and begin at my sanctuary. Then they began at the ancient men whichwere before the house.
2094	EZEKIEL 9:1-6• 4 And the Lord said unto him, Go through the midst of the city,through the midst of Jerusalem, and set a mark upon theforeheads of the men that sigh and that cry for all the abominationsthat be done in the midst thereof.• 5 And to the others he said in mine hearing, Go ye after him throughthe city, and smite: let not your eye spare, neither have ye pity:• 6 Slay utterly old and young, both maids, and little children, andwomen: but come not near any man upon whom is the mark;and begin at my sanctuary. Then they began at the ancient men whichwere before the house.
2100	EZEKIEL 9:1-6• 4 And the Lord said unto him, Go through the midst of the city,through the midst of Jerusalem, and set a mark upon theforcheads of the men that sigh and that cry for all the abominationsthat be done in the midst thercol.• 5 And to the others he said in mine hearing. Go ve alter him throughthe city, and smite: let not your eye spare, neither have ye pity:• 6 Slay utterly old and young, both maids, and little children, andwomen: but come not near any man upon whom is the mark;and begin at my sanctuary. Then they began at the ancient men whichwere before the house.
2106	EZEKIEL 9:1-6• 4 And the Lord said unto him, Go through the midst of the city,through the midst of Jerusalem, and set a mark upon theforeheads of the men that sigh and that cry for all the abominationsthat be done in the midst thereof.• 5 And to the others he said in mine hearing, Go ye after him throughthe city, and smite: let not your eye spare, neither have ye pity:• 6 Slay utterly old and young, both maids, and little children, andwomen: but come not near any man upon whom is the mark;and begin at my sanctuary. Then they began at the ancient men whichwere before the house.
2112	EZEKIEL 9:1-6• 4 And the Lord said unto him, Go through the midst of the city,hrough the midst of Jerusalem, and set a mark upon theforeheads of the men that sigh and that cry for all the abominationsthat be done in the midst thereof.• 5 And to the others he said in mine hearing, Go ye after him throughthe city, and smite: let not your eye spare, neither have ye pity:• 6 Slay utterly old and young, both maids, and little children, andwomen: but come not near any man upon whom is the mark;and begin at my sanctuary. Then they began at the ancient men whichwere before the house.
2118	EZEKIEL 9:1-6• 4 And the Lord said unto him, Go through the midst of the city,through the midst of Jerusalem, and set a mark upon theforeheads of the men that sigh and that cry for all the abominationsthat be done in the midst thereof.• 5 And to the others he said in mine hearing, Go ye after him throughthe city, and smite: let not your eye spare, neither have ye pity:• 6 Slay utterly old and young, both maids, and little children, andwomen: but come not near any man upon whom is the mark;and begin at my sanctuary. Then they began at the ancient men whichwere before the house.
2124	EZEKIEL 9:1-6• 4 And the Lord said unto him, Go through the midst of the city,through the midst of Jerusalem, and set a mark upon theforcheads of the men that sigh and that cry for all the abominationsthat be done in the midst thereof.• 5 And to the others he said in mine hearing, Go ye after him throughthe city, and smite: let not your eye spare, neither have ye pity:• 6 Slay utterly old and young, both maids, and little children, andwomen: but come not near any man upon whom is the mark;and begin at my sanctuary. Then they began at the ancient men whichwere before the house.
2130	EZEKIEL 9:1-6• 4 And the Lord said unto him, Go through the midst of the city,through the midst of Jerusalem, and set a mark upon theforeheads of the men that sigh and that cry for all the abominationsthat be done in the midst thereof.• 5 And to the others he said in mine hearing, Go ye after him throughthe city, and smite: let not your eye spare, neither have ye pity:• 6 Slay utterly old and young, both maids, and little children, andwomen: but come not near any man upon whom is the mark;and begin at my sanctuary. Then they began at the ancient men whichwere before the house.
2136	MARANATHA P.200.2• Just as soon as the people of God are sealed in their foreheads-it is not any seal or mark that can be seen, but a settling intothe truth, both intellectually and spiritually, so theycannot be moved-just as soon as God's people are sealed andprepared for the shaking, it will come. Indeed, it has begunalready; the judgments of God are now upon the land, to give uswarning, that we may know what is coming.O0VBa6O-
2142	MARANATHA P.200.2• Just as soon as the people of God are sealed in their foreheads-it is not any seal or mark that can be seen, but a settling intethe truth, both intellectually and spiritually, so theycannot be moved-just as soon as God's people are sealed andprepared for the shaking, it will come. Indeed, it has begunalready; the judgments of God are now upon the land, to give uswarning, that we may know what is coming.00409300
2148	MARANATHA P.200.2• Just as soon as the people of God are sealed in their foreheads-it is not any seal or mark that can be seen, but a settling intothe truth, both intellectually and spiritually, so theycannot be moved-just as soon as God's people are sealed andprepared for the shaking, it will come. Indeed, it has begunalready; the judgments of God are now upon the land, to give uswarning, that we may know what is coming.00UD900
2154	MARANATHA P.200.2• Just as soon as the people of God are sealed in their foreheads-it is not any seal or mark that can be seen, but a settling intothe truth, both intellectually and spiritually, so theycannot be moved-just as soon as God's people are sealed andprepared for the shaking, it will come. Indeed, it has begunalready; the judgments of God are now upon the land, to give uswarning, that we may know what is coming.
2160	MARANATHA P.200.2• Just as soon as the people of God are sealed in their foreheads-it is not any seal or mark that can be seen, but a settling intothe truth, both intellectually and spiritually, so theycannot be Joved-just as soon as God's people are sealed andprepared for the shaking, it will come. Indeed, it has begunalready; the judgments of God are now upon the land, to give uswarning, that we may know what is coming.
2166	MARANATHA P.200.2• Just as soon as the people of God are sealed in their foreheads-it is not any seal or mark that can be seen, but a settling intothe truth, both intellectually and spiritually, so theycannot be moved-just as soon as God's people are sealed andprepared for the shaking, it will come. Indeed, it has begunalready; the judgments of God are now upon the land, to give uswarning, that we may know what is coming.
2172	MARANATHA P.200.2• Just as soon as the people of God are sealed in their foreheads-it is not any seal or mark that can be seen, but a settling intothe truth, both intellectually and spiritually, so theycannot be moved-just as soon as God's people are sealed andprepared for the shaking, it will come. Indeed, it has begunalready; the judgments of God are now upon the land, to give uswarning, that we may know what is coming.
2178	MARANATHA P.200.2• Just as soon as the people of God are sealed in their foreheads-it is not any seal or mark that can be seen, but a settling intothe truth, both intellectually and spiritually, so theycannot be moved-just as soon as God's people are sealed andprepared for the shaking, it will come. Indeed, it has begunalready; the judgments of God are now upon the land, to give uswarning, that we may know what is coming.002090
2184	MARANATHA P.200.2• Just as soon as the people of God are sealed in their foreheads-it is not any seal or mark that can be seen, but a settling intothe truth, both intellectually and spiritually, so theycannot be moved-just as soon as God's people are sealed andprepared for the shaking, it will come. Indeed, it has begunalready; the judgments of God are now upon the land, to give uswarning, that we may know what is coming.
2190	MARANATHA P.200.2• Just as soon as the people of God are sealed in their foreheads-it is not any seal or mark that can be seen, but a settling intothe truth, both intellectually and spiritually, so theycannot be moved-just as soon as God's people are sealed andprepared for the shaking, it will come. Indeed, it has begunalready; the judgments of God are now upon the land, to give uswarning, that we may know what is coming.
2196	MARANATHA P.200.2• Just as soon as the people of God are sealed in their foreheads-it is not any seal or mark that can be seen, but a settling intothe truth, both intellectually and spiritually, so theycannot be moved-just as soon as God's people are sealed andprepared for the shaking, it will come. Indeed, it has begunalready; the judgments of God are now upon the land, to give uswarning, that we may know what is coming.
2202	MARANATHA P.200.2• Just as soon as the people of God are sealed in their foreheads-it is not any seal or mark that can be seen, but a settling intothe truth, both intellectually and spiritually, so theycannot be moved-just as soon as God's people are sealed andprepared for the shaking, it will come. Indeed, it has begunalready; the judgments of God are now upon the land, to give uswarning, that we may know what is coming.
2208	MARANATHA P.200.2• Just as soon as the people of God are sealed in their foreheads-it is not any seal or mark that can be seen, but a settling intothe truth, both intellectually and spiritually, so theycannot be moved-just as soon as God's people are sealed andprepared for the shaking, it will come. Indeed, it has begunalready; the judgments of God are now upon the land, to give uswarning, that we may know what is coming.
2214	MARANATHA P.200.2• Just as soon as the people of God are sealed in their foreheads-it is not any seal or mark that can be seen, but a settling intothe truth, both intellectually and spiritually, so theycannot be moved-just as soon as God's people are sealed andprepared for the shaking, it will come. Indeed, it has begunalready; the judgments of God are now upon the land, to give uswarning, that we may know what is coming.
2220	MARANATHA P.200.2• Just as soon as the people of God are sealed in their foreheads-it is not any seal or mark that can be seen, but a settling intothe truth, both intellectually and spiritually, so theycannot be moved-just as soon as God's people are sealed andprepared for the shaking, it will come. Indeed, it has begunalready; the judgments of God are now upon the land, to give uswarning, that we may know what is coming.
2226	MARANATHA P.200.2• Just as soon as the people of God are sealed in their foreheads-it is not any seal or mark that can be seen, but a settling intothe truth, both intellectually and spiritually, so theycannot be moved-just as soon as God's people are sealed andprepared for the shaking, it will come. Indeed, it has begunalready; the judgments of God are now upon the land, to give uswarning, that we may know what is coming.
2232	MARANATHA P.200.2• Just as soon as the people of God are sealed in their foreheads-it is not any seal or mark that can be seen, but a settling intothe truth, both intellectually and spiritually, so theycannot be moved-just as soon as God's people are sealed andprepared for the shaking, it will come. Indeed, it has begunalready; the judgments of God are now upon the land, to give uswarning, that we may know what is coming.
2238	MARANATHA P.200.2• Just as soon as the people of God are sealed in their foreheads-it is not any seal or mark that can be seen, but a settling intothe truth, both intellectually and spiritually, so theycannot be moved-just as soon as God's people are sealed andprepared for the shaking, it will come. Indeed, it has begunalready; the judgments of God are now upon the land, to give uswarning, that we may know what is coming.
2244	MARANATHA P.200.2• Just as soon as the people of God are sealed in their foreheads-it is not any seal or mark that can be seen, but a settling intothe truth, both intellectually and spiritually, so theycannot be moved-just as soon as God's people are sealed andprepared for the shaking, it will come. Indeed, it has begunalready; the judgments of God are now upon the land, to give uswarning, that we may know what is coming.
2250	MARANATHA P.200.2• Just as soon as the people of God are sealed in their foreheads-it is not any seal or mark that can be seen, but a settling intothe truth, both intellectually and spiritually, so theycannot be moved-just as soon as God's people are sealed andprepared for the shaking, it will come. Indeed, it has begunalready; the judgments of God are now upon the land, to give uswarning, that we may know what is coming.
2256	MARANATHA P.200.2• Just as soon as the people of God are sealed in their foreheads-it is not any seal or mark that can be seen, but a settling intothe truth, both intellectually and spiritually, so theyannot be moved-just as soon as God's people are sealed ancrepared for the shaking, it will come. Indeed, it has beguralready; the judgments of God are now upon the land, to give uswarning, that we may know what is coming.00009900
2262	MARANATHA P.200.2• Just as soon as the people of God are sealed in their foreheads-it is not any seal or mark that can be seen, but a settling intothe truth, both intellectually and spiritually, so theycannot be moved-just as soon as God's people are sealed andprepared for the shaking, it will come. Indeed, it has begunalready; the judgments of God are now upon the land, to give uswarning, that we may know what is coming.
2268	MARANATHA P.200.2• Just as soon as the people of God are sealed in their foreheads-it is not any seal or mark that can be seen, but a settling intothe truth, both intellectually and spiritually, so theycannot be moved-just as soon as God's people are sealed andprepared for the shaking, it will come. Indeed, it has begunalready; the judgments of God are now upon the land, to give uswarning, that we may know what is coming.OOUD9EO-
2274	MARANATHA P.200.2• Just as soon as the people of God are sealed in their foreheads-it is not any seal or mark that can be seen, but a settling intothe truth, both intellectually and spiritually, so theycannot be moved-just as soon as God's people are sealed andprepared for the shaking, it will come. Indeed, it has begunalready; the judgments of God are now upon the land, to give uswarning, that we may know what is coming.
2280	MARANATHA P.200.2• Just as soon as the people of God are sealed in their foreheads-it is not any seal or mark that can be seen, but a settling intothe truth, both intellectually and spiritually, so theycannot be moved-just as soon as God's people are sealed andprepared for the shaking, it will come. Indeed, it has begunalready; the judgments of God are now upon the land, to give uswarning, that we may know what is coming.00058:09
2286	MARANATHA P.200.2• Just as soon as the people of God are sealed in their foreheads-it is not any seal or mark that can be seen, but a settling intothe truth, both intellectually and spiritually, so theycannot be moved-just as soon as God's people are sealed andprepared for the shaking, it will come. Indeed, it has begunalready; the judginents of God are now upon the land, to give uswarning, that we may know what is coming.
2292	MARANATHA P.200.2• Just as soon as the people of God are sealed in their foreheads-it is not any seal or mark that can be seen, but a settling intothe truth, both intellectually and spiritually, so theycannot be moved-just as soon as God's people are sealed andprepared for the shaking, it will come. Indeed, it has begunalready; the judgments of God are now upon the land, to give uswarning, that we may know what is coming.
2298	MARANATHA P.200.2• Just as soon as the people of God are sealed in their foreheads-it is not any seal or mark that can be seen, but a settling intothe truth, both intellectually and spiritually, so theycannot be moved-just as soon as God's people are sealed andprepared for the shaking, it will come. Indeed, it has begunalready; the judgments of God are now upon the land, to give uswarning, that we may know what is coming.
2304	MARANATHA P.200.2• Just as soon as the people of God are sealed in their foreheads-it is not any seal or mark that can be seen, but a settling intothe truth, both intellectually and spiritually, so theycannot be moved-just as soon as God's people are sealed andprepared for the shaking, it will come. Indeed, it has begunalready; the judgments of God are now upon the land, to give uswarning, that we may know what is coming.
2310	ZECHARIAH 10:1, 2• 1 Ask ye of the Lord rain in the time of the latterrain; so the Lord shall make bright clouds, and give themshowers of rain, to every one grass in the field.• 2 For the idols have spoken vanity, and the diviners haveseen a lie, and have told false dreams; they comfort in vain:therefore they went their way as a flock, they were troubled,because there was no shepherd.
2316	ZECHARIAH 10:1, 2• 1 Ask ye of the Lord rain in the tinge of the latterrain; so the Lord shall make bright clouds, and give themshowers of rain, to every one grass in the field.• 2 For the idols have spoken vanity, and the diviners haveseen a lie, and have told false dreams; they comfort in vain:therefore they went their way as a flock, they were troubled,because there was no shepherd.0070ge0e
2322	ZECHARIAH 10:1, 2• 1 Ask ye of the Lord rain in the time of the latterrain; so the Lord shall make bright clouds, and give themshowers of rain, to every one grass in the field.• 2 For the idols have spoken vanity, and the diviners haveseen a lie, and have told false dreams; they comfort in vain:therefore they went their way as a flock, they were troubled,because there was no shepherd.0070900C
2328	ZECHARIAH 10:1, 2• 1 Ask ye of the Lord rain in the time of the latterrain; so the Lord shall make bright clouds, and give themshowers of rain, to every one grass in the field.• 2 For the idols have spoken vanity, and the diviners haveseen a lie, and have told false dreams; they comfort in vain:therefore they went their way as a flock, they were troubled,because there was no shepherd.00209000
2334	ZECHARIAH 10:1, 2• 1 Ask ye of the Lord rain in the time of the latterrain; so the Lord shall make bright clouds, and give themshowers of rain, to every one grass in the field.• 2 For the idols have spoken vanity, and the diviners haveseen a lie, and have told false dreams; they comfort in vain:therefore they went their way as a flock, they were troubled,because there was no shepherd.00709500
2340	ZECHARIAH 10:1, 2• 1 Ask ye of the Lord rain in the time of the latterrain; so the Lord shall make bright clouds, and give themshowers of rain, to every one grass in the field.• 2 For the idols have spoken vanity, and the diviners haveseen a lie, and have told false dreams; they comfort in vain:therefore they went their way as a flock, they were troubied,because there was no shepherd.0000860€
2346	ZECHARIAH 10:1, 2• 1 Ask ye of the Lord rain in the time of the latterrain; so the Lord shall make bright clouds, and give themshowers of rain, to every one grass in the field.• 2 For the idols have spoken vanity, and the diviners haveseen a lie, and have told false dreams; they comfort in vain:therefore they went their way as a flock, they were troubled,because there was no shepherd.
2352	ZECHARIAH 10:1, 2• 1 Ask ye of the Lord rain in the time of the latterrain; so the Lord shall make bright clouds, and give themshowers of rain, to every one grass in the field.• 2 For the idols have spoken vanity, and the diviners haveseen a lie, and have told false dreams; they comfort in vain:therefore they went their way as a flock, they were troubled,because there was no shepherd.
2358	ZECHARIAH 10:1, 2• 1 Ask ye of the Lord rain in the time of the latterrain; so the Lord shall make bright clouds, and give themshowers of rain, to every one grass in the field.• 2 For the idols have spoken vanity, and the diviners haveseen a lie, and have told false dreams; they comfort in vain:therefore they went their way as a flock, they were troubled,because there was no shepherd.0070800
2364	ZECHARIAH 10:1, 2• 1 Ask ye of the Lord rain in the time of the latterrain; so the Lord shall make bright clouds, and give themshowers of rain, to every one grass in the field.• 2 For the idols have spoken vanity, and the diviners haveseen a lie, and have told false dreams; they comfort in vain:therefore they went their way as a flock, they were troubled,because there was no shepherd.00259000
2370	ZECHARIAH 10:1, 2• 1 Ask ye of the Lord rain in the time of the latterrain; so the Lord shall make bright clouds, and give themshowers of rain, to every one grass in the field.• 2 For the idols have spoken vanity, and the diviners haveseen a lie, and have told false dreams; they comfort in vain:therefore they went their way as a flock, they were troubled,because there was no shepherd.GOUDGEO
2376	ZECHARIAH 10:1, 2• 1 Ask ye of the Lord rain in the time of the latterrain; so the Lord shall make bright clouds, and give themshowers of rain, to every one grass in the field.• 2 For the idols have spoken vanity, and the diviners haveseen a lie, and have told false dreams; they comfort in vain:therefore they went their way as a flock, they were troubled,because there was no shepherd.
2382	ZECHARIAH 10:1, 2• 1 Ask ye of the Lord rain in the time of the latterrain; so the Lord shall make bright clouds, and give themshowers of rain, to every one grass in the field.• 2 For the idols have spoken vanity, and the diviners haveseen a lie, and have told false dreams; they comfort in vain:therefore they went their way as a flock, they were troubled,because there was no shepherd.00058000
2388	ZECHARIAH 10:1, 2• 1 Ask ye of the Lord rain in the time of the latterrain; so the Lord shall make bright clouds, and give themshowers of rain, to every one grass in the field.• 2 For the idols have spoken vanity, and the diviners haveseen a lie, and have told false dreams; they comfort in vain:therefore they went their way as a flock, they were troubled,because there was no shepherd.001D90=
2394	ZECHARIAH 10:1, 2• 1 Ask ye of the Lord rain in the time of the latterrain; so the Lord shall make bright clouds, and give themshowers of rain, to every one grass in the field.• 2 For the idols have spoken vanity, and the diviners haveseen a lie, and have told false dreams; they comfort in vain:therefore they went their way as a flock, they were troubled,because there was no shepherd.
2400	ZECHARIAH 10:1, 2• 1 Ask ye of the Lord rain in the time of the latterrain; so the Lord shall make bright clouds, and give themshowers of rain, to every one grass in the field.• 2 For the idols have spoken vanity, and the diviners haveseen a lie, and have told false dreams; they comfort in vain:therefore they went their way as a flock, they were troubled,because there was no shepherd.
2406	ZECHARIAH 10:1, 2• 1 Ask ye of the Lord rain in the time of the latterrain; so the Lord shall make bright clouds, and give themshowers of rain, to every one grass in the field.• 2 For the idols have spoken vanity, and the diviners haveseen a lie, and have told false dreams; they comfort in vain:therefore they went their way as a flock, they were troubled,because there was no shepherd.
2412	ZECHARIAH 10:1, 2• ¡Ask ye of the Lord rain in the time of the latterrain; so the Lord shall make bright clouds, and give themshowers of rain, to every one grass in the field.• 2 For the idols have spoken vanity, and the diviners haveseen a lie, and have told false dreams; they comfort in vain:therefore they went their way as a flock, they were troubled,because there was no shepherd.
2418	ZECHARIAH 10:1, 2• 1 Ask ye of the Lord rain in the time of the latterrain; so the Lord shall make bright clouds, and give themshowers ofrain, to every one grass in the field.• 2 For the idols have spoken vanity, and the diviners haveseen a lie, and have told false dreams; they comfort in vain:therefore they went their way as a flock, they were troubled,because there was no shepherd.00709000
2424	DEUTERONOMY 32:2• 2 My doctrine shall drop as the rain, myspeech shall distil as the dew, as the small rainupon the tender herb, and as the showers uponthe grass:0005360€
2430	DEUTERONOMY 32:2• 2 My doctrine shall drop as the rain, myspeech shall distil as the dew, as the small rainupon the tender herb, and as the showers uponthe grass:ODUUSE0S
2436	DEUTERONOMY 32:2• 2 My doctrine shall drop as the rain, myspeech shall distil as the dew, as the small rainupon the tender herb, and as the showers uponthe grass:
2442	DEUTERONOMY 32:2• 2 My doctrine shall drop as the rain, myspeech shall distil as the dew, as the small rainupon the tender herb, and as the showers uponthe grass:
2448	DEUTERONOMY 32:2• 2 My doctrine shall drop as the rain, myspeech shall distil as the dew, as the small rainupon the tender herb, and as the showers uponthe grass:
2454	DEUTERONOMY 32:2• 2 My doctrine shall drop as the rain, myspeech shall distil as the dew, as the small rainupon the tender herb, and as the showers uponthe grass:
2460	DEUTERONOMY 32:2• 2 My doctrine shall drop as the rain, myspeech shall distil as the dew, as the small rainupon the tender herb, and as the showers uponthe grass:
2466	DEUTERONOMY 32:2• 2 My doctrine shall drop as the rain, myspeech shall distil as the dew, as the small rainupon the tender herb, and as the showers uponthe grass:
2472	DEUTERONOMY 32:2• 2 My doctrine shall drop as the rain, myspeech shall distil as the dew, as the small rainupon the tender herb, and as the showers uponthe grass:
2478	DEUTERONOMY 32:2• 2 My doctrine shall drop as the rain, myspeech shall distil as the dew, as the small rainupon the tender herb, and as the showers uponthe grass:0005800€
2484	DEUTERONOMY 32:2• 2 My doctrine shall drop as the rain, myspeech shall distil as the dew, as the small rainupon the tender herb, and as the showers uponthe grass:
2490	DEUTERONOMY 32:2• 2 My doctrine shall drop as the rain, myspeech shall distil as the dew, as the small rainupon the tender herb, and as the showers uponthe grass:
2496	DEUTERONOMY 32:2• 2 My doctrine shall drop as the rain, myspeech shall distil as the dew, as the small rainupon the tender herb, and as the showers uponthe grass:
2502	DEUTERONOMY 32:2• 2 My doctrine shall drop as the rain, myspeech shall distil as the dew, as the small rainupon the tender herb, and as the showers uponthe grass:
2508	DEUTERONOMY 32:2• 2 My doctrine shall drop as the rain, myspeech shall distil as the dew, as the small rainupon the tender herb, and as the showers uponthe grass:
2514	DEUTERONOMY 32:2• 2 My doctrine shall drop as the rain, myspeech shall distil as the dew, as the small rainupon the tender herb, and as the showers uponthe grass:
2520	ZECHARIAH 10:1, 2• 1 Ask ye of the Lord rain in the time of the latterrain; so the Lord shall make bright clouds, and give themshowers of rain, to every one grass in the field.• 2 For the idols have spoken vanity, and the divinershave seen a lie, and have told false dreams; they comfort invain: therefore they went their way as a flock, they weretroubled, because there was no shepherd.00708009
2526	ZECHARIAH 10:1, 2• 1 Ask ye of the Lord rain in the time of the latterrain; so the Lord shall make bright clouds, and give themshowers of rain, to every one grass in the field.• 2 For the idols have spoken vanity, and the divinershave seen a lie, and hase told false dreams; they comfort invain: therefore they went their way as a flock, they weretroubled, because there was no shepherd.00109009
2532	ZECHARIAH 10:1, 2• 1 Ask ye of the Lord rain in the time of the latterrain; so the Lord shall make bright clouds, and give themshowers of rain, to every one grass in the field.• 2 For the idols have spoken vanity, and the divinershave seen a lie, and have told false dreams; they comfort invain: therefore they went their way as a flock, they weretroubled, because there was no shepherd.
2538	ZECHARIAH 10:1, 2• 1 Ask ye of the Lord rain in the time of the latterrain; so the Lord shall make bright clouds, and give themshowers of rain, to every one grass in the field.• 2 For the idols have spoken vanity, and the divinershave seen a lie, and have told false dreams; they comfort invain: therefore they went their way as a flock, they weretroubled, because there was no shepherd.
2544	ZECHARIAH 10:1, 2• 1 Ask ye of the Lord rain in the time of the latterrain; so the Lord shall make bright clouds, and give themshowers of rain, to every one grass in the field.• 2 For the idols have spoken vanity, and the divinershave seen a lie, and have told false dreams; they comfort invain: therefore they went their way as a flock, they weretroubled, because there was no shepherd.
2550	ZECHARIAH 10:1, 2• 1 Ask ye of the Lord rain in the time of the latterrain; so the Lord shall make bright clouds, and give themshowers of rain, to every one grass in the field.• 2 For the idols have spoken vanity, and the divinershave seen a lie, and have told false dreams; they comfort invain: therefore they went their way as a flock, they weretroubled, because there was no shepherd.
2556	ZECHARIAH 10:1, 2• 1 Ask ye of the Lord rain in the time of the latterrain; so the Lord shall make bright clouds, and give themshowers of rain, to every one grass in the field.• 2 For the idols have spoken vanity, and the divinershave seen a lie, and have told false dreams; they comfort invain: therefore they went their way as a flock, they weretroubled, because there was no shepherd.
2562	ZECHARIAH 10:1, 2• 1 Ask ye of the Lord rain in the time of the latterrain; so the Lord shall make bright clouds, and give themshowers of rain, to every one grass in the field.• 2 For the idols have spoken vanity, and the divinershave seen a lie, and have told false dreams; they comfort invain: therefore they went their way as a flock, they weretroubled, because there was no shepherd.
2568	ZECHARIAH 10:1, 2• 1 Ask ye of the Lord rain in the time of the latterrain; so the Lord shall make bright clouds, and give themshowers of rain, to every one grass in the field.• 2 For the idols have spoken vanity, and the divinershave seen a lie, and have told false dreams; they comfort invain: therefore they went their way as a flock, they weretroubled, because there was no shepherd.0ox0a0e
2574	ZECHARIAH 71:17• Woe to the idol shepherd that leaveth theflock! the sword shall be upon his arm, and uponhis right eye: his arm shall be clean dried up, andhis right eye shall be utterly darkened.00058003
2580	ZECHARIAH 11:17• Woe to the idol shepherd that leaveth theflock! the sword shall be upon his arm, and uponhis right eye: his arm shall be clean dried up, andhis right eye shall be utterly darkened.
2586	ZECHARIAH 11:17• Woe to the idol shepherd that leaveth theflock! the sword shall be upon his arm, and uponhis right eye: his arm shall be clean dried up, andhis right eye shall be utterly darkened.00009009
2592	ZECHARIAH 11:17• Woe to the idol shepherd that leaveth theflock! the sword shall be upon his arm, and uponhis right eye: his arm shall be clean dried up, andhis right eye shall be utterly darkened.
2598	ZECHARIAH 11:17• Woe to the idol shepherd that leaveth theflock! the sword shall be upon his arm, and uponhis right eye: his arm shall be clean dried up, andhis right eye shall be utterly darkened.0005300€
2604	ZECHARIAH 11:17• Woe to the idol shepherd that leaveth theflock! the sword shall be upon his arm, and uponhis right eye: his arm shall be clean dried up, andhis right eye shall be utterly darkened.0005800
2610	ZECHARIAH 11:17• Woe to the idol shepherd that leaveth theflock! the sword shall be upon his arm, and uponhis right eye: his arm shall be clean dried up, andhis right eye shall be utterly darkened.
2616	ZECHARIAH 11:17• Woe to the idol shepherd that leaveth theflock! the sword shall be upon his arm, and uponhis right eye: his arm shall be clean dried up, andhis right eye shall be utterly darkened.
2622	ZECHARIAH 11:17• Woe to the idol shepherd that leaveth theflock! the sword shall be upon his arm, and uponhis right eye: his arm shall be clean dried up, andhis right eye shall be utterly darkened.
2628	ZECHARIAH 11:17• Woe to the idol shepherd that leaveth theflock! the sword shall be upon his arm, and uponhis right eye: his arm shall be clean dried up, andhis right eye shall be utterly darkened.00253009
2634	ZECHARIAH 11:17• Woe to the idol shepherd that leaveth theflock! the sword shall be upon his arm, and uponhis right eye: his arm shall be clean dried up, andhis right eye shall be utterly darkened.000DS00€
2640	ZECHARIAH 11:17• Woe to the idol shepherd that leaveth theflock! the sword shall be upon his arm, and uponhis right eye: his arm shall be clean dried up, andhis right eye shall be utterly darkened.0005900S
2646	ZECHARIAH 11:17• Woe to the idol shepherd that leaveth theflock! the sword shall be upon his arm, and uponhis right eye: his arm shall be clean dried up, andhis right eye shall be utterly darkened.
2652	ZECHARIAH 11:17• Woe to the idol shepherd that leaveth theflock! the sword shall be upon his arm, and uponhis right eye: his arm shall be clean dried up, andhis right eye shall be utterly darkened.
2658	ISAIAH 30:22, 23• 22 Ye shall defile also the covering of thy graven imagesof silver, and the ornament of thy molten images of gold:thou shalt cast them away as a menstruous cloth; thou shaltsay unto it, Get thee hence.• 23 Then shall he give the rain of thy seed, that thoushalt sow the ground withal; and bread of the increase ofthe earth, and it shall be fat and plenteous: in that day shallthy cattle feed in large pastures.
2664	ISAIAH 30:22, 23• 22 Ye shall defile also the covering of thy graven imagesof silver, and the ornament of thy molten images of gold:thou shalt cast them away as a menstruous cloth; thou shaltsay unto it, Get thee hence.• 23 Then shall he give the rain of thy seed, that thoushalt sow the ground withal; and bread of the increase ofhe earth. and it shall be fat and plenteous: in that day shalthy cattle feed in large pastures.001D0EO9
2670	ISAIAH 30:22, 23• 22 Ye shall defile also the covering of thy graven imagesof silver, and the ornament of thy molten images of gold:thou salt cast them away as a menstruous cloth; thou shaltsay unto it, Get thee hence.• 23 Then shall he give the rain of thy seed, that thouhalt sow the ground withal; and bread of the increase othe earth, and it shall be fat and plenteous: in that day shallthy cattle feed in large pastures.3040800
2676	ISAIAH 30:22, 23• 22 Ye shall defile also the covering of thy graven imagesof silver, and the ornament of thy molten images of gold:thou shalt cast them away as a menstruous cloth; thou shaltsay unto it, Get thee hence.• 23 Then shall he give the rain of thy seed, that thouhalt sow the ground withal; and bread of the increase ohe earth. and it shall be fat and plenteous: in that day shalthy cattle feed in large pastures.0070900-
2682	ISAIAH 30:22, 23• 22 Ye shall defile also the covering of thy graven imagesof silver, and the ornament of thy molten images of gold:thou shalt cast them away as a menstruous cloth; thou shaltsay unto it, Get thee hence.• 23 Then shall he give the rain of thy seed, that thouhalt sow the ground withal; and bread of the increase othe earth, and it shall be fat and plenteous: in that day shallthy cattle feed in large pastures.
2688	ISAIAH 30:22, 23• 22 Ye shall defile also the covering of thy graven imagesof silver, and the ornament of thy molten images of gold:thou shalt cast them away as a menstruous cloth; thou shaltsay unto it, Get thee hence.• 23 Then shall he give the rain of thy seed, that thouhalt sow the ground withal; and bread of the increase othe earth, and it shall be fat and plenteous: in that day shallthy cattle feed in large pastures.
2694	ISAIAH 30:22, 23• 22 Ye shall defile also the covering of thy graven imagesof silver, and the ornament of thy molten images of gold:thou shalt cast them away as a menstruous cloth; thou shaltsay unto it, Get thee hence.• 23 Then shall he give the rain of thy seed, that thouhalt sow the ground withal; and bread of the increase othe earth, and it shall be fat and plenteous: in that day shallthy cattle feed in large pastures.
2700	ISAIAH 30:22, 23• 22 Ye shall defile also the covering of thy graven imagesof silver, and the ornament of thy molten images of gold:thou shalt cast them away as a menstruous cloth; thou shaltsay unto it, Get thee hence. *• 23 Then shall he give the rain of thy seed, that thouhalt sow the ground withal; and bread of the increase ohe earth. and it shall be lat and plenteous: in that day shallthy cattle feed in large pastures.007090
2706	ISAIAH 30:22, 23• 22 Ye shall defile also the covering of thy graven imagesof silver, and the ornament of thy molten images of gold:thou shalt cast them away as a menstruous cloth; thou shaltsay unto it, Get thee hence.• 23 Then shall he give the rain of thy seed, that thoushalt sow the ground withal; and bread of the increase ofthe earth, and it shall be fat and plenteous: in that day shallthy cattle feed in large pastures.
2712	ISAIAH 30:22, 23• 22 Ye shall defile also the covering of thy graven imagesof silver, and the ornament of thy molten images of gold:thou shalt cast them away as a menstruous cloth; thou shaltsay unto it, Get thee hence.• 28 Then shall he give the rain of thy seed, that thouhalt sow the ground withal; and bread of the increase othe earth, and it shall be fat and plenteous: in that day shallthy cattle feed in large pastures.
2718	ISAIAH 30:22, 23• 22 Ye shall defile also the covering of thy graven imagesof silver, and the ornament of thy molten images of gold:thou shalt cast them away as a menstruous cloth; thou shaltsay unto it, Get thee hence.• 23 Then shall he give the rain of thy seed, that thoushalt sow the ground withal; and bread of the increase ofthe earth, and it shall be fat and plenteous: in that day shallthy cattle feed in large pastures.
2724	ISAIAH 30:22, 23• 22 Ye shall defile also the covering of thy graven imagesof silver, and the ornament of thy molten images of gold:thou shalt cast them away as a menstruous cloth; thou shaltsay unto it, Get thee hence.• 23 Then shall he give the rain of thy seed, that thouhalt sow the ground withal; and bread of the increase othe earth, and it shall be fat and plenteous: in that day shallthy cattle feed in large pastures.
2730	ISAIAH 30:22, 23• 22 Ye shall defile also the covering of thy graven imagesof silver, and the ornament of thy molten images of gold:thou shalt cast them away as a menstruous cloth; thou shaltsay unto it, Get thee hence.• 23 Then shall he give the rain of thy seed, that thouhalt sow the ground withal; and bread of the increase othe earth, and it shall be fat and plenteous: in that day shallthy cattle feed in large pastures.
2736	ISAIAH 30:22, 23• 22 Ye shall defile also the covering of thy graven imagesof silver, and the ornament of thy molten images of gold:thou shalt cast them away as a menstruous cloth; thou shaltsay unto it, Get thee hence.• 23 Then shall he give the rain of thy seed, that thoushalt sow the ground withal; and bread of the increase ofthe earth, and it shall be fat and plenteous: in that day shallthy cattle feed in large pastures.
2742	ISAIAH 30:22, 23• 22 Ye shall defile also the covering of thy graven imagesof silver, and the ornament of thy molten images of gold:thou shalt cast them away as a menstruous cloth; thou shaltsay unto it, Get thee hence.• 23 Then shall he give the rain of thy seed, that thouhalt sow the ground withal; and bread of the increase othe earth, and it shall be fat and plenteous: in that day shallthy cattle feed in large pastures.
2748	ISAIAH 30:22, 23• 22 Ye shall defile also the covering of thy graven imagesof silver, and the ornament of thy molten images of gold:thou shalt cast them away as a menstruous cloth; thou shaltsay unto it, Get thee hence.• 23 Then shall he give the rain of thy seed, that thoushalt sow the ground withal; and bread of the increase ofthe earth, and it shall be fat and plenteous: in that day shallthy cattle feed in large pastures.
2754	ISAIAH 30:22, 23• 22 Ye shall defile also the covering of thy graven imagesof silver, and the ornament of thy molten images of gold:thou shalt cast them away as a menstruous cloth; thou shaltsay unto it, Get thee hence.• 23 Then shall he give the rain of thy seed, that thoushalt sow the ground withal; and bread of the increase ofhe earth. and it shall be fat and plenteous: in that day shalthy cattle feed in large pastures.
2760	ISAIAH 30:22, 23• 22 Ye shall defile also the covering of thy graven imagesof silver, and the ornament of thy molten images of gold:thou shalt cast them away as a menstruous cloth; thou shaltsay unto it, Get thee hence.• 23 Then shall he give the rain of thy seed, that thoushalt sow the ground withal; and bread of the increase ofthe earth, and it shall be fat and plenteous: in that day shallthy cattle feed in large pastures.
2766	ZECHARIAH 11:17• Woe to the idol shepherd that leaveth theflock! the sword shall be upon his arm, and uponhis right eye: his arm shall be clean dried up, andhis right eye shall be utterly darkened.
2772	ZECHARIAH 11:17• Woe to the idol shepherd that leaveth theflock! the sword shall be upon his arm, and uponhis right eye: his arm shall be clean dried up, andhis right eye shall be utterly darkened.
2778	ZECHARIAH 11:17• Woe to the idol shepherd that leaveth theflock! the sword shall be upon his arm, and uponhis right eye: his arm shall be clean dried up, andhis right eye shall be utterly darkened.
2784	HOSEA 13:2• And now they sin more and more, and have madethem molten images of their silver, and idolsaccording to their own understanding, allof it the work of the craftsmen: they say of them,Let the men that sacrifice kiss the calves.007,58
2790	HOSEA 13:2• And now they sin more and more, and have madethem molten images of their silver, and idolsaccording to their own understanding, allof it the work of the craftsmen: they say of them,Let the men that sacrifice kiss the calves.0003900e
2796	HOSEA 13:2• And now they sin more and more, and have madethem molten images of their silver, and idolsaccording to their own understanding, allof it the work of the craftsmen: they say of them,Let the men that sacrifice kiss the calves.
2802	HOSEA 13:2• And now they sin more and more, and have madethem molten images of their silver, and idolsaccording to their own understanding, allof it the work of the craftsmen: they say of them,Let the men that sacrifice kiss the calves.
2808	HOSEA 13:2• And now they sin more and more, and have madethem molten images of their silver, and idolsaccording to their own understanding, allof it the work of the craftsmen: they say of them,Let the men that sacrifice kiss the calves.
2814	HOSEA 13:2• And now they sin more and more, and have madethem molten images of their silver, and idolsaccording to their own understanding, allof it the work of the craftsmen: they say of them,Let the men that sacrifice kiss the calves.
2820	HOSEA 13:2• And now they sin more and more, and have madethem molten images of their silver, and idolsaccording to their own understanding, allof it the work of the craftsmen: they say of them,Let the men that sacrifice kiss the calves.
2826	ZECHARIAH 10:1, 2• 1 Ask ye of the Lord rain in the time of the latterrain; so the Lord shall make bright clouds, and give themshowers of rain, to every one grass in the field.• 2 For the idols have spoken vanity, and the diviners haveseen a lie, and have told false dreams; they comfort in vain:therefore they went their way as a flock, they were troubled,because there was no shepherd.0070900-
2832	MICAH 3:2, 5, 6• 2 Who hate the good, and love the evil; who pluck off their skinfrom off them, and their flesh from off their bones;• 5 Thus saith the Lord concerning the prophets that make my peopleerr, that bite with their teeth, and cry, Peace; and he that putteth notinto their mouths, they even prepare war against him.• 6 Therefore night shall be unto you, that ye shall not have a vision;and it shall be dark unto you, that ye shall not divine; and the sunshall go down over the prophets, and the day shall be dark over them.000D900-
2838	MICAH 3:2, 5, 6• 2 Who hate the good, and love the evil; who pluck off their skinfrom off them, and their flesh from off their bones;• 5 Thus saith the Lord concerning the prophets that make my peopleerr, that bite with their teeth, and cry, Peace; and he that putteth notinto their mouths, they even prepare war against him.• 6 Therefore night shall be unto you, that ye shall not have a vision;and it shall be dark unto you, that ye shall not divine; and the sunshall go down over the prophets, and the day shall be dark over them.00008303
2844	MICAH 3:2, 5, 6• 2 Who hate the good, and love the evil; who pluck off their skinfrom off them, and their flesh from off their bones;• 5 Thus saith the Lord concerning the prophets that make my peopleert, that bite with their teeth, and cry, Peace; and he that putteth notinto their mouths, they even prepare war agamst him.• 6 Therefore night shall be unto you, that ye shall not have a vision;and it shall be dark unto you, that ye shall not divine; and the sunshall go down over the prophets, and the day shall be dark over them.0o1n9eos
2850	MICAH 3:2, 5, 6• 2 Who hate the good, and love the evil; who pluck off their skinfrom off them, and their flesh from off their bones;• 5 Thus saith the Lord concerning the prophets that make my peopleerr, that bite with their teeth, and cry, Peace; and he that putteth notinto their mouths, they even prepare war against him.• 6 Therefore night shall be unto you, that ye shall not have a vision;and it shall be dark unto you, that ye shall not divine; and the sunshall go down over the prophets, and the day shall be dark over them.
2856	MICAH 3:2, 5, 6• 2 Who hate the good, and love the evil; who pluck off their skinfrom off them, and their flesh from off their bones;• 5 Thus saith the Lord concerning the prophets that make my peopleerr, that bite with their teeth, and cry, Peace; and he that putteth notinto their mouths, they even prepare war against him.• 6 Thercfore night shall be unto you, that ye shall not have a vision;and it shall be dark unto you, that ye shall not divine; and the sunhall go down over the prophets, and the day shall be dark over them.
2862	MICAH 3:2, 5, 6• 2 Who hate the good, and love the evil; who pluck off their skinfrom off them, and their flesh from off their bones;• 5 Thus saith the Lord concerning the prophets that make my peopleert, that bite with their tecth, and cry, Peace; and he that putteth notinto their mouths, they even prepare war against him.• 6 Therefore night shall be unto you, that ye shall not have a vision;and it shall be dark unto you, that ye shall not divine; and the sunshall go down over the prophets, and the day shall be dark over them.001090g
2868	MICAH 3:2, 5, 6• 2 Who hate the good, and love the evil; who pluck off their skinfrom off them, and their flesh from off their bones;• 5 Thus saith the Lord concerning the prophets that make my peopleerr, that bite with their teeth, and cry, Peace; and he that putteth notinto their mouths, they eves prepare war against him.• 6 Therefore night shall be unto you, that ye shall not have a vision;and it shall be dark unto you, that ye shall not divine; and the sunshall go down over the prophets, and the day shall be dark over them.00/090
2874	MICAH 3:2, 5, 6• 2 Who hate the good, and love the evil; who pluck off their skinfrom off them, and their flesh from off their bones;• 5 Thus saith the Lord concerning the prophets that make my peopleerr, that bite with their teeth, and cry, Peace; and he that putteth notinto their mouths, they even prepare war against him.• 6 Therefore night shall be unto you, that ye shall not have a vision;any it shall be dark unto you, that ye shall not divine; and the sunshall go down over the prophets, and the day shall be dark over them.
2880	MICAH 3:2, 5, 6• 2 Who hate the good, and love the evil; who pluck off their skinfrom off them, and their flesh from off their bones;• 5 Thus saith the Lord concerning the prophets that make my peopleerr, that bite with their teeth, and cry, Peace; and he that putteth notinto their mouths, they even prepare war against him.• 6 Therefore night shall be unto you, that ye shall not have a vision;and it shall be dark unto you, that ye shall not divine; and the sunshall go down over the prophets, and the day shall be dark over them.00009509
2886	MICAH 3:2, 5, 6• 2 Who hate the good, and love the evil; who pluck off their skinfrom off them, and their flesh from off their bones;• 5 Thus saith the Lord concerning the prophets that make my peopleert, that bite with their teeth, and cry, Peace; and he that putteth notinto their mouths, they even prepare war against him.• 6 Therefore night shall be unto you, that ye shall not have a vision;and it shall be dark unto you, that ye shall not divine; and the sunshall go down over the prophets, and the day shall be dark over them.
2892	MICAH 3:2, 5, 6• 2 Who hate the good, and love the evil; who pluck off their skinfrom off them, and their flesh from off their bones;• 5 Thus saith the Lord concerning the prophets that make my peopleerr, that bite with their teeth, and cry, Peace; and he that putteth notinto their mouths, they even prepare war against him.• 6 Therefore night shall be unto you, that ye shall not have a vision;and it shall be dark unto you, that ye shall not divine; and the sunshall go down over the prophets, and the day shall be dark over them.
2898	
2904	
2910	
2916	
2922	
2928	
2934	
2940	
2946	
2952	
2958	
2964	
2970	
2976	
2982	
2988	
2994	
3000	
3006	
3012	
3018	
3024	
3030	
3036	
3042	
3048	
3054	
3060	
3066	
3072	
3078	
3084	
3090	
3096	
3102	
3108	
3114	
3120	DONATE
3126	DONATE
3132	DONATE
3138	DONATE
3144	DONATE
3150	DONATE
3156	DONATE
3162	MICAH 3:2, 5, 6• 2 Who hate the good, and love the evil; who pluck off their skinfrom off them, and their flesh from off ther bones;• 5 Thus saith the Lord concerning the prophets that make my peopleert, that bite with their teeth, and cry, Peace; and he that putteth notinto their mouths, they even prepare war against him.• 6 Therefore night shall be unto you, that ye shall not have a vision;and it shall be dark unto you, that ye shall not divine; and the sunshall go down over the prophets, and the day shall be dark over them.0070900-
3168	MICAH 3:2, 5, 6• 2 Who hate the good, and love the evil; who pluck off their skinfrom off them, and their flesh from off their bones;• 5 Thus saith the Lord concerning the prophets that make my peopleert, that bite with their teeth, and cry, Peace; and he that putteth notinto their mouths, they even prepare war against him.• 6 Therefore night shall be unto you, that ye shall not have a vision;and it shall be dark unto you, that ye shall not divine; and the sunshall go down over the prophets, and the day shall be dark over them.0000S00S
3174	DONATEEZEKIEL 37:7-10• 7 So I prophesied as I was commanded: and as I prophesied, there was anoise, and behold a shaking, and the bones came together, bone to his bone.• 8 And when I beheld, lo, the sinews and the flesh came up upon them, and theskin covered them above: but there was no breath in them.• 9 Then said he unto me, Prophesy unto the wind, prophesy, son of man,and say to the wind, Thus saith the Lord God; Come from the four winds,O breath, and breathe upon these slain, that they may live.• 10 So I prophesied as he commanded me, and the breath came into them, andthey lived, and stood up upon their feet, an exceeding great army.0 0/59
3180	DONATEEZEKIEL 37:7-10• 7 So 1 prophesied as I was commanded: and as I prophesied, there was anoise, and behold a shaking, and the bones came together, bone to his bone.• 8 And when I beheld, lo, the sinews and the flesh came up upon them, and theskin covered them above: but there was no breath in them.• 9 Then said he unto me, Prophesy unto the wind, prophesy, son of man,and say to the wind, Thus saith the Lord God; Come from the four winds,O breath, and breathe upon these slain, that they may live.• 10 So I prophesied as he commanded me, and the breath came into them, andthey lived, and stood up upon their feet, an exceeding great army.
3186	DONATEEZEKIEL 37:7-10• 7 So I prophesied as I was commanded: and as I prophesied, there was anoise, and behold a shaking, and the bones came together, bone to his bone.• 8 And when I beheld, lo, the sinews and the flesh came up upon them, and theskin covered them above: but there was no breath in them.• 9 Then said he unto me, Prophesy unto the wind, prophesy, son of man,and say to the wind. Thus saith the Lord God: Come from the four winds.O breath, and breathe upon these slain, that they may live.• 10 So I prophesied as he commanded me, and the breath came into them, andthey lived, and stood up upon their feet, an exceeding great army.302D950
3192	EZEKIEL 37:7-10• 7 So I prophesied as I was commanded: and as I prophesied, there was anoise, and behold a shaking, and the bones came together, bone to his bone.• 8 And when I beheld, lo, the sinews and the flesh came up upon them, and theskin covered them above: but there was no breath in them.• 9 Then said he unto me, Prophesy unto the wind, prophesy, son of man,and say to the wind, Thus saith the Lord God; Come from the four winds,O breath, and breathe upon these slain, that they may live.• 10 So I prophesied as he commanded me, and the breath came into them, andthey lived, and stood up upon their feet, an exceeding great army.001059
3198	DONATEEZEKIEL 37:7-10• 7 So I prophesied as I was commanded: and as I prophesied, there was anoise, and behold a shaking, and the bones came together, bone to his bone.• 8 And when I beheld, lo, the sinews and the flesh came up upon them, and theskin covered them above: but there was no breath in them.• 9 Then said he unto me, Prophesy unto the wind, prophesy, son of man,and say to the wind, Thus saith the Lord God; Come from the four winds,O breath, and breathe upon these slain, that they may live.• 10 So I prophesied as he commanded me, and the breath came into them, andthey lived, and stood up upon their feet, an exceeding great army.
3204	EZEKIEL 37:7-10• 7 So I prophesied as I was commanded: and as I prophesied, there was anoise, and behold a shaking, and the bones came together, bone to his bone.• 8 And when I beheld, lo, the sinews and the flesh came up upon them, and theskin covered them above: but there was no breath in them.• 9 Then said he unto me, Prophesy unto the wind, prophesy, son of man,and say to the wind, Thus saith the Lord God; Come from the four winds,O breath, and breathe upon these slain, that they may live.• 10 So I prophesied as he commanded me, and the breath came into them, andthey lived, and stood up upon their feet, an exceeding great army.
3210	DONATEEZEKIEL 37:7-10• 7 So I prophesied as I was commanded: and as I prophesied, there was anoise, and behold a shaking, and the bones came together, bone to his bone.• 8 And when I beheld, lo, the sinews and the flesh came up upon them, and theskin covered them above: but there was no breath in them.• 9 Then said he unto me, Prophesy unto the wind, prophesy, son of man,and say to the wind. Thus saith the Lord God: Come from the lour winds.O breath, and breathe upon these slain, that they may live.• 10 So I prophesied as he commanded me, and the breath came into them, andthey lived, and stood up upon their feet, an exceeding great army.
3216	DONATEEZEKIEL 37:7-10• 7 So I prophesied as I was commanded: and as I prophesied, there was anoise, and behold a shaking, and the bones came together, bone to his bone.• 8 And when I beheld, lo, the sinews and the flesh came up upon them, and theskin covered them above: but there was no breath in them.• 9 Then said he unto me, Prophesy unto the wind, prophesy, son of man,and say to the wind. Thus saith the Lord God: Come from the lour winds.O breath, and breathe upon these slain, that they may live.• 10 So I prophesied as he commanded me, and the breath came into them, andthey lived, and stood up upon their feet, an exceeding great army.
3222	DONATEEZEKIEL 37:7-10• 7 So I prophesied as I was commanded: and as I prophesied, there was anoise, and behold a shaking, and the bones came together, bone to his bone.• 8 And when I beheld, lo, the sinews and the flesh came up upon them, and theskin covered them above: but there was no breath in them.• 9 Then said he unto me, Prophesy unto the wind, prophesy, son of man,and say to the wind, Thus saith the Lord God; Come from the four winds,O breath, and breathe upon these slain, that they may live.• 10 So I prophesied as he commanded me, and the breath came into them, andthey lived, and stood up upon their feet, an exceeding great army.
3228	DONATEEZEKIEL 37:7-10• 7 So I prophesied as I was commanded: and as I prophesied, there was anoise, and behold a shaking, and the bones came together, bone to his bone.• 8 And when I beheld, lo, the sinews and the flesh came up upon them, and theskin covered them above: but there was no breath in them.• 9 Then said he unto me, Prophesy unto the wind, prophesy, son of man,and say to the wind, Thus saith the Lord God; Come from the four winds,O breath, and breathe upon these slain, that they may live.• 10 So I prophesied as he commanded me, and the breath came into them, andthey lived, and stood up upon their feet, an exceeding great army.
3234	DONATEZECHARIAH 10:1, 2• 1 Ask ye of the Lord rain in the time of the latterrain; so the Lord shall make bright clouds, and give themshowers of rain, to every one grass in the field.• 2 For the idols have spoken vanity, and the diviners haveseen a lie, and have told false dreams; they comfort in vain:therefore they went their way as a flock, they were troubled,because there was no shepherd.0070900
3240	DONATEZECHARIAH 10:1, 2• 1 Ask ye of the Lord jain in the time of the latterrain; so the Lord shall make bright clouds, and give themshowers of rain, to every one grass in the field.• 2 For the idols have spoken vanity, and the diviners haveseen a lie, and have told lalse dreams; they comfort in vain:therefore they went their way as a flock, they were troubled,because there was no shepherd.0000950€
3246	DONATEZECHARIAH 10:1, 2• 1 Ask ye of the Lord rain in the time of the latterrain; so the Lord shall make bright clouds, and give themshowers of rain, to every one grass in the field.• 2 For the idols have spoken vanity, and the diviners haveseen a lie, and have told false dreams; they comfort in vain:therefore they went their way as a flock, they were troubled,because there was no shepherd.00709009
3252	Someone scanned the QR codeDONATEZECHARIAH 10:1, 2• 1 Ask ye of the Lord rain in the time of the latterrain; so the Lord shall make bright clouds, and give themshowers of rain, to every one grass in the field.• 2 For the idols have spoken vanity, and the diviners haveseen a lie, and have told false dreams; they comfort in vain:therefore they went their way as a flock, they were troubled,because there was no shepherd.
3258	DONATEZECHARIAH 10:1, 2• 1 Ask ye of the Lord rain in the time of the latterrain; so the Lord shall make bright clouds, and give themshowers of rain, to every one grass in the field.• 2 For the idols have spoken vanity, and the diviners haveseen a lie, and have told false dreams; they comfort in vain:therefore they went their way as a flock, they were troubled,because there was no shepherd.
3264	DONATEZECHARIAH 10:1, 2• 1 Ask ye of the Lord rain in the time of the latterrain; so the Lord shall make bright clouds, and give themshowers of rain, to every one grass in the field.• 2 For the idols have spoken vanity, and the diviners haveseen a lie, and have told false dreams; they comfort in vain:therefore they went their way as a flock, they were troubled,because there was no shepherd.
3270	DONATEZECHARIAH 10:1, 2• 1 Ask ye of the Lord rain in the time of the latterrain; so the Lord shall make bright clouds, and give themshowers of rain, to every one grass in the field.• 2 For the idols have spoken vanity, and the diviners haveseen a lie, and have told false dreams; they comfort in vain:therefore they went their way as a flock, they were troubled,because there was no shepherd.
3276	ZECHARIAH 10:1, 2• 1 Ask ye of the Lord rain in the time of the latterrain; so the Lord shall make bright clouds, and give themshowers of rain, to every one grass in the field.• 2 For the idols have spoken vanity, and the diviners haveseen a lie, and have told false dreams; they comfort in vain:therefore they went their way as a flock, they were troubled,because there was no shepherd.
3282	DONATEZECHARIAH 10:1, 2• 1 Ask ye of the Lord rain in the time of the latterrain; so the Lord shall make bright clouds, and give themshowers of rain, to every one grass in the field.• 2 For the idols have spoken vanity, and the diviners haveseen a lie, and have told false dreams; they comfort in vain:therefore they went their way as a flock, they were troubled,because there was no shepherd.
3288	ZECHARIAH 10:1, 2• 1 Ask ye of the Lord rain in the time of the latterrain; so the Lord shall make bright clouds, and give themshowers of rain, to every one grass in the field.• 2 For the idols have spoken vanity, and the diviners haveseen a lie, and have told false dreams; they comfort in vain:therefore they went their way as a flock, they were troubled,because there was no shepherd.
3294	DONATEZECHARIAH 10:1, 2• 1 Ask ye of the Lord rain in the time of the latterrain; so the Lord shall make bright clouds, and give themshowers of rain, to every one grass in the field.• 2 For the idols have spoken vanity, and the diviners haveseen a lie, and have told false dreams; they comfort in vain:therefore they went their way as a flock, they were troubled,because there was no shepherd.
3300	DONATEZECHARIAH 10:1, 2• 1 Ask ye of the Lord rain in the time of the latterrain; so the Lord shall make bright clouds, and give themshowers of rain, to every one grass in the field.• 2 For the idols have spoken vanity, and the diviners haveseen a lie, and have told false dreams; they comfort in vain:therefore they went their way as a flock, they were troubled,because there was no shepherd.
3306	DONATEZECHARIAH 10:1, 2• 1 Ask ye of the Lord rain in the time of the latterrain; so the Lord shall make bright clouds, and give themshowers of rain, to every one grass in the field.• 2 For the idols have spoken vanity, and the diviners haveseen a lie, and have told false dreams; they comfort in vain:therefore they went their way as a flock, they were troubled,because there was no shepherd.
3312	DONATEZECHARIAH 10:1, 2• 1 Ask ye of the Lord rain in the time of the latterrain; so the Lord shall make bright clouds, and give themshowers of rain, to every one grass in the field.• 2 For the idols have spoken vanity, and the diviners haveseen a lie, and have told false dreams; they comfort in vain:therefore they went their way as a flock, they were troubled,because there was no shepherd.
3318	ZECHARIAH 10:1, 2• 1 Ask ye of the Lord rain in the time of the latterrain; so the Lord shall make bright clouds, and give themshowers of rain, to every one grass in the field.• 2 For the idols have spoken vanity, and the diviners haveseen a lie, and have told false dreams; they comfort in vain:therefore they went their way as a flock, they were troubled,because there was no shepherd.
3324	DONATEZECHARIAH 10:1, 2• 1 Ask ye of the Lord rain in the time of the latterrain; so the Lord shall make bright clouds, and give themshowers of rain, to every one grass in the field.• 2 For the idols have spoken vanity, and the diviners haveseen a lie, and have told false dreams; they comfort in vain:therefore they went their way as a flock, they were troubled,because there was no shepherd.
3330	DONATEZECHARIAH 10:1, 2• 1 Ask ye of the Lord rain in the time of the latterrain; so the Lord shall make bright clouds, and give themshowers of rain, to every one grass in the field.• 2 For the idols have spoken vanity, and the diviners haveseen a lie, and have told false dreams; they comfort in vain:therefore they went their way as a flock, they were troubled,because there was no shepherd.
3336	DONATEZECHARIAH 10:1, 2• 1 Ask ye of the Lord rain in the time of the latterrain; so the Lord shall make bright clouds, and give themshowers of rain, to every one grass in the field.• 2 For the idols have spoken vanity, and the diviners haveseen a lie, and have told false dreams; they comfort in vain:therefore they went their way as a flock, they were troubled,because there was no shepherd.
3342	DONATEZECHARIAH 10:1, 2• 1 Ask ye of the Lord rain in the time of the latterrain; so the Lord shall make bright clouds, and give themshowers of rain, to every one grass in the field.• 2 For the idols have spoken vanity, and the diviners haveseen a lie, and have told false dreams; they comfort in vain:therefore they went their way as a flock, they were troubled,because there was no shepherd.
3348	DONATEZECHARIAH 10:1, 2• 1 Ask ye of the Lord rain in the time of the latterrain; so the Lord shall make bright clouds, and give themshowers of rain, to every one grass in the field.• 2 For the idols have spoken vanity, and the diviners haveseen a lie, and have told false dreams; they comfort in vain:therefore they went their way as a flock, they were troubled,because there was no shepherd.
3354	DONATEZECHARIAH 10:1, 2• 1 Ask ye of the Lord rain in the time of the latterrain; so the Lord shall make bright clouds, and give themshowers of rain, to every one grass in the field.• 2 For the idols have spoken vanity, and the diviners haveseen a lie, and have told false dreams; they comfort in vain:therefore they went their way as a flock, they were troubled,because there was no shepherd.
3360	Someone scanned the QR codeDONATEZECHARIAH 10:1, 2• 1 Ask ye of the Lord rain in the time of the latterrain; so the Lord shall make bright clouds, and give themshowers of rain, to every one grass in the field.• 2 For the idols have spoken vanity, and the diviners haveseen a lie, and have told false dreams; they comfort in vain:therefore they went their way as a flock, they were troubled,because there was no shepherd.
3366	ZECHARIAH 10:1, 2• 1 Ask ye of the Lord rain in the time of the latterrain; so the Lord shall make bright clouds, and give themshowers of rain, to every one grass in the field.• 2 For the idols have spoken vanity, and the diviners haveseen a lie, and have told false dreams; they comfort in vain:therefore they went their way as a flock, they were troubled,because there was no shepherd.
3372	DONATEZECHARIAH 10:1, 2• 1 Ask ye of the Lord rain in the time of the latterrain; so the Lord shall make bright clouds, and give themshowers of rain, to every one grass in the field.• 2 For the idols have spoken vanity, and the diviners haveseen a lie, and have told false dreams; they comfort in vain:therefore they went their way as a flock, they were troubled,because there was no shepherd.
3378	ZECHARIAH 10:1, 2• 1 Ask ye of the Lord rain in the time of the latterrain; so the Lord shall make bright clouds, and give themshowers of rain, to every one grass in the field.• 2 For the idols have spoken vanity, and the diviners haveseen a lie, and have told false dreams; they comfort in vain:therefore they went their way as a flock, they were troubled,because there was no shepherd.
3384	ZECHARIAH 10:1, 2• 1 Ask ye of the Lord rain in the time of the latterrain; so the Lord shall make bright clouds, and give themshowers of rain, to every one grass in the field.• 2 For the idols have spoken vanity, and the diviners haveseen a lie, and have told false dreams; they comfort in vain:therefore they went their way as a flock, they were troubled,because there was no shepherd.
3390	DONATEZECHARIAH 10:1, 2• 1 Ask ye of the Lord rain in the time of the latterrain; so the Lord shall make bright clouds, and give themshowers of rain, to every one grass in the field.• 2 For the idols have spoken vanity, and the diviners haveseen a lie, and have told false dreams; they comfort in vain:therefore they went their way as a flock, they were troubled,because there was no shepherd.
3396	y Someone scanned the QR codeDONATEZECHARIAH 10:1, 2• 1 Ask ye of the Lord rain in the time of the latterrain; so the Lord shall make bright clouds, and give themshowers of rain, to every one grass in the field.• 2 For the idols have spoken vanity, and the diviners haveseen a lie, and have told false dreams; they comfort in vain:therefore they went their way as a flock, they were troubled,because there was no shepherd.
3402	ZECHARIAH 10:1, 2• 1 Ask ye of the Lord rain in the time of the latterrain; so the Lord shall make bright clouds, and give themshowers of rain, to every one grass in the field.• 2 For the idols have spoken vanity, and the diviners haveseen a lie, and have told false dreams; they comfort in vain:therefore they went their way as a flock, they were troubled,because there was no shepherd.
3408	DONATEZECHARIAH 10:1, 2• 1 Ask ye of the Lord rain in the time of the latterrain; so the Lord shall make bright clouds, and give themshowers of rain, to every one grass in the field.• 2 For the idols have spoken vanity, and the diviners haveseen a lie, and have told false dreams; they comfort in vain:therefore they went their way as a flock, they were troubled,because there was no shepherd.
3414	DONATEZECHARIAH 10:1, 2• 1 Ask ye of the Lord rain in the time of the latterrain; so the Lord shall make bright clouds, and give themshowers of rain, to every one grass in the field.• 2 For the idols have spoken vanity, and the diviners haveseen a lie, and have told false dreams; they comfort in vain:therefore they went their way as a flock, they were troubled,because there was no shepherd.
3420	DONATEZECHARIAH 10:1, 2• 1 Ask ye of the Lord rain in the time of the latterrain; so the Lord shall make bright clouds, and give themshowers of rain, to every one grass in the field.• 2 For the idols have spoken vanity, and the diviners haveseen a lie, and have told false dreams; they comfort in vain:therefore they went their way as a flock, they were troubled,because there was no shepherd.
3426	DONATEZECHARIAH 10:1, 2• 1 Ask ye of the Lord rain in the time of the latterrain; so the Lord shall make bright clouds, and give themshowers of rain, to every one grass in the field.• 2 For the idols have spoken vanity, and the diviners haveseen a lie, and have told false dreams; they comfort in vain:therefore they went their way as a flock, they were troubled,because there was no shepherd.
3432	ZECHARIAH 10:1, 2• 1 Ask ye of the Lord rain in the time of the latterrain; so the Lord shall make bright clouds, and give themshowers of rain, to every one grass in the field.• 2 For the idols have spoken vanity, and the diviners haveseen a lie, and have told false dreams; they comfort in vain:therefore they went their way as a flock, they were troubled,because there was no shepherd.
3438	ZECHARIAH 10:1, 2• 1 Ask ye of the Lord rain in the time of the latterrain; so the Lord shall make bright clouds, and give themshowers of rain, to every one grass in the field.• 2 For the idols have spoken vanity, and the diviners haveseen a lie, and have told false dreams; they comfort in vain:therefore they went their way as a flock, they were troubled,because there was no shepherd.
3444	ZECHARIAH 10:1, 2• 1 Ask ye of the Lord rain in the time of the latterrain; so the Lord shall make bright clouds, and give themshowers of rain, to every one grass in the field.• 2 For the idols have spoken vanity, and the diviners haveseen a lie, and have told false dreams; they comfort in vain:therefore they went their way as a flock, they were troubled,because there was no shepherd.
3450	DONATEZECHARIAH 10:1, 2• 1 Ask ye of the Lord rain in the time of the latterrain; so the Lord shall make bright clouds, and give themshowers of rain, to every one grass in the field.• 2 For the idols have spoken vanity, and the diviners haveseen a lie, and have told false dreams; they comfort in vain:therefore they went their way as a flock, they were troubled,because there was no shepherd.
3456	ZECHARIAH 10:1, 2• 1 Ask ye of the Lord rain in the time of the latterrain; so the Lord shall make bright clouds, and give themshowers of rain, to every one grass in the field.• 2 For the idols have spoken vanity, and the diviners haveseen a lie, and have told false dreams; they comfort in vain:therefore they went their way as a flock, they were troubled,because there was no shepherd.
3462	DONATEZECHARIAH 10:1, 2• 1 Ask ye of the Lord rain in the time of the latterrain; so the Lord shall make bright clouds, and give themshowers of rain, to every one grass in the field.• 2 For the idols have spoken vanity, and the diviners haveseen a lie, and have told false dreams; they comfort in vain:therefore they went their way as a flock, they were troubled,because there was no shepherd.
3468	DONATEZECHARIAH 10:1, 2• 1 Ask ye of the Lord rain in the time of the latterrain; so the Lord shall make bright clouds, and give themshowers of rain, to every one grass in the field.• 2 For the idols have spoken vanity, and the diviners haveseen a lie, and have told false dreams; they comfort in vain:therefore they went their way as a flock, they were troubled,because there was no shepherd.
3474	DONATEZECHARIAH 10:1, 2• 1 Ask ye of the Lord rain in the time of the latterrain; so the Lord shall make bright clouds, and give themshowers of rain, to every one grass in the field.• 2 For the idols have spoken vanity, and the diviners haveseen a lie, and have told false dreams; they comfort in vain:therefore they went their way as a flock, they were troubled,because there was no shepherd.
3480	ZECHARIAH 10:1, 2• 1 Ask ye of the Lord rain in the time of the latterrain; so the Lord shall make bright clouds, and give themshowers of rain, to every one grass in the field.• 2 For the idols have spoken vanity, and the diviners haveseen a lie, and have told false dreams; they comfort in vain:therefore they went their way as a flock, they were troubled,because there was no shepherd.
3486	ZECHARIAH 10:1, 2• 1 Ask ye of the Lord rain in the time of the latterrain; so the Lord shall make bright clouds, and give themshowers of rain, to every one grass in the field.• 2 For the idols have spoken vanity, and the diviners haveseen a lie, and have told false dreams; they comfort in vain:therefore they went their way as a flock, they were troubled,because there was no shepherd.
3492	DONATEZECHARIAH 10:1, 2• 1 Ask ye of the Lord rain in the time of the latterrain; so the Lord shall make bright clouds, and give themshowers of rain, to every one grass in the field.• 2 For the idols have spoken vanity, and the diviners haveseen a lie, and have told false dreams; they comfort in vain:therefore they went their way as a flock, they were troubled,because there was no shepherd.
3498	DONATEZECHARIAH 10:1, 2• 1 Ask ye of the Lord rain in the time of the latterrain; so the Lord shall make bright clouds, and give themshowers of rain, to every one grass in the field.• 2 For the idols have spoken vanity, and the diviners haveseen a lie, and have told false dreams; they comfort in vain:therefore they went their way as a flock, they were troubled,because there was no shepherd.
3504	DONATEZECHARIAH 10:1, 2• 1 Ask ye of the Lord rain in the time of the latterrain; so the Lord shall make bright clouds, and give themshowers of rain, to every one grass in the field.• 2 For the idols have spoken vanity, and the diviners haveseen a lie, and have told false dreams; they comfort in vain:therefore they went their way as a flock, they were troubled,because there was no shepherd.
3510	DONATEZECHARIAH 10:1, 2• 1 Ask ye of the Lord rain in the time of the latterrain; so the Lord shall make bright clouds, and give themshowers of rain, to every one grass in the field.• 2 For the idols have spoken vanity, and the diviners haveseen a lie, and have told false dreams; they comfort in vain:therefore they went their way as a flock, they were troubled,because there was no shepherd.
3516	DONATEZECHARIAH 10:1, 2• 1 Ask ye of the Lord rain in the time of the latterrain; so the Lord shall make bright clouds, and give themshowers of rain, to every one grass in the field.• 2 For the idols have spoken vanity, and the diviners haveseen a lie, and have told false dreams; they comfort in vain:therefore they went their way as a flock, they were troubled,because there was no shepherd.
3522	ZECHARIAH 10:1, 2• 1 Ask ye of the Lord rain in the time of the latterrain; so the Lord shall make bright clouds, and give themshowers of rain, to every one grass in the field.• 2 For the idols have spoken vanity, and the diviners haveseen a lie, and have told false dreams; they comfort in vain:therefore they went their way as a flock, they were troubled,because there was no shepherd.
3528	DONATEZECHARIAH 10:1, 2• 1 Ask ye of the Lord rain in the time of the latterrain; so the Lord shall make bright clouds, and give themshowers of rain, to every one grass in the field.• 2 For the idols have spoken vanity, and the diviners haveseen a lie, and have told false dreams; they comfort in vain:therefore they went their way as a flock, they were troubled,because there was no shepherd.
3534	ZECHARIAH 10:1, 2• 1 Ask ye of the Lord rain in the time of the latterrain; so the Lord shall make bright clouds, and give themshowers of rain, to every one grass in the field.• 2 For the idols have spoken vanity, and the diviners haveseen a lie, and have told false dreams; they comfort in vain:therefore they went their way as a flock, they were troubled,because there was no shepherd.
3540	DONATEZECHARIAH 10:1, 2• 1 Ask ye of the Lord rain in the time of the latterrain; so the Lord shall make bright clouds, and give themshowers of rain, to every one grass in the field.• 2 For the idols have spoken vanity, and the diviners haveseen a lie, and have told false dreams; they comfort in vain:therefore they went their way as a flock, they were troubled,because there was no shepherd.
3546	DONATEZECHARIAH 10:1, 2• 1 Ask ye of the Lord rain in the time of the latterrain; so the Lord shall make bright clouds, and give themshowers of rain, to every one grass in the field.• 2 For the idols have spoken vanity, and the diviners haveseen a lie, and have told false dreams; they comfort in vain:therefore they went their way as a flock, they were troubled,because there was no shepherd.
3552	DONATEZECHARIAH 10:1, 2• 1 Ask ye of the Lord rain in the time of the latterrain; so the Lord shall make bright clouds, and give themshowers of rain, to every one grass in the field.• 2 For the idols have spoken vanity, and the diviners haveseen a lie, and have told false dreams; they comfort in vain:therefore they went their way as a flock, they were troubled,because there was no shepherd.
3558	DONATEZECHARIAH 10:1, 2• 1 Ask ye of the Lord rain in the time of the latterrain; so the Lord shall make bright clouds, and give themshowers of rain, to every one grass in the field.• 2 For the idols have spoken vanity, and the diviners haveseen a lie, and have told false dreams; they comfort in vain:therefore they went their way as a flock, they were troubled,because there was no shepherd.For more information on endtime events go to Bible studies under:judgmentdaydocumentary.com
3564	DONATEZECHARIAH 10:1, 2• 1 Ask ye of the Lord rain in the time of the latterrain; so the Lord shall make bright clouds, and give themshowers of rain, to every one grass in the field.• 2 For the idols have spoken vanity, and the diviners haveseen a lie, and have told false dreams; they comfort in vain:therefore they went their way as a flock, they were troubled,because there was no shepherd.For more information on endtime events go to Bible studies under:judgmentdaydocumentary.com
3570	DONATEZECHARIAH 10:1, 2• 1 Ask ye of the Lord rain in the time of the latterrain; so the Lord shall make bright clouds, and give themshowers of rain, to every one grass in the field.• 2 For the idols have spoken vanity, and the diviners haveseen a lie, and have told false dreams; they comfort in vain:therefore they went their way as a flock, they were troubled,because there was no shepherd.For more information on endtime events go to Bible studies under:judgmentdaydocumentary.com
3576	DONATEZECHARIAH 10:1, 2• 1 Ask ye of the Lord rain in the time of the latterrain; so the Lord shall make bright clouds, and give themshowers of rain, to every one grass in the field.• 2 For the idols have spoken vanity, and the diviners haveseen a lie, and have told false dreams; they comfort in vain:therefore they went their way as a flock, they were troubled,because there was no shepherd.For more information on endtime events go to Bible studies under:judgmentdaydocumentary.com
3582	DONATEZECHARIAH 10:1, 2• 1 Ask ye of the Lord rain in the time of the latterrain; so the Lord shall make bright clouds, and give themshowers of rain, to every one grass in the field.• 2 For the idols have spoken vanity, and the diviners haveseen a lie, and have told false dreams; they comfort in vain:therefore they went their way as a flock, they were troubled,because there was no shepherd.For more information on endtime events go to Bible studies under:judgmentdaydocumentary.com
3588	DONATEZECHARIAH 10:1, 2• 1 Ask ye of the Lord rain in the time of the latterrain; so the Lord shall make bright clouds, and give themshowers of rain, to every one grass in the field.• 2 For the idols have spoken vanity, and the diviners haveseen a lie, and have told false dreams; they comfort in vain:therefore they went their way as a flock, they were troubled,because there was no shepherd.
3594	DONATEZECHARIAH 10:1, 2• 1 Ask ye of the Lord rain in the time of the latterrain; so the Lord shall make bright clouds, and give themshowers of rain, to every one grass in the field.• 2 For the idols have spoken vanity, and the diviners haveseen a lie, and have told false dreams; they comfort in vain:therefore they went their way as a flock, they were troubled,because there was no shepherd.
3600	DONATEZECHARIAH 10:1, 2• 1 Ask ye of the Lord rain in the time of the latterrain; so the Lord shall make bright clouds, and give themshowers of rain, to every one grass in the field.• 2 For the idols have spoken vanity, and the diviners haveseen a lie, and have told false dreams; they comfort in vain:therefore they went their way as a flock, they were troubled,because there was no shepherd.
3606	DONATEZECHARIAH 10:1, 2• 1 Ask ye of the Lord rain in the time of the latterrain; so the Lord shall make bright clouds, and give themshowers of rain, to every one grass in the field.• 2 For the idols have spoken vanity, and the diviners haveseen a lie, and have told false dreams; they comfort in vain:therefore they went their way as a flock, they were troubled,because there was no shepherd.
3612	DONATE
3618	DONATE
3624	DONATE
3630	DONATE
3636	DONATE
3642	DONATE
3648	DONATE
3654	DONATE
3660	DONATE
3666	DONATE
3672	DONATE
3678	DONATE
3684	DONATE
3690	DONATERIGHY FAITHEOUSNESSIMAGE OFTHE BEASTSUNDAYLAWOUT OF THE CITIESSEALING OF 144,000CLOSE OFPROBATIONTIME OFTROUBLEGROW YOUR OWN FOODSHAKING4тHANGELSMESSAGENEVWORORDEBATTLE O19TSIEGE OFSUNDAYLAWNO-BUYNO-SELLSATANAPPEARSAS CHRISTIMPRISONMENTLOUD CRYЗАСОВЕTROUBLIDEATHDECREE123456113RD WOE18880000950200120**20**20**
3696	DONATEIGHTEOUSNESY FAIT18TSIEGE OFSUNDAYLAW18880005800€IMAGE OFTHE BEASTSUNDAYLAWOUT OF THE CITIESSEALING OF 144,000CLOSE OFPROBATIONTIME OFTROUBLEGROW YOUR OWN FOODSHAKINGANGELSMESSAGESIEGE OFSUNDAYLAWNO-BUYNO-SELLNEVWORORDEBATTLE OARMAGEDDSATANAPPEARSAS CHRISTIMPRISONMENTLOUD CRYTROUBLIDEATHDECREE12345613RD WOE200120**20**20**
3702	DONATERIGHEY FAITHEOUSNESS19TSIEGE OFSUNDAYLAW1888IMAGE OFTHE BEASTSUNDAYLAWOUT OF THE CITIESSEALING OF 144,000CLOSE OFPROBATIONTIME OFTROUBLEGROW YOUR OWN FOODSHAKINGATHANGELSMESSAGENEVWORORDEBATTLE'OBIEGE OFSUNDAYLAWNO-BUYNO-SELLINDUCEMENTSIMPRISONMENTSATANAPPEARSAS CHRISTLOUD CRYTROUBLIDEATHDECREE121345613RD WOE200120**20**20**
3708	DONATEIGHTEOUSNESY FAITI19TSIEGE OFSUNDAYLAW1888IMAGE OFSUNDAYTHE BEASTLAWOUT OF THE CITIESSEALING OF 144,000CLOSE OFPROBATIONTIME OFTROUBLEGROW YOUR OWN FOODSHAKINGANGELSMESSAGESIEGE OFSUNDAY*LAWNO-BUYNO-SELLINDUCEMENTSIMPRISONMENTNEVWORORDEBATTLE OARMAGEDDSATANAPPEARSAS CHRISTLOUD CRYTROUBLIDEATHDECREE12345613RD WOE200120**20**20**
3714	DONATEIGHTEOUSNESY FAITI18TSIEGE OFSUNDAYLAW1888IMAGE OFSUNDAYTHE BEASTLAWOUT OF THE CITIESSEALING OF 144,000CLOSE OFPROBATIONTIME OFTROUBLEGROW YOUR OWN FOODSHAKING4тнANGELSMESSAGENEVWORORDEBATTLE'GBIEGE OFSUNDAYLAWNO-BUYNO-SELLINDUCEMENTSIMPRISONMENTSATANAPPEARSAS CHRISTLOUD CRYTROUBLIDEATHDECREE12|345|6|13RD WOE200120**20**20**
3720	DONATEIGHTEOUSNESY FAITI19TSIEGE OFSUNDAYLAW1888IMAGE OFSUNDAYTHE BEASTLAWOUT OF THE CITIESSEALING OF 144,000CLOSE OFPROBATIONTIME OFTROUBLEGROW YOUR OWN FOODSHAKINGANGELSMESSAGENEVWORORDEBATTLE'OARMAGEDDBIEGE OFSUNDAYLAWINO-BUYNO-SELLINDUCEMENTSIMPRISONMENTSATANAPPEARSAS CHRISTLOUD CRYTROUBLIDEATHDECREE12345613RD WOE200120**20**20**
3726	DONATEIGHTEOUSNESY FAITI19TSIEGE OFSUNDAYLAW1888IMAGE OFTHE BEASTSUNDAYLAWOUT OF THE CITIESSEALING OF 144,000CLOSE OFPROBATIONTIME OFTROUBLEGROW YOUR OWN FOODSHAKING4тHANGELSMESSAGESIEGE OFSUNDAYLAVINO-BUYNO-SELLINDUCEMENTSIMPRISONMENTNEVWORORDEBATTLE OARMAGEDDSATANAPPEARSAS CHRISTLOUD CRYTROUBLIDEATHDECREE12345613RO WOE200120**20**20**
3732	DONATEIGHTEOUSNESY FAITIJ9TSIEGE OFSUNDAYLAW1888IMAGE OFTHE BEASTSUNDAYLAWOUT OF THE CITIESSEALING OF 144,000CLOSE OFPROBATIONTIME OFTROUBLEGROW YOUR OWN FOODSHAKING4тнANGELSMESSAGESIEGE OFSUNDAYNEVWORORDEBATTLE OARMAGEDDSATANAPPEARSAS CHRISTNO-BUYNO-SELLINDUCEMENTSIMPRISONMENTLOUD CRYTROUBLIDEATHDECREE12(3 45613RD WOE200120**20**20**
3738	DONATERIGHEY FAITHEOUSNESS19TSIEGE OFSUNDAYLAW188800008009IMAGE OFSUNDAYTHE BEASTLAWOUT OF THE CITIESSEALING OF 144,000CLOSE OFPROBATIONTIME OFTROUBLEGROW YOUR OWN FOODSHAKINGANGELeMESSAGNEVWORORDEBATTLE'OSIEGE OFSUNDAY•LAWNO-BUYNO-SELLINDUCEMENTSIMPRISONMENTSATANAPPEARSAS CHRISTLOUD CRYTROUBLIDEATHDECREE12345|613RD WOE200120**20**20**
3744	DONATERIGHY FAITHEOUSNESSIMAGE OFTHE BEASTSUNDAYLAWOUT OF THE CITIESSEALING OF 144,000CLOSE OFPROBATIONTIME OFTROUBLEGROW YOUR OWN FOODSHAKINGANGELSMESSAGEJaTSIEGE OFSUNDAYLAWSIEGE OFSUNDAY.LAWNGY BUYNO-SELLINDUCEMENTSIMPRISONMENTNEVWORORDEBATTLE OARMAGEDDSATANAPPEARSAS CHRISTLOUD CRYTROUBLIDEATHDECREE12|345613RD WOE18880000900200120**20**20**
3750	DONATEIGHTEOUSNESY FAITI19TSIEGE OFSUNDAYLAW1888IMAGE OFTHE BEASTSUNDAYLAWOUT OF THE CITIESSEALING OF 144,000CLOSE OFPROBATIONTIME OFTROUBLEGROW YOUR OWN FOODSHAKING4тиANGELSMESSAGENEVWORORDEBATTLE OARMAGEDDBIEGE OFSUNDAY-LAWNO-BUYNO-SELLINDUCEMENTSIMPRISONMENTSATANAPPEARSAS CHRISTLOUD CRYTROUBLIDEATHDECREE12345613RD WOE200120**20**20**
3756	DONATERIGHEY FAITHEOUSNESS19TSIEGE OFSUNDAYLAW1888IMAGE OFSUNDAYTHE BEASTLAWOUT OF THE CITIESSEALING OF 144,000CLOSE OFPROBATIONTIME OFTROUBLEGROW YOUR OWN FOODSHAKINGANGELSMESSAGENEVWORORDEBATTLE OSIEGE OFSUNDAYLAWNO-BUYNO-SELLINDUCEMENTSIMPRISONMENTSATANAPPEARSAS CHRISTLOUD CRYTROUBLIDEATHDECREE12345|613RD WOE200120**20**20**
3762	DONATEIGHTEOUSNESY FAITI18TSIEGE OFSUNDAYLAW1888IMAGE OFSUNDAYTHE BEASTLAWOUT OF THE CITIESSEALING OF 144,000CLOSE OFPROBATIONTIME OFTROUBLEGROW YOUR OWN FOODSHAKINGANGELSMESSAGEBIEGE OFSUNDAYLAWNO-BUYNO-SELLINDUCEMENTSIMPRISONMENTNEVWORORDEBATTLE OARMAGEDDSATANAPPEARSAS CHRISTLOUD CRYTROUBLIDEATHDECREE123456113RD WOE200120**20**20**
3768	DONATEIGHTEOUSNESY FAITI19TSIEGE OFSUNDAYLAW1888IMAGE OFTHE BEASTSUNDAYLAWOUT OF THE CITIESSEALING OF 144,000CLOSE OFPROBATIONTIME OFTROUBLEGROW YOUR OWN FOODSHAKINGATHANGELSMESSAGESIEGE DFSUNDAYLAWNO-BUYNO-SELLINDUCEMENTSIMPRISONMENTLOUD CRYNEVWORORDEBATTLE OARMAGEDDSATANAPPEARSAS CHRISTTROUBLIDEATHDECREEMOVER FROM12|345|613RD WOE200120**20**20**
3774	DONATERIGHY FAITHEOUSNESSJ8TSIEGE OFSUNDAYLAW1888IMAGE OFSUNDAYTHE BEASTLAWOUT OF THE CITIESSEALING OF 144,000CLOSE OFPROBATIONTIME OFTROUBLEGROW YOUR OWN FOODSHAKINGANGELSMESSAGEBIEGE OFSUNDAYNEVWORORDEBATTLE OSATANAPPEARSAS CHRISTNO-BUYNO-SELLINDUCEMENTSIMPRISONMENTLOUD CRYTROUBLIDEATHDECREE12345|6113RD WOE200120**20°*20**
3780	DONATERIGHEY FAITHEOUSNESSJ8TSIEGE OFSUNDAYLAW1888IMAGE OFTHE BEASTSUNDAYLAWOUT OF THE CITIESSEALING OF 144,000CLOSE OFPROBATIONTIME OFTROUBLEGROW YOUR OWN FOODSHAKINGATHANGELSMESSAGENEVWORORDEBATTLE'OSIEGE OFSUNDAYLAWNO-BUYNO-SELLINDUCEMENTSIMPRISONMENTSATANAPPEARSAS CHRISTLOUD CRYTROUBLIDEATHDECREE12345613RD WOE200120**20**20**
3786	DONATECHRIST IN HIS SANCTUARY P.188.7• Solemn are the scenes connected with the closing workof the atonement. Momentous are the interests involvedtherein. The judgment is now passing in the sanctuaryabove. For many vears this work has been in progress. Soon-none know how soon-it will pass to the cases of the living. In theawful presence of God our lives are to come up in review. At thisume above all others it behooves every soul to heed the Savioursadmonition: "Watch and pray: for ye know not when the timeis." Mark 13:33. "If therefore thou shalt not watch, I willcome on thee as a thief, and thou shalt not know what hour Iwill come upon thee." Revelation 3:3.
3792	DONATEZECHARIAH 10:1, 2• 1 Ask ye of the Lord rain in the time of the latterrain; so the Lord shall make bright clouds, and give themshowers of rain, to every one grass in the field.• 2 For the idols have spoken vanity, and the diviners haveseen a lie, and have told lalse dreams; they comfort in vain:therefore they went their way as a flock, they were troubled,because there was no shepherd.
3798	DONATEZECHARIAH 10:1, 2• 1 Ask ye of the Lord rain in the time of the latterrain; so the Lord shall make bright clouds, and give themshowers of rain, to every one grass in the field.• 2 For the idols have spoken vanity, and the diviners haveseen a lie, and have told false dreams; they comfort in vain:therefore they went their way as a flock, they were troubled,because there was no shepherd.
3804	DONATEZECHARIAH 10:1, 2• 1 Ask ye of the Lord rain in the time of the latterrain; so the Lord shall make bright clouds, and give themshowers of rain, to every one grass in the field.• 2 For the idols have spoken vanity, and the diviners haveseen a lie, and have told false dreams; they comfort in vain:therefore they went their way as a flock, they were troubled,because there was no shepherd.
3810	DONATEZECHARIAH 10:1, 2• 1 Ask ye of the Lord rain in the time of the latterrain; so the Lord shall make bright clouds, and give themshowers of rain, to every one grass in the field.• 2 For the idols have spoken vanity, and the diviners haveseen a lie, and have told false dreams; they comfort in vain:therefore they went their way as a flock, they were troubled,because there was no shepherd.
3816	ZECHARIAH 10:1, 2• 1 Ask ye of the Lord rain in the time of the latterrain; so the Lord shall make bright clouds, and give themshowers of rain, to every one grass in the field.• 2 For the idols have spoken vanity, and the diviners haveseen a lie, and have told false dreams; they comfort in vain:therefore they went their way as a flock, they were troubled,because there was no shepherd.
3822	ZECHARIAH 10:1, 2• 1 Ask ye of the Lord rain in the time of the latterrain; so the Lord shall make bright clouds, and give themshowers of rain, to every one grass in the field.• 2 For the idols have spoken vanity, and the diviners haveseen a lie, and have told false dreams; they comfort in vain:therefore they went their way as a flock, they were troubled,because there was no shepherd.
3828	DONATEZECHARIAH 10:1, 2• 1 Ask ye of the Lord rain in the time of the latterrain; so the Lord shall make bright clouds, and give themshowers of rain, to every one grass in the field.• 2 For the idols have spoken vanity, and the diviners haveseen a lie, and have told false dreams; they comfort in vain:therefore they went their way as a flock, they were troubled,because there was no shepherd.
3834	DONATEZECHARIAH 10:1, 2• 1 Ask ye of the Lord rain in the time of the latterrain; so the Lord shall make bright clouds, and give themshowers of rain, to every one grass in the field.• 2 For the idols have spoken vanity, and the diviners haveseen a lie, and have told false dreams; they comfort in vain:therefore they went their way as a flock, they were troubled,because there was no shepherd.
3840	ZECHARIAH 10:1, 2• 1 Ask ye of the Lord rain in the time of the latterrain; so the Lord shall make bright clouds, and give themshowers of rain, to every one grass in the field.• 2 For the idols have spoken vanity, and the diviners haveseen a lie, and have told false dreams; they comfort in vain:therefore they went their way as a flock, they were troubled,because there was no shepherd.
3846	DONATEZECHARIAH 10:1, 2• 1 Ask ye of the Lord rain in the time of the latterrain; so the Lord shall make bright clouds, and give themshowers of rain, to every one grass in the field.• 2 For the idols have spoken vanity, and the diviners haveseen a lie, and have told false dreams; they comfort in vain:therefore they went their way as a flock, they were troubled,because there was no shepherd.
3852	ZECHARIAH 10:1, 2• 1 Ask ye of the Lord rain in the time of the latterrain; so the Lord shall make bright clouds, and give themshowers of rain, to every one grass in the field.• 2 For the idols have spoken vanity, and the diviners haveseen a lie, and have told false dreams; they comfort in vain:therefore they went their way as a flock, they were troubled,because there was no shepherd.
3858	DONATEZECHARIAH 10:1, 2• 1 Ask ye of the Lord rain in the time of the latterrain; so the Lord shall make bright clouds, and give themshowers of rain, to every one grass in the field.• 2 For the idols have spoken vanity, and the diviners haveseen a lie, and have told false dreams; they comfort in vain:therefore they went their way as a flock, they were troubled,because there was no shepherd.
3864	DONATEZECHARIAH 10:1, 2• 1 Ask ye of the Lord rain in the time of the latterrain; so the Lord shall make bright clouds, and give themshowers of rain, to every one grass in the field.• 2 For the idols have spoken vanity, and the diviners haveseen a lie, and have told false dreams; they comfort in vain:therefore they went their way as a flock, they were troubled,because there was no shepherd.
3870	DONATEZECHARIAH 10:1, 2• 1 Ask ye of the Lord rain in the time of the latterrain; so the Lord shall make bright clouds, and give themshowers of rain, to every one grass in the field.• 2 For the idols have spoken vanity, and the diviners haveseen a lie, and have told false dreams; they comfort in vain:therefore they went their way as a flock, they were troubled,because there was no shepherd.
3876	DONATEZECHARIAH 10:1, 2• 1 Ask ye of the Lord rain in the time of the latterrain; so the Lord shall make bright clouds, and give themshowers of rain, to every one grass in the field.• 2 For the idols have spoken vanity, and the diviners haveseen a lie, and have told false dreams; they comfort in vain:therefore they went their way as a flock, they were troubled,because there was no shepherd.
3882	ZECHARIAH 10:1, 2• 1 Ask ye of the Lord rain in the time of the latterrain; so the Lord shall make bright clouds, and give themshowers of rain, to every one grass in the field.• 2 For the idols have spoken vanity, and the diviners haveseen a lie, and have told false dreams; they comfort in vain:therefore they went their way as a flock, they were troubled,because there was no shepherd.
3888	DONATE
3894	DONATE
3900	DONATE
3906	DONATE
3912	DONATE
3918	DONATE
3924	DONATE
3930	DONATE
3936	DONATE
3942	DONATE
3948	DONATE
3954	DONATE
3960	DONATE
3966	DONATELIVE Q&A TimeWe will answer as many questions as we can!
3972	DONATELIVE Q&A TimeWe will answer as many questions as we can!
3978	DONATE
3984	DONATE
3990	DONATE
3996	DONATE
4002	DONATE
4008	DONATE
4014	DONATE
4020	
4026	DONATE
4032	DONATE
4038	DONATE
4044	DONATE
4050	DONATE
4056	DONATE
4062	DONATE
4068	DONATE
4074	DONATE
4080	DONATE
4086	DONATE
4092	DONATE
4098	DONATE
4104	DONATE
4110	DONATE
4116	DONATE
4122	DONATE
4128	DONATE
4134	DONATE
4140	DONATE
4146	DONATE
4152	DONATE
4158	DONATE
4164	DONATE* Someone scanned the QR code
4170	DONATE* Someone scanned the QR code
4176	DONATE
4182	DONATE
4188	DONATE
4194	DONATE
4200	DONATE
4206	DONATE
4212	DONATE
4218	DONATE
4224	DONATE
4230	DONATE
4236	DONATE
4242	DONATE
4248	DONATE
4254	DONATE
4260	DONATE* Someone scanned the QR code
4266	DONATE
4272	DONATE
4278	DONATE
4284	DONATE
4290	DONATE
4296	DONATE
4302	DONATE
4308	DONATE
4314	DONATE
4320	DONATE
4326	DONATE
4332	DONATE
4338	DONATE
4344	DONATE
4350	DONATE* Someone scanned the QR code
4356	DONATE
4362	DONATE
4368	DONATE
4374	DONATE
4380	DONATEPreviousBack to searchNext resultNextintensity of desire, that we may adorn the doctrine of Christ our Saviour (TM 5063)Many havo in a great measure failed to receive the former rain. They have not obtained all the benettsthat God has thus provided for them Thay copect that the lack will be supplied by the latter rain When therichest abundance of grace shall be bestowed. they intend to open their hearts to receive it. They are makinga terrible mistake. The work, that God has begin in the human heart in giving His light and knowledge mustbe continually going forward. Every individual must rentze his own necessity. The heart must be omnlint afevery defilement and cleansed for the indwelling of the Spint. i was by the confession and forsakeby earnest prayer and consecration of themselves to God. that the earty disciples prepared for theoutpouring of the Hoty Spirt on the Day of Pentecost. The same work onty in greater degree, must be done
4386	DONATE388/392PreviousBack to searchNextNext resultand consecration of themselves to God, that the early disciples prepared for theoutpouring of the Holy Spirit on the Day of Pentecost. The same work. only in greaterdegree, must be done now. Then the human agent had only to ask for the blessing.and wait for the Lord to perfect the work concerning him. It is God who began. thowork, and He will finish His work, making man complete in Jesus Christ. Bumust be no neglect of the grace represented by the former rain. Only those wlivina un to the liaht thev have will receive areater liaht. Unless we are dailv advancino
4392	DONATE388/392PreviousBack to searchNextNext resultliving up to the light they have will receive greater light. Unless we are daily advancingin the exemplification of the active Christian virtues, we shall not recognize themanifestations of the Holy Spirit in the latter rain. It may be falling on hearts allaround us, but we shall not discern or receive it. {TM 5071}At no point in our experience can we dispense with the assistance of that which
4398	DONATE388/392PreviousBack to searchNextNext resultliving up to the light they have will receive greater light. Unless we are daily advancingin the exemplification of the active Christian virtues, we shall not recognize themanifestations of the Holy Spirit in the latter rain. It may be falling on hearts allaround us, but we shall not discern or receive it. {TM 5074}At no point in our experience can we dispense with the assistance of that which
4404	DONATE388/392PreviousBack to searchNextNext resultliving up to the light they have will receive greater light. Unless we are daily advancingin the exemplification of the active Christian virtues, we shall not recognize themanifestations of the Holy Spirit in the latter rain. It may be falling on hearts allaround us, but we shall not discern or receive it. {TM 5071}At no point in our experience can we dispense with the assistance of that wich
4410	DONATE388/392PreviousBack to searchNextNext resultliving up to the light they have will receive greater light. Unless we are daily advancingin the exemplification of the active Christian virtues, we shall not recognize themanifestations of the Holy Spirit in the latter rain. It may be falling on hearts allaround us, but we shall not discern or receive it. {TM 5071}At no point in our experience can we dispense with the assistance of that which
4416	DONATEmegawrongs.cro/er/book//23-2190/Wwwork+"holyespirtain+the+latereran-bess weykoskhochNowcoyiwiziorn388/392PreviousBack to searchNextNext resultliving up to the light they have will receive greater light. Unless we are daily advancingin the exemplification of the active Christian virtues, we shall not recognize themanifestations of the Holy Spirit in the latter rain. It may be falling on hearts allaround us, but we shall not discern or receive it. (TM 5071}At no point in our experience can we dispense with the assistance of that which
4422	DONATE388/392PreviousBack to searchNextNext resultliving up to the light they have will receive greater light. Unless we are daily advancingin the exemplification of the active Christian virtues, we shall not recognize themanifestations of the Holy Spirit in the latter rain. It may be falling on hearts allaround us, but we shall not discern or receive it. {TM 5071}At no point in our experience can we dispense with the assistance of that which
4428	388/392PreviousBack to searchNextNext resultliving up to the light they have will receive greater light. Unless we are daily advancingin the exemplification of the active Christian virtues, we shall not recognize themanifestations of the Holy Spirit in the latter rain. It may be falling on hearts allaround us, but we shall not discern or receive it. {TM 5071}At no point in our experience can we dispense with the assistance of that which
4434	DONATE388/392PreviousBack to searchNextNext result.../living up to the light they have will receive greater light. Unless we are daily advancingin the exemplification of the active Christian virtues, we shall not recognize themanifestations of the Holy Spirit in the latter rain. It may be falling on hearts allaround us, but we shall not discern or receive it. {TM 5071}At no point in our experience can we dispense with the assistance of that which
4440	DONATE388/392PreviousBack to searchNextNext resultliving up to the light they have will receive greater light. Unless we are daily advancingin the exemplification of the active Christian virtues, we shall not recognize themanifestations of the Holy Spirit in the latter rain. It may be falling on hearts allaround us, but we shall not discern or receive it. {TM 5071}At no point in our experience can we dispense with the assistance of that which
4446	DONATE388/392PreviousBack to searchNextNext resultliving up to the light they have will receive greater light. Unless we are daily advancingin the exemplification of the active Christian virtues, we shall not recognize themanifestations of the Holy Spirit in the latter rain. It may be falling on hearts allaround us, but we shall not discern or receive it. {TM 5071}At no point in our experience can we dispense with the assistance of that which
4452	DONATE388/392PreviousBack to searchNextNext resultliving up to the light they have will receive greater light. Unless we are daily advancingin the exemplification of the active Christian virtues, we shall not recognize themanifestations of the Holy Spirit in the latter rain. It may be falling on hearts allaround us, but we shall not discern or receive it. {TM 5071}At no point in our experience can we dispense with the assistance of that which
4458	DONATE388/392PreviousBack to searchNextNext resultliving up to the light they have will receive greater light. Unless we are daily advancingin the exemplification of the active Christian virtues, we shall not recognize themanifestations of the Holy Spirit in the latter rain. It may be falling on hearts allaround us, but we shall not discern or receive it. {TM 5071}At no point in our experience can we dispense with the assistance of that which
4464	DONATE
4470	DONATE
4476	DONATE
4482	DONATE
4488	DONATE
4494	DONATE
4500	DONATE
4506	DONATE
4512	DONATE
4518	DONATE
4524	DONATE
4530	DONATE
4536	DONATE
4542	DONATE
4548	DONATE
4554	DONATE
4560	DONATE
4566	DONATE
4572	DONATE
4578	DONATE
4584	DONATE
4590	DONATE
4596	DONATE
4602	DONATE
4608	DONATE
4614	DONATE
4620	DONATE
4626	DONATE
4632	DONATE
4638	DONATE
4644	DONATE
4650	DONATE
4656	DONATE
4662	DONATE
4668	DONATE
4674	DONATE
4680	DONATE
4686	DONATE
4692	DONATE
4698	DONATE
4704	DONATE
4710	DONATE
4716	DONATE
4722	DONATE
4728	DONATE
4734	DONATE
4740	DONATE
4746	DONATE
4752	DONATE
4758	DONATE
4764	DONATE
4770	DONATE
4776	DONATE
4782	DONATESearch…..ESTh Writingsellenwhite.org | Select language | Login | RegistrationTMAA*Dark
4788	DONATESearch..& Writingsellenwhite.org | Select language | Login | RegistrationTIMA ADark
4794	DONATESearch..EST Writingsellenwhite.org | Select language | Login | RegistrationTMADark
4800	DONATEEST Writingsellenwhite.org | Select language | Login | Registration"alTMIAA*Dark
4806	DONATEsee there fears disuonession »sedien lor. drouse then tedisHome / Search for: "arouse their fears"4 *1 The Great Controversy (1888 ed.), p. 561.1 (Ellen Gould White)- can arouse their fears. So fully have they yielded to the tempter, so closely are theyunited with him, and so thoroughly imbued with his spirit, that they have ...2The Great Controversy, p. 561.1 (Ellen Gould White)- can arouse their fearsSo fully have they yielded to the tempter, so closelyunited with him, and so thoroughly imbued with his spirit, that they have ..
4812	DONATEmegewrongs.om/sewctang endioverya arouse» their »fears asuonestion+- canarouse their fearsSo fully haLoading...to the tempter, so closely are theyunited with him, and so thoroughly mace warms spirit, that they have ..3Last Day Events, p. 209.3 (Ellen Gould White)- will arouse their fears, and they will brace themselves to resist it. Because the Lorddoes not work according to their ideas and expectations they will oppose -4The Spirit of Prophecy, vol. 4, p. 378.1 (Ellen Gould Whi_ can arouse their fears. So fully have they yielded to the tempter, so closely are theyunitas with him and ca thornunhl imhion with hic chirit that thav hava
4818	megawrongs.om/searchang «end querya arouse + their » fears disuoyeshico«Last uay events, p. zuy. (chen goula vonne)- will arouse their fears, and they will brace themselves to resist it. Because the Lorddoes not work according to their ideas and expectations they will oppose -4 The Spirit of Prophecy, vol. 4, p. 378.1 (Ellen Gould White)- can arouse their fears. So fully have they yielded to the tempter, so closely are theyunited with him. and so thoroughly imbued with his spirit, that they have ..5 The Three Angels' Messages, p. 122.1 (Ellen Gould Wh
4824	mewwrons or/searchang «entiquery»"arouse « the » fees doo gestion»Last Uay cents, p. zugo (Chen vouru vinte)- will arouse their fears, and they will brace themselves to resist it. Because the Lorddoes not work according to their ideas and expectations they will oppose .4 The Spirit of Prophecy, vol. 4, p. 378.1 (Ellen Gould White)- can arouse their fears. So fully have they yielded to the tempter, so closely are theyunited with him, and so thoroughly imbued with his spirit, that they have ..5 The Three Angels' Messages, p. 122.1 (Ellen Gould White
4830	DONATEmenewbrns.or/search/lang eend overve because »the+ Long+ does + not + work + accondino + so + their »ideas « and + epecta.they willbrace themselvesresist it.Because the Lord does not work accordingto their ideas and expectations they will oppose the work"Why." theysay -2The Three Angels' Messages, p. 122.1 (Ellen Gould White)they will brace themselves to resist it.Because the Lord does not work accordingto their ideas and expectations, they will oppose the work. "Why." they say -3they wilYe Shall Receive Power, p. 299.2 (Ellen Gould White)brace themselvesresist itBecause the Lord does not work according
4836	DONATEMadraspect 9 # Dsearen for. because me coru uves motwork according to their ideas andexpectations they will opposeHome/ Search for: Because the Lord does not work according to their ideas andexpectations they will oppose1 Last Day Events, p. 209.3 (Ellen Gould White).- they will brace themselves to resist it. Because the Lord does not work accordinto their ideas and expectations thev will oppose the work. "Why." thev say...
4842	DONATEmegewrtings.org/en/book/3912627% + Because+ the « Lord » does + not vwork «according + to - thel v ideas « and » expectatio.17/23PreviousBack to searchNext resultNextWitwigs. zzg (18,81.(LDE 203)Therewill bean army of steadfast believers whoSelected Messages 3:390 (1888).{LDE 2112)stand as firm as a rock through the last test.-Theremany soulscome out ofranks ofworld. out ofchurches-evenCatholic Church-whose zealfar exceed that of those who have stood in rank and file to proclaim thetruth heretofore.-Selected Messages 3386. 387 (188g).(LDE 2113)Multitudesreceivee faith1and join the armies of the Lord -Evangelism. 700 (1895).2114}
4848	DONATEmegewrongs.org/en/book/39.12127% + Because » the + Lord « does » not work + according » to « shei nadeas, « and vespectato...17/23PreviousBack to searchNext resultNextThereis to be in(Seventh-day Adventist churches a wonderful manifestation of thepower of God.but it will not move upon those who have not humbled themselves before the Lord, and opened thedoor of theheart by confessionrepentance. In themanifestation of that power which lightensearth withglory of God.see onty something which inblindnessthink dangerous,something which will arouse their fears. and they will brace themselves to resist it. Because the Lorddoes not work according to their ideas and expectations they will oppose the work !"Why.they say shouldwe notknow the Spirit of God. when we have been in the work so many years?'-TheReviewHerald Extra December 23. 18g0. (LDE 2093)
4854	DONATEmewwrongs.or/en/book/59.1220rl• Because + the • Lord+ doese note work + according + to «shei ideas + and + expectatio.17/23PreviousBack to searchNext resultNextMany Adventists Brace Themselves Against the LightThere is to beSeventh-day Adventistl churches a wonderful manifestation of the power of God.but it will notmove upon those who have not humbled themselves before the Lord, and opened thedoor ofheart by confessionrepentance. Inmanifestation of that power which lightens theearth with the glory of God.they willsee only something which in their blindness they think darsomething whicharouse theirfears.and they willbrace themselves toresist itBecausedoes not work according to their ideas and expectations they will oppose the work!"Why."they Say, shouldwe not know the Spirit of God. when we have been in the work so many years?' - The Review and
4860	DONATEmewwrongs.om/er/book/59.1212/•Because the +Lord+ does + not + work+ according + to «shei eideas e and » expectatiPreviousBack to search17/23Next resultNextMany Adventists Brace Themselves Against the LightThere is to beSeventh-day Adventisti churches a wonderful manifestation of the power of God.but it will notmove upon those who have not humbled themselves before the Lord. and opened thedoor ofheart by confession andrepentance. Inmanifestation of that power which lightens theearth with the glory of God.they willsee only something which in their blindness they think asomething whicharousefears.and they willbrace themselves to resist it.Becausedoes not work according to their ideas and expectations they will oppose the work!"Why?"they Say. shouldwe not know the Spirit of God. when we have been in the work so many years?* — The Review and
4866	DONATEmewrtings.or/en/book/39.129221J« Because the « Lord +does +not-work + according e to + shere ideas » and » expectatio.17/23PreviousBack to searchNext resultNextMany Adventists Brace Themselves Against the LightThereis to beSeventh-day Adventisti churches a wonderful manifestation of the power of God.but it will notmove upon those who have not humbled themselves before the Lord. and opened thedoor ofheart by confessionrepentance. Inmanifestation of that power which lightens theearth with the glory of God.they willsee only something which in their blindness they think dingsomething whicharousefears.and they willbrace themselves to resist it.Because tdoes not work according to their ideas and expectations they will oppose the work!"Why. they say. shouldwe not know the Spirit of God. when we have been in the work so many years?* - The Review and
4872	DONATEmegewrtings.cry/en/bock/39.12627% + Because+ the + Lord« does + not + work + according » to « sher « ideas « and « expectatio.17/23PreviousBack to searchNext result4 *NextMany Adventists Brace Themselves Against the LightThere is to beSeventh-day Adventist churches a wonderful manifestation of the power of God.but it will notmove upon those who have not humbled themselves before the Lord. and opened thedoor ofheart by confessionrepentance. Inmanifestation of that power which lightens theearth with the glory of God.they willsee only something which in their blindness they think dingsomething whicharouse theirfearsand they willbrace themselves to resist it.Because tdoes not work according to their ideas and expectations they will oppose the work!"Why." they say, shouldwe not know the Spirit of God. when we have been in the work so many years?* — The Review and
4878	DONATEmewwrongs.om/er/book/s%12924•because+the+Lord+does+not+work+according+to +sheee ideas + and + expectatio.17/23PreviousBack to searchNext resultNextMany Adventists Brace Themselves Against the LightThere is to beSeventh-day Adventisti churches a wonderful manifestation of the power of God.but itwill notmove upon those who have not humbled themselves before the Lord. and opened thedoor ofheart by confessionrepentance. Inmanifestation of that power which lightens theearth with the glory of God.they willsee only something which in their blindness they think alsomething whicharousefears.and they willbrace themselves to resist it.Because tdoes not work according to their ideas and expectations they will oppose the work!"Why. they say, shouldwe not know the Spirit of God. when we have been in the work so many years?* — The Review and
4884	DONATEmewwronas.or/en/book/39.12922l•because + the + Lord«does + note work + according + to + their ideas » and » expectatio...17/23PreviousBack to searchNext resultNextACostumeMany Adventists Brace Themselves Against the LightThereis to beSeventh-day Adventist| churches a wonderful manifestation of the power of God.but it will notmove upon those who have not humbled themselves before the Lord. and opened thedoor ofheart by confessionrepentance. Inmanifestation of that power which lightens theearth with the glory of God.they willsee only something which in their blindness they think ansomething whicharousefearsand they willbrace themselvesto resist it.Because tdoes not work according to their ideas and expectations they will oppose the work!"Why."they Say, shouldwe not know the Spirit of God. when we have been in the work so many years?*- The Review and
4890	DONATEmewwrongs.om/er/book/31262lbecause+the +Lord+does +not+work+according + to + their ideas + and » expectatio...17/23PreviousBack to searchNext resultNextThere is to be(Seventh-day Adventist churches a wonderful manifestation of the power of God.but it will not move upon those who have not humbled themselves before the Lord, and opened thedoor ofheart by confessionrepentance. In themanifestation of that power which lightensearth withglory of God.they willsee only something which in thblindnessthink dangerous.something which will arouse their fears, and they will brace themselves to resist it. Because the Lorddoes not work according to their ideas and expectations they will oppose the work"Why." they say "shouldwe notknow the Spirit of God. when we have been in the work so many years?*ReviewHerald Extra: December 23. 1890.{LDE 2093)
4896	DONATEmeowwrongs.om/er/book/391292•Becausethe +Lord +does + not+work+ according + to + sheir + ideas + and + expectatio.17/23PreviousBack to searchNext resultNextThere is to bethe /Seventh-day Adventisti churches a wonderful manifestation of the power of God.but it will not move upon those who have not humbled themselves before the Lord, and opened thedoor of theheart by confessionrepentance. In themanifestation of that power which lightensearth withglory of God.they willsee only something which in theblindnessthink dangerous.something which will arouse their fears, and they will brace themselves to resist it. Because the Lorddoes not work according to their ideas and expectations they will oppose the work"Why."they say "chouldwe not know the Spirit of God. when we have been in the work so many years?*-ReviewHerald Extra. December 23. 1890. {LDE 2093)
4902	DONATEmegewrong.org/en/bock/39,12527%+ Because+ the + Lord + does + not « work + according » to « their » ideas + and » expectatio17/23PreviousBack to searchNext resultNextThere is to be inthe /Seventh-day Adventistl churches a wonderful manifestation of thepower of God,but it will not move upon those who have not humbled themselves before the Lord, and opened theheart by confessionrepentance. In the manifestation of that power which lightensearth withglory of God.they willsee only something which in theblindnessthink dangerous,something which will arouse their fears, and they will brace themselves to resist it. Because the Lorddoes not work according to their ideas and expectations they will oppose the work"Why." they say "chouldwe not know the Spirit of God. when we have been in the work so many years?*-TheReviewHerald Extra. December 23, 18g0. {LDE 2093)
4908	DONATEmegewrong.org/en/book/39.12627%» Because+ the + Lord « does + not work + according » to « Shei nadeas and » expectatio.-17/23PreviousBack to searchNext resultNextThere is to be/Seventh-day Adventisti churches a wonderful manifestation of the power of God.but it will not move upon those who have not humbled themselves before the Lord. and opened thedoor oftheheart by confessionrepentance. In themanifestation of that power which lightensearth withglory of God.they willsee only something which in theblindnessthey think dangerous.something which will arouse their fears, and they will brace themselves to resist it. Because the Lorddoes not work according to their ideas and expectations they will oppose the work"Why." they say "chouldwenotthe Spirit of God. when we have been in the work so many years?*-TheReviewHerald Extra. December 23, 18g0. {LDE 2093)
4914	DONATEmegewrongs.org/en/book/39.12527% + Because» the + Lord » does + not » work + according» to « hele ideas + and + expectato.17/23PreviousBack to searchNext resultNextThere is to be in/Seventh-day Adventist churches a wonderful manifestation of the power of God.but it will not move upon those who have not humbled themselves before the Lord, and opened thedoor oftheheart by confessionrepentance. Inmanifestation of that power which lightensearth withglory of God.they willsee only something which inblindnessthink dangerous.something which will arouse their fears, and they will brace themselves to resist it. Because the Lorddoes not work according to their ideas and expectations they will oppose the work"Why."they say "shouldwe notknowthe Spirit of God. when we have been in the work so many years?*—TheReviewHerald Extra. December 23. 1890. {LDE 2093)
4920	DONATE= megwrongs.org/en/bock/39.126276+ Becauses the - Lord+ does + not - work according »to « there ideas + and - expectatio.17/23PreviousBack to searchNext resultNextThere is to bethe (Seventh-day Adventistl churches a wonderful manifestation of the power of God.but it will not move upon those who have not humbled themselves before the Lord. and opened thedoor of theheart by confessionrepentance. Inmanifestation of that power which lightensearth withglory of God.they willsee only something which in theblindnessthink dangerous,something which will arouse their fears, and they will brace themselves to resist it. Because the Lorddoes not work according to their ideas and expectations they will oppose the work"Why? they say "chouldwe notthe Spirit of God. when we have been in the work so many years?*—TheReviewHerald Extra. December 23. 18g0. {LDE 2093)
4926	DONATEmewwrongs.or/er/bock/39.12927• Because the • Lord «does + note work + according + to + sheir eideas + and » expectatio.17/23PreviousBack to searchNext resultNextThere is to be in the/Seventh-day Adventisti churches a wonderful manifestation of the power of God.but it will not move upon those who have not humbled themselves before the Lord, and opened thedoor ofheart by confessionrepentance. In themanifestation of that power which lightensearth withglory of God.they willsee only something which inblindnessthink dangerous,something which will arouse their fears, and they will brace themselves to resist it. Because the Lorddoes not work according to their ideas and expectations they will oppose the work"Why." they say "chouldwe notknow the Spirit of God. when we have been in the work so many years?*-- TheReviewHerald Extra, December 23. 18g0. {LDE 2093)
4932	DONATEmewwrongs.om/er/book/39.12622•Because+ the +Lord •does +not + work+ according + to «shei + ideas « and » expectatio.17/23PreviousBack to searchNext resultNextThere is to be in the/Seventh-day Adventisti churches a wonderful manifestation of the power of God.but it will not move upon those who have not humbled themselves before the Lord, and opened thedoor ofheart by confessionrepentance. In the manifestation of that power which lightensearth withglory of God.see only something which inblindnessthey think dangerous,something which will arouse their fears. and they will brace themselves to resist it. Because the Lorddoes not work according to their ideas and expectations they will oppose the work"Why." they say "shouldwe ncthe Spirit of God. when we have been in the work so many years?"TheReviewHerald Extra. December 23. 1890. {LDE 2093)
4938	DONATEmenewbras.or/er/book/59.1292NDecause +the «Lord edoes •not + work + according + to a sheir » ideas + and •expectatio...17/23PreviousBack to searchNext resultNextbut it will not move upon those who havehumbled themselves before the Lord, and opened thedoor of the heart by confession and repentance. In the manifestation of that power which lightens theearth with the glory of God.they willsee only something which in their blindnesstheythink dangerous,something whichwill arousefears.and they will brace themselves toresist it.Because the Lorddoes not work according to their ideas and expectations they will oppose the work"Why." they say, "shouldweknowSpirit of God. when we have been int work so many years? - The Review andHerald Extra, December 23, 1890. {LDE 2093)third angel's messagewill not be comprehended,light whichlightenthe ear.glory will be called a false light. by those who refuse to walk in its advancing glory.— The Review andHerald. Mav 27. 1800. (LDE 2101)
4944	DONATE#megewrting.org/en/book/3912627% » Because » the + Lord « does » not « work + according + to « thei radeas + and » expectatio:17/23PreviousBack to searchNext resultNextbut it will not move upon those who havehumbled themselves before the Lord, and opened thedoor of the heart by confession and repentance. In the manifestation of that power which lightens theearth with the glory of God,they willsee only something which in their blindnesstheythink dangerous.something whicharouse theirfearsand they will brace themselves to resist it.Because the Lorddoes not work according to their ideas and expectations they will oppose the work"Why." they say, "shouldweknowSpirit of God. when we have been in the work so many years?*-The ReviewHerald Extra, Decen23.18g0. {LDE 209.3}third angel's messagewill not becomprehended.light whichlightenthe ear.glory will be called a false light, by those who refuse to walk in its advancing glory.— The Review andHerald. Mav 27. 1800. (LDE 2101)
4950	DONATEmewworns.om/en/book/s.1262l because + the •Lord edoes + not+ work + according + to + sheir a ideas + and + expectatio.17/23PreviousBack to searchNext resultNextThere is to be in(Seventh-day Adventist churches a wonderful manifestation of thepower of Godbut itwill not move upon those who havehumbled themselves before the Lord. and opened thedoor oftheheart by confessionrepentance. In the manifestation of that power which lightens theearth withglory of God.they willsee only something which inblindness they think dangerous.something whichwill arouse their fears. and they will brace themselves to resist it.Because the Lorddoes not work according to their ideas and expectations they will oppose the work. "Why." they say *shouldwe not know the Spirit of God. when we have beertin the work so many years?*-The ReviewHerald Extra. December 23, 1890. {LDE 2093)
4956	DONATEmegewrtngs.org/en/bock/39.12527% « Becauses the + Lord + does »not » work + according »to « the rideas » and - espectato.:17/23PreviousBack to searchNext resultNextThere is to be in the Seventh-day Adventist churches a wonderful manifestation of the power of God.but it will not move upon those who have not humbled themselves before the Lord, and opened thedoor oftheheart by confessionand repentance. In the manifestation of that power which lightensearth withglory of God.they willsee only something which in theblindnessthey think dangerous,something which will arouse their fears, and they will brace themselves to resist it. Because the Lorddoes not work according to their ideas and expectations they will oppose the work"Why." they say "shouldwe not know the Spirit of God. when we have been in the work so many years?*—TheReviewHerald Extra. December 23. 1890. {LDE 2093)
4962	DONATEmegewitings.org/en/bock/39.12627 + Because+ the + Lord « does + not » work + according» to « Shei ideas « and » expectatio.17/23PreviousBack to searchNext resultNextThere is to be in/Seventh-day Adventist) churches a wonderful manifestation of the power of God.but it will not move upon those who have not humbled themselves before the Lord. and opened thedoor oftheheart by confessionrepentance. In themanifestation of that power which lightensearth withglory of God.they willsee only something which in theblindnessthey think dangerous,something which will arouse their fears, and they will brace themselves to resist it. Because the Lorddoes not work according to their ideas and expectations they will oppose the work"Why" they say "shouldwe notthe Spirit of God. when we have been in the work so many years?*—TheReviewHerald Extra. December 23. 18g0. {LDE 2093)
4968	DONATEmegawrongs.or/er/bock/59.12922%• because + the «Lord +does + not +work + accordina+ to »shei » ideas + and » expectatio..17/23PreviousBack to searchNext result4 *NextThere is to be inthe /Seventh-day Adventist churches a wonderful manifestation of thepower of God.but it will not move upon those who have not humbled themselves before the Lord, and opened thedoor oftheheart by confessionrepentance. In the manifestation of that power which lightensearth withglory of God.they willsee only something which in theblindnessthink dangerous.something which will arouse their fears, and they will brace themselves to resist it. Because the Lorddoes not work according to their ideas and expectations they will oppose the work"Why." they spy "shouldwe notknow the Spirit of God. when we have been in the work so many years?'—TheReviewHerald Extra. December 23. 18g0.{LDE 209.3)
4974	DONATEmegwwrnings.org/en/bock/39.12527%1 + Because+ the + Lord+ does »not - work + according + to «their ideas + and » expectati...17/23PreviousBack to searchNext resultNextThere is to be/Seventh-day Adventist) churches a wonderful manifestation of the power of God.but it will not move upon those who have not humbled themselves before the Lord, and opened thedoor of theheart by confessionrepentance. In the manifestation of that power which lightensearth withglory of God.they willsee only something which inblindnessthink dangerous.something which will arouse their fears, and they will brace themselves to resist it. Because the Lorddoes not work according to their ideas and expectations they will oppose the work"Why." they say "chouldwe notknow the Spirit of God. when we have been in the work so many years?*—TheReviewHerald Extra. December 23. 18g0. {LDE 209.3)
4980	DONATEmegewrtings.org/en/bock/39.1227%» Because» the + Lord« does » not « work + according» to « their - ideas + and » expectatio.17/23PreviousBack to searchNext resultNextThere is to be inthe Seventh-day Adventistl churches a wonderful manifestation of the power of God.but it will not move upon those who have not humbled themselves before the Lord, and opened thedoor oftheheart by confessionrepentance. In the manifestation of that power which lightensearth withglory of God.they willsee only something which in thblindnessthink dangerous,something which will arouse their fears, and they will brace themselves to resist it. Because the Lorddoes not work according to their ideas and expectations they will oppose the work"Why" they say. "shouldwe not know the Spirit of God. when we have been in the work so many years?'-TheReviewHerald Extra. December 23. 18g0. {LDE 209.3)
4986	DONATEmegewrongs.org/en/book/39.12627% » Because + the + Lord + does +not wwork +according»to « their ideas « and + expectatio.:17/23PreviousBack to searchNext result4 *NextThere is to be/Seventh-day Adventisti churches a wonderful manifestation of the power of God.but it will not move upon those who have not humbled themselves before the Lord, and opened thedoor of theheart by confessionrepentance. In the manifestation of that power which lightensearth withglory of God.they willsee only something which in theblindnessthink dangerous.something which will arouse their fears, and they will brace themselves to resist it. Because the Lorddoes not work according to their ideas and expectations they will oppose the work!"Why." they say "shouldwe not know the Spirit of God. when we have been in the work so many years?'-TheReviewHerald Extra. December 23. 18g0. (LDE 2093)
4992	DONATEmegewrtings.org/en/bock/3912627M• Because+ the + Lord+ does » not work »according »to » the + adeas + and » expectatio.17/23PreviousBack to searchNext resultNextThere is to be in the Seventh-day Adventisti churches a wonderful manifestation of the power of God.but it will not move upon those who have not humbled themselves before the Lord, and opened thedoor ofheart by confessionand repentance. In the manifestation of that power which lightensearth withglory of God.they willsee only something which inblindnessthey think dangerous.something which will arouse their fears, and they will brace themselves to resist it. Because the Lorddoes not work according to their ideas and expectations they will oppose the work!"Why. they say "shouldwe not know the Spirit of God. when we have been in the work so many years?*—TheReviewHerald Extra. December 23, 18g0. (LDE 2093)
4998	DONATEmegewrnings.org/en/book/39.12627h1+ Because + the + Lord+ does +oot - work » according » to « their - ideas + and expectat...17/23PreviousBack to searchNext resultNextThere is to be/Seventh-day Adventist churches a wonderful manifestation of the power of God.but it will not move upon those who have not humbled themselves before the Lord, and opened thedoor oftheheart by confessionrepentance. In the manifestation of that power which lightensearth withglory of God.they willsee only something which in theblindnessthey think dangerous,something which will arouse their fears, and they will brace themselves to resist it. Because the Lorddoes not work according to their ideas and expectations they will oppose the work!"Why" they say "chouldwe not know the Spirit of God. when we have been in the work so many years?"TheReviewHerald Extra, December 23. 18g0. {LDE 209.3)
5004	DONATEmegewrongs.org/en/bock/39.12527% « Because+ the + Lord + does + not » work +according » to « hele »ideas « and » expectatio17/23PreviousBack to searchNext resultNextThere is to be in/Seventh-day Adventist churches a wonderful manifestation of the power of God.but it will not move upon those who have not humbled themselves before the Lord, and opened thedoor ofheart by confessionrepentance. In the manifestation of that power which lightensearth withglory of God.they willsee only something which in theblindnessthey think dangerous,something which will arouse their fears, and they will brace themselves to resist it. Because the Lorddoes not work according to their ideas and expectations they will oppose the work"Why." they say "shouldwe notthe Spirit of God. when we have been in the work so many years?*-TheReviewHerald Extra. December 23. 18g0. (LDE 2093)
5010	DONATEmegewrtings.org/en/bock/39,12627%+ Because + the + Lord « does + not « work » according + to « shes v ideas « and - expectatio:17/23PreviousBack to searchNext resultNextThere is to be inthe /Seventh-day Adventistl churches a wonderful manifestation of the power of God.but it will not move upon those who have not humbled themselves before the Lord, and opened thedoor ofheart by confessionrepentance. In themanifestation of that power which lightensearth withglory of God.they willsee only something which in thblindnessthey think dangerous.something which will arouse their fears, and they will brace themselves to resist it. Because the Lorddoes not work according to their ideas and expectations they will oppose the work"Why" they say "chouldwe not know the Spirit of God. when we have been in the work so many years?*TheReviewHerald Extra, December 23, 18g0. {LDE 2093)
5016	DONATEmegewtings.org/en/bock/39.12627M+ Because + the + Lord « does + not - work » according + to « Shes videas + and - expectatio.17/23PreviousBack to searchNext resultNextThere is to be in the Seventh-day Adventist churches a wonderful manifestation of the power of God.but it will not move upon those who have not humbled themselves before the Lord. and opened thedoor ofheart by confessionrepentance. In the manifestation of that power which lightensearth withglory of God.they willsee only something which in theblindnessthink dangerous.something which will arouse their fears, and they will brace themselves to resist it. Because the Lorddoes not work according to their ideas and expectations they will oppose the work"Why" they say "shouldwe notknow the Spirit of God. when we have been in the work so many years?*—TheReviewHerald Extra. December 23, 18g0. {LDE 2093)
5022	DONATEmegawrengsorg/en/book/3912627« Because + the + Lord + does » not work + according » to « Shete « adeas « and » expectato.17/23PreviousBack to searchNext resultNextThere is to be in the (Seventh-day Adventist churches a wonderful manifestation of the power of God.but it will not move upon those who have not humbled themselves before the Lord. and opened thedoor of thheart by confessionrepentance. In the manifestation of that power which lightensearth withglory of God.they willsee only something which in theirblindnessthink dangerous.something which will arouse their fears, and they will brace themselves to resist it. Because the Lorddoes not work according to their ideas and expectations they will oppose the work."Why" they say "shouldwe notknow the Spirit of God. when we have been in the work so many years?*—TheReviewHerald Extra. December 23. 18g0. {LDE 2093)
5028	DONATEmegewrongs.org/en/bock/39.12527% » Because + the + Lord + does » not wwork + according » to « their ideas « and - expectat...17/23PreviousBack to searchNext resultNextThere is to be in/Seventh-day Adventist churches a wonderful manifestation of the power of God.but it will not move upon those who have not humbled themselves before the Lord, and opened thedoor ofheart by confessionrepentance. In themanifestation of that power which lightensearth withglory of God.they willsee only something which inblindnessthink dangerous,something which will arouse their fears, and they will brace themselves to resist it. Because the Lorddoes not work according to their ideas and expectations they will oppose the work"Why."they say "chouldwe notknowthe Spirit of God. when we have been in the work so many years?*TheReviewHerald Extra. December 23. 18g0. {LDE 209.3)
5034	DONATEmegewrnngs.org/en/bock/3912627%i+ Because »the» Lord« does » not »work + according » to «thes « ideas « and vespectatio.17/23PreviousBack to searchNext resultNextThere is to be in the Seventh-day Adventist churches a wonderful manifestation of the power of God.but it will not move upon those who have not humbled themselves before the Lord, and opened thedoor oftheheart by confessionrepentance. In themanifestation of that power which lightensearth withglory of God.they willsee only something which in theblindnessthey think dangerous.something which will arouse their fears, and they will brace themselves to resist it. Because the Lorddoes not work according to their ideas and expectations they will oppose the work !"Why." they say "shouldwe notknow the Spirit of God. when we have been in the work so many years?*—TheReviewHerald Extra. December 23. 1890. {LDE 2093)
5040	DONATEmegewtings.org/en/bock/39,12627% + Because + the + Lord» does » not « work »according+ to « shes videas + and - expectatio.17/23PreviousBack to searchNext result4 *NextThere is to bethe /Seventh-day Adventisti churches a wonderful manifestation of the power of God.but it will not move upon those who have not humbled themselves before the Lord, and opened thedoor oftheheart by confessionrepentance. In the manifestation of that power which lightensearth withglory of God.they willsee only something which in theblindnessthink dangerous.something which will arouse their fears. and they will brace themselves to resist it. Because the Lorddoes not work according to their ideas and expectations they will oppose the work"Why." they say "shouldwe not know the Spirit of God. when we have been in the work so many years?*—TheReviewHerald Extra, December 23, 1890. {LDE 209.3)
5046	DONATEm.egewrtngs.org/en/bock/39.12627%i+ Because » the + Lord « does + not « work +according » to « thes videas » and - expectatio.17/23PreviousBack to searchNext resultNextThere is to bethe /Seventh-day Adventist churches a wonderful manifestation of the power of God.but it will not move upon those who have not humbled themselves before the Lord, and opened thetheheart by confessionrepentance. Inmanifestation of that power which lightensearth withglory of God.they willsee only something which inblindnessthink dangerous,something which will arouse their fears, and they will brace themselves to resist it. Because the Lorddoes not work according to their ideas and expectations they will oppose the work"Why."they say "shouldwe notknow the Spirit of God. when we have been in the work so many years?"ReviewHerald Extra, December 23. 18g0. {LDE 209.3)
5052	DONATEmepewrongs.org/en/bock/39.12527% » Because + the + Lord + does » not work » according » to « their » ideas + and » expectato...17/23PreviousBack to searchNext resultNextThere is to be inthe Seventh-day Adventistl churches a wonderful manifestation of the power of God.but it will not move upon those who have not humbled themselves before the Lord, and opened thedoor of theheart by confessionrepentance. In the manifestation of that power which lightensearth withglory of God.they willsee only something which in theblindnessthink dangerous.something which will arouse their fears, and they will brace themselves to resist it. Because the Lorddoes not work according to their ideas and expectations they will oppose the work"Why." they say "shouldwe notknow the Spirit of God. when we have been in the work so many years?*—TheReviewHerald Extra. December 23. 18g0. {LDE 2093)
5058	DONATEm.egwwrtings.org/en/book/3912627%» Because » the + Lord+does » not « work + according » to « their ideas « and expectatio.17/23PreviousBack to searchNext resultNextThere is to be(Seventh-day Adventisti churches a wonderful manifestation of the power of God.but it will not move upon those who have not humbled themselves before the Lord, and opened thedoor ofheart by confessionrepentance. Inmanifestation of that power which lightensearth withglory of God.they willsee only something which in theblindnessy think dangerous.something which will arouse their fears, and they will brace themselves to resist it. Because the Lorddoes not work according to their ideas and expectations they will oppose the work!"Why."they say "chouldwe not know the Spirit of God. when we have been in the work so many years?"TheReviewHerald Extra. December 23. 18g0. (LDE 209.3)
5064	DONATEmegewrtings.org/en/bock/39 12827% » Because» the + Lord+ does + not work » according» to « theie + ideas «and » expectatio.17/23PreviousBack to searchNext resultNextThere is to be(Seventh-day Adventisti churches a wonderful manifestation of the power of God.but it will not move upon those who have not humbled themselves before the Lord, and opened thedoor of theheart by confessionrepentance. In themanifestation of that power which lightensearth withglory of God.they willsee only something which in theblindnessthey think dangerous,something which will arouse their fears, and they will brace themselves to resist it. Because the Lorddoes not work according to their ideas and expectations they will oppose the work!"Why." they sev *chouldwe notknow the Spirit of God. when we have been in the work so many years?*-TheReviewHerald Extra, December 23. 18g0. (LDE 2093)
5070	DONATE< Someone scanned the QR code
5076	DONATE
5082	DONATE
5088	DONATE
5094	DONATE
5100	DONATE
5106	DONATE
5112	DONATE
5118	DONATE
5124	DONATE
5130	DONATE
5136	DONATE
5142	DONATE
5148	DONATE
5154	DONATE
5160	DONATE
5166	DONATE
5172	DONATE
5178	DONATE
5184	DONATE
5190	DONATE
5196	DONATE
5202	DONATE
5208	DONATE
5214	DONATE
5220	DONATE
5226	DONATE
5232	DONATE
5238	DONATE
5244	DONATE
5250	DONATE
5256	DONATE
5262	DONATE
5268	
5274	DONATE
5280	DONATE
5286	DONATE
5292	DONATE
5298	DONATE
5304	DONATE
5310	DONATE
5316	DONATE
5322	DONATE
5328	DONATE
5334	DONATE
5340	DONATE
5346	DONATE
5352	DONATE
5358	DONATE
5364	DONATE
5370	DONATE
5376	DONATE
5382	DONATE
5388	DONATE
5394	DONATE
5400	DONATE
5406	DONATE
5412	DONATE
5418	DONATE
5424	DONATE
5430	DONATEFor Judgment Day Studies Go To:judgmentdaydocumentary.com/bible-studies
5436	DONATEFor Judgment Day Studies Go To:judgmentdaydocumentary.com/bible-studies
5442	DONATEFor Judgment Day Studies Go To:judgmentdaydocumentary.com/bible-studies
5448	DONATEFor Judgment Day Studies Go To:judgmentdaydocumentary.com/bible-studies
5454	DONATEFor Judgment Day Studies Go To:judgmentdaydocumentary.com/bible-studies
5460	DONATEFor Judgment Day Studies Go To:judgmentdaydocumentary.com/bible-studies
5466	DONATEFor Judgment Day Studies Go To:judgmentdaydocumentary.com/bible-studies
5472	DONATEFor Judgment Day Studies Go To:judgmentdaydocumentary.com/bible-studies
5478	DONATEFor Judgment Day Studies Go To:judgmentdaydocumentary.com/bible-studies
5484	DONATEFor Judgment Day Studies Go To:judgmentdaydocumentary.com/bible-studies
5490	DONATEJoin us for the Next Final Countdown Bible StudySaturday Aug 2 at 5:30pm PST
5496	DONATEJoin us for the Next Final Countdown Bible StudySaturday Aug 2 at 5:30pm PST
5502	DONATETHEFINALCOUNTDOWNEND - TIMEEVENTSTIMELINELIVEJoin us for the Next Final Countdown Bible StudySaturday Aug 2 at 5:30pm PSTNext Bible Study:August 2nd at 5:30pm PSTSign-upown.amazingdiscoveries.org
5508	DONATETHEFINALCOUNTDOWNEND -TIMEEVENTSTIMELINKLIVE STUDY SERIEJoin us for the Next Final Countdown Bible StudySaturday Aug 2 at 5:30pm PSTNext Bible Study:August 2nd at 5:30pm PSTSign-upown.amazingdiscoveries.org
5514	DONATETHEFINALCOUNTDOWNEND-TINEEVENTSTIMELINELIVE STUDY SERIRJoin us for the Next Final Countdown Bible StudySaturday Aug 2 at 5:30pm PSTNext Bible Study:August 2nd at 5:30pm PSTSign-upown.amazingdiscoveries.org
5520	DONATETHEFINALCOUNTDOWNEND -TIMEEVENTSTIMELINELIVEJoin us for the Next Final Countdown Bible StudySaturday Aug 2 at 5:30pm PSTNext Bible Study:August 2nd at 5:30pm PSTSign-upown.amazingdiscoveries.org
5526	DONATETHEFINALCOUNTDOWNEND -TIMEEVENTSTIMELINELIVE STUDY SERIESJoin us for the Next Final Countdown Bible StudySaturday Aug 2 at 5:30pm PSTNext Bible Study:August 2nd at 5:30pm PSTSign-upown.amazingdiscoveries.org
5532	DONATETHEFINALCOUNTDOWNEND - TIMEEVENTSTIMELINELIVE STUDY SERIESJoin us for the Next Final Countdown Bible StudySaturday Aug 2 at 5:30pm PSTNext Bible Study:August 2nd at 5:30pm PSTSign-upown.amazingdiscoveries.org
5538	DONATETHEFINALCOUNTDOWNEND -TIMEEVENTSTIMELINELIVESTUDY SERIESJoin us for the Next Final Countdown Bible StudySaturday Aug 2 at 5:30pm PSTNext Bible Study:August 2nd at 5:30pm PSTSign-upown.amazingdiscoveries.org
