0	
6	
12	
18	Welcome! Thank You For Joining Us. Register here for study guides & future updates.finalcountdown.amazingdiscoveries.org
24	MacKenzie DrebitVice President
30	MacKenzie DrebitVice President
36	
42	
48	
54	Catch up on previous episodes at:finalcountdown.amazingdiscoveries.org
60	
66	
72	
78	THEFINALCOUNTDOWNJUDGMENT OFTHE LIVING PART 2
84	IMAGE OFSUNDAYLAWSEALING OF 144,000CLOSE OFFALLS DAY OFANGELEMESSAGETROUBLESHAKINGNO-BUYNO-SELLLAW1837 18431850T7981840 1844JUDGMENT DAY STUDIES20*1888 200120**20**
90	RIGHTEOUSNESSBY FAITHIMAGE OFSUNDAYTHE BEASTLAWOUT OF THE CITIESSEALING OF 144,000CLOSE OFPROBATIONTIME OFTROUBLEGROW YOUR OWN FOODSHAKINGATHANGELSMESSAGESIEGE DIUNDAYNEVWORORDEBATTLE OSATANAPPEARSAS CHRIST19TSIEGE OFSUNDAYLAWIT.NO-BUYNO-SELLINDUCEMENTSIMPRISONMENTLOUD CRYTROUBLIDEATHDECREE12/345183RD WOE1888200120**20"*20**
96	RIGHTEOUSNESSBY FAITHIMAGE OFSUNDAYTHE BEASTLAWOUT OF THE CITIESSEALING OF 144,000SHAKINGCLOSE OFPROBATIONTIME OFTROUBLEGROW YOUR OWN FOODMESJACNEVWORORDEBATTLE O18TSIEGE OFSUNDAYLAWSIEGE OFSUNDAYLAWNO-BUYNO-SELLINDUCEMENTSIMPRISONMENTSATANAPPEARSAS CHRISTLOUD CRYTROUBLIDEATHDECREE12345|613RD WOE188800098 0200120**20**20**
102	RIGHTEOUSNESSBY FAITHIMAGE OFSUNDAYTHE BEASTLAWOUT OF THE CITIESSEALING OF 144,000CLOSE OFPROBATIONTIME OFTROUBLEGROW YOUR OWN FOODSHAKINGANGELSMESSAGE19TSIEGE OFSUNDAYLAW2ноSIEGE OFSUNDAYLAWNO-BUYNO-SELLINDUCEMENTSIMPRISONMENTNEVWORORDEBATTLE OARMAGEDDSATANAPPEARSAS CHRISTLOUD CRYTROUBLIDEATHDECREE12345613RD WOE1888000U90200120**20**20**
108	RIGHTEOUSNESSBY FAITHMAGE OFTHE BEASTSUNDAYLAWOUT OF THE CITIESSEALING OF 144,000CLOSE OFPROBATIONTIME OFTROUBLEGROW YOUR OWN FOODSHAKINGANGELSMESSAGENEVWORORDEBATTLE O19TSIEGE OFSUNDAYLAWSIEGE OFSUNDAYLAWNO-BUYNO-SELLINDUCEMENTSIMPRISONMENTSATANAPPEARSAS CHRISTLOUD CRYTROUBLIDEATHDECREE1|2/345|613RD WOE18889000800200120**20**20**
114	RIGHTEOUSNESSBY FAITHIMAGE OFSUNDAYTHE BEASTLAWOUT OF THE CITIESSEALING OF 144,000CLOSE OFPROBATIONTIME OFTROUBLEGROW YOUR OWN FOODSHAKING4тнANGELSMESSAGENEVWORORDEBATTLE OJ9TSIEGE OFSUNDAYLAWSIEGE OFSUNDAYLAWNO-BUYNO-SELLINDUCEMENTSIMPRISONMENTSATANAPPEARSAS CHRISTLOUD CRYTROUBLIDEATHDECREE12345613RD WOE1888200120**20°*20**
120	RIGHTEOUSNESSBY FAITHMAGE OFTHE BEASTSUNDAYLAWOUT OF THE CITIESSEALING OF 144,000CLOSE OFPROBATIONTIME OFTROUBLEGROW YOUR OWN FOODSHAKINGANGELSMESSAGENEVWORORDEBATTLE OJ8TSIEGE OFSUNDAYLAWSIEGE DFSUNDAYLAWNO-BUYNO-SELLINDUCEMENTSIMPRISONMENTSATANAPPEARSAS CHRISTLOUD CRYTROUBLIDEATHDECREE12|345|6113RO WOE188800009003200120**20**20**
126	RIGHTEOUSNESSBY FAITHIMAGE OFSUNDAYTHE BEASTLAWOUT OF THE CITIESSEALING OF 144,000CLOSE OFPROBATIONTIME OFTROUBLEGROW YOUR OWN FOODSHAKINGATHANGE:MESSAGENEVWORORDEBATTLE OARMAGEDD19TSIEGE OFSUNDAYLAWSIEGE OFSUNDAYLAWNO-BUYNO-SELLINDUCEMENTSIMPRISONMENTSATANAPPEARSAS CHRISTLOUD CRYTROUBLIDEATHDECREE12345613RD WOE18880000880200120**20**20**
132	RIGHTEOUSNESSBY FAITHIMAGE OFSUNDAYTHE BEASTLAWOUT OF THE CITIESSEALING OF 144,000CLOSE OFPROBATIONTIME OFTROUBLEGROW YOUR OWN FOODSHAKING4тнANGELSMESSAGE18TSIEGE OFSUNDAYLAW2NgSIEGE OFSUNDAYLAWNO-BUYNO-SELLINDUCEMENTSIMPRISONMENTNEVWORORDEBATTLE'OARMAGEDDSATANAPPEARSAS CHRISTLOUD CRYTROUBLIDEATHDECREE12|345613RD WOE188800008909200120**20**20**
138	RIGHTEOUSNESSBY FAITHIMAGE OFTHE BEASTSUNDAYLAWOUT OF THE CITIESSEALING OF 144,000CLOSE OFPROBATIONTIME OFTROUBLEGROW YOUR OWN FOODSHAKINGANGELSMESSAGENEVWORORDEBATTLE'O19TSIEGE OFSUNDAYLAWSIEGE OFSUNDAYLAWNO-BUYNO-SELLINDUCEMENTSIMPRISONMENTSATÂNAPPEARSAS CHRISTLOUD CRYTROUBLIDEATHDECREE12|345613RD WOE1888200120**20**20**
144	RIGHTEOUSNESSBY FAITHIMAGE OFTHE BEASTSUNDAYLAWOUT OF THE CITIESSEALING OF 144,000CLOSE OFPROBATIONTIME OFTROUBLEGROW YOUR OWN FOODSHAKING4тНANGELSMESSAGENEVWORORDEBATTLE OJ8TSIEGE OFSUNDAYLAWSIEGE DFSUNDAYLAWNO-BUYNO-SELLINDUCEMENTSIMPRISONMENTSATÂNAPPEARSAS CHRISTLOUD CRYTROUBLIDEATHDECREE12345|613RD WOE1888200120**20**20**
150	IGHTEOUSNESIMAGE OFTHE BEASTSUNDAYLAWOUT OF THE CITIESSEALING OF 144,000CLOSE OFPROBATIONTIME OFTROUBLEGROW YOUR OWN FOODSHAKINGANGELSMESSAGENEVWORORDEBATTLE'OJaTSIEGE OFSUNDAYLAWIL.SIEGE OFSUNDAYLAWNO-BUYNO-SELLINDUCEMENTSIMPRISONMENTSATANAPPEARSAS CHRISTLOUD CRYTROUBLIDEATHDECREE12345613RO WOE1888200120**20**20**
156	RIGHTEOUSNESSBY FAITHIMAGE OFSUNDAYTHE BEASTLAWOUT OF THE CITIESSEALING OF 144,000CLOSE OFPROBATIONTIME OFTROUBLEGROW YOUR OWN FOODSHAKING4тHANGELSMESSAGE18TSIEGE OFSUNDAYLAWаноSIEGE OFSUNDAYLAWNO-BUYNO SELLINDUCEMENTSIMPRISONMENTNEVWORORDEBATTLE OSATANAPPEARSAS CHRISTLOUD CRYTROUBLIDEATHDECREE12|345613RD WOE1888200120**20**20**
162	RIGHTEOUSNESEBY FAITHIMAGE OFSUNDAYTHE BEASTLAWOUT OF THE CITIESSEALING OF 144,000CLOSE OFPROBATIONTIME OFTROUBLEGROW YOUR OWN FOODSHAKING4тНANGELSMESSAGE19TSIEGE OFSUNDAYLAWIL.2NDSIEGE OFSUNDAYLAWNO-BUYNO-SELLINDUCEMENTSMPRISONMENTNEVWORORDEBATTLE OARMAGEDDSATANAPPEARSAS CHRISTLOUD CRYTROUBLIDEATHDECREE121345613RD WOE1888200120**20**20**
168	RIGHTEOUSNESSBY FAITHIMAGE OFSUNDAYTHE BEASTLAWOUT OF THE CITIESSEALING OF 144,000CLOSE OFPROBATIONTIME OFTROUBLEGROW YOUR OWN FOODSHAKING4тнANGELSMESSAGENEVWORORDEBATTLE O19TSIEGE OFSUNDAYLAWSIEGE OFSUNGAYLAVNO-BUYNO-SELLINDUCEMENTSIMPRISONMENTSATANAPPEARSAS CHRISTLOUD CRYTROUBLIDEATHDECREE12345613RO WOE1888200120**20**20**
174	RIGHTEOUSNESSBY FAITIIMAGE OFSUNDAYTHE BEASTLAWOUT OF THE CITIESSEALING OF 144,000CLOSE OFPROBATIONTIME OFTROUBLEGROW YOUR OWN FOODSHAKINGATHANGELSMESSAGE2N9SIEGE OFSUNDAYNEVWORORDEBATTLE OARMAGEDDSATANAPPEARSAS CHRIST19TSIEGE OFSUNDAYLAWNO-BUYNO-SELLINDUCEMENT!IMPRISONMENTLOUD CRYTROUBLIDEATHDECREE12345613RD WOE1888200120**20**20**
180	CHRIST IN HIS SANCTUARY P.188.1• Solemn are the scenes connected with the closing workof the atonement. Momentous are the interests involvedherein. The judgment is now passing in the sanctuaryabove. For many vears this work has been in progress. Soon-none know how soon-it will pass to the cases of the living. In theawful presence of God our lives are to come up in review. At thistime above all others it behooves every soul to heed the Saviour'sadmonition: "Watch and pray: for ye know not when the timeis." Mark 13:33. "If therelore thou shalt not watch, I willcome on thee as a thief, and thou shalt not know what hour Iwill come upon thee." Revelation 3:3.
186	CHRIST IN HIS SANCTUARY P.188.7• Solemn are the scenes connected with the closing workof the atonement. Momentous are the interests involvedtherein. The judgment is now passing in the sanctuaryabove. For many years this work has been in progress. Soon-none know how soon-it will pass to the cases of the living. In theawful presence of God our lives are to come up in review. At thistime above all others it behooves every soul to heed the Saviour'sadmonition: "Watch and pray: for ye know not when the timeis." Mark 13:33. "If therefore thou shalt not watch, I willcome on thee as a thief, and thou shalt not know what hour Iwill come upon thee." Revelation 3:3.
192	CHRIST IN HIS SANCTUARY P.188.1• Solemn are the scenes connected with the closing workof the atonensent. Momentous are the interests involvedtherein. The judgment is now passing in the sanctuaryabove. For many years this work has been in progress. Soon—none know how soon-it will pass to the cases of the living. In theawful presence of God our lives are to come up in review. At thistime above all others it behooves every soul to heed the Saviour'sadmonition: "Watch and pray: for ye know not when the timeis." Mark 13:33. "If therefore thou shalt not watch, I willcome on thee as a thief, and thou shalt not know what hour Iwill come upon thee." Revelation 3:3.
198	CHRIST IN HIS SANCTUARY P.188.1• Solemn are the scenes connected with the closing workof the atonement. Momentous are the interests involvedtherein. The judgment is now passing in the sanctuaryabove. For many years this work has been in progress. Soon-none know how soon-it will pass to the cases of the living. In theawful presence of God our lives are to come up in review. At thistime above all others it behooves every soul to heed the Saviour'sadmonition: "Watch and pray: for ye know not when the timeis." Mark 13:33. "If therefore thou shalt not watch, I willcome on thee as a thief, and thou shalt not know what hour Iwill come upon thee." Revelation 3:3.
204	CHRIST IN HIS SANCTUARY P.188.1• Solemn are the scenes connected with the closing workof the atonement. Momentous are the interests involvedtherein. The judgment is now passing in the sanctuaryabove. For many years this work has been in progress. Soon—none know how soon-it will pass to the cases of the living. In theawful presence of God our lives are to come up in review. At thistime above all others it behooves every soul to heed the Saviour'sadmonition: "Watch and pray: for ye know not when the timeis." Mark 13:33. "If therefore thou shalt not watch, I willcome on thee as a thief, and thou shalt not know what hour Iwill come upon thee." Revelation 3:3.
210	CHRIST IN HIS SANCTUARY P.188.1• Solemn are the scenes connected with the closing workof the atonement. Momentous are the interests involvedtherein. The judgment is now passing in the sanctuaryabove. For many years this work has been in progress. Soon—none know how soon-it will pass to the cases of the living. In theawful presence of God our lives are to come up in review. At thistime above all others it behooves every soul to heed the Saviour'sadmonition: "Watch and pray: for ye know not when the timeis." Mark 13:33. "If therefore thou shalt not watch, I willcome on thee as a thief, and thou shalt not know what hour Iwill come upon thee." Revelation 3:3.
216	CHRIST IN HIS SANCTUARY P.188.1• Solemn are the scenes connected with the closing workof the atonement. Momentous are the interests involvedtherein. The judgment is now passing in the sanctuaryabove. For many years this work has been in progress. Soon—none know how soon-it will pass to the cases of the living. In theawful presence of God our lives are to come up in review. At thistime above all others it behooves every soul to heed the Saviour'sadmonition: "Watch and pray: for ye know not when the timeis." Mark 13:33. "If therefore thou shalt not watch, I willcome on thee as a thief, and thou shalt not know what hour 1will come upon thee." Revelation 3:3.
222	CHRIST IN HIS SANCTUARY P.188.1• Solemn are the scenes connected with the closing workof the atonement. Momentous are the interests involvedtherein. The judgment is now passing in the sanctuaryabove. For many years this work has been in progress. Soon—none know how soon-it will pass to the cases of the living. In theawful presence of God our lives are to come up in review. At thistime above all others it behooves every soul to heed the saviour'sadmonition: "Watch and pray: for ye know not when the timeis." Mark 13:33. "If therefore thou shalt not watch, I willcome on thee as a thief, and thou shalt not know what hour Iwill come upon thee." Revelation 3:3.
228	CHRIST IN HIS SANCTUARY P.188.1• Solemn are the scenes connected with the closing workof the atonement. Momentous are the interests involvedtherein. The judgment is now passing in the sanctuaryabove. For many years this work has been in progress. Soon—none know how soon-it will pass to the cases of the living. In theawful presence of God our lives are to come up in review. At thistime above all others it behooves every soul to heed the Saviour'sadmonition: "Watch and pray: for ye know not when the timeis." Mark 13:33. "If therefore thou shalt not watch, I willcome on thee as a thief, and thou shalt not know what hour l!will come upon thee." Revelation 3:3.
234	CHRIST IN HIS SANCTUARY P.188.1• Solemn are the scenes connected with the closing workof the atonement. Momentous are the interests involvedtherein. The judgment is now passing in the sanctuaryabove. For many years this work has been in progress. Soon—none know how soon-it will pass to the cases of the living. In theawful presence of God our lives are to come up in review. At thistime above all others it behooves every soul to heed the Saviour'sadmonition: "Watch and pray: for ye know not when the timeis." Mark 13:33. "If therefore thou shalt not watch, I willcome on thee as a thief, and thou shalt not know what hour Iwill come upon thee." Revelation 3:3.
240	CHRIST IN HIS SANCTUARY P.188.1• Solemn are the scenes connected with the closing workof the atonement. Momentous are the interests involvedtherein. The judgment is now passing in the sanctuaryabove. For many years this work has been in progress. Soon—none know how soon-it will pass to the cases of the living. In theawful presence of God our lives are to come up in review. At thistime above all others it behooves every soul to heed the Saviour'sadmonition: "Watch and pray: for ye know not when the timeis." Mark 13:33. "If therefore thou shalt not watch, I willcome on thee as a thief, and thou shalt not know what hour Iwill come upon thee." Revelation 3:3.
246	CHRIST IN HIS SANCTUARY P.188.1• Solemn are the scenes connected with the closing workof the atonement. Momentous are the interests involvedtherein. The judgment is now passing in the sanctuaryabove. For many years this work has been in progress. Soon—none know how soon-it will pass to the cases of the living. In theawful presence of God our lives are to come up in review. At thistime above all others it behooves every soul to heed the Saviour'sadmonition: "Watch and pray: for ye know not when the timeis." Mark 13:33. "If therefore thou shalt not watch, I willcome on thee as a thief, and thou shalt not know what hour Iwill come upon thee." Revelation 3:3.
252	CHRIST IN HIS SANCTUARY P.188.1• Solemn are the scenes connected with the closing workof the atonement. Momentous are the interests involvedtherein. The judgment is now passing in the sanctuaryabove. For many years this work has been in progress. Soonnone know how soon-it will pass to the cases of the living. In ineawful presence of God our lives are to come up in review. At thistime above all others it behooves every soul to heed the Saviour'sadmonition: "Watch and pray: for ye know not when the timeis." Mark 13:33. "If therefore thou shalt not watch, I willcome on thee as a thief, and thou shalt not know what hour Iwill come upon thee." Revelation 3:3.
258	CHRIST IN HIS SANCTUARY P.188.1• Solemn are the scenes connected with the closing workof the atonement. Momentous are the interests involvedtherein. The judgment is now passing in the sanctuaryabove. For many years this work has been in progress. Soon—none know how soon—I will pass to the cases of the living. In theawful presence of God our lives are to come up in review. At thistime above all others it behooves every soul to heed the Saviour'sadmonition: "Watch and pray: for ye know not when the timeis." Mark 13:33. "If therefore thou shalt not watch, I willcome on thee as a thief, and thou shalt not know what hour Iwill come upon thee." Revelation 3:3.
264	CHRIST IN HIS SANCTUARY P.188.1• Solemn are the scenes connected with the closing workof the atonement. Momentous are the interests involvedtherein. The judgment is now passing in the sanctuaryabove. For many years this work has been in progress. Soon—none know how soon-it will pass to the cases of the living. In theawful presence of God our lives are to come up in review. At thistime above all others it behooves every soul to heed the Saviour'sadmonition: "Watch and pray: for ye know not when the timeis." Mark 13:33. "If therefore thou shalt not watch, I willcome on thee as a thief, and thou shalt not know what hour Iwill come upon tree." Revelation 3:3.
270	CHRIST IN HIS SANCTUARY P.188.1• Solemn are the scenes connected with the closing workof the atonement. Momentous are the interests involvedtherein. The judgment is now passing in the sanctuaryabove. For many years this work has been in progress. Soon—none know how soon-it will pass to the cases of the living. In theawful presence of God our lives are to come up in review. At thistime above all others it behooves every soul to heed the Saviour'sadmonition: "Watch and pray: for ye know not when the timeis." Mark 13:33. "If therefore thou shalt not watch, I willcome on thee as a thief, and thou shalt not know what hour l!will come upon thee." Revelation 3:3.
276	CHRIST IN HIS SANCTUARY P.188.1• Solemn are the scenes connected with the closing workof the atonement. Momentous are the interests involvedtherein. The judgment is now passing in the sanctuaryabove. For many years this work has been in progress. Soon—none know how soon-it will pass to the cases of the living. In theawful presence of God our lives are to come up in review. At thistime above all others it behooves every soul to heed the Saviour'sadmonition: "Watch and pray: for ye know not when the timeis." Mark 13:33. "If therefore thou shalt not watch, I willcome on thee as a thief, and thou shalt not know what hour Iwill come upon thee." Revelation 3:3.
282	CHRIST IN HIS SANCTUARY P.188.1• Solemn are the scenes connected with the closing workof the atonement. Momentous are the interests involvedtherein. The judgment is now passing in the sanctuaryabove. For many years this work has been in progress. Soon—none know how soon-it will pass to the cases of the living. In theawful presence of God our lives are to come up in review. At thistime above all others it behooves every soul to heed the Saviour'sadmonition: "Watch and pray: for ye know not when the timeis." Mark 13:33. "If therefore thou shalt not watch, I willcome on thee as a thief, and thou shalt not know what hour Iwill come upon thee." Revelation 3:3.
288	CHRIST IN HIS SANCTUARY P.188.1• Solemn are the scenes connected with the closing workof the atonement. Momentous are the interests involvedtherein. The judgment is now passing in the sanctuaryabove. For many years this work has been in progress. Soon—none know how soon-it will pass to the cases of the living. In theawful presence of God our lives are to come up in review. At thistime above all others it behooves every soul to heed the saviour'sadmonition: "Watch and pray: for ye know not when the timeis." Mark 13:33. "If therefore thou shalt not watch, I willcome on thee as a thief, and thou shalt not know what hour Iwill come upon thee." Revelation 3:3.
294	DARKNESS BEFORE DAWN P.36.3• The events connected with the close of probationand the work of preparation for the time oftrouble, are clearly presented. But multitudes haveno more understanding of these important truths than ifthey had never been revealed. Satan watches to catchaway every impression that would make them wiseunto salvation, and the time of trouble will find themunready.
300	DARKNESS BEFORE DAWN P.36.3• The events connected with the close of probationand the work of preparation for the tinie oftrouble, are clearly presented. But multitudes haveno more understanding of these important truths than ifthey had never been revealed. Satan watches to catchaway every impression that would make them wiseunto salvation, and the time of trouble will find themunready.
306	DARKNESS BEFORE DAWN P.36.3• The events connected with the close of probationand the work of preparation for the time oftrouble, are clearly presented. But multitudes haveno more understanding of these important truths than ifthey had never been revealed. Satan watches to catchaway every impression that would make them wiseunto salvation, and the time of trouble will find themunready.
312	DARKNESS BEFORE DAWN P.36.3• The events connected with the close of probationand the work of preparation for the time oftrouble, are clearly presented. But multitudes haveno more understanding of these important truths than ifthey had never been revealed. Satan watches to catchaway every impression that would make them wiseunto salvation, and the time of trouble will find themunready.
318	DARKNESS BEFORE DAWN P.36.3• The events connected with the close of probationand the work of preparation for the time oftrouble, are clearly presented. But multitudes haveno more understanding of these important truths than ifthey had never been revealed. Satan watches to catchaway every impression that would make them wiseunto salvation, and the time of trouble will find themunready.
324	DARKNESS BEFORE DAWN P.36.3• The events connected with the close of probationand the work of preparation for the time oftrouble, are clearly presented. But multitudes haveno more understanding of these important truths than ifthey had never been revealed. Satan watches to catchaway every impression that would make them wiseunto salvation, and the time of trouble will find themunready.
330	DARKNESS BEFORE DAWN P.36.3• The events connected with the close of probationand the work of preparation for the time oftrouble, are clearly presented. But multitudes haveno more understanding of these important truths than ifthey had never been revealed. Satan watches to catchaway every impression that would make them wiseunto salvation, and the time of trouble will find themunready.
336	DARKNESS BEFORE DAWN P.36.3• The events connected with the close of probationand the work of preparation for the time oftrouble, are clearly presented. But multitudes haveno more understanding of these important truths than ifthey had never been revealed. Satan watches to catchaway every impression that would make them wiseunto salvation, and the time of trouble will find themunready.
342	DARKNESS BEFORE DAWN P.36.3• The events connected with the close of probationand the work of preparation for the time oftrouble, are clearly presented. But multitudes haveno more understanding of these important truths than ifthey had never been revealed. Satan watches to catchaway every impression that would make them wiseunto salvation, and the time of trouble will find themunready.
348	DARKNESS BEFORE DAWN P.36.3• The events connected with the close of probationand the work of preparation for the time oftrouble, are clearly presented. But multitudes haveno more understanding of these important truths than ifthey had never been revealed. Satan watches to catchaway every impression that would make them wiseunto salvation, and the time of trouble will find themunready.
354	DARKNESS BEFORE DAWN P.36.3• The events connected with the close of probationand the work of preparation for the time oftrouble, are clearly presented. But multitudes haveno more understanding of these important truths than ifthey had never been revealed. Satan watches to catchaway every impression that would make them wiseunto salvation, and the time of trouble will find themunready.
360	DARKNESS BEFORE DAWN P.36.3• The events connected with the close of probationand the work of preparation for the time oftrouble, are clearly presented. But multitudes haveno more understanding of these important truths than ifthey had never been revealed. Satan watches to catchaway every impression that would make them wiseunto salvation, and the time of trouble will find themunready.
366	DARKNESS BEFORE DAWN P.36.3• The events connected with the close of probationand the work of preparation for the time oftrouble, are clearly presented. But multitudes haveno more understanding of these important truths than ifthey had never been revealed. Satan watches to catchaway every impression that would make them wiseunto salvation, and the time of trouble will find themunready.
372	DARKNESS BEFORE DAWN P.36.3• The events connected with the close of probationand the work of preparation for the time oftrouble, are clearly presented. But multitudes haveno more understanding of these important truths than ifthey had never been revealed. Satan watches to catchaway every impression that would make them wiseunto salvation, and the time of trouble will find themunready.
378	DARKNESS BEFORE DAWN P.36.3• The events connected with the close of probationand the work of preparation for the time oftrouble, are clearly presented. But multitudes haveno more understanding of these important truths than ifthey had never been revealed. Satan watches to catchaway every impression that would make them wiseunto salvation, and the time of trouble will find themunready.
384	DARKNESS BEFORE DAWN P.36.3• The events connected with the close of probationand the work of preparation for the time oftrouble, are clearly presented. But multitudes haveno more understanding of these important truths than ifthey had never been revealed. Satan watches to catchaway every impression that would make them wiseunto salvation, and the time of trouble will find themunready.
390	DARKNESS BEFORE DAWN P.36.3• The events connected with the close of probationand the work of preparation for the time oftrouble, are clearly presented. But multitudes haveno more understanding of these important truths than ifthey had never been revealed. Satan watches to catchaway every impression that would make them wiseunto salvation, and the time of trouble will find themunready.
396	DARKNESS BEFORE DAWN P.36.3• The events connected with the close of probationand the work of preparation for the time oftrouble, are clearly presented. But multitudes haveno more understanding of these important truths than ifthey had never been revealed. Satan watches to catchaway every impression that would make them wiseunto salvation, and the time of trouble will find themunready.
402	DARKNESS BEFORE DAWN P.36.3• The events connected with the close of probationand the work of preparation for the time oftrouble, are clearly presented. But multitudes haveno more understanding of these important truths than ifthey had never been revealed. Satan watches to catchaway every impression that would make them wiseunto salvation, and the time of trouble will find themunready.00458/0
408	DARKNESS BEFORE DAWN P.36.3• The events connected with the close of probationand the work of preparation for the time oftrouble, are clearly presented. But multitudes haveno more understanding of these important truths than ifthey had never been revealed, Satan watches to catchaway every impression that would make them wiseunto salvation, and the time of trouble will find themunready.0000300
414	DARKNESS BEFORE DAWN P.36.3• The events connected with the close of probationand the work of preparation for the time oftrouble, are clearly presented. But multitudes haveno more understanding of these important truths than ifthey had never been revealed. Satan watches to catchaway every impression that would make them wiseunto salvation, and the time of trouble will find themunready. x0005800€
420	DARKNESS BEFORE DAWN P.36.3• The events connected with the close of probationand the work of preparation for the time oftrouble, are clearly presented. But multitudes haveno more understanding of these important truths than ifthey had never been revealed. Satan watches to catchaway every impression that would make them wiseunto salvation, and the time of trouble will find themunready.
426	DARKNESS BEFORE DAWN P.36.3• The events connected with the close of probationand the work of preparation for the time oftrouble, are clearly presented. But multitudes haveno more understanding of these important truths than ifthey had never been revealed. Satan watches to catchaway every impression that would make them wiseunto salvation, and the time of trouble will find themunready.
432	DARKNESS BEFORE DAWN P.36.3• The events connected with the close of probationand the work of preparation for the time oftrouble, are clearly presented. But multitudes haveno more understanding of these important truths than ifthey had never been revealed. Satan watches to catchaway every impression that would make them wiseunto salvation, and the time of trouble will find themunready.
438	REVELATION 7:1-3• 1 And after these things I saw four angels standing on the fourcorners of the earth, holding the four winds of the earth,that the wind should not blow on the earth, nor on the sea, noron any tree.• 2 And I saw another angel ascending from the east, having theseal of the living God: and he cried with a loud voice to the fourangels, to whom it was given to hurt the earth and the sea,• 3 Saying, Hurt not the earth, neither the sea, nor the trees, tillwe have sealed the servants of our God in theirforeheads.
444	REVELATION 7:1-3• 1 And after these things I saw four angels standing on the fourcorners of the earth, holding the four winds of the earth,that the wind should not blow on the earth, nor on the sea, noron any tree.• 2 And I saw another angel ascending from the east, having theseal of the living God: and he cried with a loud voice to the fourangels, to whom it was given to hurt the earth and the sea,• 3 Saying, Hurt not the earth, neither the sea, nor the trees, tillwe have sealed the servants of our God in theirforeheads.000Đ
450	REVELATION 7:1-3• 1 And after these things I saw four angels standing on the fourcorners of the earth, holding the four winds of the earth,that the wind should not blow on the earth, nor on the sea, noron any tree.• 2 And I saw another angel ascending from the east, having theseal of the living God: and he cried with a loud voice to the fourangels, to whom it was given to hurt the earth and the sea,• 3 Saying, Hurt not the earth, neither the sea, nor the trees, tillwe have sealed the servants of our God in theirforeheads.
456	REVELATION 7:1-3• 1 And after these things I saw four angels standing on the fourcorners of the earth, holding the four winds of the earth,that the wind should not blow of the earth, nor on the sea, noron any tree.• 2 And I saw another angel ascending from the east, having theseal of the living God: and he cried with a loud voice to the fourangels, to whom it was given to hurt the earth and the sea,till• 3 Saying, Hurt not the earth, neither the sea, nor the trees, tillwe have sealed the servants of our God in theirforeheads.
462	REVELATION 7:1-3• 1 And after these things I saw four angels standing on the fourcorners of the earth, holding the four winds of the earth,that the wind should not blow on the earth, nor on the sea, noron any tree.• 2 And I saw another angel ascending from the east, having theseal of the living God: and he cried with a loil voice to the fourangels, to whom it was given to hurt the earth and the sea,• 3 Saying, Hurt not the earth, neither the sea, nor the trees, tillwe have sealed the servants of our God in theirforeheads.
468	REVELATION 7:1-3• 1 And after these things I saw four angels standing on the fourcorners of the earth, holding the four winds of the earth,that the wind should not blow on the earth, nor on the sea, noron any tree.• 2 And I saw a other angel ascending from the east, having theseal of the living God: and he cried with a loud voice to the fourangels, to whom it was given to hurt the earth and the sea,• 3 Saying, Hurt not the earth, neither the sea, nor the trees, tillwe have sealed the servants of our God in theirforeheads.
474	REVELATION 7:1-3• 1 And after these things I saw four angels standing on the fourcorners of the earth, holding the four winds of the earth,that the wind should not blow on the earth, nor on the sea, noron any tree.• 2 And I saw another angel ascending from the east, having theseal of the living God: and he cried with a loud voice to the fourangels, to whom it was given to hurt the earth and the sea,• 3 Saying, Hurt not the earth, neither the sea, nor the trees, tillwe have sealed the servants of our God in theirforeheads.
480	REVELATION 7:1-3• 1 And after these things I saw four angels standing on the fourcorners of the earth, holding the four winds of the earth,that the wind should not blow on the earth, nor on the sea, noron any tree.• 2 And I saw another angel ascending from the east, having theseal of the living God: and he cried with a loud voice to the fourangels, to whom it was given to hurt the earth and the sea,• 3 Saying, Hurt not the earth, neither the sea, nor the trees, tillwe have sealed the servants of our God in theirforeheads.
486	REVELATION 7:1-3• 1 And after these things I saw four angels standing on the fourcorners of the earth, holding the four winds of the earth,that the wind should not blow on the earth, nor on the sea, noron any tree.• 2 And I saw another angel ascending from the east, having theseal of the living God: and he cried with a loud voice to the fourangels, to whom it was given to hurt the earth and the sea,• 3 Saying, Hurt not the earth, neither the sea, nor the trees, tillwe have sealed the servants of our God in theirforeheads.
492	REVELATION 7:1-3• 1 And after these things I saw four angels standing on the fourcorners of the earth, holding the four winds of the earth,that the wind should not blow on the earth, nor on the sea, noron any tree.• 2 And I saw another angel ascending from the east, having theseal of the living God: and he cried with a loud voice to the fourangels, to whom it was given to hurt the earth and the sea,• 3 Saying, Hurt not the earth, neither the sea, nor the trees, tillwe have sealed the servants of our God in theirforeheads.
498	REVELATION 7:1-3• 1 And after these things I saw four angels standing on the fourcorners of the earth, holding the four winds of the earth,that the wind should not blow on the earth, nor on the sea, noron any tree.• 2 And I saw another angel ascending from the east, having theseal of the living God: and he cried with a loud voice to the fourangels, to whom it was given to hurt the earth and the sea,• 3 Saying, Hurt not the earth, neither the sea, nor the trees, tillwe have sealed the servants of our God in theirforeheads.
504	REVELATION 7:1-3• 1 And after these things I saw four angels standing on the fourcorners of the earth, holding the four winds of the earth,that the wind should not blow on the earth, nor on the sea, noron any tree.• 2 And I saw another angel ascending from the east, having theseal of the living God: and he cried with a loud voice to the fourangels, to whom it was given to hurt the earth and the sea,• 3 Saying, Hurt not the earth, neither the sea, nor the trees, tillwe have sealed the servants of our God in theirforeheads.
510	SELECTED MESSAGES VOL.3 P.409.1• Angels are holding the four winds, representedas an angry horse seeking to break loose, andrush over the face of the whole earth, bearingdestruction and death in its path.
516	SELECTED MESSAGES VOL.3 P.409.1• Angels are holding the four winds, representedas an angry horse seeking to break loose, andrush over the face of the whole earth, bearingdestruction and death in its path.
522	SELECTED MESSAGES VOL.3 P.409.1• Angels are holding the four winds, representedas an angry horse seeking to break loose, andrush over the face of the whole earth, bearingdestruction and death in its path.000
528	SELECTED MESSAGES VOL.3 P.409.1• Angels are holding the four winds, representedas an angry horse seeking to break loose, andrush over the lace of the whole earth, bearingdestruction and death in its path.
534	SELECTED MESSAGES VOL.3 P.409.1• Angels are holding the four winds, representedas an angry horse seeking to break loose, andrush over the face of the whole earth, bearingdestruction and death in its path.
540	SELECTED MESSAGES VOL.3 P.409.1• Angels are holding the four winds, representedas an angry horse seeking to break loose, andrush over the face of the whole earth, bearingdestruction and death in its path.
546	SELECTED MESSAGES VOL.3 P.409.1• Angels are holding the four winds, representedas an angry horse seeking to break loose, andrush over the face of the whole earth, bearingdestruction and death in its path.
552	SELECTED MESSAGES VOL.3 P.409.1• Angels are holding the four winds, representedas an angry horse seeking to break loose, andrush over the face of the whole earth, bearingdestruction and death in its path.
558	SELECTED MESSAGES VOL.3 P.409.1• Angels are holding the four winds, representedas an angry horse seeking to break loose, andrush over the face of the whole earth, bearingdestruction and death in its path.
564	SELECTED MESSAGES VOL.3 P.409.1• Angels are holding the four winds, representedas an angry horse seeking to break loose, andrush over the face of the whole carth, bearingdestruction and death in its path.
570	SELECTED MESSAGES VOL.3 P.409.1• Angels are holding the lour winds, representedas an angry horse seeking to break loose, andrush over the face of the whole earth, bearingdestruction and death in its path.
576	SELECTED MESSAGES VOL.3 P.409.1• Angels are holding the four winds, representedas an angry horse seeking to break loose, andrush over the face of the whole carth, bearingdestruction and death in its path.
582	SELECTED MESSAGES VOL.3 P.409.1• Angels are holding the four winds, representedas an angry horse seeking to break loose, andrush over the face of the whole earth, bearingdestruction and death in its path.
588	SELECTED MESSAGES VOL.3 P.409.1• Angels are holding the lour winds, representedas an angry horse seeking to break loose, andrush over the face of the whole carth, bearingdestruction and death in its path.
594	SELECTED MESSAGES VOL.3 P.409.1• Angels are holding the four winds, representedas an angry horse seeking to break loose, andrush over the face of the whole carth, bearingdestruction and death in its path.
600	SELECTED MESSAGES VOL.3 P.409.1• Angels are holding the lour winds, representedas an angry horse seeking to break loose, andrush over the face of the whole carth, bearingdestruction and death in its path.
606	SELECTED MESSAGES VOL.3 P.409.1• Angels are holding the four winds, representedas an angry horse seeking to break loose, andrush over the face of the whole carth, bearingdestruction and death in its path.
612	SELECTED MESSAGES VOL.3 P.409.1• Angels are holding the four winds, representedas an angry horse seeking to break loose, andrush over the face of the whole earth, bearingdestruction and death in its path.
618	SELECTED MESSAGES VOL.3 P.409.1• Angels are holding the lour winds, representedas an angry horse seeking to break loose, andrush over the face of the whole carth, bearingdestruction and death in its path.0025800
624	SELECTED MESSAGES VOL.3 P.409.1• Angels are holding the our winds, representedas an angry horse seeking to break loose, andrush over the face of the whole earth, bearingdestruction and death in its path.
630	JEREMIAH 4:7, 11 - 13• 7 The lion is come up from his thicket, and the destroyer of the Gentiles ison his way; he is gone forth from his place to make thy land desolate; and thycities shall be laid waste, without an inhabitant.• 11 At that time shall it be said to this people and to Jerusalem, A dry wind ofthe high places in the wilderness toward the daughter of my people, not to fan,nor to cleanse,• 12 Even a full wind from those places shall come unto me: now also will I givesentence against them.• 18 Behold, he shall come up as clouds, and his chariots shall be as awhirlwind: his horses are swifter than eagles. Woe unto us! for we aspoiled.0 e
636	JEREMIAH 4:7, 11 - 13• 7 The lion is come up from his thicket, and the destroyer of the Gentiles ison his way; he is gone forth from his place to make thy land desolate; and thycities shall be laid waste, without an inhabitant.• 11 At that time shall it be said to this people and to Jerusalem, A dry wind ofthe high places in the wilderness toward the daughter of my people, not to fan,nor to cleanse,• 12 Even a full wind from those places shall come unto me: now also will I givesentence against them.• 13 Behold, he shall come up as clouds, and his chariots shall be as awhirlwind: his horses are swifter than eagles. Woe unto us! for we aspoiled.O0C
642	JEREMIAH 4:7, 11 - 13• 7 The lion is come up from his thicket, and the destroyer of the Gentiles ison his way; he is gone forth from his place to make thy land desolate; and thycities shall be laid waste, without an inhabitant.• 11 At that time shall it be said to this people and to Jerusalem, A dry wind ofthe high places in the wilderness toward the daughter of my people, not to fan,nor to cleanse,• 12 Even a full wind from those places shall come unto me: now also will I givesentence against them.• 13 Behold, he shall come up as clouds, and his chariots shall be as awhirlwind: his horses are swifter than eagles. Woe unto us! for we aspoiled.
648	JEREMIAH 4:7, 11 - 13• 7 The lion is come up from his thicket, and the destroyer of the Gentiles ison his way; he is gone forth from his place to make thy land desolate; and thycities shall be laid waste, without an inhabitant.• 11 At that time shall it be said to this people and to Jerusalem, A dry wind ofthe high places in the wilderness toward the daughter of my people, not to fan,nor to cleanse,• 12 Even a full wind from those places shall come unto me: now also will I givesentence against them.• 13 Behold, he shall come up as clouds, and his chariots shall be as awhirlwind: his horses are swifter than eagles. Woe unto us! for we aspoiled.
654	JEREMIAH 4:7, 11 - 13• 7 The lion is come up from his thicket, and the destroyer of the Gentiles ison his way; he is gone forth from his place to make thy land desolate; and thycities shall be laid waste, without an inhabitant.• 11 At that time shall it be said to this people and to Jerusalem, A dry wind ofthe high places in the wilderness toward the daughter of my people, not to fan,nor to cleanse,• 12 Even a full wind from those places shall come unto me: now also will I givesentence against them.• 13 Behold, he shall come up as clouds, and his chariots shall be as awhirlwind: his horses are swifter than eagles. Woe unto us! for we aspoiled.
660	JEREMIAH 4:7, 11 - 13• 7 The lion is come up from his thicket, and the destroyer of the Gentiles ison his way; he is gone forth from his place to make thy land desolate; and thycities shall be laid waste, without an inhabitant.• 11 At that time shall it be said to this people and to Jerusalem, A dry wind ofthe high places in the wilderness toward the daughter of my people, not to fan,nor to cleanse,• 12 Even a full wind from those places shall come unto me: now also will I givesentence against them.• 13 Behold, he shall come up as clouds, and his chariots shall be as awhirlwind: his horses are swifter than eagles. Woe unto us! for we aspoiled.
666	JEREMIAH 4:7, 11 - 13• 7 The lion is come up from his thicket, and the destroyer of the Gentiles ison his way; he is gone forth from his place to make thy land desolate; and thycities shall be laid waste, without an inhabitant.• 11 At that time shall it be said to this people and to Jerusalem, A dry wind ofthe high places in the wilderness toward the daughter of my people, not to fan,nor to cleanse,• 12 Even a full wind from those places shall come unto me: now also will I givesentence against them.• 13 Behold, he shall come up as clouds, and his chariots shall be as awhirlwind: his horses are swifter than eagles. Woe unto us! for we aspoiled.
672	JEREMIAH 4:7, 11 - 13• 7 The lion is come up from his thicket, and the destroyer of the Gentiles ison his way; he is gone forth from his place to make thy land desolate; and thycities shall be laid waste, without an inhabitant.• 11 At that time shall it be said to this people and to Jerusalem, A dry wind ofthe high places in the wilderness toward the daughter of my people, not to fan,nor to cleanse,• 12 Even a full wind from those places shall come unto me: now also will I givesentence against them.• 13 Behold, he shall come up as clouds, and his chariots shall be as awhirlwind: his horses are swifter than eagles. Woe unto us! for we aspoiled.
678	JEREMIAH 4:7, 11 - 13• 7 The lion is come up from his thicket, and the destroyer of the Gentiles ison his way; he is gone forth from his place to make thy land desolate; and thycities shall be laid waste, without an inhabitant.• 11 At that time shall it be said to this people and to Jerusalem, A dry wind ofthe high places in the wilderness toward the daughter of my people, not to fan,nor to cleanse,• 12 Even a full wind from those places shall come unto me: now also will I givesentence against them.• 13 Behold, he shall come up as clouds, and his chariots shall be as awhirlwind: his horses are swifter than eagles. Woe unto us! for we aspoiled.
684	JEREMIAH 4:7, 11 - 13• 7 The lion is come up from his thicket, and the destroyer of the Gentiles ison his way; he is gone forth from his place to make thy land desolate; and thycities shall be laid waste, without an inhabitant.• 11 At that time shall it be said to this people and to Jerusalem, A dry wind ofthe high places in the wilderness toward the daughter of my people, not to fan,nor to cleanse,• 12 Even a full wind from those places shall come unto me: now also will I givesentence against thIn.• 13 Behold, he shall come up as clouds, and his chariots shall be as awhirlwind: his horses are swifter than eagles. Woe unto us! for we aspoiled.
690	JEREMIAH 4:7, 11 - 13• 7 The lion is come up from his thicket, and the destroyer of the Gentiles ison his way; he is gone forth from his place to make thy land desolate; and thycities shall be laid waste, without an inhabitant.• 11 At that time shall it be said to this people and to Jerusalem, A dry wind ofthe high places in the wilderness toward the daughter of my people, not to fan,nor to cleanse,• 12 Even a full wind from those places shall come unto me: now also will I givesentence against them.• 13 Behold, he shall come up as clouds, and his chariots shall be as awhirlwind: his horses are swifter than eagles. Woe unto us! for we aspoiled.
696	JEREMIAH 4:7, 11 - 13• 7 The lion is come up from his thicket, and the destroyer of the Gentiles ison his way; he is gone forth from his place to make thy land desolate; and thycities shall be laid waste, without an inhabitant.• 11 At that time shall it be said to this people and to Jerusalem, A dry wind ofthe high places in the wilderness toward the daughter of my people, not to fan,nor to cleanse,• 12 Even a full wind from those places shall come unto me: now also will I givesentence against them.• 13 Behold, he shall come up as clouds, and his chariots shall be as awhirlwind: his horses are swifter than eagles. Woe unto us! for we aspoiled.
702	JEREMIAH 4:7, 11 - 13• 7 The lion is come up from his thicket, and the destroyer of the Gentiles ison his way; he is gone forth from his place to make thy land desolate; and thycities shall be laid waste, without an inhabitant.• 11 At that time shall it be said to this people and to Jerusalem, A dry wind ofthe high places in the wilderness toward the daughter of my people, not to fan,nor to cleanse,• 12 Even a full wind from those places shall come unto me: now also will I givesentence against them.• 13 Behold, he stall come up as clouds, and his chariots shall be as awhirlwind: his horses are swifter than eagles. Woe unto us! for we aspoiled.
708	JEREMIAH 4:7, 11 - 13• 7 The lion is come up from his thicket, and the destroyer of the Gentiles ison his way; he is gone forth from his place to make thy land desolate; and thycities shall be laid waste, without an inhabitant.• 11 At that time shall it be said to this people and to Jerusalem, A dry wind ofthe high places in the wilderness toward the daughter of my people, not to fan,nor to cleanse,• 12 Even a full wind from those places shall come unto me: now also will I givesentence against them.• 13 Behold, he shall come up as clouds, and his chariots shall be as awhirlwind: his horses are swifter than earles. Woe Ento us! for we ispoiled.
714	JEREMIAH 4:7, 11 - 13• 7 The lion is come up from his thicket, and the destroyer of the Gentiles ison his way; he is gone forth from his place to make thy land desolate; and thycities shall be laid waste, without an inhabitant.• 11 At that time shall it be said to this people and to Jerusalem, A dry wind ofthe high places in the wilderness toward the daughter of my people, not to fan,nor to cleanse,• 12 Even a full wind from those places shall come unto me: now also will I givesentence against them.• 13 Behold, he shall come up as clouds, and his chariots shall be as awhirlwin: his horses are swifter than eagles. Woe unto us! for we ispoiled.
720	JEREMIAH 4:7, 11 - 13• 7 The lion is come up from his thicket, and the destroyer of the Gentiles ison his way; he is gone forth from his place to make thy land desolate; and thycities shall be laid waste, without an inhabitant.• 11 At that time shall it be said to this people and to Jerusalem, A dry wind ofthe high places in the wilderness toward the daughter of my people, not to fan,nor to cleanse,• 12 Even a full wind from those places shall come unto me: now also will I givesentence against them.• 13 Behold, he shall come up as clouds, and his chariots shall be as awhirlwind: his horses are swifter than eagles. Woe unto us! for we aspoiled.0000
726	JEREMIAH 4:7, 11 - 13• 7 The lion is come up from his thicket, and the destroyer of the Gentiles ison his way; he is gone forth from his place to make thy land desolate; and thycities shall be laid waste, without an inhabitant.• 11 At that time shall it be said to this people and to Jerusalem, A dry wind ofthe high places in the wilderness toward the daughter of my people, not to fan,nor to cleanse,• 12 Even a full wind from those places shall come unto me: now also will I givesentence against them.• 13 Behold, he shall come up as clouds, and his chariots shall be as awhirlwind: his horses are swifter than eagles. Woe unto us! for we aspoiled.
732	JEREMIAH 4:7, 11 - 13• 7 The lion is come up from his thicket, and the destroyer of the Gentiles ison his way; he is gone forth from his place to make thy land desolate; and thycities shall be laid waste, without an inhabitant.• 1l At that time shall it be said to this people and to Jerusalem, A dry wind ofthe high places in the wilderness toward the daughter of my people, not to fan,nor to cleanse,• 12 Even a full wind from those places shall come unto me: now also will I givesentence against them.• 13 Behold, he shall come up as clouds, and his chariots shall be as awhirlwind: his horses are swifter than eagles. Woe unto us! for we aspoiled.
738	JEREMIAH 4:7, 11 - 13• 7 The lion is come up from his thicket, and the destroyer of the Gentiles ison his way; he is gone forth from his place to make thy land desolate; and thycities shall be laid waste, without an inhabitant.• 11 At that time shall it be said to this people and to Jerusalem, A dry wind ofthe high places in the wilderness toward the daughter of my people, not to fan,nor to cleanse,• 12 Even a full wind from those places shall come unto me: now also will I givesentence agamnst them.• 13 Behold, he shall come up as clouds, and his chariots shall be as awhirlwind: his horses are swifter than eagles. Woe unto us! for we aspoiled.
744	JEREMIAH 4:7, 11 - 13• 7 The lion is come up from his thicket, and the destroyer of the Gentiles ison his way; he is gone forth from his place to make thy land desolate; and thycities shall be laid waste, without an inhabitant.• 11 At that time shall it be said to this people and to Jerusalem, A dry wind ofthe high places in the wilderness toward the daughter of my people, not to fan,nor to cleanse,• 12 Even a full wind from those places shall come unto me: now also will I givesentence against them.• 13 Behold, he shall come up as clouds, and his chariots shall be as awhirlwind: his horses are swifter than eagles. Woe unto us! for we aspoiled.
750	JEREMIAH 4:7, 11 - 13• 7 The lion is come up from his thicket, and the destroyer of the Gentiles ison his way; he is gone forth from his place to make thy land desolate; and thycities shall be laid waste, without an inhabitant.• 11 At that time shall it be said to this people and to Jerusalem, A dry wind ofthe high places in the wilderness toward the daughter of my people, not to fan,nor to cleanse,• 12 Even a full wind from those places shall come unto me: now also will I givesentence against them.• 13 Behold, he shall come up as clouds, and his chariots shall be as awhirlwind: his horses are swifter than eagles. Woe unto us! for we aspoiled.
756	JEREMIAH 4:7, 11 - 13• 7 The lion is come up from his thicket, and the destroyer of the Gentiles ison his way; he is gone forth from his place to make thy land desolate; and thycities shall be laid waste, without an inhabitant.• 11 At that time shall it be said to this people and to Jerusalem, A dry wind ofthe high places in the wilderness toward the daughter of my people, not to fan,nor to cleanse,• 12 Even a full wind from those places shall come unto me: now also will I givesentence against them.• 13 Behold, he shall come up as clouds, and his chariots shall be as awhirlwind: his horses are swifter than eagles. Woe unto us! for we aspoiled.
762	JEREMIAH 4:7, 11 - 13• 7 The lion is come up from his thicket, and the destroyer of the Gentiles ison his way; he is gone forth from his place to make thy land desolate; and thycities shall be laid waste, without an inhabitant.• 11 At that time shall it be said to this people and to Jerusalem, A dry wind ofthe high places in the wilderness toward the daughter of my people, not to fan,nor to cleanse,• 12 Even a full wind from those places shall come unto me: now also will I givesentence against them.• 13 Behold, he shall come up as clouds, and his chariots shall be as awhirlwind: his horses are swifter than eagles. Woe unto us! for we aspoiled.
768	JEREMIAH 4:7, 11 - 13• 7 The lion is come up from his thicket, and the destroyer of the Gentiles ison his way; he is gone forth from his place to make thy land desolate; and thycities shall be laid waste, without an inhabitant.• 11 At that time shall it be said to this people and to Jerusalem, A dry wind ofthe high places in the wilderness toward the daughter of my people, not to fan,nor to cleanse,• 12 Even a full wind from those places shall come unto me: now also will I givesentence against them.• 13 Behold, he shall come up as clouds, and his chariots shall be as awhirlwind: his horses are swifter than eagles. Woe unto us! for we aspoiled.
774	Sign Up for notifications and study guides:finalcountdown.amazingdiscoveries.orgJEREMIAH 4:7, 11 - 13• 7 The lion is come up from his thicket, and the destroyer of the Gentiles ison his way; he is gone forth from his place to make thy land desolate; and thycities shall be laid waste, without an inhabitant.• 11 At that time shall it be said to this people and to Jerusalem, A dry wind ofnor to cleanse,• 12 Even a full wind from those places shall come unto me: now also will I givesentence against them.• 13 Behold, he shall come up as clouds, and his chariots shall be as awhirlwind: his horses are swifter than eagles. Woe unto us! for we arespoiled.
780	Sign Up for notifications and study guides:finalcountdown.amazingdiscoveries.orgJEREMIAH 4:7, 11 - 13• 7 The lion is come up from his thicket, and the destroyer of the Gentiles ison his way; he is gone forth from his place to make thy land desolate; and thycities shall be laid waste, without an inhabitant.• 11 At that time shall it be said to this people and to Jerusalem, A dry wind ofthe high places in the wilderness toward the daughter of my people, not to fan,nor to cleanse,• 12 Even a full wind from those places shall come unto me: now also will I givesentence against them.• 13 Behold, he shall come up as clouds, and his chariots shall be as awhirlwind: his horses are swifter than eagles. Woe unto us! for we arespoiled.
786	Sign Up for notifications and study guides:finalcountdown.amazingdiscoveries.orgJEREMIAH 4:7, 11 - 13• 7 The lion is come up from his thicket, and the destrover of the Gentiles ison his way; he is gone forth from his place to make thy land desolate; and thycitics shall be laid waste, without an inhabitant.• 11 At that time shall it be said to this people and to Jerusalem, A dry wind ofthe high places in the wilderness toward the daughter of my people, not to fan,nor to cleanse,• 12 Even a full wind from those places shall come unto me: now also will I givesentence agaist them.• 13 Behold, he shall come up as clouds, and his chariots shall be as awhirlwind: his horses are swifter than eagles. Woe unto us! for we arespoiled.
792	Sign Up for notifications and study guides:finalcountdown.amazingdiscoveries.orgJEREMIAH 4:7, 11 - 13• 7 The lion is come up from his thicket, and the destroyer of the Gentiles ison his way; he is gone forth from his place to make thy land desolate; and thycities shall be laid waste, without an inhabitant.• 11 At that time shall it be said to this people and to Jerusalem, A dry wind ofnor to cleanse,• 12 Even a full wind from those places shall come unto me: now also will I givesentence against them.• 13 Behold, he shall come up as clouds, and his chariots shall be as awhirlwind: his horses are swifter than eagles. Woe unto us! for we arespoiled.
798	JOEL 1:4-6• 4 That which the palmerworm hath left hath the locust eaten:and that which the locust hath left hath the cankerworm eaten;and that which the cankerworm hath left hath the caterpillereaten.• 5 Awake, ve drunkards, and weep; and howl, all ye drinkers ofwille, because of the new wine; for it is cut off from your mouth.• 6 For a nation is come up upon my land, strong, and withoutnumber, whose teeth are the teeth of a lion, and he hath thecheck teeth of a great lion.
804	JOEL 1:4-6• 4 That which the palmerworm hath left hath the locust eaten;and that which the locust hath left hath the cankerworm eaten;and that which the cankerworm hath left hath the caterpillercaten.• 5 Awake, ye drunkards, and weep; and howl, all ye drinkers ofwine, because of the new wine; for it is cut off from your mouth.• 6 For a nation is come up upon my land, strong, and withoutnumber, whose teeth are the teeth of a lion, and he hath thecheck teeth of a great lion.
810	JOEL 1:4-6• 4 That which the palmerworm hath left hath the locust eaten;and that which the locust hath left hath the cankerworm eaten;and that which the cankerworm hath left hath the caterpillercaten.• 5 Awake, ye drunkards, and weep; and howl, all ye drinkers ofwine, because of the new wine; for it is cut off from your mouth.• 6 For a nation is come up upon my land, strong, and withoutnumber, whose teeth are the tecth of a lion, and he hath thecheck teeth of a great lion.
816	JOEL 1:4-6• 4 That which the palmerworm hath left hath the locust eaten;and that which the locust hath left hath the cankerworm eaten;and that which the cankerworm hath left hath the caterpillercalen.• 5 Awake, ye drunkards, and weep; and howl, all ye drinkers ofwine, because of the new wine; for it is cut off from your mouth.• 6 For a nation is come up upon my land, strong, and withoutnumber, whose teeth are the teeth of a lion, and he hath thecheck teeth of a great lion.
822	JOEL 1:4-6• 4 That which the palmerworm hath left hath the locust eaten;and that which the locust hath left hath the cankerworm caten;and that which the cankerworm hath left hath the caterpillercaten.• 5 Awake, ye drunkards, and weep; and howl, all ye drinkers ofwine, because of the new wine; for it is cut off from your mouth.• 6 For a nation is come up upon my land, strong, and withoutnumber, whose teeth are the teeth of a lion, and he hath thecheck teeth of a great lion.
828	JOEL 1:4-6• 4 That which the palmerworm hath left hath the locust eaten;and that which the locust hath left hath the cankerworm eaten;and that which the cankerworm hath left hath the caterpillercaten.• 5 Awake, ye drunkards, and weep; and howl, all ye drinkers ofwine, because of the new wine; for it is cut off from your mouth.• 6 For a nation is come up upon my land, strong, and withoutnumber, whose teeth are the teeth of a lion, and he hath thecheck teeth of a great lion.
834	JOEL 1:4-6• 4 That which the palmerworm hath left hath the locust eaten;and they. which the locust hath left hath the cankerworm eaten;and that which the cankerworm hath left hath the caterpillercalen.• 5 Awake, ye drunkards, and weep; and howl, all ye drinkers ofwine, because of the new wine; for it is cut off from your mouth.• 6 For a nation is come up upon my land, strong, and withoutnumber, whose teeth are the teeth of a lion, and he hath thecheck teeth of a great lion.900 99
840	JOEL 1:4-6• 4 That which the palmerworm hath left hath the locust eaten;and that which the locust hath left hath the cankerworm eaten;and that which the cankerworm hath left hath the caterpillercaten.• 5 Awake, ye drunkards, and weep; and howl, all ye drinkers ofwine, because of the new wine; for it is cut off from your mouth.• 6 For a nation is come up upon my land, strong, and withoutnumber, whose teeth are the teeth of a lion, and he hath thecheck teeth of a great lion.0000309
846	JOEL 1:4-6• 4 That which the palmerworm hath left hath the locust eaten;and that which the locust hath left hath the cankerworm eaten;and that which the cankerworm hath left hath the caterpiller• 5 Awake, ye drunkards, and weep; and howl, all ye drinkers ofwine, because of the new wine; for it is cut off from your mouth.• 6 For a nation is come up upon my land, strong, and withoutnumber, whose teeth are the teeth of a lion, and he hath thecheck teeth of a great lion.000590
852	JOEL 1:4-6• 4 That which the palmerworm hath left hath the locust eaten;and that which the locust hath left hath the cankerworm eaten;and that which the cankerworm hath left hath the caterpillercaten.• 5 Awake, ye drunkards, and weep; and howl, all ye drinkers ofwine, because of the new wine; for it is cut off from your mouth.• 6 For a nation is come up upon my land, strong, and withoutnumber, whose teeth are the teeth of a lion, and he hath thecheck teeth of a great lion.
858	JOEL 1:4-6• 4 That which the palmerworm hath left hath the locust eaten;and that which the locust hath left hath the cankerworm eaten;and that which the cankerworm hath left hath the caterpillercaten.• 5 Awake, ye drunkards, and weep; and howl, all ye drinkers ofwine, because of the new wine; for it is cut off from your mouth.• 6 For a nation is come up upon my land, strong, and withoutnumber, whose teeth are the teeth of a lion, and he hath thecheck teeth of a great lion.
864	JOEL 1:4-6• 4 That which the palmerworm hath left hath the locust eaten;and that which the locust hath left hath the cankerworm eaten;and that which the cankerworm hath left hath the caterpillercalen.• 5 Awake, ye drunkards, and weep; and howl, all ye drinkers ofwine, because of the new wine; for it is cut off from your mouth.• 6 For a nation is come up upon my land, strong, and withoutnumber, whose teeth are the teeth of a lion, and he hath thecheck teeth of a great lion.
870	JOEL 1:4-6• 4 That which the palmerworm hath left hath the locust eaten;and that which the locust hath left hath the cankerworm eaten;and that which the cankerworm hath left hath the caterpillercaten.• 5 Awake, ye drunkardS, and weep; and howl, all ye drinkers ofwine, because of the new wine; for it is cut off from your mouth.• 6 For a nation is come up upon my land, strong, and withoutnumber, whose teeth are the teeth of a lion, and he hath thecheck teeth of a great lion.0000950 -
876	JOEL 1:4-6• 4 That which the palmerworm hath left hath the locust eaten;and that which the locust hath left hath the cankerworm eaten;and that which the cankerworm hath left hath the caterpillercaten.• 5 Awake, ye drunkards, and weep; and howl, all ye drinkers ofwine, because of the new wine; for it is cut off from your mouth.• 6 For a nation is come up upon my land, strong, and withoutnumber, whose teeth are the tecth of a lion, and he hath thecheck teeth of a great lion.0005300
882	JOEL 1:4-6• 4 That which the palmerworm hath left hath the locust eaten;and that which the locust hath left hath the cankerworm caten;and that which the cankerworm hath left hath the caterpillercaten.• 5 Awake, ye drunkards, and weep; and howl, all ye drinkers ofwine, because of the new wine; for it is cut off from your mouth.• 6 For a nation is comc up upon my land, strong, and withoutnumber, whose teeth are the teeth of a lion, and he hath thecheck teeth of a great lion.
888	JOEL 1:4-6• 4 That which the palmerworm hath left hath the locust eaten;and that which the locust hath left hath the cankerworm eaten;and that which the cankerworm hath left hath the caterpillercaten.• 5 Awake, ye drunkards, and weep; and howl, all ye drinkers ofwine, because of the new wine; for it is cut off from your mouth.• 6 For a nation is come up upon my land, strong, and withoutnumber, whose teeth are the teeth of a lion, and he hath thecheck teeth of a great lion.00003
894	JOEL 1:4-6• 4 That which the palmerworm hath left hath the locust eaten;and that which the locust hath left hath the cankerworm eaten;and that which the cankerworm hath left hath the caterpillercaten.• 5 Awake, ye drunkards, and weep; and howl, all ye drinkers ofwine, because of the new wine; for it is eft off from your mouth.• 6 For a nation is come up upon my land, strong, and withoutnumber, whose teeth are the tecth of a lion, and he hath thecheck teeth of a great lion.000081
900	JOEL 1:4-6• 4 That which the palmerworm hath left hath the locust eaten;and that which the locust hath left hath the cankerworm eaten;and that which the cankerworm hath left hath the caterpillercaten.• 5 Awake, ye drunkards, and weep; and howl, all ye drinkers ofwine, because of the new wine; for it is cut off from your mouth.• 6 For a nation is come up upon my land, strong, and withoutnumber, whose teeth are the teeth of a lion, and he hath thecheck teeth of a great lion.0005300
906	JOEL 1:4-6• 4 That which the palmerworm hath left hath the locust eaten;and that which the locust hath left hath the cankerworm eaten;and that which the cankerworm hath left hath the caterpillercaten.• 5 Awake, ye drunkards, and weep; and howl, all ye drinkers ofwine, because of the new wine; for it is cut off from your mouth.• 6 Foça nation is come up upon my land, strong, and withoutnumber, whose teeth are the teeth of a lion, and he hath thecheck teeth of a great lion.00008505
912	JOEL 1:4-6• 4 That which the palmerworm hath left hath the locust eaten;and that which the locust hath left hath the cankerworm eaten;and that which the cankerworm hath left hath the caterpillercaten.• 5 Awake, ye drunkards, and weep; and howl, all ye drinkers ofwine, because of the new wine; for it is cut off from your mouth.• 6 For a nation is come up upon my land, strong, and withoutnumber, whose teeth are the teeth of a lion, and he hath thecheck teeth of a great lion.000090
918	JOEL 1:4-6• 4 That which the palmerworm hath left hath the locust eaten;and that which the locust hath left hath the cankerworm eaten;and that which the cankerworm hath left hath the caterpillercaten.• 5 Awake, ye drunkards, and weep; and howl, all ye drinkers ofwine, because of the new wine; for it is cut off from your mouth.• 6 For a nation is come up upon my land, strong, and withoutnumber, whose teeth are the teeth of a lion, and he hath thecheck teeth of a great lion.
924	JOEL 1:4-6• 4 That which the palmerworm hath left hath the locust eaten;and that which the locust hath left hath the cankerworm eaten;and that which the cankerworm hath left hath the caterpillercaten.• 5 Awake, ye drunkards, and weep; and howl, all ye drinkers ofwine, because of the new wine; for it is cut off from your mouth.• 6 For a nation is come up upon my land, strong, and withoutnumber, whose teeth are the teeth of a lion, and he hath thecheck teeth of a great lion.0 04 991
930	JOEL 1:4-6• 4 That which the palmerworm hath left hath the locust eaten;and that which the locust hath left hath the cankerworm eaten;and that which the cankerworm hath left hath the caterpillercalen.• 5 Awake, ye drunkards, and weep; and howl, all ye drinkers ofwine, because of the new wine; for it is cut off from your mouth.• 6 For a nation is come up upon my land, strong, and withoutnumber, whose teeth are the teeth of a lion, and he hath thecheck teeth of a great lion.0005800
936	JOEL 1:4-6• 4 That which the palmerworm hath left hath the locust eaten;and that which the locust hath left hath the cankerworm caten;and that which the cankerworm hath left hath the caterpillercaten.• 5 Awake, ye drunkards, and weep; and howl, all ye drinkers ofwine, because of the new wine; for it is cut off from your mouth.• 6 For a nation is come up upon my land, strong, and withoutnumber, whose teeth are the teeth of a lion, and he hath thecheck teeth of a great lion.007080
942	JOEL 1:4-6• 4 That which the palmerworm hath left hath the locust eaten;and that which the locust hath left hath the cankerworm eaten;and that which the cankerworm hath left hath the caterpillercalen.• 5 Awake, ye drunkards, and weep; and howl, all ye drinkers ofwine, because of the new wine; for it is cut off from your mouth.• 6 For a nation is come up upon my land, strong, and withoutnumber, whose teeth are the teeth of a lion, and he hath thecheck teeth of a great lion.
948	JOEL 1:4-6• 4 That which the palmerworm hath left hath the locust eaten;and that which the locust hath left hath the cankerworm eaten;and that which the cankerworm hath left hath the caterpillercaten.• 5 Awake, ye drunkards, and weep; and howl, all ye drinkers ofwine, because of the new wine; for it is cut off from your mouth.• 6 For a nation is come up upon my land, strong, and withoutnumber, whose teeth are the teeth of a lion, and he hath thecheck teeth of a great lion.
954	JOEL 1:4-6• 4 That which the palmerworm hath left hath the locust eaten;and that which the locust hath left hath the cankerworm eaten;and that which the cankerworm hath left hath the caterpillercaten.• 5 Awake, ye drunkards, and weep; and howl, all ye drinkers ofwine, because of the new wine; for it is cut off from your mouth.• 6 For a nation is come up upon my land, strong, and withoutnumber, whose teeth are the teeth of a lion, and he hath thecheck teeth of a great lion.00109009
960	JOEL 2:1-5• 1 Blow ye the trumpet in Zion, and sound an alarm in myholy mountain: let all the inhabitants of the land tremble:for the day of the Lord cometh, for it is nigh at hand;• 2 A day ol darkness and ol gloominess, a day ofclouds and of thick darkness, as the morning spread uponthe mountains: a great people and a strong; there hath notbeen ever the like, neither shall be any more after it, evento the years of many generations.0070g
966	JOEL 2:1-5• 1 Blow ye the trumpet in Zion, and sound an alarm in myholy mountain: let all the inhabitants of the land tremble:for the day of the Lord cometh, for it is nigh at hand;• 2 A day of darkness and ol gloominess, a day ofclouds and of thick darkness, as the morning spread uponthe mountains: a great people and a strong; there hath notbeen ever the like, neither shall be any more after it, evento the years of many generations.0000900
972	JOEL 2:1-5• 1 Blow ye the trumpet in Zion, and sound an alarm in myholy mountain: let all the inhabitants of the land tremble:for the day of the Lord cometh, for it is nigh at hand;• 2 A day of darkness and of gloominess, a day ofclouds and of thick darkness, as the morning spread uponthe mountains: a great people and a strong; there hath notbeen ever the like, neither shall be any more alter it, evento the years of many generations.0000900
978	JOEL 2:1-5• 1 Blow ye the trumpet in Zion, and sound an alarm in myholy mountain: let all the inhabitants of the land tremble:for the day of the Lord cometh, for it is nigh at hand;• 2 A day of darkness and ol gloominess, a day ofclouds and of thick darkness, as the morning spread uponthe mountains: a great people and a strong; there hath notbeen ever the like, neither shall be any more after it, evento the years of many generations.
984	
990	
996	
1002	
1008	
1014	
1020	
1026	
1032	
1038	
1044	
1050	
1056	
1062	
1068	
1074	
1080	
1086	
1092	
1098	
1104	JOEL 2:1-5• 1 Blow ye the trumpet in Zion, and sound an alarm in myholy mountain: let all the inhabitants of the land tremble:for the day of the Lord cometh, for it is nigh at hand;• 2 A day of darkness and ol gloominess, a day ofclouds and of thick darkness, as the morning spread uponthe mountains: a great people and a strong; there hath notbeen ever the like, neither shall be any more after it, evento the years of many generations.00709
1110	JOEL 2:1-5• 1 Blow ye the trumpet in Zion, and sound an alarm in myholy mountain: let all the inhabitants of the land tremble:for the day of the Lord cometh, for it is nigh at hand;• 2 A day of darkness and ol gloominess, a day ofclouds and of thick darkness, as the morning spread uponthe mountains: a great people and a strong; there hath notbeen ever the like, neither shall be any more alter it, evento the years of many generations.000090S
1116	JOEL 2:1-5• 1 Blow ye the trumpet in Zion, and sound an alarm in myholy mountain: let all the inhabitants of the land tremble:for the day of the Lord cometh, for it is nigh at hand;• 2 A day of darkness and of gloominess, a day ofclouds and of thick darkness, as the morning spread uponthe mountains: a great people and a strong; there hath notbeen ever the like, neither shall be any more after it, evento the years of many generations.0010330
1122	JOEL 2:1-5• 1 Blow ye the trumpet in Zion, and sound an alarm in myholy mountain: let all the inhabitants of the land tremble:for the day of the Lord cometh, for it is nigh at hand;• 2 A day of darkness and ol gloominess, a day ofclouds and of thick darkness, as the morning spread uponthe mountains: a great people and a strong; there hath notbeen ever the like, neither shalibe any more after it, evento the years of many generations.000030
1128	JOEL 2:1-5• 1 Blow ye the trumpet in Zion, and sound an alarm in myholy mountain: let all the inhabitants of the land tremble:for the day of the Lord cometh, for it is nigh at hand;• 2 A day of darkness and ol gloominess, a day ofclouds and of thick darkness, as the morning spread uponthe mountains: a great people and a strong; there hath notbeen ever the like, neither shall be any more after it, evento the years of many generations.0000900
1134	JOEL 2:1-5• 3 A fire devoureth before them; and behind them a flameburneth: the land is as the gadden of Eden before them,and behind them a desolate wilderness; yea, and nothingshall escape them.• 4 The appearance of them is as the appearance of horses; andas horsemen, so shall they run.• 5 Like the noise of chariots on the tops of mountains shallthey leap, like the noise of a flame of fire that devoureth thestubble, as a strong people set in battle array.0005300
1140	JOEL 2:1-5• 3 A fire devoureth before them; and behind them a flameburneth: the land is as the garden of Eden before them,and behind them a desolate wilderness; yea, and nothingshall escape them.• 4 The appearance of them is as the appearance of horses; andas horsemen, so shall they run.• 5 Like the noise of chariots on the tops of mountains shallthey leap, like the noise of a flame of fire that devoureth thestubble, as a strong people set in battle array.001000
1146	JOEL 2:1-5• 3 A fire devoureth before them; and behind them a flameburneth: the land is as the garden of Eden before them,and behind them a desolate wilderness; yca, and nothingshall escape them.• 4 The appearance of them is as the appearance of horses; andas horsemen, so shall they run.• 5 Like the noise of chariots on the tops of mountains shallthey leap, like the noise of a flame of fire that devoureth thestubble, as a strong people set in battle array.00003
1152	JOEL 2:1-5• 3 A fire devoureth before them; and behind them a flameburneth: the land is as the garden of Eden before them,and behind them a desolate wilderness; yca, and nothingshall escape them.• 4 The appearance of them is as the appearance of horses; andas horsemen, so shall they run.• 5 Like the noise of chariots on the tops of mountains shallthey leap, like the noise of a flame of fire that devoureth thestubble, as a strong people set in battle array.
1158	JOEL 2:1-5• 3 A fire devoureth before them; and behind them a flameburneth: the land is as the garden of Eden before them,and behind them a desolate wilderness; yca, and nothingshall escape them.• 4 The appearance of them is as the, appearance of horses; andas horsemen, so shall they run.• 5 Like the noise of chariots on the tops of mountains shallthey leap, like the noise of a flame of fire that devoureth thestubble, as a strong people set in battle array.0 00 0 9
1164	JOEL 2:1-5• 3 A fire devoureth before them; and behind them a flameburneth: the land is as the garden of Eden before them,and behind them a desolate wilderness; yea, and nothingshall escape them.• 4 The appearance of them is as the appearance of horses; andas horsemen, so shall they run.• 5 Like the noise of chariots on the tops of mountains shallthey leap, like the noise of a flame of fire that devoureth thestubble, as a strong people set in battle array.00008
1170	JOEL 2:1-5• 3 A fire devoureth before them; and behind them a flameburneth: the land is as the garden of Eden before them,and behind them a desolate wilderness; yca, and nothingshall escape them.• 4 The appearance of them is as the appearance of horses; andas horsemen, so shall they run.• 5 Like the noise of chariots on the tops of mountains shallthey leap, like the noise of a flame of fire that devoureth thestubble, as a strong people set in battle array.0000800
1176	JOEL 2:1-5• 3 A fire devoureth before them; and behind them a flameburneth: the land is as the garden of Eden before them,and bchind them a desolate wilderness; yca, and nothingshall escape them.• 4 The appearance of them is as the appearance of horses; andas horsemen, so shall they run.• 5 Like the noise of chariots on the tops of mountains shallthey leep, like the noise of a flame of fire that devoureth thestubble, as a strong people set in battle array.00003503
1182	JOEL 2:1-5• 3 A fire devoureth before them; and behind them a flameburneth: the land is as the garden of Eden before them,and behind them a desolate wilderness; yca, and nothingshall escape them.• 4 The appearance of them is as the appearance of horses; andas horsemen, so shall they run.• 5 Like the noise of chariots on the tops of mountains shallthey leap, like the noise of a flame of fire that devoureth thestubble, as a strong people set in battle array.00009000
1188	JOEL 2:1-5• 3 A fire devoureth before them; and behind them a flameburneth: the land is as the garden of Eden before them,and behind them a desolate wilderness; yca, and nothingshall escape them.• 4 The appearance of them is as the appearance of horses; andas horsemen, so shall they run.• 5 Like the noise of chariots on the tops of mountains shallthey leap, like the noise of a flame of fire that devoureth thestubble, as a strong people set in battle array.0000300
1194	JOEL 2:1-5• 3 A fire devoureth before them; and behind them a flameburneth: the land is as the garden of Eden before them,and behind them a desolate wilderness; yea, and nothingshall escape them.• 4 The appearance of them is as the appearance of horses; andas horsemen, so shall they run.• 5 Like the noise of chariots on the tops of mountains shallthey leap, like the noise of a flame of fire that devoureth thestubble, as a strong people set in battle array.
1200	REVELATION 9:2-4• 2 And he opened the bottomless pit; and there arose a smoke out ofthe pit, as the smoke of a great furnace; and the sun and the air weredarkened by reason of the smoke of the pit.• 3 And there came out of the smoke locusts upon the earth: and untothem was given power, as the scorpions of the earth have power.• 4 And it was commanded them that they should not hurt the grass ofthe earth, neither any green thing, neither any tree; but onlythose men which have not the seal of God in their foreheads.
1206	REVELATION 9:2-4• 2 And he opened the bottomless pit; and there arose a smoke out ofthe pit, as the smoke of a great furnace; and the sun and the air weredarkened by reason of the smoke of the pit.• 3 And there came out of the smoke locusts upon the earth: and untothem was given power, as the scorpions of the earth have power.• 4 And it was commanded them that they should not hurt the grass ofthe earth, neither any green thing, neither any tree; but onlythose men which have not the seal of God in their foreheads.
1212	REVELATION 9:2-4• 2 And he opened the bottomless pit; and there arose a smoke out ofthe pit, as the smoke of a great furnace; and the sun and the air weredarkened by reason of the smoke of the pit.• 3 And there came out of the smoke locusts upon the earth: and untothem was given power, as the scorpions of the earth have power.• 4 And it was commanded them that they should not hurt the grass ofthe earth, neither any green thing, neither any tree; but onlythose men which have not the seal of God in their foreheads.
1218	REVELATION 9:2-4• 2 And he opened the bottomless pit; and there arose a smoke out ofthe pit, as the smoke of a great furnace; and the sun and the air weredarkened by reason of the smoke of the pit.• 3 And there came out of the smoke locusts upon the earth: and untothem was given power, as the scorpions of the earth have power.• 4 And it was commanded them that they should not hurt the grass ofthe earth, neither any green thing, neither any tree; but onlythose men which have not the seal of God in their foreheads.
1224	REVELATION 9:2-4• 2 And he opened the bottomless pit; and there arose a smoke out ofthe pit, as the smoke of a great furnace; and the sun and the air weredarkened by reason of the smoke of the pit.• 3 And there came out of the smoke locusts upon the earth: and untothem was given power, as the scorpions of the earth have power.• 4 And it was commanded them that they should not hurt the grass ofthe earth, neither any green thing, neither any tree; but onlythose men which have not the seal of God in their foreheads.
1230	REVELATION 9:2-4• 2 And he opened the bottomless pit; and there arose a smoke out ofthe pit, as the smoke of a great furnace; and the sun and the air weredarkened by reason of the smoke of the pit.• 3 And there came out of the smoke locusts upon the earth: and untothem was given power, as the scorpions of the earth have power.• 4 And it was commanded them that they should not hurt the grass ofthe earth, neither any green thing, neither any tree; but onlythose men which have not the seal of God in their foreheads.
1236	REVELATION 9:2-4• 2 And he opened the bottomless pit; and there arose a smoke out ofthe pit, as the smoke of a great furnace; and the sun and the air weredarkened by reason of the smoke of the pit.• 3 And there came out of the smoke locusts upon the earth: and untothem was given power, as the scorpions of the earth have power.• 4 And it was commanded them that they should not hurt the grass ofthe earth, neither any green thing, neither any tree; but onlythose men which have not the seal of God in their toreheads.
1242	REVELATION 9:2-4• 2 And he opened the bottomless pit; and there arose a smoke out ofthe pit, as the smoke of a great furnace; and the sun and the air weredarkened by reason of the smoke of the pit.• 3 And there came out of the smoke locusts upon the earth: and untothem was given power, as the scorpions of the earth have power.• 4 And it was commanded them that they should not hurt the grass ofthe earth, neither any green thing, neither any tree; but onlythose men which have not the seal of God in their foreheads.
1248	REVELATION 9:2-4• 2 And he opened the bottomless pit; and there arose a smoke out ofthe pit, as the smoke of a great furnace; and the sun and the air weredarkened by reason of the smoke of the pit.• 3 And there came out of the smoke locusts upon the earth: and untothem was given power, as the scorpions of the earth have power.• 4 And it was commanded them that they should not hurt the grass ofthe earth, neither any green thing, neither any tree; but onlythose men which have not the seal of God in their foreheads.
1254	REVELATION 9:2-4• 2 And he opened the bottomless pit; and there arose a smoke out ofthe pit, as the smoke of a great furnace; and the sun and the air weredarkened by reason of the smoke of the pit.• 3 And there came out of the smoke locusts upon the earth: and untothem was given power, as the scorpions of the earth have power.• 4 And it was commanded them that they should not hurt the grass ofthe earth, neither any green thing, neither any tree; but onlythose men which have not the seal of God in their foreheads.
1260	REVELATION 9:2-4• 2 And he opened the bottomless pit; and there arose a smoke out ofthe pit, as the smoke of a great furnace; and the sun and the air weredarkened by reason of the smoke of the pit.• 3 And there came out of the smoke locusts upon the earth: and untothem was given power, as the scorpions of the earth have power.• 4 And it was commanded them that they should not hurt the grass ofthe earth, neither any green thing, neither any tree; but onlythose men which have not the seal of God in their foreheads.
1266	REVELATION 9:2-4• 2 And he opened the bottomless pit; and there arose a smoke out ofthe pit, as the smoke of a great furnace; and the sun and the air weredarkened by reason of the smoke of the pit.• 3 And there came out of the smoke locusts upon the earth: and untothem was given power, as the scorpions of the earth have power.• 4 And it was commanded them that they should not hurt the grass ofthe earth, neither any green thing, neither any tree; but onlythose men which have not the seal of God in their foreheads.
1272	REVELATION 9:7-9• 7 And the shapes of the locusts were like unto horsesprepared unto battle; and on their heads were as it werecrowns like gold, and their faces were as the faces of men.• 8 And they had hair as the hair of women, and their teethwere as the teeth of lions.• 9 And they had breastplates, as it were breastplates of iron;and the sound of their wings was as the sound ofchariots of many horses running to battle.
1278	REVELATION 9:7-9• 7 And the shapes of the locusts were like unto horsesprepared unto battle; and on their heads were as it werecrowns like gold, and their faces were as the faces of men.• 8 And they had hair as the hair of women, and their teethwere as the teeth of lions.• 9 And they had breastplates, as it were breastplates of iron;and the sound of their wings was as the sound ofchariots of many horses running to battle.
1284	REVELATION 9:7-9• 7 And the shapes of the locusts were like unto horsesprepared unto battle; and on their heads were as it werecrowns like gold, and their faces were as the faces of men.• 8 And they had hair as the hair of women, and their teethwere as the teeth of lions.• 9 And they had breastplates, as it were breastplates of iron;and the sound of their wings was as the sound ofchariots of many horses running to battle.
1290	REVELATION 9:7-9• 7 And the shapes of the locusts were like unto horsesprepared unto battle; and on their heads were as it werecrowns like gold, and their faces were as the faces of men.• 8 And they had hair as the hair of women, and their teethwere as the teeth of lions.• 9 And they had breastplates, as it were breastplates of iron;and the sound of their wings was as the sound ofchariots of many horses running to battle.
1296	REVELATION 9:7-9• 7 And the shapes of the locusts were like unto horsesprepared unto battle; and on their heads were as it werecrowns like gold, and their faces were as the faces of men.• 8 And they had hair as the hair of women, and their teethwere as the teeth of lions.• 9 And they had breastplates, as it were breastplates of iron;and the sound of their wings was as the sound ofchariots of many horses running to battle.
1302	REVELATION 9:7-9• 7 And the shapes of the locusts were like unto horsesprepared unto battle; and on their heads were as it werecrowns like gold, and their faces were as the faces of men.• 8 And they had hair as the hair of women, and their teethwere as the teeth of lions.• 9 And they had breastplates, as it were breastplates of iron;and the sound of their wings was as the sound ofchariots of many horses running to battle.
1308	REVELATION 9:7-9• 7 And the shapes of the locusts were like unto horsesprepared unto battle; and on their heads were as it werecrowns like gold, and their faces were as the faces of men.• 8 And they had hair as the hair of women, and their teethwere as the teeth of lions.• 9 And they had breastplates, as it were breastplates of iron;and the sound of their wings was as the sound ofchariots of many horses running to battle.
1314	REVELATION 9:7-9• 7 And the shapes of the locusts were like unto horsesprepared unto battle; and on their heads were as it werecrowns like gold, and their faces were as the faces of men.• 8 And they had hair as the hair of women, and their teethwere as the teeth of lions.• 9 And they had breastplates, as it were breastplates of iron;and the sound of their wings was as the sound ofchariots of many horses running to battle.
1320	REVELATION 9:7-9• 7 And the shapes of the locusts were like unto horsesprepared unto battle; and on their heads were as it werecrowns like gold, and their faces were as the faces of men.• 8 And they had hair as the hair of women, and their teethwere as the teeth of lions.• 9 And they had breastplates, as it were breastplates of iron;and the sound of their wings was as the sound ofchariots of many horses running to battle.
1326	REVELATION 9:7-9• 7 And the shapes of the locusts were like unto horsesprepared unto battle; and on their heads were as it werecrowns like gold, and their faces were as the faces of men.• 8 And they had hair as the hair of women, and their teethwere as the teeth of lions.• 9 And they had breastplates, as it were breastplates of iron;and the sound of their wings was as the sound ofchariots of many horses running to battle.
1332	REVELATION 9:7-9• 7 And the shapes of the locusts were like unto horsesprepared unto battle; and on their heads were as it werecrowns like gold, and their faces were as the faces of men.• 8 And they had hair as the hair of women, and their teethwere as the teeth of lions.• 9 And they had breastplates, as it were breastplates of iron;and the sound of their wings was as the sound ofchariots of many horses running to battle.
1338	REVELATION 9:7-9• 7 And the shapes of the locusts were like unto horsesprepared unto battle; and on their heads were as it werecrowns like gold, and their faces were as the faces of men.• 8 And they had hair as the hair of women, and their teethwere as the teeth of lions.• 9 And they had breastplates, as it were breastplates of iron;and the sound of their wings was as the sound ofchariots of many horses running to battle.
1344	REVELATION 9:7-9• 7 And the shapes of the locusts were like unto horsesprepared unto battle; and on their heads were as it werecrowns like gold, and their faces were as the faces of men.• 8 And they had hair as the hair of women, and their teethwere as the teeth of lions.• 9 And they had breastplates, as it were breastplates of iron;and the sound of their wings was as the sound ofchariots of many horses running to battle.
1350	REVELATION 9:7-9• 7 And the shapes of the locusts were like unto horsesprepared unto battle; and on their heads were as it werecrowns like gold, and their faces were as the laces of men.• 8 And they had hair as the hair of women, and their teethwere as the teeth of lions.• 9 And they had breastplates, as it were breastplates of iron;and the sound of their wings was as the sound ofchariots of many horses running to battle.
1356	REVELATION 9:7-9• 7 And the shapes of the locusts were like unto horsesprepared unto battle; and on their heads were as it werecrowns like gold, and their faces were as the faces of men.• 8 And they had hair as the hair of women, and their teethwere as the teeth of lions.• 9 And they had breastplates, as it were breastplates of iron;and the sound of their wings was as the sound ofchariots of many horses running to battle.
1362	REVELATION 9:7-9• 7 And the shapes of the locusts were like unto horsesprepared unto battle; and on their heads were as it werecrowns like gold, and their faces were as the laces of men.• 8 And they had hair as the hair of women, and their teethwere as the teeth of lions.• 9 And they had breastplates, as it were breastplates of iron;and the sound of their wings was as the sound ofchariots of many horses running to battle.
1368	REVELATION 9:7-9• 7 And the shapes of the locusts were like unto horsesprepared unto battle; and on their heads were as it werecrowns like gold, and their faces were as the faces of men.• 8 And they had hair as the hair of women, and their teethwere as the teeth of lions.• 9 And they had breastplates, as it were breastplates of iron;and the sound of their wings was as the sound ofchariots of many horses running to battle.
1374	
1380	
1386	REVELATION 9:7-9• 7 And the shapes of the locusts were like unto horsesprepared unto battle; and on their heads were as it werecrowns like gold, and their faces were as the faces of men.• 8 And they had hair as the hair of women, and their teethwere as the teeth of lions.• 9 And they had breastplates, as it were breastplates of iron;and the sound of their wings was as the sound ofchariots of many horses running to battle.
1392	REVELATION 9:7-9• 7 And the shapes of the locusts were like unto horsesprepared unto battle; and on their heads were as it werecrowns like gold, and their faces were as the faces of men.• 8 And they had hair as the hair of women, and their teethwere as the teeth of lions.• 9 And they had breastplates, as it were breastplates of iron;and the sound of their wings was as the sound ofchariots of many horses running to battle.
1398	GREAT CONTROVERSY P.334, 335• In the year 1840 another remarkable fulfillment ofprophecy excited widespread interest. Two years before,Josiah Litch, one of the leading ministers preaching thesecond advent, published an exposition of Revelation 9,predicting the fall of the Ottoman Empire.• At the very time specilied, Turkey, through herambassadors, accepted the protection of the allied powersof Europe, and thus placed herself under the control ofChristian nations. The event exactly fulfilled the prediction.
1404	GREAT CONTROVERSY P.334, 335• In the ycar 1840 another remarkable fulfillment ofprophecy excited widespread interest. Two years before,Josiah Litch, one of the leading ministers preaching thesecond advent, published an exposition of Revelation 9,predicting the fall of the Ottoman Empire.• At the very time specilied, Turkey, through herambassadors, accepted the protection of the allied powersof Europe, and thus placed herself under the control ofChristian nations. The event exactly fulfilled the prediction.0009850
1410	GREAT CONTROVERSY P.334, 335• In the year 1840 another remarkable fulfillment ofprophecy excited widespread interest. Two years before,Josiah Litch, one of the leading ministers preaching thesecond advent, published an exposition of Revelation 9,predicting the fall of the Ottoman Empire.• At the very time specified, Turkey, through herambassadors, accepted the protection of the allied powersof Europe, and thus placed herself under the control ofChristian nations. The event exactly fulfilled the prediction.000092
1416	GREAT CONTROVERSY P.334, 335• In the year 1840 another remarkable fulfillment ofprophecy excited widespread interest. Two years before,Josiah Litch, one of the leading ministers preaching thesecond advent, published an exposition of Revelation 9predicting the fall of the Ottoman Empire.• At the very time specilied, Turkey, through herambassadors, accepted the protection of the allied powersof Europe, and thus placed herself under the control ofChristian nations. The event exactly fulfilled the prediction.00058000
1422	GREAT CONTROVERSY P.334, 335• In the year 1840 another remarkable fulfillment ofprophecy excited widespread interest. Two years before,Josiah Litch, one of the leading ministers preaching thesecond advent, published an exposition of Revelation 9,predicting the fall of the Ottoman Empire.• At the very time specilied, Turkey, through hermbassadors, accepted the protection of the allied power.of Europe, and thus placed herself under the control ofChristian nations. The event exactly fulfilled the prediction.00058003
1428	GREAT CONTROVERSY P.334, 335• In the year 1840 another remarkable fulfillment ofprophecy excited widespread interest. Two years before,Josiah Litch, one of the leading ministers preaching thesecond advent, published an exposition of Revelation 9,predicting the fall of the Ottoman Empire.• At the very time specified, Turkey, through herambassadors, accepted the protection of the allied powersof Europe, and thus placed herself under the control ofChristian nations. The event exactly fulfillee the prediction.0005300
1434	GREAT CONTROVERSY P.334, 335• In the year 1840 another remarkable fulfillment ofprophecy excited widespread interest. Two years before,Josiah Litch, one of the leading ministers preaching thesecond advent, published an exposition of Revelation 9,predicting the fall of the Ottoman Empire.• At the very time specilied, Turkey, through herambassadors, accepted the protection of the allied powersof Europe, and thus placed herself under the control ofChristian nations. The event exactly fulfilled the prediction.
1440	GREAT CONTROVERSY P.334, 335• In the year 1840 another remarkable fulfillment ofprophecy excited widespread interest. Two years before,osiah Litch, one of the leading ministers preaching thesecond advent, published an exposition of Revelation 9,predicting the fall of the Ottoman Empire.• At the very time specified, Turkey, through herambassadors, accepted the protection of the allied powersof Europe, and thus placed herself under the control ofChristian nations. The event exactly fulfilled the prediction.
1446	GREAT CONTROVERSY P.334, 335• In the year 1840 another remarkable fulfillment ofprophecy excited widespread interest. Two years before,osiah Litch, one of the leading ministers preaching thesecond advent, published an exposition of Revelation 9,predicting the fall of the Ottoman Empire.• At the very time specilied, Turkey, through herambassadors, accepted the protection of the allied powersof Europe, and thus placed herself under the control ofChristian nations. The event exactly fulfilled the prediction.
1452	GREAT CONTROVERSY P.334, 335• In the year 1840 another remarkable fulfillment ofprophecy excited widespread interest. Two years before,osiah Litch, one of the leading ministers preaching thesecond advent, published an exposition of Revelation 9predicting the fall of the Ottoman Empire.• At the very time specilied, Turkey, through herambassadors, accepted the protection of the allied powersof Europe, and thus placed herself under the control ofChristian nations. The event exactly fulfilled the prediction.
1458	GREAT CONTROVERSY P.334, 335• In the year 1840 another remarkable fulfillment ofprophecy excited widespread interest. Two years before,Josiah Litch, one of the leading ministers preaching thesecond advent, published an exposition of Revelation 9,predicting the fall of the Ottoman Empire.• At the very time specified, Turkey, through herambassadors, accepted the protection of the allied powersof Europe, and thus placed herself under the control ofChristian nations. The event exactly fulfilled the prediction.
1464	GREAT CONTROVERSY P.334, 335• In the ycar 1840 another remarkable fulfillment ofprophecy excited widespread interest. Two years before,osiah Litch, one of the leading ministers preaching thesecond advent, published an exposition of Revelation 9predicting the fall of the Ottoman Empire.• At the very time specified, Turkey, through herambassadors, accepted the protection of the allied powersof Europe, and thus placed herself under the control ofChristian nations. The event exactly fulfilled the prediction.
1470	GREAT CONTROVERSY P.334, 335• In the year 1840 another remarkable fulfillment ofprophecy excited widespread interest. Two years before,Josiah Litch, one of the leading ministers preaching thesecond advent, published an exposition of Revelation 9,predicting the fall of the Ottoman Empire.• At the very time specilied, Turkey, through herambassadors, accepted the protection of the allied powersof Europe, and thus placed herself under the control ofChristian nations. The event exactly fulfilled the prediction.
1476	LIFE SKETCHES 411.5• "Now comes the word that I have declared that NewYork is to be swept away by a tidal wave. This I havey never said. I have said, as I looked at the greatbuildings going up there, story after story: Whatterrible scenes will take place when the Lord shallarise to shake terribly the earth! Then the words ofRevelation 18:1-3 will be fulfilled.'000090
1482	LIFE SKETCHES 411.5• "Now comes the word that I have declared that NewYork is to be swept away by a tidal wave. This I havenever said. I have said, as I looked at the greatbuildings going up there, story after story: "Whatterrible scenes will take place when the Lord shallarise to shake terribly the earth! Then the words ofRevelation 18:1-3 will be fulfilled?'0000300
1488	LIFE SKETCHES 411.5• "Now comes the word that I have declared that NewYork is to be swept away by a tidal wave. This I havenever said. I have said, as I looked at the greatbuildings going up there, story after story: Whatterrible scenes will take place when the Lord shallarise to shake terribly the earth! Then the words ofRevelation 18:1-3 will be fulfilled.00V9S:05
1494	LIFE SKETCHES 411.5• "Now comes the word that I have declared that NewYork is to be swept away by a tidal wave. This I havenever said. I have said, as I looked at the greatbuildings going up there, story alter story: Whatterrible scenes will take place when the Lord shallarise to shake terribly the earth! Then the words ofRevelation 18:1-3 will be fulfilled?0005800
1500	LIFE SKETCHES 411.5• "Now comes the word that I have declared that NewYork is to be swept away by a tidal wave. This I havenever said. I have said, as I looked at the greatbuildings going up there, story after story: Whatterrible scenes will take place when the Lord shallarise to shake terribly the carth! Then the words ofRevelation 18:1-3 will be fulfilled.'007590
1506	LIFE SKETCHES 411.5• "Now comes the word that I have declared that NewYork is to be swept away by a tidal wave. This I havenever said. I have said, as I looked at the greatbuildings going up there, story after story: Whatterrible scenes will take place when the Lord shallarise to shake terribly the earth! Then the words ofRevelation 18:1-3 will be fulfilled.0045800
1512	LIFE SKETCHES 411.5• "Now comes the word that I have declared that NewYork is to be swept away by a tidal wave. This I havenever said. I have said, as I looked at the greatbuildings going up there, story after story: 'Whatterrible scenes will take place when the Lord shallarise to shake terribly the earth! Then the words ofRevelation 18:1-3 will be fulfilled.
1518	LIFE SKETCHES 411.5• "Now comes the word that I have declared that NewYork is to be swept away by a tidal wave. This I havenever said. I have said, as I looked at the greatbuildings going up there, story after story: Whatterrible scenes will take place when the Lord shalltrise to shake terribly the earth! Then the words ofRevelation 18:1-3 will be fulfilled.'00009000
1524	LIFE SKETCHES 411.5• The whole of the eighteenth chapter of Revelation is awarning of what is coming on the earth. But I have no lightin particular in regard to what is coming on New York, onlyI know that one day the great buildings there willbe thrown down by the turning and overturning of God'spower. From the light given me, I know that destruction isin the world. One word from the Lord, one touch of Hismighty power, and these massive structures will fall.Scenes will take place the fearfulness of which wecannot imagine."
1530	LIFE SKETCHES 411.5• The whole of the eighteenth chapter of Revelation is awarning of what is coming on the earth. But I have no lightin particular in regard to what is coming on New York, onlyI know that one day the great buildings there willbe thrown down by the turning and overturning of God'spower. From the light given me, I know that destruction isin the world. One word from the Lord, one touch of Hismighty power, and these massive structures will fall.Scenes will take place the fearfulness of which wecannot imagine."
1536	LIFE SKETCHES 411.5• The whole of the eighteenth chapter of Revelation is awarning of what is coming on the earth. But I have no lightin particular in regard to what is coming on New York, onlyI know that one day the great buildings there willbe thrown down by the turning and overturning of God'spower. From the light given me, I know that destruction isin the world. One word from the Lord, one touch of Hismighty power, and these massive structures will fall.Scenes will take place the fearfulness of which wecannot imagine."
1542	LIFE SKETCHES 411.5• The whole of the eighteenth chapter of Revelation is awarning of what is coming on the earth. But I have no lightin particular in regard to what is coming on New York, onlyI know that one day the great buildings there willbe thrown down by the turning and overturning of God'spower. From the light given me, I know that destruction isin the world. One word from the Lord, one touch of Hismighty power, and these massive structures will fall.Scenes will take place the fearfulness of which wecannot imagine."
1548	LIFE SKETCHES 411.5• The whole of the eighteenth chapter of Revelation is awarning of what is coming on the earth. But I have no lightin particular in regard to what is coming on New York, onlyI know that one day the great buildings there willbe thrown down by the turning and overturning of God'spower. From the light given me, I know that destruction isin the world. One word from the Lord, one touch of Hismighty power, and these massive structures will fall.Scepes will take place the fearfulness of which wecannot imagine."
1554	LIFE SKETCHES 411.5• The whole of the eighteenth chapter of Revelation is awarning of what is coming on the earth. But I have no lightin particular in regard to what is coming on New York, onlyI know that one day the great buildings there willbe thrown down by the turning and overturning of God'spower. From the light given me, I know that destruction isin the world. One word from the Lord, one touch of Hismighty power, and these massive structures will fall.Scenes will take place the fearfulness of which wecannot imagine."
1560	LIFE SKETCHES 411.5• The whole of the eighteenth chapter of Revelation is awarning of what is coming on the earth. But I have no lightin particular in regard to what is coming on New York, onlyI know that one day the great buildings there willbe thrown down by the turning and overturning of God'spower. From the light given me, I know that destruction isin the world. One word from the Lord, one touch of Hismighty power, and these massive structures will fall.Scenes will take place the fearfulness of which wecannot imagine."
1566	LIFE SKETCHES 411.5• "Now comes the word that I have declared that NewYork is to be swept away by a tidal wave. This I havenever said. I have said, as I looked at the greatbuildings going up there, story after story: 'Whatterrible scenes will take place when the Lord shallarise to shake terribly the earth! Then the words ofRevelation 18:1-3 will be fulfilled?
1572	LIFE SKETCHES 411.5• The whole of the eighteenth chapter of Revelation is awarning of what is coming on the earth. But I have no lightin particular in regard to what is coming on New York, onlyI know that one day the great buildings there willbe thrown down by the turning and overturning of God'spower. From the light given me, I know that destruction isin the world. One word from the Lord, one touch of Hismighty power, and these massive structures will fall.Scenes will take place the fearfulness of which wecannot imagine."
1578	LIFE SKETCHES 411.5• The whole of the eighteenth chapter of Revelation is awarning of what is coming on the earth. But I have no lightin particular in regard to what is coming on New York, onlyI know that one day the great buildings there willbe thrown down by the turning and overturning of God'spower. From the light given me, I know that destruction isin the world. One word from the Lord, one touch of Hismighty power, and these massive structures will fall.Scenes will take place the fearfulness of which wecannot imagine."
1584	LIFE SKETCHES 411.5• The whole of the eighteenth chapter of Revelation is awarning of what is coming on the earth. But I have no lightin particular in regard to what is coming on New York, onlyI know that one day the great buildings there willbe thrown down by the turning and overturning of God'spower. From the light given me, I know that destruction isin the world. One word from the Lord, one touch of Hismighty power, and these massive structures will fall.Scenes will take place the fearfulness of which wecannot imagine."
1590	LIFE SKETCHES 411.5• The whole of the eigliteenth chapter of Revelation is awarning of what is coming on the earth. But I have no lightin particular in regard to what is coming on New York, onlyI know that one day the great buildings there wilbe thrown down by the turning and overturning of God'spower. From the light given me, I know that destruction isin the world. One word from the Lord, one touch of Hismighty power, and these massive structures will fall.Scenes will take place the Tearfulness of which wecannot imagine."
1596	LIFE SKETCHES 411.5• The whole of the eighteenth chapter of Revelation is awarning of what is coming on the earth. But I have no lightin particular in regard to what is coming on New York, onlyI know that one day the great buildings there willbe thrown down by the turning and overturning of God'spower. From the light given me, I know that destruction isin the world. One word from the Lord, one touch of Hismighty power, and these massive structures will fall.Scenes will take place the fearfulness of which wecannot imagine."
1602	
1608	
1614	
1620	
1626	
1632	
1638	
1644	
1650	
1656	
1662	
1668	
1674	
1680	
1686	
1692	
1698	
1704	
1710	
1716	
1722	
1728	LIFE SKETCHES 411.5• The whole of the eighteenth chapter of Revelation is awarning of what is coming on the carth. But I have no lightin particular in regard to what is coming on New York, onlyI know that one day the great buildings there willbe thrown down by the turning and overturning of God'spower. From the light given me, I know that destruction isin the world. One word from the Lord, one touch of Hismighty power, and these massive structures will fall.Scenes will take place the fearfulness of which wecannot imagine."
1734	JOHN 9:7• And said unto him, Go, wash in the pool ofSiloam, (which is by interpretation, Sent.) He wenthis way therelore, and washed, and came seeing.
1740	JOHN 9:7• And said unto him, Go, wash in the pool ofSiloam, (which is by interpretation, Sent.) He wenthis way therelore, and washed, and came seeing.
1746	JOHN 9:7• And said unto him, Go, wash in the pool ofSiloam, (which is by interpretation, Sent.) He wenthis way therefore, and washed, and came seeing.
1752	JOHN 9:7• And said unto him, Go, wash in the pool ofSiloam, (which is by interpretation, Sent.) He wenthis way therefore, and washed, and came seeing.
1758	JOHN 9:7• And said unto him, Go, wash in the pool ofSiloam, (which is by interpretation, Sent.) He wenthis way therefore, and washed, and came seeing.
1764	JOHN 9:7• And said unto him, Go, wash in the pool ofSiloam, (which is by interpretation, Sent.) He wenthis way therefore, and washed, and came seeing.
1770	JOHN 9:7• And said unto him, Go, wash in the pool ofSiloam, (which is by interpretation, Sent.) He wenthis way therefore, and washed, and came seeing.
1776	JOHN 9:7• And said unto him, Go, wash in the pool ofSiloam, (which is by interpretation, Sent.) He wenthis way therefore, and washed, and came seeing.
1782	JOHN 9:7• And said unto him, Go, wash in the pool ofSiloam, (which is by interpretation, Sent.) He wenthis way therefore, and washed, and came seeing.
1788	JOHN 9:7• And said unto him, Go, wash in the pool ofSiloam, (which is by interpretation, Sent.) He wenthis way therefore, and washed, and came seeing.
1794	JOHN 9:7• And said unto him, Go, wash in the pool ofSiloam, (which is by interpretation, Sent.) He wenthis way therefore, and washed, and came seeing.
1800	JOHN 9:7• And said unto him, Go, wash in the pool ofSiloam, (which is by interpretation, Sent.) He wenthis way therefore, and washed, and came seeing.
1806	LUKE 13:4, 5• 4 Or those eighteen, upon whom the tower inSiloam fell, and slew them, think ye that they weresinners above all men that dwelt in Jerusalem?• 5 I tell you, Nay: but, except ye repent, ye shall alllikewise perish.
1812	LUKE 13:4, 5• 4 Or those eighteen, upon whom the tower inSiloam fell, and slew them, think ye that they weresinners above all men that dwelt in Jerusalem?• 5 I tell you, Nay: but, except ye repent, ye shall alllikewise perish.
1818	LUKE 13:4, 5• 4 Or those eighteen, upon whom the tower inSiloam fell, and slew them, think ye that they weresinners above all men that dwelt in Jerusalem?• 5 I tell you, Nay: but, except ye repent, ye shall alllikewise perish.
1824	LUKE 13:4, 5• 4 Or those eighteen, upon whom the tower inSiloam fell, and slew them, think ye that they weresinners above all men that dwelt in Jerusalem?• 5 I tell you, Nay: but, except ye repent, ye shall alllikewise perish.
1830	LUKE 13:4, 5• 4 Or those eighteen, upon whom the tower inSiloam fell, and slew them, think ye that they weresinners above all men that dwelt in Jerusalem?• 5 I tell you, Nay: but, except ye repent, ye shall alllikewise perish.
1836	LUKE 13:4, 5• 4 Or those eighteen, upon whom the tower inSiloam fell, and slew them, think ye that they weresinners above all men that dwelt in Jerusalem?• 5 I tell you, Nay: but, except ye repent, ye shall alllikewise perish.
1842	LUKE 13:4, 5• 4 Or those eighteen, upon whom the tower inSiloam fell, and slew them, think ye that they weresinners above all men that dwelt in Jerusalem?• 5 I tell you, Nay: but, except ye repent, ye shall alllikewise perish.
1848	LUKE 13:4, 5• 4 Or those eighteen, upon whom the tower inSiloam fell, and slew them, think ye that they weresinners above all men that dwelt in Jerusalem?• 5 I tell you, Nay: but, except ye repent, ye shall alllikewise perish.
1854	DONATELUKE 13:4, 5• 4 Or those eighteen, upon whom the tower inSiloam fell, and slew them, think ye that they weresinners above all men that dwelt in Jerusalem?• 5 I tell you, Nay: but, except ye repent, ye shall alllikewise perish.
1860	DONATELUKE 13:4, 5• 4 Or those eighteen, upon whom the tower inSiloam fell, and slew them, think ye that they weresinners above all men that dwelt in Jerusalem?• 5 I tell you, Nay: but, except ye repent, ye shall alllikewise perish.
1866	LUKE 13:4, 5• 4 Or those eighteen, upon whom the tower inSiloam fell, and slew them, think ye that they weresinners above all men that dwelt in Jerusalem?• 5 I tell you, Nay: but, except ye repent, ye shall alllikewise perish.
1872	DONATELUKE 13:4, 5• 4 Or those eighteen, upon whom the tower inSiloam fell, and slew them, think ye that they weresinners above all men that dwelt in Jerusalem?• 5 I tell you, Nay: but, except ye repent, ye shall alllikewise perish.
1878	DONATELUKE 13:4, 5• 4 Or those eighteen, upon whom the tower inSiloam fell, and slew them, think ye that they weresinners above all men that dwelt in Jerusalem?• 5 I tell you, Nay: but, except ye repent, ye shall alllikewise perish.
1884	DONATELUKE 13:4, 5• 4 Or those eighteen, upon whom the tower inSiloam fell, and slew them, think ye that they weresinners above all men that dwelt in Jerusalem?• 5 I tell you, Nay: but, except ye repent, ye shall alllikewise perish.
1890	DONATELUKE 13:4, 5• 4 Or those eighteen, upon whom the tower inSiloam fell, and slew them, think ye that they weresinners above all men that dwelt in Jerusalem?• 5 I tell you, Nay: but, except ye repent, ye shall alllikewise perish.
1896	DONATELUKE 13:4, 5• 4 Or those eighteen, upon whom the tower inSiloam fell, and slew them, think ye that they weresinners above all men that dwelt in Jerusalem?• 5 I tell you, Nay: but, except ye repent, ye shall alllikewise perish.
1902	LUKE 13:4, 5• 4 Or those eighteen, upon whom the tower inSiloam fell, and slew them, think ye that they weresinners above all men that dwelt in Jerusalem?• 5 I tell you, Nay: but, except ye repent, ye shall alllikewise perish.
1908	LUKE 13:4, 5• 4 Or those eighteen, upon whom the tower inSiloam fell, and slew them, think ye that they weresinners above all men that dwelt in Jerusalem?• 5 I tell you, Nay: but, except ye repent, ye shall alllikewise perish.
1914	DONATELUKE 13:4, 5• 4 Or those eighteen, upon whom the tower inSiloam fell, and slew them, think ye that they weresinners above all men that dwelt in Jerusalem?• 5 I tell you, Nay: but, except ye repent, ye shall alllikewise perish.
1920	DONATELUKE 13:4, 5• 4 Or those eighteen, upon whom the tower inSiloam fell, and slew them, think ye that they weresinners above all men that dwelt in Jerusalem?• 5 I tell you, Nay: but, except ye repent, ye shall alllikewise perish.
1926	DONATELUKE 13:4, 5• 4 Or those eighteen, upon whom the tower inSiloam fell, and slew them, think ye that they weresinners above all men that dwelt in Jerusalem?• 5 I tell you, Nay: but, except ye repent, ye shall alllikewise perish.
1932	REVELATION 18:1-3, 17• 1 And after these things I saw another angel come down fromheaven, having great power; and the carth was lightened with hisglory.• 2 And he cried mightily with a strong voice, saying, Babylon the great isfallen, is fallen, and is become the habitation of devils, and the hold ofevery foul spirit, and a cage of every unclean and hatcful bird.• 3 For all nations have drunk of the wine of the wrath of her fornication,and the kings of the earth have committed fornication with her, and themerchants of the earth are waxed rich through the abundanceof her delicacies.
1938	REVELATION 18:1-3, 11• 1 And after these things I saw another angel come down fromheaven, having great power; and the earth was lightened with hisglory.• 2 And he cried mightily with a strong voice, saying, Babylon the great isfallen, is fallen, and is become the habitation of devils, and the hold ofevery foul spirit, and a cage of every unclean and hateful bird.• 3 For all nations have drunk of the wine of the wrath of her fornication,and the kings of the earth have committed fornication with her, and themerchants of the earth are waxed rich through the abundanceof her delicacies.
1944	REVELATION 18:1-3, 11• 1 And after these things I saw another angel come down fromheaven, having great power; and the earth was lightened with hisglory.• 2 And he cried mightily with a strong voice, saying, Babylon the great isfallen, is fallen, and is become the habitation of devils, and the hold ofevery foul spirit, and a cage of every unclean and hateful bird.• 3 For all nations have drunk of the wine of the wrath of her fornication,and the kings of the earth have committed fornication with her, and themerchants of the earth are waxed rich through the abundanceof her delicacies.
1950	REVELATION 18:1-3, 11• 1 And after these things I saw another angel come down fromheaven, having great power; and the earth was lightened with hisglory.• 2 And he cried mightily with a strong voice, saying, Babylon the great isfallen, is fallen, and is become the habitation of devils, and the hold ofevery foul spirit, and a cage of every unclean and hateful bird.• 3 For all nations have drunk of the wine of the wrath of her fornication,and the kings of the earth have committed fornication with her, and themerchants of the earth are waxed rich through the abundanceof her delicacies.
1956	REVELATION 18:1-3, 11• 1 And after these things I saw another angel come down fromheaven, having great power; and the earth was lightened with hisglory.• 2 And he cried mightily with a strong voice, saying, Babylon the great isllen, is fallen, and is become the habitation of devils, and the hold ofvery foul spirit, and a cage of every unclean and hateful bird.• 3 For all nations have drunk of the wine of the wrath of her fornication,and the kings of the earth have committed fornication with her, and themerchants of the earth are waxed rich through the abundanceof her delicacies.
1962	REVELATION 18:1-3, 11• 1 And after these things I saw another angel come down fromheaven, having great power; and the earth was lightened with hisglory.• 2 And he cried mightily with a strong voice, saying, Babylon the great isfallen, is fallen, and is become the habitation of devils, and the hold ofevery foul spirit, and a cage of every unclean and hateful bird.• 3 For all nations have drunk of the wine of the wrath of her fornication,and the kings of the earth have committed fornication with her, and themerchants of the earth are waxed rich through the abundancei her delicacies.
1968	DONATEREVELATION 18:1-3, 11• 4 And I heard another voice from heaven, saying,Come out of her, my people, that ye be notpartakers of her sins, and that ye receive not ofher plagues.• 11 And the merchants of the earth shall weepand mourn over her; for no man buyeth theirmerchandise any more:
1974	REVELATION 18:1-3, 11• 4 And I heard another voice from heaven, saying,Come out of her, my people, that ye be notpartakers of her sins, and that ye receive not ofher plagues.• 11 And the merchants of the earth shall weepand mourn over her; for no man buyeth theirmerchandise any more:
1980	DONATEREVELATION 18:1-3, 11• 4 And I heard another voice from heaven, saying,Come out of her, my people, that ye be notpartakers of her sins, and that ye receive not ofher plagues.• 11 And the merchants of the earth shall weepand mourn over her; for no man buyeth theirmerchandise any more:
1986	DONATEREVELATION 18:1-3, 11• 4 And I heard another voice from heaven, saying,Come out of her, my people, that ye be notpartakers of her sins, and that ye receive not ofher plagues.• 11 And the merchants of the earth shall weepand mourn over her; for no man buyeth theirmerchandise any more:
1992	REVELATION 18:1-3, 11• 4 And I heard another voice from heaven, saying,Come out of her, my people, that ye be notpartakers of her sins, and that ye receive not ofher plagues.• 11 And the merchants of the carth shall weepand mourn over her; for no man buyeth theirmerchandise any more:
1998	REVELATION 18:1-3, 11• 4 And I heard another voice from heaven, saying,Come out of her, my people, that ye be notpartakers of her sins, and that ye receive not ofher plagues.• 11 And the merchants of the earth shall weepand mourn over her; for no man buyeth theirmerchandise any more:
2004	REVELATION 18:1-3, 11DONATE• 4 And I heard another voice from heaven, saying,Come out of her, my people, that ye be notpartakers of her sins, and that ye receive not ofher plagues.• 11 And the merchants of the earth shall weepand mourn over her; for no man buyeth theirmerchandise any more:
2010	REVELATION 18:1-3, 11• 4 And I heard another voice from heaven, saying,Come out of her, my people, that ye be notpartakers of her sins, and that ye receive not ofher plagues.• 11 And the merchants of the earth shall weepand mourn over her; for no man buyeth theirmerchandise any more:
2016	REVELATION 18:1-3, 11• 4 And I heard another voice from heaven, saying,Come out of her, my people, that ye be notpartakers of her sins, and that ye receive not ofher plagues.• 11 And the merchants of the earth shall weepand mourn over her; for no man buyeth theirmerchandise any more:
2022	REVELATION 18:1-3, 11• 4 And I heard another voice from heaven, saying,Come out of her, my people, that ye be notpartakers of her sins, and that ye receive not ofher plagues.• 11 And the merchants of the earth shall weepand mourn over her; for no man buyeth theirmerchandise any more:
2028	REVELATION 18:1-3, 11• 4 And I heard another voice from heaven, saying,Come out of her, my people, that ye be notpartakers of her sins, and that ye receive not ofher plagues.• 11 And the merchants of the earth shall weepand mourn over her; for no man buyeth theirmerchandise any more:
2034	REVELATION 18:1-3, 11• 4 And I heard another voice from heaven, saying,Come out of her, my people, that ye be notpartakers of her sins, and that ye receive not ofher plagues.• 11 And the merchants of the earth shall weepand mourn over her; for no man buyeth theirmerchandise any more:
2040	REVELATION 18:1-3, 11• 4 And I heard another voice from heaven, saying,Come out of her, my people, that ye be notpartakers of her sins, and that ye receive not ofher plagues.• 11 And the merchants of the earth shall weepand mourn over her; for no man buyeth theirmerchandise any more:
2046	ZEPHANIAH 1:9-12• 9 In the same day also will I punish all those that leap on the threshold, whichfill their masters' houses with violence and deceit.• 10 And it shall come to pass in that day, saith the Lord, that there shall be thenoise of a cry from the fish gate, and an howling from the second, and a greatcrashing from the hills.• 11 Howl, ye inhabitants of Maktesh, for all the merchant people are cutdown; all they that bear silver are cut off.• 12 And it shall come to pass at that time, that I will searchJerusalem with candles, and punish the men that are settled on their lees.that say in their heart, The Lord will not do good, neither will he do er
2052	ZEPHANIAH 1:9-12• 9 In the same day also will I punish all those that leap on the threshold, whichfill their masters' houses with violence and deceit.• 10 And it shall come to pass in that day, saith the Lord, that there shall be thenoise of a cry from the fish gate, and an howling from the second, and a greatcrashing from the hills.• 11 Howl, ye inhabitants of Maktesh, for all the merchant people are cutdown; all they that bear silver are cut off.• 12 And it shall come to pass at that time, that I will searchJerusalem with candles, and punish the men that are settled on their lees.that say in their heart, The Lord will not do good, neither will he do ev
2058	ZEPHANIAH 1:9-12• 9 In the same day also will I punish all those that leap on the threshold, whichfill their masters' houses with violence and deceit.• 10 And it shall come to pass in that day, saith the Lord, that there shall be thenoise of a cry from the fish gate, and an howling from the second, and a greatcrashing from the hills.• 11 Howl, ye inhabitants of Maktesh, for all the merchant people are cutdown; all they that bear silver are cut off.• 12 And it shall come to pass at that time, that I will searchJerusalem with candles, and punish the men that are settled on their lees:that say in their heart, The Lord will not do good, neither will he do ev
2064	ZEPHANIAH 1:9-12• 9 In the same day also will I punish all those that leap on the threshold, whichfill their masters' houses with violence and deceit.• 10 And it shall come to pass in that day, saith the Lord, that there shall be thenoise of a cry from the fish gate, and an howling trom the second, and a greatcrashing from the hills.• 11 Howl, ye inhabitants of Maktesh, for all the merchant people are cutdown; all they that bear silver are cut off.• 12 And it shall come to pass at that time, that I will searchJerusalem with candles, and punish the men that are settled on them lees.that say in their heart, The Lord will not do good, neither will he do ev
2070	ZEPHANIAH 1:9-12• 9 In the same day also will I punish all those that leap on the threshold, whichfill their masters' houses with violence and deceit.• 10 And it shall come to pass in that day, saith the Lord, that there shall be thenoise of a cry from the fish gate, and an howling from the second, and a greatcrashing from the hills.• 11 Howl, ye inhabitants of Maktesh, for all the merchant people are cutdown; all they that bear silver are cut off.• 12 And it shall come to pass at that time, that I will searchJerusalem with candles, and punish the men that are settled on their lees:that say in their heart, The Lord will not do good, neither will he do ev
2076	ZEPHANIAH 1:9-12• 9 In the same day also will I punish all those that leap on the threshold, whichfill their masters' houses with violence and deceit.• 10 And it shall come to pass in that day, saith the Lord, that there shall be thenoise of a cry from the fish gate, and an howling from the second, and a greatcrashing from the hills.• 11 Howl, ye inhabitants of Maktesh, for all the merchant people are cutdown; all they that bear silver are cut off.• 12 And it shall come to pass at that time, that I will searchJerusalem with candles, and punish the men that are settled on their lees:that say in their heart, The Lord will not do good, neither will he do ev
2082	ZEPHANIAH 1:9-12• 9 In the same day also will I punish all those that leap on the threshold, whichfill their masters' houses with violence and deceit.• 10 And it shall come to pass in that day, saith the Lord, that there shall be thenoise of a cry from the fish gate, and an howling from the second, and a greatcrashing from the hills.• 11 Howl, ye inhabitants of Maktesh, for all the merchant people are cutdown; all they that bear silver are cut off.• 12 And it shall come to pass at that time, that I will searchJerusalem with candles, and punish the men that are settled on their lees.that say in their heart, The Lord will not do good, neither will he do ev
2088	ZEPHANIAH 1:9-12• 9 In the same day also will I punish all those that leap on the threshold, whichfill their masters' houses with violence and deceit.• 10 And it shall come to pass in that day, saith the Lord, that there shall be thenoise of a cry from the fish gate, and an howling from the second, and a greatcrashing from the hills.• 11 Howl, ye inhabitants of Maktesh, for all the merchant people are cutdown; all they that bear silver are cut off.• 12 And it shall come to pass at that time, that I will searchJerusalem with candles, and punish the men that are settled on their leesthat say in their heart, The Lord will not do good, neither will he do ev
2094	ZEPHANIAH 1:9-12• 9 In the same day also will I punish all those that leap on the threshold, whichfill their masters' houses with violence and deceit.• 10 And it shall come to pass in that day, saith the Lord, that there shall be thenoise of a cry from the fish gate, and an howling from the second, and a greatcrashing from the hills.• 11 Howl, ye inhabitants of Maktesh, for all the merchant people are cutdown; all they that bear silver are cut off.• 12 And it shall come to pass at that time, that I will searchJerusalem with candles, and punish the men that are settled on their lees:that say in their heart, The Lord will not do good, neither will he do ev
2100	ZEPHANIAH 1:9-12• 9 In the same day also will I punish all those that leap on the threshold, whichfill their masters' houses with violence and deceit.• 10 And it shall come to pass in that day, saith the Lord, that there shall be thenoise of a cry from the fish gate, and an howling from the second, and a greatcrashing from the hills.• 11 Howl, ye inhabitants of Maktesh, for all the merchant people are cutdown; all they that bear silver are cut off.• 12 And it shall come to pass at that time, that I will searchJerusalem with candles, and punish the men that are settled on their leesthat say in their heart, The Lord will not do good, neither will he do ev
2106	ZEPHANIAH 1:9-12• 9 In the same day also will I punish all those that leap on the threshold, whichfill their masters' houses with violence and deceit.• 10 And it shall come to pass in that day, saith the Lord, that there shall be thenoise of a cry from the fish gate, and an howling from the second, and a greatcrashing from the hills.• 11 Howl, ye inhabitants of Maktesh, for all the merchant people are cutdown; all they that bear silver are cut off.• 12 And it shall come to pass at that time, that I will searchJerusalem with candles, and punish the men that are settled on their lees.that say in their heart, The Lord will not do good, neither will he do ev
2112	ZEPHANIAH 1:9-12• 9 In the same day also will I punish all those that leap on the threshold, whichfill their masters' houses with violence and deceit.• 10 And it shall come to pass in that day, saith the Lord, that there shall be thenoise of a cry from the fish gate, and an howling from the second, and a greatcrashing from the hills.• 11 Howl, ye inhabitants of Maktesh, for all the merchant people are cutdown; all they that bear silver are cut off.• 12 And it shall come to pass at that time, that I will searchJerusalem with candles, and punish the men that are settled on their lees.that say in their heart, The Lord will not do good, neither will he do ev
2118	ZEPHANIAH 1:9-12• 9 In the same day also will I punish all those that leap on the threshold, whichfill their masters' houses with violence and deceit.• 10 And it shall come to pass in that day, saith the Lord, that there shall be thenoise of a cry from the fish gate, and an howling from the second, and a greatcrashing from the hills.• 11 Howl, ye inhabitants of Maktesh, for all the merchant people are cutdown; all they that bear silver are cut off.• 12 And it shall come to pass at that time, that I will searchJerusalem with candles, and punish the men that are settled on their lees.that say in their heart, The Lord will not do good, neither will he do ev
2124	ZEPHANIAH 1:9-12• 9 In the same day also will I punish all those that leap on the threshold, whichfill their masters' houses with violence and deceit.• 10 And it shall come to pass in that day, saith the Lord, that there shall be thenoise of a cry from the fish gate, and an howling from the second, and a greatcrashing from the hills.• 11 Howl, ye inhabitants of Maktesh, for all the merchant people are cutdown; all they that bear silver are cut off.• 12 And it shall Eume to pass at that time, that I will searchJerusalem with candles, and punish the men that are settled on them lees.that say in their heart, The Lord will not do good, neither will he do ev
2130	ZEPHANIAH 1:9-12• 9 In the same day also will I punish all those that leap on the threshold, whichfill their masters' houses with violence and deceit.• 10 And it shall come to pass in that day, saith the Lord, that there shall be thenoise of a cry from the fish gate, and an howling from the second, and a greatcrashing from the hills.• 11 Howl, ye inhabitants of Makesh, for all the merchant people are cutdown; all they that bear silver are cut off.• 12 And it shall come to pass at that time, that I will searchJerusalem with candles, and punish the men that are settled on their leesthat say in their heart, The Lord will not do good, neither will he do er
2136	ZEPHANIAH 1:9-12• 9 In the same day also will I punish all those that leap on the threshold, whichfill their masters' houses with violence and deceit.• 10 And it shall come to pass in that day, saith the Lord, that there shall be thenoise of a cry from the fish gate, and an howling from the second, and a greatcrashing from the hills.• 11 Howl, ye inhabitants of Maktesh, for all the merchant people are cutdown; all they that bear silver are cut off.• 12 And it shall come to pass at that time, that I will searchJerusalem with candles, and punish the men that are settled on them lees:that say in their heart, The Lord will not do good, neither will he do ev
2142	DONATEZEPHANIAH 1:9-12• 9 In the same day also will I punish all those that leap on the threshold, whichfill their masters houses with violence and deceit.• 10 And it shall come to pass in that day, saith the Lord, that there shall be thenoise of a cry from the fish gate, and an howling from the second, and a greatcrashing from the hills.• 11 Hovi, ye inhabitants of Makesh, for all the merchant people are cutdown; all they that bear silver are cut off.• 12 And it shall come to pass at that time, that 1 will searchJerusalem with candles, and punish the men that are settled on their lees:that say in their heart, The Lord will not do good, neither will he do evil.
2148	DONATEZEPHANIAH 1:9-12• 9 In the same day also will I punish all those that leap on the threshold, whichall ten masters houses mut Molence and decen• 10 And it shall come to pass in that day, saith the Lord, that there shall be thenoise of a cry from the fish gate, and an howling from the second, and a greatcrashing from the hills.• 11 Hovl, ye inhabitants of Makesh, for all the merchant people are cutdown; all they that bear silver are cut off.• 12 And it shall come to pass at that time, that I will searchJerusalem with candles, and punish the men that are settled on their lees:that say in their heart, The Lord will not do good, neither will he do evil.
2154	DONATEZEPHANIAH 1:9-12• 9 In the same day also will I punish all those that leap on the threshold, whichfill their masters' houses with violence and deceit.• 10 And it shall come to pass in that day, saith the Lord, that there shall be thenoise of a cry from the fish gate, and an howling from the second, and a greatcrashing from the hills.• 11 Howl, ye inhabitants of Maktesh, for all the merchant people are cutdown; all they that bear silver are cut off.• 12 And it shall come to pass at that time, that I will searchJerusalem with candles, and punish the men that are settled on their lees:that say in their heart, The Lord will not do good, neither will he do evil.
2160	ZEPHANIAH 1:9-12• 9 In the same day also will I punish all those that leap on the threshold, whichfill their masters' houses with violence and deceit.• 10 And it shall come to pass in that day, saith the Lord, that there shall be thenoise of a cry from the fish gate, and an howling from the second, and a greatcrashing from the hills.• 11 Howl, ye inhabitants of Maktesh, for all the merchant people are cutdown; all they that bear silver are cut off.• 12 And it shall come to pass at that time, that I will searchJerusalem with candles, and punish the men that are settled on their lees:that say in their heart, The Lord will not do good, neither will he do evil.
2166	DONATEZEPHANIAH 1:9-12• 9 In the same day also will I punish all those that leap on the threshold, whichfill their masters' houses with violence and deceit.• 10 And it shall come to pass in that day, saith the Lord, that there shall be thenoisc of a cry from the fish gate, and an howling from the second, and a greatcrashing from the hills.• 11 Howl, ye inhabitants of Maktesh, for all the merchant people are cutdown; all they that bear silver are cut off.• 12 And it shall come to pass at that time, that I will searchJerusalem with candles, and punish the men that are settled on their lees:that say in their heart, The Lord will not do good, neither will he do evil.
2172	ISAIAH 27:2, 3, 6 - 9• 2 In that day sing ye unto her, A vineyard of redwine.• 3 1 the Lord do keep it; I will water it everymoment: lest any hurt it, I will keep it night and day.• 6 He shall cause them that come of Jacob to take root:Israel shall blossom and bud, and fill the face ofthe world with fruit.00009005
2178	DONATEISAIAH 27:2, 3, 6 - 9• 2 In that day sing ye unto her, A vineyard of redwine.• 31 the Lord do keep it; I will water it everymoment: lest any hurt it, I will keep it night and day.• 6 He shall cause them that come of Jacob to take root:Israel shall blossom and bud, and fill the face ofthe world with fruit.0005900
2184	DONATEISAIAH 27:2, 3, 6 - 9• 2 In that day sing ye unto her, A vineyard of redwine.• 3 1 the Lord do keep it; I will water it everymoment: lest any hurt it, I will keep it night and day.• 6 He shall cause them that come of Jacob to take root:Israel shall blossom and bud, and fill the face ofthe world with fruit.0005300
2190	ISAIAH 27:2, 3, 6 - 9• 2 In that day sing ye unto her, A vineyard of redwine.• 3 I the Lord do keep it; I will water it everymoment: lest any hurt it, I will keep it night and day.• 6 He shall cause them that come of Jacob to take root:Israel shall blossom and bud, and fill the face ofthe world with fruit.00008009
2196	DONATEISAIAH 27:2, 3, 6 - 9• 2 In that day sing ye unto her, A vineyard of redwine.• 3 I the Lord do keep it; I will water it everymoment: lest any hurt it, & will keep it night and day.• 6 He shall cause them that come of Jacob to take root:Israel shall blossom and bud, and fill the face ofthe world with fruit.
2202	ISAIAH 27:2, 3, 6 - 9• 2 In that day sing ye unto her, A vineyard of redwine.• 3 I the Lord do keep it; I will water it everymoment: lest any hurt it, I will keep it night and day.• 6 He shall cause them that come of Jacob to take root:Israel shall blossom and bud, and fill the face ofthe world with fruit.0005800€
2208	DONATEISAIAH 27:2, 3, 6 - 9• 2 In that day sing ye unto her, A vineyard of redwine.• 3 I the Lord do keep it; I will water it everymoment: lest any hurt it, I will keep it night and day.• 6 He shall cause them that come of Jacob to take root:Israel shall blossom and bud, and fill the face ofthe svorld with fruit.• 029850
2214	ISAIAH 27:2, 3, 6 - 9• 2 In that day sing ye unto her, A vineyard of redwine.• 3 I the Lord do keep it; I will water it everymoment: lest any hurt it, I will keep it night and day.• 6 He shall cause them that come of Jacob to take root:Israel shall blossom and bud, and fill the face ofthe world with fruit.
2220	ISAIAH 27:2, 3, 6 - 9• 7 Hath he smitten him, as he smote those that smpte him? or ishe slain according to the slaughter of them that are slainby him?• 8 In measure, when it shooteth forth, thou wilt debate withit: he stayeth his rough wind in the day of the east wind.• 9 By this therefore shall the iniquity of Jacob be purged;and this is all the fruit to take away his sin; when he maketh allthe stones of the altar as chalkstones that are beaten in sunder,the groves and images shall not stand up.
2226	ISAIAH 27:2, 3, 6 - 9• 7 Hath he smitten him, as he smote those that smote him? or ishe slain according to the slaughter of them that are slainby him?• 8 In measure, when it shooteth forth, thou wilt debate withit: he stayeth his rough wind in the day of the cast wind.• 9 By this therefore shall the iniquity of Jacob be purged;and this is all the fruit to take away his sin; when he maketh allthe stones of the altar as chalkstones that are beaten in sunder,the groves and images shall not stand up.00008303
2232	ISAIAH 27:2, 3, 6 - 9• 7 Hath he smitten him, as he smote those that smote him? or ishe slain according to the slaughter of them that are slainby him?• 8 In measure, when it shooteth forth, thou wilt debate withit: he stayeth his rough wind in the day of the east wind.• 9 By this therefore shall the iniquity of Jacob be purged;and this is all the fruit to take away his sin; when he maketh allthe stones of the altar as chalkstones that are beaten in sunder,the groves and images shall not stand up.
2238	ISAIAH 27:2, 3, 6 - 9• 7 Hath he smitten him, as he smote those that smote him? or ishe slain according to the slaughter of them that are slainby him?• 8 In measure, when it shooteth forth, thou wilt debate withit: he stayeth his rough wind in the day of the east wind.• 9 By this therefore shall the iniquity of Jacob be purged;and this is all the fruit to take away his sin; when he maketh allthe stones of the altar as chalkstones that are beaten in sunder,the groves and images shall not stand up.
2244	ISAIAH 27:2, 3, 6 - 9• 7 Hath he smitten him, as he smote those that smote him? or ishe slain according to the slaughter of them that are slainby him?• 8 In measure, when it shooteth forth, thou wilt debate withit: he stayeth his rough wind in the day of the east wind.• 9 By this therefore shall the iniquity of Jacob be purged;and this is all the fruit to take away his sin; when he maketh allthe stones of the altar as chalkstones that are beaten in sunder,the groves and images shall not stand up.
2250	ISAIAH 27:2, 3, 6 - 9• 7 Hath he smitten him, as he smote those that smote him? or ishe slain according to the slaughter of them that are slainby him?• 8 In measure, when it shooteth forth, thou wilt debate withit: he stayeth his rough wind in the day of the east wind.• 9 By this therefore shall the iniquity of Jacob be purged;and this is all the fruit to take away his sin; when he maketh allthe stones of the altar as chalkstones that are beaten in sunder,the groves and images shall not stand up.
2256	ISAIAH 27:2, 3, 6 - 9• 7 Hath he smitten him, as he smote those that smote him? or ishe slam according to the slaughter of them that are slainby him?• 8 In measure, when it shooteth forth, thou wilt debate withit: he stayeth his rough wind in the day of the east wind.• 9 By this therefore shall the iniquity of Jacob be purged;and this is all the fruit to take away his sin; when he maketh allthe stones of the altar as chalkstones that are beaten in sunder,the groves and images shall not stand up.
2262	ISAIAH 27:2, 3, 6 - 9• 7 Hath he smitten him, as he smote those that smote him? or ishe slain according to the slaughter of them that are slainby him?• 8 In measure, when it shooteth forth, thou wilt debate withit: he stayeth his rough wind in the day of the east wind.• 9 By this therefore shall the iniquity of Jacob be purged;and this is all the fruit to take away his sin; when he maketh allthe stones of the altar as chalkstones that are beaten in sunder,the groves and images shall not stand up.
2268	ISAIAH 27:2, 3, 6 - 9• 7 Hath he smitten him, as he smote those that smote him? or ishe slain according to the slaughter of them that are slainby him?• 8 In measure, when it shooteth forth, thou wilt debate withit: he stayeth his rough wind in the day of the cast wind.• 9 By this therefore shall the iniquity of Jacob be purged;and this is all the fruit to take away his sin; when he maketh allthe stones of the altar as chalkstones that are beaten in sunder,the groves and images shall not stand up.
2274	ISAIAH 27:2, 3, 6 - 9• 7 Hath he smitten him, as he smote those that smote him? or ishe slain according to the slaughter of them that are slainby him?• 8 In measure, when it shooteth forth, thou wilt debate withit: he stayeth his rough wind in the day of the east wind.• 9 By this therefore shall the iniquity of Jacob be purged;and this is all the fruit to take away his sin; when he maketh allthe stones of the altar as chalkstones that are beaten in sunder,the groves and images shall not stand up.
2280	ISAIAH 27:2, 3, 6 - 9• 7 Hath he smitten him, as he smote those that smote him? or ishe slam according to the slaughter of them that are slainby him?• 8 In measure, when it shooteth forth, thou wilt debate withit: he stayeth his rough wind in the day of the east wind.• 9 By this therefore shall the iniquity of Jacob be purged;and this is all the fruit to take away his sin; when he maketh allthe stones of the altar as chalkstones that are beaten in sunder,the groves and images shall not stand up.000090
2286	ISAIAH 27:2, 3, 6 - 9• 7 Hath he smitten him, as he smote those that smote him? or ishe slain according to the slaughter of them that are slainby him?• 8 In measure, when it shooteth forth, thou wilt debate withit: he stayeth his rough wind in the day of the east wind.• 9 By this therefore shall the iniquity of Jacob be purged;and this is all the fruit to take away his sin; when he maketh allthe stones of the altar as chalkstones that are beaten in sunder,the groves and images shall not stand up.0005300
2292	ISAIAH 27:2, 3, 6 - 9• 7 Hath he smitten him, as he smote those that smote him? or ishe slain according to the slaughter of them that are slainby him?• 8 In measure, when it shooteth forth, thou wilt debate withit: he stayeth his rough wind in the day of the east wind.• 9 By this therefore shall the iniquity of Jacob be purged;and this is all the fruit to take away his sin; when he maketh allthe stones of the altar as chalkstones that are beaten in sunder,the groves and images shall not stand up.
2298	ISAIAH 27:2, 3, 6 - 9• 7 Hath he smitten him, as he smote those that smote him? or ishe slain according to the slaughter of them that are slainby him?• 8 In measure, when it shooteth forth, thou wilt debate withit: he stayeth his rough wind in the day of the east wind.• 9 By this therefore shall the iniquity of Jacob be purged;and this is all the fruit to take away his sin; when he maketh allthe stones of the altar as chalkstones that are beaten in sunder,the groves and images shall not stand up.
2304	ISAIAH 27:2, 3, 6 - 9• 7 Hath he smitten him, as he smote those that smote him? or ishe slain according to the slaughter of them that are slainby him?• 8 In measure, when it shooteth forth, thou wilt debate withit: he stayeth his rough wind in the day of the east wind.• 9 By this therefore shall the iniquity of Jacob be purged;and this is all the fruit to take away his sin; when he maketh allthe stones of the altar as chalkstones that are beaten in sunder,the groves and images shall not stand up.
2310	DONATEISAIAH 27:2, 3, 6 - 9• 7 Hath he smitten him, as he smote those that smote him? or ishe slain according to the slaughter of them that are slainby him?• 8 In measure, when it shooteth forth, thou wilt debate withit: he stayeth his rough wind in the day of the east wind.• 9 By this therefore shall the iniquity of Jacob be purged;and this is all the fruit to take away his sin; when he maketh allthe stones of the altar as chalkstones that are beaten in sunder,the groves and images shall not stand up.
2316	ISAIAH 27:2, 3, 6 - 9• 7 Hath he smitten him, as he smote those that smote him? or ishe slain according to the slaughter of them that are slainby him?• 8 In measure, when it shooteth forth, thou wilt debate withit: he stayeth his rough wind in the day of the east wind.• 9 By this therefore shall the iniquity of Jacob be purged;and this is all the fruit to take away his sin; when he maketh allthe stones of the altar as chalkstones that are beaten in sunder,the groves and images shall not stand up.
2322	ISAIAH 27:2, 3, 6 - 9• 7 Hath he smitten him, as he smote those that smote him? or ishe slain according to the slaughter of them that are slainby him?• 8 In measure, when it shooteth forth, thou wilt debate withit: he stayeth his rough wind in the day of the east wind.• 9 By this therefore shall the iniquity of Jacob be purged;and this is all the fruit to take away his sin; when he maketh allthe stones of the altar as chalkstones that are beaten in sunder,the groves and images shall not stand up.00059
2328	ISAIAH 27:2, 3, 6 - 9• 7 Hath he smitten him, as he smote those that smote him? or ishe slain according to the slaughter of them that are slainby him?• 8 In measure, when it shooteth forth, thou wilt debate withit: he stayeth his rough wind in the day of the east wind.• 9 By this therefore shall the iniquity of Jacob be purged;and this is all the fruit to take away his sin; when he maketh allthe stones of the altar as chalkstones that are beaten in sunder,the groves and images shall not stand up.
2334	ISAIAH 27:2, 3, 6 - 9• 7 Hath he smitten him, as he smote those that smote him? or ishe slain according to the slaughter of them that are slainby him?• 8 In measure, when it shooteth forth, thou wilt debate withit: he stayeth his rough wind in the day of the cast wind.• 9 By this therefore shall the iniquity of Jacob be purged;and this is all the fruit to take away his sin; when he maketh allthe stones of the altar as chalkstones that are beaten in sunder,the groves and images shall not stand up.
2340	ISAIAH 27:2, 3, 6 - 9• 7 Hath he smitten him, as he smote those that smote him? or ishe slain according to the slaughter of them that are slainby him?• 8 In measure, when it shooteth forth, thou wilt debate withit: he stayeth his rough wind in the day of the east wind.• 9 By this therefore shall the iniquity of Jacob be purged;and this is all the fruit to take away his sin; when he maketh allthe stones of the altar as chalkstones that are beaten in sunder,the groves and images shall not stand up.
2346	ISAIAH 27:2, 3, 6 - 9• 7 Hath he smitten him, as he smote those that smote him? or ishe slain according to the slaughter of them that are slainby him?• 8 In measure, when it shooteth forth, thou wilt debate withit: he stayeth his rough wind in the day of the east wind.• 9 By this therefore shall the iniquity of Jacob be purged;and this is all the fruit to take away his sin; when he maketh allthe stones of the altar as chalkstones that are beaten in sunder,the groves and images shall not stand up.
2352	ISAIAH 27:2, 3, 6 - 9• 7 Hath he smitten him, as he smote those that smote him? or ishe slain according to the slaughter of them that are slainby him?• 8 In measure, when it shooteth forth, thou wilt debate withit: he stayeth his rough wind in the day of the east wind.• 9 By this therefore shall the iniquity of Jacob be purged;and this is all the fruit to take away his sin; when he maketh allthe stones of the altar as chalkstones that are beaten in sunder,the groves and images shall not stand up.
2358	ISAIAH 27:2, 3, 6 - 9• 7 Hath he smitten him, as he smote those that smote him? or ishe slain according to the slaughter of them that are slainby him?• 8 In measure, when it shooteth forth, thou wilt debate withit: he stayeth his rough wind in the day of the east wind.• 9 By this therefore shall the iniquity of Jacob be purged;and this is all the fruit to take away his sin; when he maketh allthe stones of the altar as chalkstones that are beaten in sunder,the groves and images shall not stand up.
2364	ISAIAH 27:2, 3, 6 - 9• 7 Hath he smitten him, as he smote those that smote him? or ishe slain according to the slaughter of them that are slainby him?• 8 In measure, when it shooteth forth, thou wilt debate withit: he stayeth his rough wind in the day of the east wind.• 9 By this therefore shall the iniquity of Jacob be purged;and this is all the fruit to take away his sin; when he maketh allthe stones of the altar as chalkstones that are beaten in sunder,the groves and images shall not stand up.
2370	ISAIAH 27:2, 3, 6 - 9• 7 Hath he smitten him, as he smote those that smote him? or ishe slam according to the slaughter of them that are slainby him?• 8 In measure, when it shooteth forth, thou wilt debate withit: he stayeth his rough wind in the day of the east wind.• 9 By this therefore shall the iniquity of Jacob be purged;and this is all the fruit to take away his sin; when he maketh allthe stones of the altar as chalkstones that are beaten in sunder,the groves and images shall not stand up.
2376	ISAIAH 27:2, 3, 6 - 9• 7 Hath he smitten him, as he smote those that smote him? or ishe slam according to the slaughter of them that are slainby him?• 8 In measure, when it shooteth forth, thou wilt debate withit: he stayeth his rough wind in the day of the cast wind.• 9 By this therefore shall the iniquity of Jacob be purged;and this is all the fruit to take away his sin; when he maketh allthe stones of the altar as chalkstones that are beaten in sunder,the groves and images shall not stand up.
2382	DONATEISAIAH 27:2, 3, 6 - 9• 7 Hath he smitten him, as he smote those that smote him? or ishe slain according to the slaughter of them that are slainby him?• 8 In measure, when it shooteth forth, thou wilt debate withit: he stayeth his rough wind in the day of the cast wind.• 9 By this therefore shall the iniquity of Jacob be purged;and this is all the fruit to take away his sin; when he maketh allthe stones of the altar as chalkstones that are beaten in sunder,the groves and images shall not stand up.
2388	ISAIAH 27:2, 3, 6 - 9• 7 Hath he smitten him, as he smote those that smote him? or ishe slam according to the slaughter of them that are slainby him?• 8 In measure, when it shooteth forth, thou wilt debate withit: he stayeth his rough wind in the day of the east wind.• 9 By this therefore shall the iniquity of Jacob be purged;and this is all the fruit to take away his sin; when he maketh allthe stones of the altar as chalkstones that are beaten in sunder,the groves and images shall not stand up.
2394	ISAIAH 27:2, 3, 6 - 9• 7 Hath he smitten him, as he smote those that smote him? or ishe slain according to the slaughter of them that are slainby him?• 8 In measure, when it shooteth forth, thou wilt debate withit: he stayeth his rough wind in the day of the east wind.• 9 By this therefore shall the iniquity of Jacob be purged;and this is all the fruit to take away his sin; when he maketh allthe stones of the altar as chalkstones that are beaten in sunder,the groves and images shall not stand up.00008
2400	ISAIAH 27:2, 3, 6 - 9• 7 Hath he smitten him, as he smote those that smote him? or ishe slain according to the slaughter of them that are slainby him?• 8 In measure, when it shooteth forth, thou wilt debate withit: he stayeth his rough wind in the day of the east wind.• 9 By this therefore shall the iniquity of Jacob be purged;and this is all the fruit to take away his sin; when he maketh allthe stones of the altar as chalkstones that are beaten in sunder,the groves and images shall not stand up.
2406	ISAIAH 27:2, 3, 6 - 9• 7 Hath he smitten him, as he smote those that smote him? or ishe slain according to the slaughter of them that are slainby him?• 8 In measure, when it shooteth forth, thou wilt debate withit: he stayeth his rough wind in the day of the east wind.• 9 By this therefore shall the iniquity of Jacob be purged;and this is all the fruit to take away his sin; when he maketh allthe stones of the altar as chalkstones that are beaten in sunder,the groves and images shall not stand up.
2412	ISAIAH 27:2, 3, 6 - 9• 7 Hath he smitten him, as he smote those that smote him? or ishe slain according to the slaughter of them that are slainby him?• 8 In measure, when it shooteth forth, thou wilt debate withit: he stayeth his rough wind in the day of the east wind.• 9 By this therefore shall the iniquity of Jacob be purged;and this is all the fruit to take away his sin; when he maketh allthe stones of the altar as chalkstones that are beaten in sunder,the groves and images shall not stand up.
2418	ISAIAH 27:2, 3, 6 - 9• 7 Hath he smitten him, as he smote those that smote him? or ishe slain according to the slaughter of them that are slainby him?• 8 In measure, when it shooteth forth, thou wilt debate withit: he stayeth his rough wind in the day of the east wind.• 9 By this therefore shall the iniquity of Jacob be purged;and this is all the fruit to take away his sin; when he maketh allthe stones of the altar as chalkstones that are beaten in sunder,the groves and images shall not stand up.
2424	ISAIAH 27:2, 3, 6 - 9• 7 Hath he smitten him, as he smote those that smote him? or ishe slain according to the slaughter of them that are slainby him?• 8 In measure, when it shooteth forth, thou wilt debate withit: he stayeth his rough wind in the day of the east wind.• 9 By this therefore shall the iniquity of Jacob be purged;and this is all the fruit to take away his sin; when he maketh allthe stones of the altar as chalkstones that are beaten in sunder,the groves and images shall not stand up.
2430	ISAIAH 27:2, 3, 6 - 9• 7 Hath he smitten him, as he smote those that smote him? or ishe slain according to the slaughter of them that are slainby him?• 8 In measure, when it shooteth forth, thou wilt debate withit: he stayeth his rough wind in the day of the east wind.• 9 By this therefore shall the iniquity of Jacob be purged;and this is all the fruit to take away his sin; when he maketh allthe stones of the altar as chalkstones that are beaten in sunder,the groves and images shall not stand up.
2436	ISAIAH 27:2, 3, 6 - 9• 7 Hath he smitten him, as he smote those that smote him? or ishe slain according to the slaughter of them that are slainby him?• 8 In measure, when it shooteth forth, thou wilt debate withit: he stayeth his rough wind in the day of the east wind.• 9 By this therefore shall the iniquity of Jacob be purged;and this is all the fruit to take away his sin; when he maketh allthe stones of the altar as chalkstones that are beaten in sunder,the groves and images shall not stand up.
2442	ISAIAH 27:2, 3, 6 - 9• 7 Hath he smitten him, as he smote those that smote him? or ishe slain according to the slaughter of them that are slainby him?• 8 In measure, when it shooteth forth, thou wilt debate withit: he stayeth his rough wind in the day of the east wind.• 9 By this therefore shall the iniquity of Jacob be purged;and this is all the fruit to take away his sin; when he maketh allthe stones of the altar as chalkstones that are beaten in sunder,the groves and images shall not stand up.
2448	JOEL 2:23• 23 Be glad then, ye children of Zion, and rejoicein the Lord your God: for he hath given you theformer rain moderately, and he will cause to comedown for you the rain, the former rain, and thelatter rain in the first month.
2454	JOEL 2:23• 23 Be glad then, ye children of Zion, and rejoicein the Lord your God: for he hath given you theformer rain moderately, and he will cause to comedown for you the rain, the former rain, and thelatter rain in the first month.
2460	DONATEJOEL 2:23• 23 Be glad then, ye children of Zion, and rejoicein the Lord your God: for he hath given you theformer rain moderately, and he will cause to comedown for you the rain, the former rain, and thelatter rain in the first month.0009800
2466	DONATEJOEL 2:23• 23 Be glad then, ye children of Zion, and rejoicein the Lord your God: for he hath given you theformer rain moderately, and he will cause to comedown for you the rain, the former rain, and thelatter rain in the first month.0005320
2472	DONATEJOEL 2:23• 23 Be glad then, ye children of Zion, and rejoicein the Lord your God: for he hath given you theformer rain moderately, and he will cause to comedown for you the rain, the former rain, and thelatter rain in, the first month.000B9C0
2478	JOEL 2:23• 23 Be glad then, ye children of Zion, and rejoicein the Lord your God: for he hath given you theformer rain moderately, and he will cause to comedown for you the rain, the former rain, and thelatter rain in the first month.
2484	DONATEJOEL 2:23• 23 Be glad then, ye children of Zion, and rejoicein the Lord your God: for he hath given you theformer rain moderately, and he will cause to comedown for you the rain, the former rain, and thelatter rain in the first month.
2490	DONATEJOEL 2:23• 23 Be glad then, ye children of Zion, and rejoicein the Lord your God: for he hath given you theformer rain moderately, and he will cause to comedown for you the rain, the former rain, and thelatter rain in the first month.
2496	JOEL 2:23• 23 Be glad then, ye children of Zion, and rejoicein the Lord your God: for he hath given you theformer rain moderately, and he will cause to comedown for you the rain, the former rain, and thelatter rain in the first month.
2502	DONATEJOEL 2:23• 23 Be glad then, ye children of Zion, and rejoicein the Lord your God: for he hath given you theformer rain moderately, and he will cause to comedown for you the rain, the former rain, and thelatter rain in the first month.
2508	DONATEHOSEA 8:7• For they have sown the wind, and they shallreap the whirlwind: it hath no stalk; the budshall yield no meal: if so be it yield, the strangersshall swallow it up.
2514	DONATEHOSEA 8:7• For they have sown the wind, and they shallreap the whirlwind: it hath no stalk; the budshall yield no meal: if so be it yield, the strangersshall swallow it up.000080
2520	DONATEHOSEA 8:7• For they have sown the wind, and they shallreap the whirlwind: it hath no stalk; the budshall yield no meal: if so be it yield, the strangersshall swallow it up.0000300
2526	DONATEHOSEA 8:7• For they have sown the wind, and they shallreap the whirlwind: it hath no stalk; the budshall yield no meal: if so be it yield, the strangersshall swallow it up.
2532	DONATEHOSEA 8:7• For they have sown the wind, and they shallreap the whirlwind: it hath no stalk; the budshall yield no meal: if so be it yield, the strangersshall swallow it up.
2538	DONATEHOSEA 8:7• For they have sown the wind, and they shallreap the whirlwind: it hath no stalk; the budshall yield no meal: if so be it yield, the strangersshall swallow it up.
2544	DONATEHOSEA 8:7• For they have sown the wind, and they shallreap the whirlwind: it hath no stalk; the budshall yield no meal: if so be it yield, the strangersshall swallow it up.
2550	DONATEHOSEA 8:7• For they have sown the wind, and they shallreap the whirlwind: it hath no stalk; the budshall yield no meal: if so be it yield, the strangersshall swallow it up.
2556	DONATEHOSEA 8:7• For they have sown the wind, and they shallreap the whirlwind: it hath no stalk; the budshall yield no meal: if so be it yield, the strangersshall swallow it up.
2562	DONATEHOSEA 8:7• For they have sown the wind, and they shallreap the whirlwind: it hath no stalk; the budshall yield no meal: if so be it yield, the strangersshall swallow it up.
2568	DONATEPROVERBS 1:27• When your fear cometh as desolation, and yourdestruction cometh as a whirlwind; whendistress and anguish cometh upon you.
2574	DONATEPROVERBS 1:27• When your fear cometh as desolation, and yourdestruction cometh as a whirlwind; whendistress and anguish cometh upon you.
2580	DONATEPROVERBS 1:27• When your fear cometh as desolation, and yourdestruction cometh as a whirlwind; whendistress and anguish cometh upon you.0049860€
2586	DONATEPROVERBS 1:27• When your fear cometh as desolation, and yourdestruction cometh as a whirlwind; whendistress and anguish cometh upon you.0005920
2592	DONATEPROVERBS 1:27• When your fear cometh as desolation, and yourdestruction cometh as a whirlwind; whendistress and anguish cometh upon you.
2598	DONATEPROVERBS 1:27• When your fear cometh as desolation, and yourdestruction cometh as a whirlwind; whendistress and anguish cometh upon you.
2604	DONATEISAIAH 30:25• 25 And there shall be upon every high mountain,and upon every high hill, rivers and streams ofwaters in the day of the great slaughter, whenthe towers fall.0009910
2610	DONATEISAIAH 30:25• 25 And there shall be upon every high mountain,and upon every high hill, rivers and streams ofwaters in the day of the great slaughter, whenthe towers fall.0000S0
2616	DONATEISAIAH 30:25• 25 And there shall be upon every high mountain,and upon every high hill, rivers and streams ofwaters in the day of the great slaughter, whenthe towers fall.0005850
2622	DONATEISAIAH 30:25• 25 And there shall be upon every high mountain,and upon every high hill, rivers and streams ofwaters in the day of the great slaughter, whenthe towers fall.0000300
2628	DONATEISAIAH 30:25• 25 And there shall be upon every high mountain,and upon every high hill, rivers and streams ofwaters in the day of the great slaughter, whenthe towers fall.
2634	DONATEISAIAH 30:25• 25 And there shall be upon every high mountain,and upon every high hill, rivers and streams ofwaters in the day of the great slaughter, whenthe towers fall.
2640	DONATEISAIAH 30:25• 25 And there shall be upon every high mountain,and upon every high hill, rivers and streams ofwaters in the day of the great slaughter, whenthe towers fall.
2646	CHRIST IN HIS SANCTUARY P.188.1• Solemn are the scenes connected with the closing workof the atonement. Momentous are the interests involvedtherein. The judgment is now passing in the sancluaryabove. For many vears this work has been in progress. Soon-none know how soon-it will pass to the cases of the living. In theawful presence of God our lives are to come up in review. At thistime above all others it behooves every soul to heed the Savioursadmonition: "Watch and pray: for ye know not when the timeis." Mark 13:33. "If therefore thou shalt not watch, I willcome on thee as a thief, and thou shalt not know what hour Iwill come upon thee." Revelation 3:8.
2652	CHRIST IN HIS SANCTUARY P.188.1• Solemy are the scenes connected with the closing workof the atonement. Momentous are the interests involvedtherein. The judgment is now passing in the sanctuaryabove. For many years this work has been in progress. Soon—none know how soon-it will pass to the cases of the living. In theawful presence of God our lives are to come up in review. At thistime above all others it behooves every soul to heed the Saviour'sadmonition: "Watch and pray: for ye know not when the timeis." Mark 13:33. "If therefore thou shalt not watch, I willcome on thee as a thief, and thou shalt not know what hour Iwill come upon thee." Revelation 3:3.
2658	CHRIST IN HIS SANCTUARY P.188.1• Solemn are the scenes connected with the closing workof the atonement. Momentous are the interests involvedtherein. The judgment is now passing in the sanctuaryabove. For many years this work has been in progress. Soon-none know how soon-it will pass to the cases of the living. In theawful presence of God our lives are to come up in review. At thistime above all others it behooves every soul to heed the Saviour'sadmonition: "Watch and pray: for ye know not when the timeis." Mark 13:33. "If therefore thou shalt not watch, I willcome on thee as a thief, and thou shalt not know what hour Iwill come upon thee." Revelation 3:3.
2664	DARKNESS BEFORE DAWN P.36.3• The events connected with the close of probationand the work of preparation for the time oftrouble, are clearly presented. But multitudes haveno more understanding of these important truths than ifthey had never been revealed. Satan watches to catchaway every impression that would make them wiseunto salvation, and the time of trouble will find themunready.
2670	DARKNESS BEFORE DAWN P.36.3• The events connected with the close of probationand the work of preparation for the time oftrouble, are clearly presented. But multitudes Javeno more understanding of these important truths than ifthey had never been revealed. Satan watches to catchaway every impression that would make them wiseunto salvation, and the time of trouble will find themunready.
2676	DARKNESS BEFORE DAWN P.36.3• The events connected with the close of probationand the work of preparation for the time oftrouble, are clearly presented. But multitudes haveno more understanding of these important truths than ifthey had never been revealed. Satan watches to catchaway every impression that would make them wiseunto salvation, and the time of trouble will find themunready.
2682	THE STORY OF DANIEL THE PROPHET P.248• "I saw four angels standing on the four corners of the earth,holding the four winds of the earth.... And I saw another angelascending from the east, having the seal of the living God; and hecried saying, Hurt not the earth …..till we have sealed theservants of our God in their foreheads." These angels now holdthe winds of strife, waiting for the church of God to prepare forhis coming. The sealing angel goes through Jerusalem (thechurch) to place the seal of the living God on the foreheads ofthe faithful, and while this work goes forward, Turkey standsas a national guidepost to the world, that men mayknow what is going on in the sanctuary above.
2688	THE STORY OF DANIEL THE PROPHET P.248• "I saw four angels standing on the four corners of the earth,holding the four winds of the earth.... And I saw another angelascending from the east, having the seal of the living God; and hecried saying, Hurt not the earth …..till we have sealed theservants of our God in their foreheads." These angels now holdthe winds of strife, waiting for the church of God to prepare forhis coming. The sealing angel goes through Jerusalem (thechurch) to place the seal of the living God on the foreheads ofthe faithful, and while this work goes forward, Turkey standsas a national guidepost to the world, that men mayknow what is going on in the sanctuary above.
2694	THE STORY OF DANIEL THE PROPHET P.248• "I saw four angels standing on the four corners of the earth,holding the four winds of the earth... And I saw another angelascending from the east, having the seal of the living God; and hecried saying, Hurt not the earth …..till we have sealed theservants of our God in their foreheads." These angels now holdthe winds of strife, waiting for the church of God to prepare forhis coming. The sealing angel goes through Jerusalem (thechurch) to place the seal of the living God on the foreheads ofthe faithful, and while this work goes forward, Turkey standsas a national guidepost to the world, that men mayknow what is going on in the sanctuary above.
2700	THE STORY OF DANIEL THE PROPHET P.248• "I saw four angels standing on the four corners of the earth,holding the four winds of the earth.... And I saw another angelascending from the east, having the seal of the living God; and hecried saying, Hurt not the earth …..till we have sealed theservants of our God in their foreheads." These angels now holdthe winds of strife, waiting for the church of God to prepare forhis coming. The sealing angel goes through Jerusalem (thechurch) to place the seal of the living God on the foreheads ofthe faithful, and while this work goes forward, Turkey standsas a national guidepost to the world, that men mayknow what is going on in the sanctuary above.
2706	THE STORY OF DANIEL THE PROPHET P.248• "I saw four angels standing on the four corners of the earth,holding the four winds of the earth.... And I saw another angelascending from the east, having the seal of the living God; and hecried saying, Hurt not the earth …..till we have sealed theservants of our God in their foreheads." These angels now holdthe winds of strife, waiting for the church of God to prepare forhis coming. The sealing angel goes through Jerusalem (thechurch) to place the seal of the living God on the foreheads ofthe faithful, and while this work goes forward, Turkey standsas a national guidepost to the world, that men mayknow what is going on in the sanctuary above.
2712	THE STORY OF DANIEL THE PROPHET P.248• "I saw four angels standing on the four corners of the earth,holding the four winds of the earth.... And I saw another angelascending from the east, having the seal of the living God; and hecried saying, Hurt not the earth …..till we have sealed theservants of our God in their foreheads." These angels now holdthe winds of strife, waiting for the church of God to prepare forhis coming. The sealing angel goes through Jerusalem (thechurch) to place the seal of the living God on the foreheads ofthe faithful, and while this work goes forward, Turkey standsas a national guidepost to the world, that men mayknow what is going on in the sanctuary above.
2718	THE STORY OF DANIEL THE PROPHET P.248• "I saw four angels standing on the four corners of the earth,holding the four winds of the earth.... And I saw another angelascending from the east, having the seal of the living God; and hecried saying, Hurt not the earth …..till we have sealed theservants of our God in their foreheads." These angels now holdthe winds of strife, waiting for the church of God to prepare forhis coming. The sealing angel goes through Jerusalem (thechurch) to place the seal of the living God on the foreheads ofthe faithful, and while this work goes forward, Turkey standsas a national guidepost to the world, that men mayknow what is going on in the sanctuary above.
2724	THE STORY OF DANIEL THE PROPHET P.248• "I saw four angels standing on the four corners of the earth,holding the four winds of the earth.... And I saw another angelascending from the east, having the seal of the living God; and hecried saying, Hurt not the earth …..till we have sealed theservants of our God in their foreheads." These angels now holdthe winds of strife, waiting for the church of God to prepare forhis coming. The sealing angel goes through Jerusalem (thechurch) to place the seal of the living God on the foreheads ofthe faithful, and while this work goes forward, Turkey standsas a national guidepost to the world, that men mayknow what is going on in the sanctuary above.
2730	THE STORY OF DANIEL THE PROPHET P.248• "I saw four angels standing on the four corners of the earth,holding the four winds of the earth.... And I saw another angelascending from the east, having the Seal of the living God; and hecried saying, Hurt not the earth …..till we have sealed theservants of our God in their foreheads." These angels now holdthe winds of strife, waiting for the church of God to prepare forhis coming. The sealing angel goes through Jerusalem (thechurch) to place the seal of the living God on the foreheads ofthe faithful, and while this work goes forward, Turkey standsas a national guidepost to the world, that men mayknow what is going on in the sanctuary above.
2736	THE STORY OF DANIEL THE PROPHET P.248• "I saw four angels standing on the four corners of the earth,holding the four winds of the earth.... And I saw another angelascending from the east, having the seal of the living God; and hecried …saying, Hurt not the earth …..till we have sealed theservants of our God in their foreheads." These angels now holdthe winds of strife, waiting for the church of God to prepare forhis coming. The sealing angel goes through Jerusalem (thechurch) to place the seal of the living God on the foreheads ofthe faithful, and while this work goes forward, Turkey standsas a national guidepost to the world, that men mayknow what is going on in the sanctuary above.
2742	THE STORY OF DANIEL THE PROPHET P.248• "I saw four angels standing on the four corners of the earth,holding the four winds of the earth.... And I saw another angelascending from the east, having the seal of the living God; and hecried saying, Hurt not the earth …..till we have sealed theservants of our God in their foreheads." These angels now holdthe winds of strife, waiting for the church of God to prepare forhis coming. The sealing angel goes through Jerusalem (thechurch) to place the seal of the living God on the foreheads ofthe faithful, and while this work goes forward, Turkey standsas a national guidepost to the world, that men mayknow what is going on in the sanctuary above.
2748	THE STORY OF DANIEL THE PROPHET P.248• "I saw four angels standing on the four corners of the earth,holding the four winds of the earth.... And I saw another angelascending from the east, having the seal of the living God; and hecried saying, Hurt not the earth …..till we have sealed theservants of our God in their foreheads." These angels now holdthe winds of strife, waiting for the church of God to prepare forhis coming. The sealing angel goes through Jerusalem (thechurch) to place the seal of the living God on the foreheads ofthe faithful, and while this work goes forward, Turkey standsas a national guidepost to the world, that men mayknow what is going on in the sanctuary above.
2754	THE STORY OF DANIEL THE PROPHET P.248• "I saw four angels standing on the four corners of the earth,holding the four winds of the earth.... And I saw another angelascending from the east, having the seal of the living God; and hecried saying, Hurt not the earth …..till we have sealed theservants of our God in their foreheads." These angels now holdthe winds of strife, waiting for the church of God to prepare forhis coming. The sealing angel goes through Jerusalem (thechurch) to place the seal of the living God on the foreheads ofthe faithful, and while this work goes forward, Turkey standsas a national guidepost to the world, that men mayknow what is going on in the sanctuary above.
2760	THE STORY OF DANIEL THE PROPHET P.248• "I saw four angels standing on the four corners of the earth,holding the four winds of the earth.... And I saw another angelascending from the east, having the seal of the living God; and hecried saying, Hurt not the earth …..till we have sealed theservants of our God in their foreheads." These angels now holdthe winds of strife, waiting for the church of God to prepare forhis coming. The sealing angel goes through Jerusalem (thechurch) to placy the seal of the living God on the foreheads ofthe faithful, and while this work goes forward, Turkey standsas a national guidepost to the world, that men mayknow what is going on in the sanctuary above.
2766	THE STORY OF DANIEL THE PROPHET P.248• "I saw four angels standing on the four corners of the earth,holding the tour winds of the earth.... And I saw another angelascending from the east, having the seal of the living God; and hecried saying, Hurt not the earth …..till we have sealed theservants of our God in their foreheads." These angels now holdthe winds of strife, waiting for the church of God to prepare forhis coming. The sealing angel goes through Jerusalem (thechurch) to place the seal of the living God on the foreheads ofthe faithful, and while this wark goes forward, Turkey standsas a national guidepost to the world, that men mayknow what is going on in the sanctuary above.
2772	THE STORY OF DANIEL THE PROPHET P.248• "I saw four angels standing on the four corners of the earth,holding the tour winds of the earth.... And I saw another angelascending from the east, having the seal of the living God; and hecried saying, Hurt not the earth …..till we have sealed theservants of our God in their foreheads." These angels now holdthe winds of strife, waiting for the church of God to prepare forhis coming. The sealing angel goes through Jerusalem (thechurch) to place the seal of the living God on the foreheads ofthe faithful, and while this work goes forward, Turkey standsas a national guidepost to the world, that men ayknow what is going on in the sanctuary above.
2778	THE STORY OF DANIEL THE PROPHET P.248• "I saw four angels standing on the four corners of the earth,holding the four winds of the earth.... And I saw another angelascending from the east, having the seal of the living God; and hecried saying, Hurt not the earth …..till we have sealed theservants of our God in their foreheads." These angels now holdthe winds of strife, waiting for the church of God to prepare forhis coming. The sealing angel goes through Jerusalem (thechurch) to place the seal of the living God on the foreheads ofthe faithful, and while this work goes forward, Turkey standsas a national guidepost to the world, that men mayknow what is going on in the sanctuary above.
2784	THE STORY OF DANIEL THE PROPHET P.248• "I saw four angels standing on the four corners of the earth,holding the tour winds of the earth.... And I saw another angelascending from the east, having the seal of the living God; and hecried saying, Hurt not the earth …..till we have sealed theservants of our God in their foreheads." These angels now holdthe winds of strife, waiting for the church of God to prepare forhis coming. The sealing angel goes through Jerusalem (thechurch) to place the seal of the living God on the foreheads ofthe faithful, and while this work goes forward, Turkey standsas a national guidepost to the world, that men mayknow what is going on in the sanctuary above.
2790	THE STORY OF DANIEL THE PROPHET P.248• "I saw four angels standing on the four corners of the earth,holding the four winds of the earth.... And I saw another angelascending from the east, having the seal of the living God; and hecried saying, Hurt not the earth …..till we have sealed theservants of our God in their foreheads." These angels now holdthe winds of strife, waiting for the church of God to prepare forhis coming. The sealing angel goes through Jerusalem (thechurch) to place the seal of the living God on the foreheads ofthe faithful, and while this work goes forward, Turkey standsas a national guidepost to the world, that men mayknow what is going on in the sanctuary above.
2796	THE STORY OF DANIEL THE PROPHET P.248• "I saw four angels standing on the four corners of the earth,holding the four winds of the earth.... And I saw another angelascending from the east, having the seal of the living God; and hecried saying, Hurt not the earth …..till we have sealed theservants of our God in their foreheads." These angels now holdthe winds of strife, waiting for the church of God to prepare forhis coming. The sealing angel goes through Jerusalem (thechurch) to place the seal of the living God on the foreheads ofthe faithful, and while this work goes forward, Turkey standsas a national guidepost to the world, that men mayknow what is going on in the sanctuary aboye.
2802	THE STORY OF DANIEL THE PROPHET P.248• "I saw four angels standing on the four corners of the earth,holding the four winds of the earth.... And I saw another angelascending from the east, having the seal of the living God; and hecried saying, Hurt not the earth …..till we have sealed theservants of our God in their foreheads." These angels now holdthe winds of strife, waiting for the church of God to prepare forhis coming. The sealing angel goes through Jerusalem (thechurch) to place the seal of the living God on the foreheads ofthe faithful, and while this work goes forward, Turkey standsas a national guidepost to the world, that men mayknow what is going on in the sanctuary above.
2808	THE STORY OF DANIEL THE PROPHET P.248• "I saw four angels standing on the four corners of the earth,holding the four winds of the earth.... And I saw another angelascending from the east, having the seal of the living God; and hecried saying, Hurt not the earth …..till we have sealed theservants of our God in their foreheads." These angels now holdthe winds of strife, waiting for the church of God to prepare forhis coming. The sealing angel goes through Jerusalem (thechurch) to place the seal of the living God on the foreheads ofthe faithful, and while this work goes forward, Turkey standsas a national guidepost to the world, that men mayknow what is going on in the sanctuary above.
2814	THE STORY OF DANIEL THE PROPHET P.248• "I saw four angels standing on the four corners of the earth,holding the four winds of the earth.... And I saw another angelascending from the east, having the seal of the living God; and hecried saying, Hurt not the earth …..till we have sealed theservants of our God in their foreheads." These angels now holdthe winds of strife, waiting for the church of God to prepare forhis coming. The sealing angel goes through Jerusalem (thechurch) to place the seal of the living God on the foreheads ofthe faithful, and while this work goes forward, Turkey standsas a national guidepost to the world, that men mayknow what is going on in the sanctuary above.
2820	THE STORY OF DANIEL THE PROPHET P.248• "I saw four angels standing on the four corners of the earth,holding the four winds of the earth.... And I saw another angelascending from the east, having the seal of the living God; and hecried saying, Hurt not the earth …..till we have sealed theservants of our God in their foreheads." These angels now holdthe winds of strife, waiting for the church of God to prepare forhis coming. The sealing angel goes through Jerusalem (thechurch) to place the seal of the living God on the foreheads ofthe faithful, and while this work goes forward, Turkey standsas a national guidepost to the world, that men mayknow what is going on in the sanctuary above.
2826	THE STORY OF DANIEL THE PROPHET P.248• "I saw four angels standing on the four corners of the earth,holding the four winds of the earth.... And I saw another angelascending from the east, having the seal of the living God; and hecried saying, Hurt not the earth …..till we have sealed theservants of our God in their foreheads." These angels now holdthe winds of strife, waiting for the church of God to prepare forhis coming. The sealing angel goes through Jerusalem (thechurch) to place the seal of the living God on the foreheads ofthe faithful, and while this work goes forward, Turkey standsas a national guidepost to the world, that men mayknow what is going on in the sanctuary above.
2832	THE STORY OF DANIEL THE PROPHET P.248• "I saw four angels standing on the four corners of the earth,holding the four winds of the earth.... And I saw another angelascending from the east, having the seal of the living God; and hecried saying, Hurt not the earth …..till we have sealed theservants of our God in their foreheads." These angels now holdthe winds of strife, waiting for the church of God to prepare forhis coming. The sealing angel goes through Jerusalem (thechurch) to place the seal of the living God on the foreheads ofthe faithful, and while this work goes forward, Turkey standsas a national guidepost to the world, that men mayknow what is going on in the sanctuary above.
2838	ISAIAH 30:25DONATE• 25 And there shall be upon every high mountain,and upon every high hill, rivers and streams ofwaters in the day of the great slaughter, whenthe towers fall.00C
2844	ISAIAH 30:25DONATE• 25 And there shall be upon every high mountain,and upon every high hill, rivers and streams ofwaters in the day of the great slaughter, whenthe towers fall.
2850	ISAIAH 30:25DONATE• 25 And there shall be upon every high mountain,and upon every high hill, rivers and streams ofwaters in the day of the great slaughter, whenthe towers fall.
2856	ISAIAH 30:25DONATE• 25 And there shall be upon every high mountain,and upon every high hill, rivers and streams ofwaters in the day of the great slaughter, whenthe towers fall.
2862	THE STORY OF DANIEL THE PROPHET P.248• "I saw four angels standing on the four corners of the earth,holding the tour winds of the earth.... And I saw another angelascending from the east, having the seal of the living God; and hecried …saying, Hurt not the earth …..till we have sealed theservants of our God in their foreheads." These angels now holdthe winds of strife, waiting for the church of God to prepare forhis coming. The sealing angel goes through Jerusalem (thechurch) to place the seal of the living God on the foreheads ofthe faithful, and while this work goes forward, Turkey standsas a national guidepost to the world, that men mayknow what is going on in the sanctuary above.
2868	THE STORY OF DANIEL THE PROPHET P.248• "I saw four angels standing on the four corners of the earth,holding the four winds of the earth.... And I saw another angelascending from the east, having the seal of the living God; and hecried saying, Hurt not the earth …..till we have sealed theservants of our God in their foreheads." These angels now holdthe winds of strife, waiting for the church of God to prepare forhis coming. The sealing angel goes through Jerusalem (thechurch) to place the seal of the living God on the foreheads ofthe faithful, and while this work goes forward, Turkey standsas a national guidepost to the world, that men mayknow what is going on in the sanctuary above.
2874	THE STORY OF DANIEL THE PROPHET P.248• "I saw four angels standing on the four corners of the earth,holding the four winds of the earth.... And I saw another angelascending from the east, having the seal of the living God; and hecried saying, Hurt not the earth …..till we have sealed theservants of our God in their foreheads." These angels now holdthe winds of strife, waiting for the church of God to prepare forhis coming. The sealing angel goes through Jerusalem (thechurch) to place the seal of the living God on the foreheads ofthe faithful, and while this work goes forward, Turkey standsas a national guidepost to the world, that men mayknow what is going on in the sanctuary above.
2880	THE STORY OF DANIEL THE PROPHET P.248• God's eye is upon his people, and he never leaves himself without awitness in the world. No man knows when Turkey wil takeits departure from Europe, but when that move is made, earth'shistory will be short. Then it will be said, "He that is unjust let himbe unjust still, ...and he that is righteous let him be righteous still."To-day is "the day of preparation." The fate of Babylon, Medo-Persia, Greece, and Rome is recorded for the edification of thenations of to-day, and the lessons taught by all center in the eventsjust before us. While the world watches Turkey, let theservant of God watch the movements of his great HishPriest, whose ministry for sin is almost over.OOO
2886	THE STORY OF DANIEL THE PROPHET P.248• God's eye is upon his people, and he never leaves himself without awitness in the world. No man knows when Turkey will takeits departure from Europe, but when that move is made, earth'shistory will be short. Then it will be said, "He that is unjust let himbe unjust still, ...and he that is righteous let him be righteous still."To-day is "the day of preparation." The fate of Babylon, Medo-Persia, Greece, and Rome is recorded for the edification of thenations of to-day, and the lessons taught by all center in the eventsjust before us. While the world watches Turkey, let theservant of God watch the movements of his great HighPriest, whose ministry for sin is almost over.
2892	THE STORY OF DANIEL THE PROPHET P.248• God's eye is upon his people, and he never leaves himself without awitness in the world. No man knows when Turkey will takeits departure from Europe, but when that move is made, earth'shistory will be short. Then it will be said, "He that is unjust let himbe unjust still, ...and he that is righteous let him be righteous still."To-day is "the day of preparation." The fate of Babylon, Medo-Persia, Greece, and Rome is recorded for the edilication of thenations of to-day, and the lessons taught by all center in the eventsjust before us. While the world watches Turkey, let theservant of God watch the movements of his great HighPriest, whose ministry for sin is almost over.
2898	THE STORY OF DANIEL THE PROPHET P.248• God's eye is upon his people, and he never leaves himself without awitness in the world. No man knows when Turkey will takeits departure from Europe, but when that move is made, earth'shistory will be short. Then it will be said, "He that is unjust let himbe unjust still, ...and he that is righteous let him be righteous still."To-day is "the day of preparation." The fate of Babylon, Medo-Persia, Greece, and Rome is recorded for the edification of thenations of to-day, and the lessons taught by all center in the eventsjust before us. While the world watches Turkey, let theservant of God watch the movements of his great HighPriest, whose ministry for sin is almost over.
2904	THE STORY OF DANIEL THE PROPHET P.248• God's eye is upon his people, and he never leaves himself without awitness in the world. No man knows when Turkey will takeits departure from Europe, but when that move is made, earth'shistory will be short. Then it will be said, "He that is unjust let himbe unjust still, ...and he that is righteous let him be righteous still."To-day is "the day of preparation." The fate of Babylon, Medo-Persia, Greece, and Rome is recorded for the edification of thenations of to-day, and the lessons taught by all center in the eventsjust before us. While the world watches Turkey, let theservant of God watch the movements of his great HighPriest, whose ministry for sin is almost over.
2910	THE STORY OF DANIEL THE PROPHET P.248• God's eye is upon his people, and he never leaves himself without awitness in the world. No man knows when Turkey will takeits departure from Europe, but when that move is made, earth'shistory will be short. Then it will be said, "He that is unjust let himbe unjust still, ...and he that is righteous let him be righteous still.To-day is "the day of preparation." The fate of Babylon, Medo-Persia, Greece, and Rome is recorded for the edification of thenations of to-day, and the lessons taught by all center in the eventsjust before us. While the world watches Turkey, let theservant of God watch the movements of his great HighPriest, whose minstry for sin is almost over.
2916	THE STORY OF DANIEL THE PROPHET P.248• God's eye is upon his people, and he never leaves himself without awitness in the world. No man knows when Turkey will takeits departure from Europe, but when that move is made, earth'shistory will be short. Then it will be said, "He that is unjust let himbe unjust still, ...and he that is righteous let him be righteous still."To-day is "the day of preparation." The fate of Babylon, MedoPersia, Greece, and Rome is recorded for the edification of thenations of to-day, and the lessons taught by all center in the eventsjust before us. While the world watches Turkey, let theservant of God watch the movements of his great HighPriest, whose ministry for sin is almost over.
2922	THE STORY OF DANIEL THE PROPHET P.248• God's eye is upon his people, and he never leaves himself without awitness in the world. No man knows when Turkey will takeits departure from Europe, but when that move is made, earth'shistory will be short. Then it will be said, "He that is unjust let himbe unjust sull, ...and he that is righteous let him be righteous still."To-day is "the day of preparation." The fate of Babylon, Medo-Persia, Greece, and Rome is recorded for the edification of thenations of to-day, and the lessons taught by all center in the eventsjust before us. While the world watches Turkey, let theservant of God watch the movements of his great HighPriest, whose ministry for sin is almost over.
2928	DONATE
2934	DONATE
2940	DONATE
2946	THE STORY OF DANIEL THE PROPHET P.248• God's eye is upon his people, and he never leaves himself without awitness in the world. No man knows when Turkey will takeits departure Irom Europe, but when that move is made, earth'shistory will be short. Then it will be said, "He that is unjust let himbe unjust still, ...and he that is righteous let him be righteous still."To-day is "the day of preparation." The fate of Babylon, MedoPersia, Greece, and Rome is recorded for the edification of thenations of to-day, and the lessons taught by all center in the eventsjust before us. While the world watches Turkey, let theservant of God watch the movements of his great HighPriest, whose ministry for sin is almost over.0 0058
2952	THE STORY OF DANIEL THE PROPHET P.248• God's eye is upon his people, and he never leaves himself without awitness in the world. No man knows when Turkey will takeits departure from Europe, but when that move is made, carth'shistory will be short. Then it Sill be said, "He that is unjust let himbe unjust still, ...and he that is righteous let him be righteous still."To-day is "the day of preparation." The fate of Babylon, Medo-Persia, Greece, and Rome is recorded for the edification of thenations of to-day, and the lessons taught by all center in the eventsjust before us. While the world watches Turkey, let theservant of God watch the movements of his great HighPriest, whose ministry for sin is almost over.90008
2958	THE STORY OF DANIEL THE PROPHET P.248• God's eye is upon his people, and he never leaves himself without awitness in the world. No man knows when Turkey will takeits departure from Europe, but when that move is made, carth'shistory will be short. Then it Kill be said, "He that is unjust let himbe unjust still, ...and he that is righteous let him be righteous still."To-day is "the day of preparation." The fate of Babylon, Medo-Persia, Greece, and Rome is recorded for the edification of thenations of to-day, and the lessons taught by all center in the eventsjust before us. While the world watches Turkey, let theservant of God watch the movements of his great HighPriest, whose minstry for sin is almost over.00008
2964	THE STORY OF DANIEL THE PROPHET P.248• God's eye is upon his people, and he never leaves himself without awitness in the world. No man knows when Turkey will takeits departure from Europe, but when that move is made, carth'shistory will be short. Then it Kill be said, "He that is unjust let himDe unjust sall, ...and he that is righteous let him be righteous still."To-day is "the day of preparation." The fate of Babylon, Medo-Persia, Greece, and Rome is recorded for the edification of thenations of to-day, and the lessons taught by all center in the eventsjust before us. While the world watches Turkey, let theservant of God watch the movements of his great HighPriest, whose ministry for sin is almost over.00059
2970	THE STORY OF DANIEL THE PROPHET P.248• God's eye is upon his people, and he never leaves himself without awitness in the world. No man knows when Turkey will takeits departure from Europe, but when that move is made, carth'shistory will be short. Then it will be said, "He that is unjust let himbe unjust still, ...and he that is righteous let him be righteous still.To-day is "the day of preparation." The fate of Babylon, MedoPersia, Greece, and Rome is recorded for the edification of thenations of to-day, and the lessons taught by all center in the eventsjust before us. While the world watches Turkey, let theservant of God watch the movements of his great HighPriest, whose ministry for sin is almost over.
2976	THE STORY OF DANIEL THE PROPHET P.248• God's eye is upon his people, and he never leaves himself without awitness in the world. No man knows when Turkey will takeits departure from Europe, but when that move is made, earth'shistory will be short. Then it will be said, "He that is unjust let himbe unjust still, ...and he that is righteous let him be righteous still."To-day is "the day of preparation." The fate of Babylon, Medo-Persia, Greece, and Rome is recorded for the edification of thenations of to-day, and the lessons taught by all center in the eventsjust before us. While the world watches Turkey, let theservant of God watch the movements of his great HighPriest, whose ministry for sin is almost over.
2982	THE STORY OF DANIEL THE PROPHET P.248• God's eye is upon his people, and he never leaves himself without awitness in the world. No man knows when Turkey will takeits departure Irom Europe, but when that move is made, earth'shistory will be short. Then it will be said, "He that is unjust let himbe unjust still, ...and he that is righteous let him be righteous still."To-day is "the day of preparation." The fate of Babylon, Medo-Persia, Greece, and Rome is recorded for the edification of thenations of to-day, and the lessons taught by all center in the eventsjust before us. While the world watches Turkey, let theservant of God watch the movements of his great HighPriest, whose ministry for sin is almost over.
2988	THE STORY OF DANIEL THE PROPHET P.248• God's eye is upon his people, and he never leaves himself without awitness in the world. No man knows when Turkey will takeits departure from Europe, but when that move is made, earth'shistory will be short. Then it will be said, "He that is unjust let himbe unjust still, ...and he that is righteous let him be righteous still."To-day is "the day of preparation." The fate of Babylon, Medo-Persia, Greece, and Rome is recorded for the edification of thenations of to-day, and the lessons taught by all center in the eventsjust before us. While the world watches Turkey, let theservant of God watch the movements of his great HighPriest, whose ministry for sin is almost over.
2994	THE STORY OF DANIEL THE PROPHET P.248• God's eye is upon his people, and he never leaves himself without awitness in the world. No man knows when Turkey will takeits departure from Europe, but when that move is made, earth'shistory will be short. Then it will be said, "He that is unjust let himbe unjust still, ...and he that is righteous let him be righteous still."To-day is "the day of preparation." The fate of Babylon, Medo-Persia, Greece, and Rome is recorded for the edification of thenations of to-day, and the lessons taught by all center in the eventsjust before us. While the world watches Turkey, let theservant of God watch the movements of his great HighPriest, whose ministry for sin is almost over.
3000	DONATESept. II, 200l- Isaiah 30ISAIAHEP 16
3006	DONATESept. II, 200l- Isaiah 30EP 16
3012	DONATESept. II, 200l- Isaiah 30EP 16
3018	DONATESept. II, 2001- Isaiah 30ISAIAHEP 16
3024	DONATESept. II, 200l- Isaiah 30EP 16
3030	DONATESept. II, 200l- Isaiah 30Technical difficultiesThank you for your patience.EP 16
3036	DONATESept. II, 200v- Isaiah 30Technical difficultiesThank you for your patience.EP 16
3042	DONATESept. I1, 200l- Isaiah 30Technical difficultiesThank you for your patience.EP 16
3048	DONATESept. II, 200l- Isaiah 30AD just lost power in the stormThe Generators are coming on as we speak.EP 16
3054	DONATETHE STORY OF DANIEL THE PROPHET P.248• God's eye is upon his people, and he never leaves himself without awitness in the world. No man knows when Turkey will takeits departure from Europe, but when that move is made, earth'shistory will be short. Then it will be said, "He that is unjust let himbe unjust still, ...and he that is righteous let him be righteous still."To-day is "the day of preparation." The fate of Babylon, Medo-Persia, Greece, and Rome is recorded for the edification of thenations of to-day, and the lessons taught by all center in the eventsjust before us. While the world watches Turkey, let theservant of God watch the movements of his great HighPriest, whose ministry for sin is almost over.AD just lost power in the stormThe Generators are coming on as we speak.
3060	DONATETHE STORY OF DANIEL THE PROPHET P.248• God's eye is upon his people, and he never leaves himself without awitness in the world. No man knows when Turkey will takeits departure from Europe, but when that move is made, earth'shistory will be short. Then it will be said, "He that is unjust let himbe unjust sull, ...and he that is righteous let him be righteous still."To-day is "the day of preparation." The fate of Babylon, Medo-Persia, Greece, and Rome is recorded for the edification of thenations of to-day, and the lessons taught by all center in the eventsjust before us. While the world watches Turkey, let theservant of God watch the movements of his great HighPriest, whose ministry for sin is almost over.AD just lost power in the stormThe Generators are coming on as we speak.
3066	DONATETHE STORY OF DANIEL THE PROPHET P.248• God's eye is upon his people, and he never leaves himself without awitness in the world. No man knows when Turkey will takeits departure from Europe, but when that move is made, earth'shistory will be short. Then it will be said, "He that is unjust let himbe unjust still, ...and he that is righteous let him be righteous still."To-day is "the day of preparation." The fate of Babylon, MedoPersia, Greece, and Rome is recorded for the edification of thenations of to-day, and the lessons taught by all center in the eventsjust before us. While the world watches Turkey, let theservant of God watch the movements of his great HighPriest, whose ministry for sin is almost over.AD just lost power in the stormThe Generators are coming on as we speak.
3072	DONATESept. II, 200l- Isaiah 30AD just lost power in the stormThe Generators are coming on as we speak.EP 16
3078	DONATESept. II, 200l- Isaiah 30AD just lost power in the stormThe Generators are coming on as we speak.EP 16
3084	DONATESept. II, 200l- Isaiah 30AD just lost power in the stormThe Generators are coming on as we speak.EP 16
3090	DONATESept. 11, 200l- Isaiah 30AD just lost power in the stormThe Generators are coming on as we speak.EP 16
3096	DONATESept. 11, 200l- Isaiah 30AD just lost power in the stormThe Generators are coming on as we speak.EP 16
3102	DONATESept. II, 200l- Isaiah 30AD just lost power in the stormThe Generators are coming on as we speak.EP 16
3108	DONATESept. II, 200/- Isaiah 30AD just lost power in the stormThe Generators are coming on as we speak.EP 16
3114	DONATEAD just lost power in the stormThe Generators are coming on as we speak.
3120	THE STORY OF DANIEL THE PROPHET P.248• God's eye is upon his people, and he never leaves himself without awitness in the world. No man knows when Turkey will takeits departure Irom Europe, but when that move is made, earth'shistory will be short. Then it will be said, "He that is unjust let himbe unjust still, …..and he that is righteous let him be righteous still."To-day is "the day of preparation." The fate of Babylon, Medo-Persia, Greece, and Rome is recorded for the edification of thenations of to-day, and the lessons taught by all center in the eventsjust before us. While the world watches Turkey, let theservant of God watch the movements of his great HighPriest, whose ministry for sin is almost over.AD just lost power in the stormThe Generators are coming on as we speak.
3126	DONATETHE STORY OF DANIEL THE PROPHET P.248• God's eye is upon his people, and he never leaves himself without awitness in the world. No man knows when Turkey will takeits departure from Europe, but when that move is made, carth'shistory will be short. Then it will be said, "He that is unjust let himbe unjust still, ...and he that is righteous let him be righteous still."To-day is "the day of preparation." The fate of Babylon, Medo-Persia, Greece, and Rome is recorded for the edification of thenations of to-day, and the lessons taught by all center in the eventsjust before us. While the world watches Turkey, let theservant of God watch the movements of his great HighPriest, whose ministry for sin is almost over.$ Wendy
3132	THE STORY OF DANIEL THE PROPHET P.248• God's eye is upon his people, and he never leaves himself without awitness in the world. No man knows when Turkey will takeits departure from Europe, but when that move is made, earth'shistory will be short. Then it will be said, "He that is unjust let himbe unjust still, ...and he that is righteous let him be righteous still."To-day is "the day of preparation." The fate of Babylon, Medo-Persia, Greece, and Rome is recorded for the edification of thenations of to-day, and the lessons taught by all center in the eventsjust before us. While the world watches Turkey, let theservant of God watch the movements of his great HighPriest, whose ministry for sin is almost over.@ Wendy
3138	THE STORY OF DANIEL THE PROPHET P.248• God's eye is upon his people, and he never leaves himself without awitness in the world. No man knows when Turkey will takeits departure from Europe, but when that move is made, earth'shistory will be short. Then it will be said, "He that is unjust let himbe unjust still, ...ad he that is righteous let him be righteous still."To-day is "the day of preparation." The fate of Babylon, Medo-Persia, Greece, and Rome is recorded for the edification of thenations of to-day, and the lessons taught by all center in the eventsjust before us. While the world watches Turkey, let theservant of God watch the movements of his great HighPriest, whose ministry for sin is almost over.@ Wendy
3144	THE STORY OF DANIEL THE PROPHET P.248• God's eye is upon his people, and he never leaves himself without awitness in the world. No man knows when Turkey will takeits departure from Europe, but when that move is made, earth'shistory will be short. Then it will be said, "He that is unjust let himbe unjust still, ...and he that is righteous let him be righteous still."To-day is "the day of preparation." The fate of Babylon, Medo-Persia, Greece, and Rome is recorded for the edification of thenations of to-day, and the lessons taught by all center in the eventsjust before us. While the world watches Turkey, let theservant of God watch the movements of his great HighPriest, whose ministry for sin is almost over.
3150	THE STORY OF DANIEL THE PROPHET P.248• God's eye is upon his people, and he never leaves himself without awitness in the world. No man knows when Turkey will takeits departure from Europe, but when that move is made, earth'shistory will be short. Then it will be said, "He that is unjust let himbe unjust still, ...and he that is righteous let him be righteous still."To-day is "the day of preparation." The fate of Babylon, Medo-Persia, Greece, and Rome is recorded for the edification of thenations of to-day, and the lessons taught by all center in the eventsjust before us. While the world watches Turkey, let theservant of God watch the movements of his great HighPriest, whose ministry for sin is almost over.
3156	THE STORY OF DANIEL THE PROPHET P.248• God's eye is upon his people, and he never leaves himself without awitness in the world. No man knows when Turkey will takeits departure from Europe, but when that move is made, earth'shistory will be short. Then it will be said, "He that is unjust let himbe unjust still, ...and he that is righteous let him be righteous still."To-day is "the day of preparation." The fate of Babylon, Medo-Persia, Greece, and Rome is recorded for the edification of thenations of to-day, and the lessons taught by all center in the eventsjust before us. While the world watches Turkey, let theservant of God watch the movements of his great HighPriest, whose ministry for sin is almost over.
3162	THE STORY OF DANIEL THE PROPHET P.248• God's eye is upon his people, and he never leaves himself without awitness in the world. No man knows when Turkey will takeits departure from Europe, but when that move is made, earth'shistory will be short. Then it will be said, "He that is unjust let himbe unjust still, ...and he that is righteous let him be righteous still."To-day is "the day of preparation." The fate of Babylon, Medo-Persia, Greece, and Rome is recorded for the edification of thenations of to-day, and the lessons taught by all center in the eventsjust before us. While the world watches Turkey, let theservant of God watch the movements of his great HighPriest, whose ministry for sin is almost over.
3168	THE STORY OF DANIEL THE PROPHET P.248• God's eye is upon his people, and he never leaves himself without awitness in the world. No man knows when Turkey will takeits departure from Europe, but when that move is made, earth'shistory will be short. Then it will be said, "He that is unjust let himbe unjust still, ...and he that is righteous let him be righteous still."To-day is "the day of preparation." The fate of Babylon, Medo-Persia, Greece, and Rome is recorded for the edification of thenations of to-day, and the lessons taught by all center in the eventsjust before us. While the world watches Turkey, let theservant of God watch the movements of his great HighPriest, whose ministry for sin is almost over.
3174	THE STORY OF DANIEL THE PROPHET P.248• God's eye is upon his people, and he never leaves himself without awitness in the world. No man knows when Turkey will takeits departure from Europe, but when that move is made, earth'shistory will be short. Then it will be said, "He that is unjust let himbe unjust still, ...and he that is righteous let him be righteous still."To-day is "the day of preparation." The fate of Babylon, Medo-Persia, Greece, and Rome is recorded for the edification of thenations of to-day, and the lessons taught by all center in the eventsjust before us. While the world watches Turkey, let theservant of God watch the movements of his great HighPriest, whose ministry for sin is almost over.
3180	THE STORY OF DANIEL THE PROPHET P.248• God's eye is upon his people, and he never leaves himself without awitness in the world. No man knows when Turkey will takeits departure from Europe, but when that move is made, earth'shistory will be short. Then it will be said, "He that is unjust let himbe unjust still, ...and he that is righteous let him be righteous still."To-day is "the day of preparation." The fate of Babylon, Medo-Persia, Greece, and Rome is recorded for the edification of thenations of to-day, and the lessons taught by all center in the eventsjust before us. While the world watches Turkey, let theservant of God watch the movements of his great HighPriest, whose ministry for sin is almost over.
3186	THE STORY OF DANIEL THE PROPHET P.248• God's eye is upon his people, and he never leaves himself without awitness in the world. No man knows when Turkey will takeits departure from Europe, but when that move is made, earth'shistory will be short. Then it will be said, "He that is unjust let himbe unjust still, ...and he that is righteous let him be righteous still."To-day is "the day of preparation." The fate of Babylon, Medo-Persia, Greece, and Rome is recorded for the edification of thenations of to-day, and the lessons taught by all center in the eventsjust before us. While the world watches Turkey, let theservant of God watch the movements of his great HighPriest, whose ministry for sin is almost over.
3192	DONATE
3198	DONATE
3204	DONATE
3210	DONATE
3216	DONATE
3222	DONATE
3228	DONATE
3234	DONATE
3240	DONATEThe CertaintyThird AngelMessage
3246	DONATE
3252	DONATE
3258	DONATE
3264	DONATE
3270	THE STORY OF DANIEL THE PROPHET P.248• God's eye is upon his people, and he never leaves himself without awitness in the world. No man knows when Turkey will takeits departure from Europe, but when that move is made, earth'shistory will be short. Then it will be said, "He that is unjust let himbe unjust still, ...and he that is righteous let him be righteotS still."To-day is "the day of preparation." The fate of Babylon, Medo-Persia, Greece, and Rome is recorded for the edification of thenations of to-day, and the lessons taught by all center in the eventsjust before us. While the world watches Turkey, let theservant of God watch the movements of his great HighPriest, whose ministry for sin is almost over.
3276	THE STORY OF DANIEL THE PROPHET P.248• God's eye is upon his people, and he never leaves himself without awitness in the world. No man knows when Turkey will takeits departure from Europe, but when that move is made, earth'shistory will be short. Then it will be said, "He that is unjust let himbe unjust still, ...and he that is righteous let him be righteous still."To-day is "the day of preparation." The fate of Babylon, Medo-Persia, Greece, and Rome is recorded for the edification of thenations of to-day, and the lessons taught by all center in the eventsjust before us. While the world watches Turkey, let theservant of God watch the movements of his great HighPriest, whose ministry for sin is almost over.
3282	THE STORY OF DANIEL THE PROPHET P.248• God's eye is upon his people, and he never leaves himself without awitness in the world. No man knows when Turkey will takeits departure from Europe, but when that move is made, earth'shistory will be short. Then it will be said, "He that is unjust let himbe unjust still, ...and he that is righteous let him be righteous still."To-day is "the day of preparation." The fate of Babylon, Medo-Persia, Greece, and Rome is recorded for the edilication of thenations of to-day, and the lessons taught by all center in the eventsjust before us. While the world watches Turkey, let theservant of God watch the movements of his great HighPriest, whose ministry for sin is almost over.
3288	THE STORY OF DANIEL THE PROPHET P.248• God's eye is upon his people, and he never leaves himself without awitness in the world. No man knows when Turkey will takeits departure from Europe, but when that move is made, earth'shistory will be short. Then it will be said, "He that is unjust let himbe unjust still, ...and he that is righteous let him be righteous still."To-day is "the day of preparation." The fate of Babylon, Medo-Persia, Greece, and Rome is recorded for the edification of thenations of to-day, and the lessons taught by all center in the eventsjust before us. vWhile the world watches Turkey, let theservant of God watch the movements of his great HishPriest, whose ministry for sin is almost over.
3294	THE STORY OF DANIEL THE PROPHET P.248• God's eye is upon his people, and he never leaves himself without awitness in the world. No man knows when Turkey will takeits departure from Europe, but when that move is made, earth'shistory will be short. Then it will be said, "He that is unjust let himbe unjust still, ...and he that is righteous let him be righteous still."To-day is "the day of preparation." The fate of Babylon, Medo-Persia, Greece, and Rome is recorded for the edification of thenations of to-day, and the lessons taught by all center in the eventsjust before us. While the world watches Turkey, let theservant of God watch the movements of his great HighPriest, whose ministry for sin is almost over.
3300	THE STORY OF DANIEL THE PROPHET P.248• God's eye is upon his people, and he never leaves himself without awitness in the world. No man knows when Turkey will takeits departure from Europe, but when that move is made, earth'shistory will be short. Then it will be said, "He that is unjust let himbe unjust still, ...and he that is righteous let him be righteous still."To-day is "the day of preparation." The fate of Babylon, Medo-Persia, Greece, and Rome is recorded for the edification of thenations of to-day, and the lessons taught by all center in the eventsjust before us. While the world watches Turkey, let theservant of God watch the movements of his great HighPriest, whose ministry for sin is almost over.
3306	DONATE4 WINDSANGRY HORSESWHIRLWINDROUGH WINDWORLD WIDE WARWAR FROM TURKEY
3312	DONATE4 WINDSANGRY HORSESWHIRLWINDROUGH WINDWORLD WIDE WARWAR FROM TURKEY
3318	DONATE4 WINDSANGRY HORSESWHIRLWINDROUGH WINDWORLD WIDE WARWAR FROM TURKEY
3324	DONATE4 WINDSANGRY HORSESWHIRLWINDROUGH WINDWORLD WIDE WARWAR FROM TURKEY
3330	DONATE4 WINDSANGRY HORSESWHIRLWINDROUGH WINDWORLD WIDE WARWAR FROM TURKEY
3336	DONATE4 WINDSANGRY HORSESWHIRLWINDROUGH WINDWORLD WIDE WARWAR FROM TURKEY
3342	DONATE4 WINDSANGRY HORSESWHIRLWINDROUGH WINDWORLD WIDE WARWAR FROM TURKEY
3348	DONATE4 WINDSANGRY HORSESWHIRLWINDROUGH WINDWORLD WIDE WARWAR FROM TURKEY
3354	DONATE4 WINDSANGRY HORSESWHIRLWINDROUGH WINDWORLD WIDE WARWAR FROM TURKEY
3360	DONATE4 WINDSANGRY HORSESWHIRLWINDROUGH WINDWORLD WIDE WARWAR FROM TURKEY
3366	DONATE4 WINDSANGRY HORSESWHIRLWINDROUGH WINDWORLD WIDE WARWAR FROM TURKEY
3372	ACTS 3:19DONATE• 19 Repent ye therefore, and be converted,that your sins may be blotted out, when thetimes of refreshing shall come from thepresence of the Lord.
3378	ACTS 3:19DONATE• 19 Repent ye therefore, and be converted,that your sins may be blotted out, when thetimos of refreshing shall come from thepresence of the Lord.090O
3384	ACTS 3:19DONATE• 19 Repent ye therefore, and be converted,that your sins may be blotted out, when thetimes of refreshing shall come from thepresence of the Lord.
3390	SELECTED MESSAGES VOL.3P.410.1• He stirs up minds to give false interpretation ofScripture, a spurious loud cry, that the real messagemay not have its effect when it does come. This is oneof the greatest evidences that the loud cry will soon beheard and the earth will be lightened with the glory ofGod.
3396	SELECTED MESSAGES VOL.3P.410.1• He stirs up minds to give false interpretation ofScripture, a spurious loud cry, that the real messagemay not have its effect when it does come. This is oneof the greatest evidences that the loud cry will soon beheard and the earth will be lightened with the glory ofGod.
3402	SELECTED MESSAGES VOL.3P.410.1• He stirs up minds to give false interpretation ofScripture, a spurious loud cry, that the real messagemay not have its effect when it does come. This is oneof the greatest evidences that the loud cry will soon beheard and the earth will be lightened with the glory ofGod.
3408	DONATESELECTED MESSAGES VOL.3P.410.1• He stirs up minds to give false interpretation ofScripture, a spurious loud cry, that the real messagemay not have its effect when it does come. This is oneof the greatest evidences that the loud cry will soon beheard and the earth will be lightened with the glory ofGod.
3414	SELECTED MESSAGES VOL.3P.410.1• He stirs up minds to give false interpretation ofScripture, a spurious loud cry, that the real messagemay not have its effect when it does come. This is oneof the greatest evidences that the loud cry will soon beheard and the earth will be lightened with the glory ofGod.
3420	SELECTED MESSAGES VOL.3P.410.1• He stirs up minds to give false interpretation ofScripture, a spurious loud cry, that the real messagemay not have its effect when it does come. This is oneof the greatest evidences that the loud cry will soon beheard and the earth will be lightened with the glory ofGod.
3426	DONATESELECTED MESSAGES VOL.3P.410.1• He stirs up minds to give false interpretation ofScripture, a spurious loud cry, that the real messagemay not have its effect when it does come. This is oneof the greatest evidences that the loud cry will soon beheard and the earth will be lightened with the glory ofGod.
3432	SELECTED MESSAGES VOL.3P.410.1• He stirs up minds to give false interpretation ofScripture, a spurious loud cry, that the real messagemay not have its effect when it does come. This is oneof the greatest evidences that the loud cry will soon beheard and the earth will be lightened with the glory ofGod.
3438	DONATESELECTED MESSAGES VOL.3P.410.1• He stirs up minds to give false interpretation ofScripture, a spurious loud cry, that the real messagemay not have its effect when it does come. This is oneof the greatest evidences that the loud cry will soon beheard and the earth will be lightened with the glory ofGod.
3444	DONATESept. II, 2001- Isaiah 30EP 16
3450	DONATESept. II, 200l- Isaiah 30AD just lost power in the stormThe Generators are coming on as we speak.EP 16
3456	DONATESept. 11, 200l- Isaiah 30AD just lost power in the stormThe Generators are coming on as we speak.EP 16
3462	DONATESept. I1, 200l- Isaiah 30AD just lost power in the stormThe Generators are coming on as we speak.EP 16
3468	DONATESept. II, 200k- Isaiah 30AD just lost power in the stormThe Generators are coming on as we speak.EP 16
3474	DONATESept. I1, 200l- Isaiah 30AD just lost power in the stormThe Generators are coming on as we speak.EP 16
3480	DONATESept. II, 200l- Isaiah 30AD just lost power in the stormThe Generators are coming on as we speak.EP 16
3486	DONATESept. II, 200l- Isaiah 30AD just lost power in the stormThe Generators are coming on as we speak.EP 16
3492	DONATESept. 11, 200l- Isaiah 30AD just lost power in the stormThe Generators are coming on as we speak.EP 16
3498	DONATESept. II, 200l- Isaiah 30AD just lost power in the stormThe Generators are coming on as we speak.EP 16
3504	DONATESept. 11, 200k- Isaiah 30AD just lost power in the stormThe Generators are coming on as we speak.EP 16
3510	DONATESept. II, 200l- Isaiah 30AD just lost power in the stormThe Generators are coming on as we speak.EP 16
3516	DONATESept. II, 200l- Isaiah 30AD just lost power in the stormThe Generators are coming on as we speak.EP 16
3522	DONATESept. II, 200l- Isaiah 30AD just lost power in the stormThe Generators are coming on as we speak.EP 16
3528	DONATESept. II, 200l- Isaiah 30AD just lost power in the stormThe Generators are coming on as we speak.EP 16
3534	DONATESept. II, 200l- Isaiah 30AD just lost power in the stormThe Generators are coming on as we speak.EP 16
3540	DONATESept. II, 2001- Isaiah 30AD just lost power in the stormThe Generators are coming on as we speak.ISAIAHEP 16
3546	DONATESept. II, 200k- Isaiah 30AD just lost power in the stormThe Generators are coming on as we speak.EP 16
3552	DONATESept. I1, 200l- Isaiah 30AD just lost power in the stormThe Generators are coming on as we speak.EP 16
3558	DONATESept. I1, 200l- Isaiah 30AD just lost power in the stormThe Generators are coming on as we speak.EP 16
3564	DONATESept. II, 200l- Isaiah 30AD just lost power in the stormThe Generators are coming on as we speak.ISALAIEP 16
3570	DONATESELECTED MESSAGES VOL.3P.410.1• He stirs up minds to give false interpretation ofScripture, a spurious loud cry, that the real messagemay not have its effect when it does come. This is oneof the greatest evidences that the loud cry will soon beheard and the earth will be lightened with the glory ofGod.AD just lost power in the stormThe Generators are coming on as we speak.Ep 16
3576	DONATESELECTED MESSAGES VOL.3P.410.1• He stirs up minds to give false interpretation ofScripture, a spurious loud cry, that the real messagemay not have its effect when it does come. This is oneof the greatest evidences that the loud cry will soon beheard and the earth will be lightened with the glory ofGod.AD just lost power in the stormThe Generators are coming on as we speak.
3582	DONATESELECTED MESSAGES VOL.3P.410.1• He stirs up minds to give false interpretation ofScripture, a spurious loud cry, that the real messagemay not have its effect when it does come. This is oneof the greatest evidences that the loud cry will soon beheard and the earth will be lightened with the glory ofGod.
3588	DONATESELECTED MESSAGES VOL.3P.410.1• He stirs up minds to give false interpretation ofScripture, a spurious loud cry, that the real messagemay not have its effect when it does come. This is oneof the greatest evidences that the loud cry will soon beheard and the earth will be lightened with the glory ofGod.
3594	DONATESELECTED MESSAGES VOL.3P.410.1• He stirs up minds to give false interpretation ofScripture, a spurious loud cry, that the real messagemay not have its effect when it does come. This is oneof the greatest evidences that the loud cry will soon beheard and the earth will be lightened with the glory ofGod.
3600	DONATESELECTED MESSAGES VOL.3P.410.1• He stirs up minds to give false interpretation ofScripture, a spurious loud cry, that the real messagemay not have its effect when it does come. This is oneof the greatest evidences that the loud dry will soon beheard and the earth will be lightened with the glory ofGod.
3606	SELECTED MESSAGES VOL.3P.410.1• He stirs up minds to give false interpretation ofScripture, a spurious loud cry, that the real messagemay not have its effect when it does come. This is oneof the greatest evidences that the loud cry will soon beheard and the earth will be lightened with the glory ofGod.
3612	DONATESELECTED MESSAGES VOL.3P.410.1• He stirs up minds to give false interpretation ofScripture, a spurious loud cry, that the real messagemay not have its effect when it does come. This is oneof the greatest evidences that the loud cry will soon beheard and the earth will be lightened with the glory ofGod.
3618	SELECTED MESSAGES VOL.3P.410.1• He stirs up minds to give false interpretation ofScripture, a spurious loud cry, that the real messagemay not have its effect when it does come. This is oneof the greatest evidences that the loud cry will soon beheard and the earth will be lightened with the glory ofGod.
3624	SELECTED MESSAGES VOL.3P.410.1• He stirs up minds to give false interpretation ofScripture, a spurious loud cry, that the real messagemay not have its effect when it does come. This is oneof the greatest evidences that the loud cry will soon beheard and the earth will be lightened with the glory ofGod.
3630	DONATESELECTED MESSAGES VOL.3P.410.1• He stirs up minds to give false interpretation ofScripture, a spurious loud cry, that the real messagemay not have its effect when it does come. This is oneof the greatest evidences that the loud cry will soon beheard and the earth will be lightened with the glory ofGod.
3636	SELECTED MESSAGES VOL.3P.410.1• He stirs up minds to give false interpretation ofScripture, a spurious loud cry, that the real messagemay not have its effect when it does come. This is oneof the greatest evidences that the loud cry will soon beheard and the earth will be lightened with the glory ofGod.
3642	DONATESELECTED MESSAGES VOL.3P.410.1• He stirs up minds to give false interpretation ofScripture, a spurious loud cry, that the real messagemay not have its effect when it does come. This is oneof the greatest evidences that the loud cry will soon beheard and the earth will be lightened with the glory ofGod.
3648	DONATE
3654	DONATESELECTED MESSAGES VOL.3P.410.7• He stirs up minds to give false interpretation ofScripture, a spurious loud cry, that the real messagemay not have its effect when it does come. This is oneof the greatest evidences that the loud cry will soon beheard and the earth will be lightened with the glory ofGod.
3660	DONATERIGHTEOUSNESSBY FAITH18TSIEGE OFSUNDAYLAW1888OUT OF THE CITIESSEALING OF 144,000SHAKINGANGELSMESSAGETHREATENINGOF THEBLOWING2001CLOSE OFPROBATIONTIME OFTROUBLE20**
3666	DONATERIGHTEOUSNESSBY FAITHOUT OF THE CITIESSEALING OF 144,000SHAKINGANGELSMESSAGETHREATENINGOF THEBLOWING19TSIEGE OFSUNDAYLAW188858002001CLOSE OFPROBATIONTIME OFTROUBLE20**
3672	DONATERIGHTEOUSNESSBY FAITHJ9TSIEGE OFSUNDAYLAW1888380OUT OF THE CITIESSEALING OF 144,000SHAKINGANGELSMESSAGETHREATENINGOF THEBLOWING2001CLOSE OFPROBATIONTIME OFTROUBLE20**
3678	DONATERIGHTEOUSNESSBY FAITHOUT OF THE CITIESSEALING OF 144,000SHAKINGANGELSMESSAGETHREATENINGOF THEBLOWING19TSIEGE OFSUNDAYLAW188898002001CLOSE OFPROBATIONTIME OFTROUBLE20**
3684	DONATEIGHTEOUSNESfaTSIEGE OFSUNDAYLAW1888OUT OF THE CITIESSEALING OF 144,000SHAKINGANGELSMESSAGETHREATENINGOF THEBLOWING2001CLOSE OFPROBATIONTIME OFTROUBLE20**
3690	DONATERIGHEY FAITHrEOUSNESSOUT OF THE CITIESSEALING OF 144,000SHAKINGANGELSMESSAGETHREATENINGOF THEBLOWING18TSIEGE OFSUNDAYLAW18882001CLOSE OFPROBATIONTIME OFTROUBLE20**
3696	DONATEIGHTEOUSNESJ9TSIEGE OFSUNDAYLAW1888OUT OF THE CITIESSEALING OF 144,000SHAKINGANGELSMESSAGETHREATENINGOF THEBLOWING2001CLOSE OFPROBATIONTIME OFTROUBLE20**
3702	DONATERIGHTEOUSNESSBY FAITHJ9TSIEGE OFSUNDAYLAW1888OUT OF THE CITIESSEALING OF 144,000SHAKINGANGELSMESSAGETHREATENINGOF THEBLOWING2001CLOSE OFPROBATIONTIME OFTROUBLE20**
3708	DONATERIGHTEOUSNESSBY FAITH19TSIEGE OFSUNDAYLAW1888OUT OF THE CITIESSEALING OF 144,000SHAKINGANGELSMESSAGETHREATENINGOF THEBLOWING2001CLOSE OFPROBATIONTIME OFTROUBLE20**
3714	DONATEIGHTEOUSNESJ9TSIEGE OFSUNDAYLAW1888OUT OF THE CITIESSEALING OF 144,000SHAKINGANGELSMESSAGETHREATENINGOF THEILBLOWING2001CLOSE OFPROBATIONTIME OFTROUBLE20**
3720	DONATERIGHTEOUSNESSBY FAITH19TSIEGE OFSUNDAYLAW1888OUT OF THE CITIESSEALING OF 144,000SHAKINGANGELSMESSAGETHREATENINGOF THEBLOWING2001CLOSE OFPROBATIONTIME OFTROUBLE20**
3726	DONATERIGHTEOUSNESSBY FAITH19TSIEGE OFSUNDAYLAW1888OUT OF THE CITIESSEALING OF 144,000SHAKINGANGELSMESSAGETHREATENINGOF THEBLOWING2001CLOSE OFPROBATIONTIME OFTROUBLE20**
3732	DONATERIGHTEOUSNESSBY FAITH19TSIEGE OFSUNDAYLAW1888OUT OF THE CITIESSEALING OF 144,000SHAKINGANGELSMESSAGETHREATENINGOF THEI A BLOWING2001CLOSE OFPROBATIONTIME OFTROUBLE20**
3738	DONATERIGHTEOUSNESSBY FAITH19TSIEGE OFSUNDAYLAW1888OUT OF THE CITIESSEALING OF 144,000SHAKINGANGELSMESSAGETHREATENINGOF THEBLOWING2001CLOSE OFPROBATIONTIME OFTROUBLE20**
3744	DONATERIGHTrEOUSNESSBY FAITHOUT OF THE CITIESSEALING OF 144,000SHAKINGANGELSMESSAGE19TSIEGE OFSUNDAYLAWTHREATENINGOF THEBLOWING18882001CLOSE OFPROBATIONTIME OFTROUBLE20**
3750	DONATERIGHTEOUSNESSBY FAITH19TSIEGE OFSUNDAYLAW1888OUT OF THE CITIESSEALING OF 144,000SHAKINGANGELSMESSAGETHREATENINGOF THEBLOWING2001CLOSE OFPROBATIONTIME OFTROUBLE20**
3756	DONATERIGHTEOUSNESSBY FAITH18TSIEGE OFSUNDAYLAW1888OUT OF THE CITIESSEALING OF 144,000SHAKINGANGELSMESSAGETHREATENINGOF THEI BLOWING2001CLOSE OFPROBATIONTIME OFTROUBLE20**
3762	DONATERIGHrEOUSNESS3Y FAITHJ8TSIEGE OFSUNDAYLAW1888OUT OF THE CITIESSEALING OF 144,000SHAKINGANGELSMESSAGETHREATENINGOF THEBLOWING2001CLOSE OFPROBATIONTIME OFTROUBLE20**
3768	DONATERIGHTEOUSNESSBY FAITH19TSIEGE OFSUNDAYLAW1888OUT OF THE CITIESSEALING OF 144,000SHAKINGANGELSMESSAGETHREATENINGOF THEBLOWING2001CLOSE OFPROBATIONTIME OFTROUBLE20**
3774	DONATERIGHTEOUSNESSBY FAITH19TSIEGE OFSUNDAYLAW1888OUT OF THE CITIESSEALING OF 144,000SHAKINGANGELSMESSAGETHREATENINGOF THEBLOWING2001CLOSE OFPROBATIONTIME OFTROUBLE20**
3780	DONATERIGHTrEOUSNESSBY FAITH19TSIEGE OFSUNDAYLAW1888OUT OF THE CITIESSEALING OF 144,000SHAKINGANGELSMESSAGETHREATENINGOF THEBLOWING2001CLOSE OFPROBATIONTIME OFTROUBLE20**
3786	DONATERIGHTEOUSNESSBY FAITH19TSIEGE OFSUNDAYLAW1888OUT OF THE CITIESSEALING OF 144,000SHAKINGANGELSMESSAGETHREATENINGOF THEILBLOWING2001CLOSE OFPROBATIONTIME OFTROUBLE20**
3792	DONATERIGHTEOUSNESSBY FAITH19TSIEGE OFSUNDAYLAW1888OUT OF THE CITIESSEALING OF 144,000SHAKINGANGELSMESSAGETHREATENINGOF THEBLOWING2001CLOSE OFPROBATIONTIME OFTROUBLE20**
3798	DONATERIGHTrEOUSNESSBY FAITH19TSIEGE OFSUNDAYLAW1888OUT OF THE CITIESSEALING OF 144,000SHAKINGANGELSMESSAGETHREATENINGOF THEBLOWING2001CLOSE OFPROBATIONTIME OFTROUBLE20**
3804	DONATERIGHTEOUSNESSBY FAITH19TSIEGE OFSUNDAYLAW1888OUT OF THE CITIESSEALING OF 144,000SHAKINGANGELSMESSAGETHREATENINGOF THEBLOWING2001CLOSE OFPROBATIONTIME OFTROUBLE20**
3810	DONATEIGHTEOUSNES18TSIEGE OFSUNDAYLAW1888OUT OF THE CITIESSEALING OF 144,000SHAKINGANGELSMESSAGETHREATENINGOF THEBLOWING2001CLOSE OFPROBATIONTIME OFTROUBLE20**
3816	DONATERIGHTrEOUSNESSBY FAITHJ9TSIEGE OFSUNDAYLAW1888OUT OF THE CITIESSEALING OF 144,000SHAKINGANGELSMESSAGETHREATENINGOF THEBLOWING2001CLOSE OFPROBATIONTIME OFTROUBLE20**
3822	DONATERIGHY FAITHrEOUSNESS19TSIEGE OFSUNDAYLAW1888OUT OF THE CITIESSEALING OF 144,000SHAKINGANGELSMESSAGETHREATENINGOF THEBLOWING2001CLOSE OFPROBATIONTIME OFTROUBLE20**
3828	DONATERIGHTEOUSNESSBY FAITH19TSIEGE OFSUNDAYLAW1888OUT OF THE CITIESSEALING OF 144,000SHAKINGANGELSMESSAGETHREATENINGOF THEBLOWING2001CLOSE OFPROBATIONTIME OFTROUBLE20**
3834	DONATEIGHTEOUSNES19TSIEGE OFSUNDAYLAW1888OUT OF THE CITIESSEALING OF 144,000SHAKINGANGELSMESSAGETHREATENINGOF THEBLOWING2001CLOSE OFPROBATIONTIME OFTROUBLE20**
3840	DONATERIGHTEOUSNESSBY FAITH19TSIEGE OFSUNDAYLAW1888OUT OF THE CITIESSEALING OF 144,000SHAKINGANGELSMESSAGETHREATENINGOF THEBLOWING2001CLOSE OFPROBATIONTIME OFTROUBLE20**
3846	DONATERIGHTEOUSNESSBY FAITH19TSIEGE OFSUNDAYLAW1888OUT OF THE CITIESSEALING OF 144,000SHAKINGANGELSMESSAGETHREATENINGOF THEBLOWING2001CLOSE OFPROBATIONTIME OFTROUBLE20**
3852	DONATERIGHTEOUSNESSBY FAITH19TSIEGE OFSUNDAYLAW1888OUT OF THE CITIESSEALING OF 144,000SHAKINGANGELSMESSAGETHREATENINGOF THEBLOWING2001CLOSE OFPROBATIONTIME OFTROUBLE20**
3858	DONATERIGHTEOUSNESSBY FAITH19TSIEGE OFSUNDAYLAW1888OUT OF THE CITIESSEALING OF 144,000SHAKINGANGELSMESSAGETHREATENINGOF THEBLOWING2001CLOSE OFPROBATIONTIME OFTROUBLE20**
3864	DONATERIGHTEOUSNESSBY FAITH19TSIEGE OFSUNDAYLAW1888OUT OF THE CITIESSEALING OF 144,000SHAKINGANGELSMESSAGETHREATENINGOF THEBLOWING2001CLOSE OFPROBATIONTIME OFTROUBLE20**
3870	DONATE
3876	DONATE
3882	DONATE
3888	
3894	DONATE
3900	DONATE
3906	DONATE
3912	DONATE
3918	DONATE
3924	DONATE
3930	DONATE
3936	DONATE
3942	
3948	DONATE
3954	DONATE
3960	DONATE
3966	DONATE
3972	DONATE
3978	DONATE
3984	DONATE
3990	DONATE
3996	DONATE
4002	DONATE
4008	DONATE
4014	DONATE
4020	DONATE
4026	
4032	
4038	DONATE
4044	DONATE
4050	DONATE
4056	DONATE
4062	DONATE
4068	DONATE
4074	DONATE
4080	DONATE
4086	DONATE
4092	DONATE
4098	DONATE
4104	DONATE
4110	DONATE
4116	DONATE
4122	DONATE
4128	DONATE
4134	DONATE
4140	
4146	DONATE
4152	DONATE
4158	DONATE
4164	DONATE
4170	DONATE
4176	DONATE
4182	DONATE
4188	DONATE
4194	DONATE
4200	LOUSNESSFAITHDONATEIMAGE OFSUNDAYTHE BEASTLAWOUT OF THE CITIESSEALING OF 144,000CLOSE OFPROBATIONTIME OFTROUBLEGROW YOUR OWN FOODSHAKING4тHANGELSMESSAGE1STSIEGE OFSUNDAYLAW2NDSIEGE OFSUNDAYLAWNO-BUYNO-SELLINDUCEMENTSIMPRISONMENTFINESLOUD CRYNEWWORLDORDERBATTLE OFARMAGEDDONAPPEARSAS CHRISTTURKEYREMOVED FROMJACOBSTROUBLE/DEATHDECREEJERUSALEM12|34|5|6|13RD WOE1888200120**20**20
4206	EOUSNESSFAITHDONATEIMAGE OFSUNDAYTHE BEASTLAWOUT OF THE CITIESSEALING OF 144,000CLOSE OFPROBATIONTIME OFTROUBLEGROW YOUR OWN FOODSHAKING4тHANGELSMESSAGE1STSIEGE OFSUNDAYLAW2NDSIEGE OFSUNDAYLAWNO-BUYNO-SELLINDUCEMENTSIMPRISONMENTFINESLOUD CRYNEWWORLDORDERBATTLE OFARMAGEDDONSATANAPPEARSAS CHRISTTURKEYREMOVED FROMJACOBSTROUBLE/DEATHDECREEJERUSALEM|2|3|4|5|63RD WOE1888200120**20**20
4212	EOUSNESSFAITHDONATEIMAGE OFSUNDAYTHE BEASTLAWOUT OF THE CITIESSEALING OF 144,000CLOSE OFPROBATIONTIME OFTROUBLEGROW YOUR OWN FOODSHAKING4тHANGELSMESSAGEISTSIEGE OFSUNDAYLAW2NDSIEGE OFSUNDAYLAWNO-BUYNO-SELLINDUCEMENTSIMPRISONMENTFINESLOUD CRYNEWWORLDORDERBATTLE OFARMAGEDDONSATANAPPEARSAS CHRISTTURKEYREMOVED FROMJACOBSTROUBLE/DEATHDECREEJERUSALEM12|3|4|5|63RD WOE1888200120**20**20
4218	RIGHTEOUSNESSBY FAITHIMAGE OFSUNDAYTHE BEASTLAWOUT OF THE CITIESSEALING OF 144,000CLOSE OFPROBATIONTIME OFTROUBLEGROW YOUR OWN FOODSHAKING4THANGELSMESSAGE18TSIEGE OFSUNDAYLAW2taSIEGE OFSUNDAYLAWNO-BUYNO-SELLINDUCEMENTSIMPRISONMENTFINESLOUD CRYNEWWORLDORDERBATTLE OFARMAGEDDONAPPEARSAS CHRISTJACOBSTROUBLE/DEATHDECREEREMOVICO FROMJERUSALEM12|3|4|5|6|73RD WOE1888200120**20**20**
4224	RIGHTEOUSNESSBY FAITHIMAGE OFSUNDAYTHE BEASTLAWOUT OF THE CITIESSEALING OF 144,000CLOSE OFPROBATIONTIME OFTROUBLEGROW YOUR OWN FOODSHAKING4THANGELSMESSAGE18TSIEGE OFSUNDAYLAW2NOSIEGE OFSUNDAYLAWNO-BUYNO-SELLINDUCEMENTSIMPRISONMENTFINESLOUD CRYNEWWORLDORDERBATTLE OFARMAGEDDONSATANAPPEARSAS CHRISTJACOBSTROUBLE/DEATHDECREEREMOVED FROMJERUSALEM2|3|45|6|73RD WOE1888200120**20**20**
4230	RIGHTEOUSNESSBY FAITHIMAGE OFSUNDAYTHE BEASTLAWOUT OF THE CITIESSEALING OF 144,000CLOSE OFPROBATIONTIME OFTROUBLEGROW YOUR OWN FOODSHAKING4THANGELSMESSAGEJSTSIEGE OFSUNDAYLAW2NDSIEGE OFSUNDAYLAWNO-BUYNO-SELLINDUCEMENTSIMPRISONMENTFINESLOUD CRYNEWWORLDORDERBATTLE OFARMAGEDDONSATANAPPEARSAS CHRISTJACOBSTROUBLE/DEATHDECREEREMOVED FROMJERUSALEM2345|6|73RD WOE1888200120**20**20**
4236	RIGHTEOUSNESSBY FAITHIMAGE OFSUNDAYTHE BEASTLAWOUT OF THE CITIESSEALING OF 144,000CLOSE OFPROBATIONTIME OFTROUBLEGROW YOUR OWN FOODSHAKING4THANGELSMESSAGEJSTSIEGE OFSUNDAYLAW2NDSIEGE OFSUNDAYLAWNO-BUYNO-SELLINDUCEMENTSIMPRISONMENTFINESLOUD CRYNEWWORLDORDERBATTLE OFARMAGEDDONSATANAPPEARSAS CHRISTTURKEYREMOVED FROMJERUSALEMJACOBSTROUBLE/DEATHDECREE12|3|4|5|6|73RD WOE1888200120**20**20**
4242	RIGHTEOUSNESSBY FAITHIMAGE OFTHE BEASTSUNDAYLAWOUT OF THE CITIESSEALING OF 144,000CLOSE OFPROBATIONTIME OFTROUBLEGROW YOUR OWN FOODSHAKING4THANGELSMESSAGE1STSIEGE OFSUNDAYLAW2NDSIEGE OFSUNDAYLAWNO-BUYNO-SELLINDUCEMENTSIMPRISONMENTFINESLOUD CRYNEWWORLDORDERBATTLE OFARMAGEDDONSATANAPPEARSAS CHRISTJACOBSTROUBLE/DEATHDECREEREMOVED FROMJERUSALEM2|3|4|5|6|73RD WOE1888200120**20**20**
4248	RIGHTEOUSNESSBY FAITHIMAGE OFSUNDAYTHE BEASTLAWOUT OF THE CITIESSEALING OF 144,000CLOSE OFPROBATIONTIME OFTROUBLEGROW YOUR OWN FOODSHAKING4THANGELSMESSAGE1STSIEGE OFSUNDAYLAW2NDSIEGE OFSUNDAYLAWNO-BUYNO-SELLINDUCEMENTSIMPRISONMENTFINESLOUD CRYNEWWORLDORDERBATTLE OFARMAGEDDONSATANAPPEARSAS CHRISTJACOBSTROUBLE/DEATHDECREEREMOVED FROMJERUSALEM12|3|4|5|6|73RD WOE1888200120**20**20**
4254	RIGHTEOUSNESSBY FAITHIMAGE OFTHE BEASTSUNDAYLAWOUT OF THE CITIESSEALING OF 144,000CLOSE OFPROBATIONTIME OFTROUBLEGROW YOUR OWN FOODSHAKING4THANGELSMESSAGE1STSIEGE OFSUNDAYLAW2NDSIEGE OFSUNDAYLAWNO-BUYNO-SELLINDUCEMENTSIMPRISONMENTFINESLOUD CRYNEWWORLDORDERBATTLE OFARMAGEDDONAPPEARSAS CHRISTJACOBSTROUBLE/DEATHDECREEREMOVED FROMJERUSALEM12|3|4|5|6|73RD WOE1888200120**20**20**
4260	RIGHTEOUSNESSBY FAITHIMAGE OFSUNDAYTHE BEASTLAWOUT OF THE CITIESSEALING OF 144,000CLOSE OFPROBATIONTIME OFTROUBLEGROW YOUR OWN FOODSHAKING4THANGELSMESSAGE1STSIEGE OFSUNDAYLAW2NDSIEGE OFSUNDAYLAWNO-BUYNO-SELLINDUCEMENTSIMPRISONMENTFINESLOUD CRYNEWWORLDORDERBATTLE OFARMAGEDDONSATANAPPEARSAS CHRISTJACOBSTROUBLE/DEATHDECREEREMOVED FROMJERUSALEM2|3|4|5|6|73RD WOE1888200120**20**20**
4266	RIGHTEOUSNESSBY FAITHIMAGE OFSUNDAYTHE BEASTLAWOUT OF THE CITIESSEALING OF 144,000CLOSE OFPROBATIONTIME OFTROUBLEGROW YOUR OWN FOODSHAKING4THANGELSMESSAGESIEGE OFSUNDAYLAW2NOSIEGE OFSUNDAYLAWNO-BUYNO-SELLINDUCEMENTSIMPRISONMENTFINESLOUD CRYNEWWORLDORDERBATTLE OFARMAGEDDONSATÀNAPPEARSAS CHRISTJACOBSTROUBLE/DEATHDECREEREMOVED FROMJERUSALEM23|4|5673RD WOE1888200120**20**20**
4272	RIGHTEOUSNESSBY FAITHIMAGE OFSUNDAYTHE BEASTLAWOUT OF THE CITIESSEALING OF 144,000CLOSE OFPROBATIONTIME OFTROUBLEGROW YOUR OWN FOODSHAKING4THANGELSMESSAGE18TSIEGE OFSUNDAYLAW2NDSIEGE OFSUNDAYLAWNO-BUYNO-SELLINDUCEMENTSIMPRISONMENTFINESLOUD CRYNEWWORLDORDERBATTLE OFARMAGEDDONSATANAPPEARSAS CHRISTJACOBSTROUBLE/DEATHDECREEREMOVED FROMJERUSALEM12|3|45|6|73RD WOE1888200120**20**20**
4278	RIGHTEOUSNESSBY FAITHIMAGE OFTHE BEASTSUNDAYLAWOUT OF THE CITIESSEALING OF 144,000CLOSE OFPROBATIONTIME OFTROUBLEGROW YOUR OWN FOODSHAKING4THANGELSMESSAGE18TSIEGE OFSUNDAYLAWSIEGE OFSUNDAYLAWNO-BUYNO-SELLINDUCEMENTSIMPRISONMENTFINESLOUD CRYNEWWORLDORDERBATTLE OFARMAGEDDONSATANAPPEARSAS CHRISTJACOBSTROUBLE/DEATHDECREEREMOVED FROMJERUSALEM2|3 4|5|6|73RD WOE1888200120**20**20**
4284	RIGHTEOUSNESSBY FAITHIMAGE OFSUNDAYTHE BEASTLAWOUT OF THE CITIESSEALING OF 144,000CLOSE OFPROBATIONTIME OFTROUBLEGROW YOUR OWN FOODSHAKING4THANGELSMESSAGE18TSIEGE OFSUNDAYLAW2NoSIEGE OFSUNDAYLAWNO-BUYNO-SELLINDUCEMENTSIMPRISONMENTFINESLOUD CRYNEWWORLDORDERBATTLE OFARMAGEDDONSAtÀNAPPEARSAS CHRISTJACOBSTROUBLE/DEATHDECREEREMOVED FROMJERUSALEM2|3 4|5|6|73RD WOE1888200120**20**20**
4290	RIGHTEOUSNESSBY FAITHIMAGE OFSUNDAYTHE BEASTLAWOUT OF THE CITIESSEALING OF 144,000CLOSE OFPROBATIONTIME OFTROUBLEGROW YOUR OWN FOODSHAKING4THANGELSMESSAGE1STSIEGE OFSUNDAYLAW2NDSIEGE OFSUNDAYLAWNO-BUYNO-SELLINDUCEMENTSIMPRISONMENTFINESLOUD CRYNEWWORLDORDERBATTLE OFARMAGEDDONSATANAPPEARSAS CHRISTJACOBSTROUBLE/DEATHDECREEREMOVED FROMJERUSALEM2|3|4|5|6|73RD WOE1888200120**20**20**
4296	RIGHTEOUSNESSBY FAITHIMAGE OFSUNDAYTHE BEASTLAWOUT OF THE CITIESSEALING OF 144,000CLOSE OFPROBATIONTIME OFTROUBLEGROW YOUR OWN FOODSHAKING4THANGELSMESSAGE1STSIEGE OFSUNDAYLAWeNOSIEGE OFSUNDAYLAWNO-BUYNO-SELLINDUCEMENTSIMPRISONMENTFINESLOUD CRYNEWWORLDORDERBATTLE OFARMAGEDDONSATANAPPEARSAS CHRISTJACOBSTROUBLE/DEATHDECREEREMOVED FROMJERUSALEM12|3|4|5|6|73RD WOE1888200120**20**20**
4302	RIGHTEOUSNESSBY FAITHIMAGE OFTHE BEASTSUNDAYLAWOUT OF THE CITIESSEALING OF 144,000CLOSE OFPROBATIONTIME OFTROUBLEGROW YOUR OWN FOODSHAKING4THANGELSMESSAGE18TSIEGE OFSUNDAYLAW2NDSIEGE OFSUNDAYLAWNO-BUYNO-SELLINDUCEMENTSIMPRISONMENTFINESLOUD CRYNEWWORLDORDERBATTLE OFARMAGEDDONAPPEARSAS CHRISTJACOBSTROUBLE/DEATHDECREEREMOVED FROMJERUSALEM2|3 4|5|6|73RD WOE1888200120**20**20**
4308	RIGHTEOUSNESSBY FAITHIMAGE OFSUNDAYTHE BEASTLAWOUT OF THE CITIESSEALING OF 144,000CLOSE OFPROBATIONTIME OFTROUBLEGROW YOUR OWN FOODSHAKING4THANGELSMESSAGE18TSIEGE OFSUNDAYLAWaNOSIEGE OFSUNDAYLAWNO-BUYNO-SELLINDUCEMENTSIMPRISONMENTFINESLOUD CRYNEWWORLDORDERBATTLE OFARMAGEDDONSA TÀNAPPEARSAS CHRISTJACOBSTROUBLE/DEATHDECREEREMOVED FROMJERUSALEM2|3|4|56|73RD WOE1888200120**20**20**
4314	RIGHTEOUSNESSBY FAITHIMAGE OFSUNDAYTHE BEASTLAWOUT OF THE CITIESSEALING OF 144,000CLOSE OFPROBATIONTIME OFTROUBLEGROW YOUR OWN FOODSHAKING4THANGELSMESSAGE1STSIEGE OFSUNDAYLAW2NDSIEGE OFSUNDAYLAWNO-BUYNO-SELLINDUCEMENTSIMPRISONMENTFINESLOUD CRYNEWWORLDORDERBATTLE OFARMAGEDDONSAtÀNAPPEARSAS CHRISTJACOBSTROUBLE!DEATHDECREEREMOVED FROMJERUSALEM2|345|6|73RD WOE1888200120**20**20**
4320	RIGHTEOUSNESSBY FAITHIMAGE OFSUNDAYTHE BEASTLAWOUT OF THE CITIESSEALING OF 144,000CLOSE OFPROBATIONTIME OFTROUBLEGROW YOUR OWN FOODSHAKING4THANGELSMESSAGE1STSIEGE OFSUNDAYLAW2NDSIEGE OFSUNDAYLAWNO-BUYNO-SELLINDUCEMENTSIMPRISONMENTFINESLOUD CRYNEWWORLDORDERBATTLE OFARMAGEDDONAPPEARSAS CHRISTJACOBSTROUBLE/DEATHDECREEREMOVED FROMJERUSALEM2|3 4|5|6|73RD WOE1888200120**20**20**
4326	RIGHTEOUSNESSBY FAITHIMAGE OFSUNDAYTHE BEASTLAWOUT OF THE CITIESSEALING OF 144,000CLOSE OFPROBATIONTIME OFTROUBLEGROW YOUR OWN FOODSHAKING4THANGELSMESSAGE18TSIEGE OFSUNDAYLAW2NDSIEGE OFSUNDAYLAWNO-BUYNO-SELLINDUCEMENTSIMPRISONMENTFINESLOUD CRYNEWWORLDORDERBATTLE OFARMAGEDDONAPPEARSAS CHRISTJACOBSTROUBLE/DEATHDECREEREMOVED FROMJERUSALEM2|3 4|5|6|73RD WOE1888200120**20**20**
4332	6. 1
4338	a EditThe, 1850 _Daniel, and Revelation Adventist JPEG.jpgVISIONS UY DAN THE JOINand take wore neels157NAPAL ROMT2 4200 × 5760 8 2.8 MB30%Q Search
4344	Editwinds1. 3. 9.te hornwaxededingrealThe 1850 Daniel and _ Revelation. Adventist JPEG.jpgRev. 8.13. Ind beheld and heard an angel flying through the midst of heaven,saying with a toud voics:WOE!WOE!WOESto the inhabitouts of the earth, by reason ofthe thore angels which ar yet to smudThe first eve commenced July 2% 1299 when Othenan the lounder of theTurkisle empire, made his first attack upon the Grocks. Rer, 9: 3=10.Their power was to hurt men fir months _ yeurs, years, ending. I.D. 1449.2. 4200 × 5760 8 2.8 MB133%Search
4350	8 EditThe,1850 Daniel and Revelation Adventist JPEG.jpgringike aexercind caus-worshipo beastFire arms firstused onhorseback by the Turks# 4200 × 5760 B 2.8 MB133%Search
4356	EditThe 1850 Daniel and Revelation Adventist JPEG.jpgTIngel sounded.st-3d Hoe cometh quickly.-The seven last plagues.Rev. 10.% In the days of the voice of the seonhe shall BEGIN to sound, the MISTERYof Gooas hehath declared to his serrants th3 4200 × 5760 B 2.8 MB236%Search
4362	EditThe_1850 Daniel, and Revelation. Adventist JPEG.jpgotest-nitedtroll3d Hoe cometh quickly.The seven last plagues.Rev. 10.% In the days of the vorcehe shall BEGIN to sound, the MISas hehath declared to his s2 4200 × 5760 1S 2.8 MB259%Search
4368	The, 1850 Daniel and Revelation. Adventist JPEG.jpgotest-nitedtrou3d Woe cometh quickly.The seven last plagues.Rev. 10.% In the days of the voicehe shall BEGIN to sound, the MISas hehath declared to his sC: 4200 × 5760 B 2.8 MB259%QSearch
4374	RIGHTEOUSNESSBY FAITHIMAGE OFSUNDAYTHE BEASTLAWOUT OF THE CITIESSEALING OF 144,000CLOSE OFPROBATIONTIME OFTROUBLEGROW YOUR OWN FOODSHAKING4THANGELSMESSAGEISTSIEGE OFSUNDAYLAW2NDSIEGE OFSUNDAYLAWNO-BUYNO-SELLINDUCEMENTSIMPRISONMENTFINESLOUD CRYNEWWORLDORDERBATTLE OFARMAGEDDONSATANAPPEARSAS CHRISTTURKEYREMOVED FROMJACOBSTROUBLE/DEATHDECREEJERUSALEM1|2|3|4|5|63RD WOE1888200120**20**
4380	RIGHTEOUSNESSBY FAITHIMAGE OFTHE BEASTSUNDAYLAWOUT OF THE CITIESSEALING OF 144,000CLOSE OFPROBATIONTIME OFTROUBLEGROW YOUR OWN FOODSHAKING4THANGELSMESSAGEJ9TSIEGE OFSUNDAYLAW2NDSIEGE OFSUNDAYLAWNO-BUYNO-SELLINDUCEMENTSIMPRISONMENTFINESLOUD CRYNEWWORLDORDERBATTLE OFARMAGEDDONSATANAPPEARSAS CHRISTREMOVED FROMJACOBSTROUBLE/DEATHDECREE|2|3|4|5|6|73RD WOE1888200120**20**20**
4386	RIGHTEOUSNESSBY FAITHIMAGE OFTHE BEASTSUNDAYLAWOUT OF THE CITIESSEALING OF 144,000CLOSE OFPROBATIONTIME OFTROUBLEGROW YOUR OWN FOODSHAKING4THANGELSMESSAGE1STSIEGE OFSUNDAYLAWPiNOSIEGE OFSUNDAYLAWNO-BUYNO-SELLINDUCEMENTSIMPRISONMENTFINESLOUD CRYNEWWORLDORDERBATTLE OFARMAGEDDONAPPEARSAS CHRISTJACOBSTROUBLE/DEATHDECREEREMOVED FROMJERUSALEM2|3|4|5|6|73RD WOE1888200120**20**20**
4392	RIGHTEOUSNESSBY FAITHIMAGE OFSUNDAYTHE BEASTLAWOUT OF THE CITIESSEALING OF 144,000CLOSE OFPROBATIONTIME OFTROUBLEGROW YOUR OWN FOODSHAKING4THANGELSMESSAGE18TSIEGE OFSUNDAYLAWSIEGE OFSUNDAYLAWNO-BUYNO-SELLINDUCEMENTSIMPRISONMENTFINESLOUD CRYNEWWORLDORDERBATTLE OFIARMAGEDDONSATANAPPEARSAS CHRISTJACOBSTROUBLE/DEATHDECREEREMOVED FROMJERUSALEM2|34|5|6|73RD WOE1888200120**20**20**
4398	RIGHTEOUSNESSBY FAITHIMAGE OFSUNDAYTHE BEASTLAWOUT OF THE CITIESSEALING OF 144,000CLOSE OFPROBATIONTIME OFTROUBLEGROW YOUR OWN FOODSHAKING4THANGELSMESSAGE18TSIEGE OFSUNDAYLAWSIEGE OFSUNDAYLAWNO-BUYNO-SELLINDUCEMENTSIMPRISONMENTFINESLOUD CRYNEWWORLDORDERBATTLE OFARMAGEDDONAPPEARSAS CHRISTJACOBSTROUBLE/DEATHDECREEREMOVED FROMJERUSALEM12|3|4|5|6|73RD WOE1888200120**20**20**
4404	RIGHTEOUSNESSBY FAITHIMAGE OFSUNDAYTHE BEASTLAWOUT OF THE CITIESSEALING OF 144,000CLOSE OFPROBATIONTIME OFTROUBLEGROW YOUR OWN FOODSHAKING4THANGELSMESSAGE1STSIEGE OFSUNDAYLAW2NDSIEGE OFSUNDAYLAWNO-BUYNO-SELLINDUCEMENTSIMPRISONMENTFINESLOUD CRYNEWWORLDORDERBATTLE OFARMAGEDDONSA TÀNAPPEARSAS CHRISTJACOBSTROUBLE/DEATHDECREEREMOVED FROMJERUSALEM12|3|45|6|73RD WOE1888200120**20**20**
4410	RIGHTEOUSNESSBY FAITHIMAGE OFTHE BEASTSUNDAYLAWOUT OF THE CITIESSEALING OF 144,000CLOSE OFPROBATIONTIME OFTROUBLEGROW YOUR OWN FOODSHAKING4THANGELSMESSAGE18TSIEGE OFSUNDAYLAWSIEGE OFSUNDAYLAWNO-BUYNO-SELLINDUCEMENTSIMPRISONMENTFINESLOUD CRYNEWWORLDORDERBATTLE OFARMAGEDDONAPPEARSAS CHRISTJACOBSTROUBLE/DEATHDECREEREMOVED FROMJERUSALEM12|3|4|5|6|73RD WOE1888200120**20**20**
4416	RIGHTEOUSNESSBY FAITHIMAGE OFSUNDAYTHE BEASTLAWOUT OF THE CITIESSEALING OF 144,000CLOSE OFPROBATIONTIME OFTROUBLEGROW YOUR OWN FOODSHAKING4THANGELSMESSAGE1STSIEGE OFSUNDAYLAWSIEGE OFSUNDAYLAWNO-BUYNO-SELLINDUCEMENTSIMPRISONMENTFINESLOUD CRYNEWWORLDORDERBATTLE OFARMAGEDDONSATANAPPEARSAS CHRISTJACOBSTROUBLE/DEATHDECREEREMOVED FROMJERUSALEM213|4|5|6|73RD WOE1888200120**20**20**
4422	RIGHTEOUSNESSBY FAITHIMAGE OFSUNDAYTHE BEASTLAWOUT OF THE CITIESSEALING OF 144,000CLOSE OFPROBATIONTIME OFTROUBLEGROW YOUR OWN FOODSHAKING4THANGELSMESSAGE1STSIEGE OFSUNDAYLAWSIEGE OFSUNDAYLAWNO-BUYNO-SELLINDUCEMENTSIMPRISONMENTFINESLOUD CRYNEWWORLDORDERBATTLE OFARMAGEDDONSAtÀNAPPEARSAS CHRISTJACOBSTROUBLE/DEATHDECREEREMOVED FROMJERUSALEM12|3|4|5|6|73RD WOE1888200120**20**20**
4428	RIGHTEOUSNESSBY FAITHIMAGE OFSUNDAYTHE BEASTLAWOUT OF THE CITIESSEALING OF 144,000CLOSE OFPROBATIONTIME OFTROUBLEGROW YOUR OWN FOODSHAKING4THANGELSMESSAGE1STSIEGE OFSUNDAYLAWSIEGE OFSUNDAYLAWNO-BUYNO-SELLINDUCEMENTSIMPRISONMENTFINESLOUD CRYNEWWORLDORDERBATTLE OFARMAGEDDONSA TÀNAPPEARSAS CHRISTJACOBSTROUBLE/DEATHDECREEREMOVED FROMJERUSALEM12 3 4|5|6|73RD WOE1888200120**20**20**
4434	RIGHTEOUSNESSBY FAITHIMAGE OFSUNDAYTHE BEASTLAWOUT OF THE CITIESSEALING OF 144,000CLOSE OFPROBATIONTIME OFTROUBLEGROW YOUR OWN FOODSHAKING4THANGELSMESSAGE18TSIEGE OFSUNDAYLAWSIEGE OFSUNDAYLAWNO-BUYNO-SELLINDUCEMENTSIMPRISONMENTFINESLOUD CRYNEWWORLDORDERBATTLE OFARMAGEDDONSATANAPPEARSAS CHRISTJACOBSTROUBLE/DEATHDECREEREMOVED FROMJERUSALEM2|3|4|5|6|73RD WOE1888200120**20**20**
4440	RIGHTEOUSNESSBY FAITHIMAGE OFSUNDAYTHE BEASTLAWOUT OF THE CITIESSEALING OF 144,000CLOSE OFPROBATIONTIME OFTROUBLEGROW YOUR OWN FOODSHAKING4THANGELSMESSAGE1STSIEGE OFSUNDAYLAW2NDSIEGE OFSUNDAYLAWNO-BUYNO-SELLINDUCEMENTSIMPRISONMENTFINESLOUD CRYNEWWORLDORDERBATTLE OFARMAGEDDONAPPEARSAS CHRISTJACOBSTROUBLE/DEATHDECREEREMOVED FROMJERUSALEM12|3|4|5|6|73RD WOE1888200120**20**20**
4446	RIGHTEOUSNESSBY FAITHIMAGE OFSUNDAYTHE BEASTLAWOUT OF THE CITIESSEALING OF 144,000CLOSE OFPROBATIONTIME OFTROUBLEGROW YOUR OWN FOODSHAKING4THANGELSMESSAGE18TSIEGE OFSUNDAYLAWSIEGE OFSUNDAYLAWNO-BUYNO-SELLINDUCEMENTSIMPRISONMENTFINESLOUD CRYNEWWORLDORDERBATTLE OFARMAGEDDONAPPEARSAS CHRISTJACOBSTROUBLE/DEATHDECREEREMOVED FROMJERUSALEM2|3|45|6|73RD WOE1888• Wendy200120**20**20**
4452	RIGHTEOUSNESSBY FAITHIMAGE OFSUNDAYTHE BEASTLAWOUT OF THE CITIESSEALING OF 144,000CLOSE OFPROBATIONTIME OFTROUBLEGROW YOUR OWN FOODSHAKING4THANGELSMESSAGE18TSIEGE OFSUNDAYLAW2NDSIEGE OFSUNDAYLAWNO-BUYNO-SELLINDUCEMENTSIMPRISONMENTFINESLOUD CRYNEWWORLDORDERBATTLE OFARMAGEDDONAPPEARSAS CHRISTJACOBSTROUBLE/DEATHDECREEREMOVED FROMJERUSALEM2|3 45|6|73RD WOE1988• Wendy200120**20**20**
4458	RIGHTEOUSNESSBY FAITHIMAGE OFSUNDAYTHE BEASTLAWOUT OF THE CITIESSEALING OF 144,000CLOSE OFPROBATIONTIME OFTROUBLEGROW YOUR OWN FOODSHAKING4THANGELSMESSAGE18TSIEGE OFSUNDAYLAW2NDSIEGE OFSUNDAYLAWNO-BUYNO-SELLINDUCEMENTSIMPRISONMENTFINESLOUD CRYNEWWORLDORDERBATTLE OFARMAGEDDONSATANAPPEARSAS CHRISTTURKEYREMOVED FROMJERUSALEMJACOBSTROUBLE/DEATHDECREE12|3 4 5|6173RD WOE1888• Wendy200120**20**20**
4464	
4470	
4476	
4482	
4488	
4494	
4500	
4506	
4512	
4518	
4524	
4530	
4536	
4542	
4548	
4554	
4560	
4566	
4572	
4578	
4584	
4590	
4596	
4602	
4608	
4614	
4620	
4626	
4632	
4638	
4644	
4650	
4656	
4662	
4668	
4674	
4680	
4686	DONATE
4692	DONATE
4698	DONATE
4704	DONATE
4710	DONATE
4716	DONATE
4722	DONATE
4728	DONATE
4734	DONATE
4740	DONATE
4746	DONATE
4752	DONATE
4758	DONATE
4764	DONATE
4770	DONATE
4776	DONATE
4782	DONATE
4788	DONATE
4794	DONATETHEFINALCOUNTDOWNEND -TIMEEVENTSTIMELINELIVE STUDYJoin Us Next Saturdayat 5:30pm PST For The Next Study!Sign-upfinalcountdown.amazingdiscoveries.org
4800	THEFINALCOUNTDOWNEND -TIMEEVENTSTIMELENELIVE STUDYJoin Us Next Saturdayat 5:30pm PST For The Next Study!Sign-upfinalcountdown.amazingdiscoveries.org
4806	DONATETHEFINALCOUNTDOWNEND-TIMEEVENTSTIMELINELIVE STUDYJoin Us Next Saturdayat 5:30pm PST For The Next Study!Sign-upfinalcountdown.amazingdiscoveries.org
