0	
6	
12	MacKenzie DrebitVice President
18	MacKenzie DrebitVice President
24	MacKenzie DrebitVice President
30	MacKenzie DrebitVice President
36	MacKenzie DrebitVice President
42	MacKenzie DrebitVice President
48	
54	
60	
66	
72	
78	MacKenzie DrebitVice President
84	MacKenzie DrebitVice President
90	MacKenzie DrebitVice President
96	
102	
108	
114	
120	
126	
132	
138	
144	Welcome! Thank You For Joining Us. Register here for study guides & future updates.finalcountdown.amazingdiscoveries.org
150	
156	TIME OFTHE ENDOTTOMANFALLSJ9TANGELSMESSAGEDAY OFATONEMENTgRDANGELSMESSAGEMIDNIGHTCRYIMAGEO:RIGHTEOUSNESSSUNDAYTHE BEASTLAWBY FAITHOUT OF THE CITIÉSSEALING OF 144,000SHAKINGCLOSE OFPROBATIONTIME OFTROUBLEGROW YOUR OWN FOODATHANGELSMESSAGESIEGE OFSUNDAYLAWNEVWORORDIBATTLE OChart1850Chart2NDANGELSMESSAGEJ9TSIEGE OFSUNDAYNO-BUYNO-SELLSATANAPPEARSAS CHRISTNOUCEMENTSMPRISONMENTTROUBLIDEATHDECREEEOUD CRY123456113RD WOE1837 1843185017981840 1844JUDGMENT DAY STUDIES20**1888200120**20**
162	TIME OFTHE ENDOTTOMANEMPIREFALLSDAY OFJ9TATONEMENTANGELSMESSAGE3HoANGELSMESSAGEMIDNIGHTCRYRIGHT URNESS THESEASTSUNDAYLAWOUT OF THE CITIESSEALING OF 144,000SHAKINGCLOSE OFPROBATIONTIME OFTROUBLE1850GROW YOUR OWN FOODATHANGELSMESSAGENEVWORORDIBATTLE'OChart2NDANGELSMESSAGE18TSIEGE OFSUNDAYLAWSIEGE OFSUNDAYLAWNO-BUYNO-SELLIMPRISONMENTLOUD CRYSATANAPPEARSAS CHRISTTROUBLIDEATHDECREE12|345|613RD WOE1837 1843185017981840 1844• JUDGMENT OAY STUDIES20**1888200120**20**
168	TIME OFTHE ENDOTTOMANEMPIREFALLS DAY OFATONEMENT1STANGELSMESSAGE3RDANGELSMESSAGEMIDNIGHTCRYIMAGE OFRIGHTEOUSNESS THE BEASTSUNDAYLAWBY FAITHOUT OF THE CITIÉSSEALING OF 144,000SHAKING4THANGELSMESSAGE2NDSIEGE OFSUNDAYLAW1843Chart1850Chart2NDANGELSMESSAGEISTSIEGE OFSUNDAYLAWNO-BUYNO-SELLINDUCEMENTSIMPRISONMENTFINESCLOSE OFPROBATIONTIME OFTROUBLEGROW YOUR OWN FOODNEWWORLDORDERBATTLE OFARMAGEDDONSATANAPPEARSAS CHRISTJACOBSTROUBLE/DEATHDECREELOUD CRYTURKEYREMOVED FROMJERUSALEM1|2|3|4|5|63RD WOE1837 1843185017981840 1844JUDGMENT DAY STUDIES20**1888200120**20
174	TIME OFTHE ENDOTTOMANEMPIREFALLS DAY OFATONEMENTISTANGELSMESSAGE3RDANGELSMESSAGEMIDNIGHTCRYIMAGE OFRIGHTEOUSNESS THE BEASTSUNDAYLAWBY FAITHOUT OF THE CITIESSEALING OF 144,000SHAKING4тHANGELSMESSAGE2NDSIEGE OFSUNDAYLAW1843Chart1850Chart2NDANGELSMESSAGEISTSIEGE OFSUNDAYLAWNO-BUYNO-SELLINDUCEMENTSIMPRISONMENTFINESCLOSE OFPROBATIONTIME OFTROUBLEGROW YOUR OWN FOODNEWWORLDORDERBATTLE OFARMAGEDDONSATANAPPEARSAS CHRISTJACOBSTROUBLE/DEATHDECREELOUD CRYTURKEYREMOVED FROMJERUSALEM12|34|5|63RD WOE1837 1843185017981840 1844JUDGMENT @AY STUDIES20**1888200120**20
180	TIME OFTHE ENDOTTOMANEMPIREFALLS DAY OFATONEMENTISTANGELSMESSAGE3RDANGELSMESSAGEMIDNIGHTCRYIMAGE OFRIGHTEOUSNESS THE BEASTSUNDAYLAWBY FAITHOUT OF THE CITIESSEALING OF 144,000SHAKING4тHANGELSMESSAGE2NDSIEGE OFSUNDAYLAW1843Chart1850Chart2NDANGELSMESSAGETSTSIEGE OFSUNDAYLAWNO-BUYNO-SELLINDUCEMENTSIMPRISONMENTFINESCLOSE OFPROBATIONTIME OFTROUBLEGROW YOUR OWN FOODNEWWORLDORDERBATTLE OFARMAGEDDONLOUD CRYSATANAPPEARSAS CHRISTTURKEYREMOVED FROMJACOBSTROUBLE/DEATHDECREEJERUSALEM1|2|3|4|5|6|3RD WOE1837 1843185017981840 1844JUDGMENT DAY STUDIES20**1888200120**20
186	RIGHTEOUSNESSBY FAITHIMAGE OFSUNDAYTHE BEASTLAWOUT OF THE CITIESSEALING OF 144,000CLOSE OFPROBATIONTIME OFTROUBLEGROW YOUR OWN FOODSHAKING4тHANGELSMESSAGEISTSIEGE OFSUNDAYLAW2NDSIEGE OFSUNDAYLAWNO-BUYNO-SELLINDUCEMENTSIMPRISONMENTFINESLOUD CRYNEWWORLDORDERBATTLE OFARMAGEDDONSATANAPPEARSAS CHRISTTURKEYREMOVED FROMJACOBSTROUBLE/DEATHDECREE12|3|4|5|63RD WOE1888200120**20**20
192	RIGHTEOUSNESSBY FAITHIMAGE OFSUNDAYTHE BEASTLAWOUT OF THE CITIESSEALING OF 144,000CLOSE OFPROBATIONTIME OFTROUBLEGROW YOUR OWN FOODSHAKING4тHANGELSMESSAGE1STSIEGE OFSUNDAYLAW2NDSIEGE OFSUNDAYLAWNO-BUYNO-SELLINDUCEMENTSIMPRISONMENTFINESLOUD CRYNEWWORLDORDERBATTLE OFARMAGEDDONSATANAPPEARSAS CHRISTTURKEYREMOVED FROMJACOBSTROUBLE/DEATHECREEJERUSALEM12|3|4|5|63RD WOE1888200120**20**20
198	RIGHTEOUSNESSBY FAITHIMAGE OFSUNDAYTHE BEASTLAWOUT OF THE CITIESSEALING OF 144,000CLOSE OFPROBATIONTIME OFTROUBLEGROW YOUR OWN FOODSHAKING4тHANGELSMESSAGEISTSIEGE OFSUNDAYLAW2NDSIEGE OFSUNDAYLAWNO-BUYNO-SELLINDUCEMENTSIMPRISONMENTFINESLOUD CRYNEWWORLDORDERBATTLE OFARMAGEDDONSATANAPPEARSAS CHRISTTURKEYREMOVED FROMJACOBSTROUBLE/DEATHDECREEJERUSALEM12|3|4|5|63RD WOE1888200120**20**20
204	RIGHTEOUSNESSBY FAITHIMAGE OFSUNDAYTHE BEASTLAWOUT OF THE CITIESSEALING OF 144,000CLOSE OFPROBATIONTIME OFTROUBLEGROW YOUR OWN FOODSHAKING4THANGELSMESSAGEISTSIEGE OFSUNDAYLAW2NDSIEGE OFSUNDAYLAWNO-BUYNO-SELLINDUCEMENTSIMPRISONMENTFINESLOUD CRYNEWWORLDORDERBATTLE OFARMAGEDDONSATANAPPEARSAS CHRISTJACOBSTROUBLE/TURKEYDEATHREMOVED FROMDECREEJERUSALEM1|2|3|4|5|63RD WOE1888200120**20**20
210	RIGHTEOUSNESSBY FAITHIMAGE OFSUNDAYTHE BEASTLAWOUT OF THE CITIESSEALING OF 144,000CLOSE OFPROBATIONTIME OFTROUBLEGROW YOUR OWN FOODSHAKING4тHANGELSMESSAGEISTSIEGE OFSUNDAYLAW2NDSIEGE OFSUNDAYLAWNO-BUYNO-SELLINDUCEMENTSIMPRISONMENTFINESLOUD CRYNEWWORLDORDERBATTLE OFARMAGEDDONSATANAPPEARSAS CHRISTJACOBSTROUBLE/TURKEYDEATHREMOVED FROMDECREEJERUSALEM1|2|3|4|5|6|73RD WOE1888200120**20**20
216	RIGHTEOUSNESSBY FAITHIMAGE OFSUNDA+THE BEASTLAWOUT OF THE CITIESSEALING OF 144,000CLOSE OFPROBATIONTIME OFTROUBLEGROW YOUR OWN FOODSHAKING4тHANGELSMESSAGEISTSIEGE OFSUNDAYLAW2NDSIEGE OFSUNDAYLAWNO-BUYNO-SELLINDUCEMENTSIMPRISONMENTFINESLOUD CRYNEWWORLDORDERBATTLE OFARMAGEDDONSA TÀNAPPEARSAS CHRISTTURKEYREMOVED FROMJACOBSTROUBLE/DEATHDECREEJERUSALEM12|3|4|5|63RD WOE1888200120**20**2000C
222	RIGHTEOUSNESSBY FAITHIMAGE OFSUNDAYTHE BEASTLAWOUT OF THE CITIESSEALING OF 144,000CLOSE OFPROBATIONTIME OFTROUBLEGROW YOUR OWN FOODSHAKING4тHANGELSMESSAGE1STSIEGE OFSUNDAYLAW2NDSIEGE OFSUNDAYLAWNO-BUYNO-SELLINDUCEMENTSIMPRISONMENTFINESLOUD CRYNEWWORLDORDERBATTLE OFARMAGEDDONSATANAPPEARSAS CHRISTJACOBSTROUBLE/TURKEYDEATHREMOVED FROMDECREEJERUSALEM|2|3|4|5|63RD WOE1888200120**20**20
228	RIGHTEOUSNESSBY FAITHIMAGE OFSUNDAYTHE BEASTLAWOUT OF THE CITIESSEALING OF 144,000CLOSE OFPROBATIONTIME OFTROUBLEGROW YOUR OWN FOODSHAKING4тHANGELSMESSAGE1STSIEGE OFSUNDAYLAW2NDSIEGE OFSUNDAYLAWNO-BUYNO-SELLINDUCEMENTSIMPRISONMENTFINESLOUD CRYNEWWORLDORDERBATTLE OFARMAGEDDONSATANAPPEARSAS CHRISTTURKEYREMOVED FROMJACOBSTROUBLE/DEATHDECREE12|3|4|5|63RD WOE1888200120**20**20
234	RIGHTEOUSNESSBY FAITHIMAGE OFSUNDAYTHE BEASTLAWOUT OF THE CITIESSEALING OF 144,000CLOSE OFPROBATIONTIME OFTROUBLEGROW YOUR OWN FOODSHAKING4THANGELSMESSAGEISTSIEGE OFSUNDAYLAW2NDSIEGE OFSUNDAYLAWNO-BUYNO-SELLINDUCEMENTSIMPRISONMENTFINESLOUD CRYNEWWORLDORDERBATTLE OFARMAGEDDONSATANAPPEARSAS CHRISTTURKEYREMOVED FROMJACOBSTROUBLE/DEATHDECREEJERUSALEM|2|3|4|5|63RD WOE1888200120**20**20
240	RIGHTEOUSNESSBY FAITHIMAGE OFSUNDAYTHE BEASTLAWOUT OF THE CITIESSEALING OF 144,000CLOSE OFPROBATIONTIME OFTROUBLEGROW YOUR OWN FOODSHAKING4THANGELSMESSAGE1STSIEGE OFSUNDAYLAW2NDSIEGE OFSUNDAYLAWNO-BUYNO-SELLINDUCEMENTSIMPRISONMENTFINESLOUD CRYNEWWORLDORDERBATTLE OFARMAGEDDONSATANAPPEARSAS CHRISTTURKEYREMOVED FROMJACOBSTROUBLE/DEATHDECREEJERUSALEM1|2|3|4|5|63RD WOE1888200120**20**20
246	RIGHTEOUSNESSBY FAITHIMAGE OFSUNDAYTHE BEASTLAWOUT OF THE CITIESSEALING OF 144,000CLOSE OFPROBATIONTIME OFTROUBLEGROW YOUR OWN FOODSHAKING4тHANGELSMESSAGEISTSIEGE OFSUNDAYLAW2NDSIEGE OFSUNDAYLAWNO-BUYNO-SELLINDUCEMENTSIMPRISONMENTFINESLOUD CRYNEWWORLDORDERBATTLE OFARMAGEDDONSATANAPPEARSAS CHRISTTURKEYREMOVED FROMJACOBSTROUBLE/DEATHDECREEJERUSALEM12|3|4|5|63RD WOE1888200120**20**20
252	RIGHTEOUSNESSBY FAITHIMAGE OFSUNDAYTHE BEASTLAWOUT OF THE CITIESSEALING OF 144,000CLOSE OFPROBATIONTIME OFTROUBLEGROW YOUR OWN FOODSHAKING4тHANGELSMESSAGEISTSIEGE OFSUNDAYLAW2NDSIEGE OFSUNDAYLAWNO-BUYNO-SELLINDUCEMENTSIMPRISONMENTFINESLOUD CRYNEWWORLDORDERBATTLE OFARMAGEDDONSATANAPPEARSAS CHRISTJACOBSTROUBLE/TURKEYDEATHREMOVED FROMDECREEJERUSALEM12|3|4|5|63RD WOE1888200120**20**20
258	REVELATION 13:16, 17• 16 And he causeth all, both smalland great, rich and poor, free andbond, to receive a mark in their righthand, or in their foreheads:• 17 And that no man might buy or sell, save he thathad the mark, or the name of the beast, or the number ofhis name.
264	REVELATION 13:16, 17• 16 And he Causeth all, both smalland great, rich and poor, tree andbond, to receive a mark in their righthand, or in their foreheads:• 17 And that no man might buy or sell, save he thathad the mark, or the name of the beast, or the number ofhis name.
270	REVELATION 13:16, 17• 16 And he causeth all, both smalland great, rich and poor, free andbond, to receive a mark in their righthand, or in their foreheads:• 17 And that no man might buy or sell, save he thathad the mark, or the name of the beast, or the number ofhis name.
276	REVELATION 13:16, 17• 16 And he causeth all, both smalland great, rich and poor, free andbond, to receive a mark in their righthand, or in their foreheads:• 17 And that no man might buy or sell, save he thathad the mark, or the name of the beast, or the number ofhis name.
282	REVELATION 13:16, 17• 16 And he causeth all, both smalland great, rich and poor, free andbond, to receive a mark in their righthand, or in their foreheads:• 17 And that no man might buy or sell, save he thathad the mark, or the name of the beast, or the number ofhis name.
288	REVELATION 13:16, 17• 16 And he causeth all, both smalland great, rich and poor, free andbond, to receive a mark in their righthand, or in their foreheads:• 17 And that no man might buy or sell, save he thathad the mark, or the name of the beast, or the number ofhis name.
294	REVELATION 13:16, 17• 16 And he causeth all, both smalland great, rich and poor, free andbond, to receive a mark in their righthand, or in their foreheads:• 17 And that no man might buy or sell, save he thathad the mark, or the name of the beast, or the number ofhis name.
300	REVELATION 13:16, 17• 16 And he causeth all, both smalland great, rich and poor, free andbond, to receive a mark in their righthand, or in their foreheads:• 17 And that no man might buy or sell, save he thathad the mark, or the name of the beast, or the number ofhis name.
306	A MARK = A SEAL• "And the LORD said unto him, Go through the midst of thecity, through the midst of Jerusalem, and set a mark upon theforeheads of the men that sigh and that cry for all theabominations that be done in the midst thereof." Ezekiel 9:4"And I saw another angel ascending from the east, having theseal of the living God…Saying, Hurt not the earth, neither thesea, nor the trees, till we have sealed the servants of o.in their forcheads." Revelation 7:2-3
312	A MARK = A SEAL• "And the LORD said unto him, Go through the midst of thecity, through the midst of Jerusalem, and set a mark upon theforeheads of the men that sigh and that cry for all theabominations that be done in the midst thereof." Ezekiel 9:4"And I saw another angel ascending from the east, having theseal of the living God…Saying, Hurt not the earth, neither thesea, nor the trees, till we have sealed the servants of o.in their foreheads." Revelation 7:2-3
318	A MARK = A SEAL• "And the LORD said unto him, Go through the midst of thecity, through the midst of Jerusalem, and set a mark upon theforeheads of the men that sigh and that cry for all theabominations that be done in the midst thereof." Ezekiel 9:4"And I saw another angel ascending from the east, having theseal of the living God…Saying, Hurt not the earth, neither thesea, nor the trees, till we have sealed the servants of oin their foreheads." Revelation 7:2-3
324	A MARK = A SEAL• "And the LORD said unto him, Go through the midst of thecity, through the midst of Jerusalem, and set a mark upon theforeheads of the men that sigh and that cry for all theabominations that be done in the midst thereof." Ezekiel 9:4"And I saw another angel ascending from the east, having theseal of the living God…Saying, Hurt not the earth, neither thesea, nor the trees, till we have sealed the servants of o.in their foreheads." Revelation 7:2-3
330	A MARK = A SEAL• "And the LORD said unto him, Go through the midst of thecity, through the midst of Jerusalem, and set a mark upon theforeheads of the men that sigh and that cry for all theabominations that be done in the midst thereof." Ezekiel 9:4"And I saw another angel ascending from the east, having theseal of the living God..Saying, Hurt not the earth, neither thesea, nor the trees, till we have sealed the servants of oin their foreheads." Revelation 7:2-3
336	A MARK = A SEAL• "And the LORD said unto him, Go through the midst of thecity, through the midst of Jerusalem, and set a mark upon theforeheads of the men that sigh and that cry for all theabominations that be done in the midst thereof." Ezekiel 9:4"And I saw another angel ascending from the east, having theseal of the living God..Saying, Hurt not the earth, neither thesea, nor the trees, till we have sealed the servants of oin their foreheads." Revelation 7:2-3
342	A MARK = A SEAL• "And the LORD said unto him, Go through the midst of thecity, through the midst of Jerusalem, and set a mark upon theforeheads of the men that sigh and that cry for all theabominations that be done in the midst thereof." Ezekiel 9:4"And I saw another angel ascending from the east, having theseal of the living God...Saying, Hurt not the earth, neither thesea, nor the trees, till we have sealed the servants of o.in their foreheads." Revelation 7:2-3
348	A MARK = A SEAL• "And the LORD said unto him, Go through the midst of thecity, through the midst of Jerusalem, and set a mark upon theforeheads of the men that sigh and that cry for all theabominations that be done in the midst thereof." Ezekiel 9:4"And I saw another angel ascending from the east, having theseal of the living God…Saying, Hurt not the earth, neither thesea, nor the trees, till we have sealed the servants of o.in their foreheads." Revelation 7:2-3
354	A MARK = A SEAL• "And the LORD said unto him, Go through the midst of thecity, through the midst of Jerusalem, and set a mark upon theforeheads of the men that sigh and that cry for all theabominations that be done in the midst thereof." Ezekiel 9:4"And I saw another angel ascending from the cast, having theseal of the living God...Saying, Hurt not the earth, neither thesea, nor the trees, till we have sealed the servants of our Godin their foreheads." Revelation 7:2-3
360	A MARK = A SEAL• "And the LORD said unto him, Go through the midst of thecity, through the midst of Jerusalem, and set a mark upon theforeheads of the men that sigh and that cry for all theabominations that be done in the midst thereof." Ezekiel 9:4"And I saw another angel ascending from the east, having theseal of the living God…..Saying, Hurt not the earth, neither thesea, nor the trees, till we have sealed the servants of our Godin their foreheads." Revelation 7:2-3
366	A MARK = A SEAL• "And the LORD said unto him, Go through the midst of thecity, through the midst of Jerusalem, and set a mark upon theforeheads of the men that sigh and that cry for all theabominations that be done in the midst thereof." Ezekiel 9:4"And I saw another angel ascending from the east, having theseal of the living God…..Saying, Hurt not the earth, neither thesea, nor the trees, till we have sealed the servants of our Godin their foreheads." Revelation 7:2-3
372	A MARK = A SEAL• "And the LORD said unto him, Go through the midst of thecity, through the midst of Jerusalem, and set a mark upon theforeheads of the men that sigh and that cry for all theabominations that be done in the midst thereof." Ezekiel 9:4"And I saw another angel ascending from the east, having thescal of the living God...Saying, Hurt not the earth, neither thesea, nor the trees, till we have sealed the servants of our Godin their forcheads." Revelation 7:2-8000000
378	A MARK = A SEAL• "And the LORD said unto him, Go through the midst of thecity, through the midst of Jerusalem, and set a mark upon theforeheads of the men that sigh and that cry for all theabominations that be done in the midst thereof." Ezekiel 9:4"And I saw another angel ascending from the east, having theseal of the living God…Saying, Hurt not the earth, neither thesea, nor the trees, till we have sealed the servants of our Godin their foreheads." Revelation 7:2-3000090
384	A MARK = A SEAL• "And the LORD said unto him, Go through the midst of thecity, through the midst of Jerusalem, and set a mark upon theforeheads of the men that sigh and that cry for all theabominations that be done in the midst thereof." Ezekiel 9:4"And I saw another angel ascending from the east, having theseal of the living God…..Saying, Hurt not the earth, neither thesea, nor the trees, till we have sealed the servants of our Godin their foreheads." Revelation 7:2-300009C
390	A MARK = A SEAL• "And the LORD said unto him, Go through the midst of thecity, through the midst of Jerusalem, and set a mark upon theforeheads of the men that sigh and that cry for all theabominations that be done in the midst thereof." Ezekiel 9:4"And I saw another angel ascending from the east, having theseal of the living God…..Saying, Hurt not the earth, neither thesea, nor the trees, till we have sealed the servants of our Godin their forcheads." Revelation 7:2-3
396	EZEKIEL 8:12-14• 8:12 "Then said he unto me, Son of man, hast thou seen what the ancientsof the house of Israel do in the dark, every man in the chambers of hisimagery? for they say, The LORD seeth us not; the LORD hath forsakenthe earth.8:13 He said also unto me, Turn thee yet again, and thou shalt seegreater abominations that they do.8:14 Then he brought me to the door of the gate of the LORD'S housewhich was toward the north; and, behold, there sat women weeping forTammuz."
402	EZEKIEL 8:12-14• 8:12 "Then said he unto me, Son of man, hast thou seen what the ancientsof the house of Israel do in the dark, every man in the chambers of hisimagery? for they say, The LORD seeth us not; the LORD hath forsakenthe earth.8:13 He said also unto me, Turn thee yet again, and thou shalt seegreater abominations that they do.8:14 Then he brought me to the door of the gate of the LORD'S housewhich was toward the north; and, behold, there sat women weeping forTammuz."
408	EZEKIEL 8:12-14• 8:12 "Then said he unto me, Son of man, hast thou seen what the ancientsof the house of Israel do in the dark, every man in the chambers of hisimagery? for they say, The LORD seeth us not; the LORD hath forsakenthe earth.8:13 He said also unto me, Turn thee yet again, and thou shalt seegreater abominations that they do.8:14 Then he brought me to the door of the gate of the LORD'S housewhich was toward the north; and, behold, there sat women weeping forTammuz."
414	EZEKIEL 8:12-14• 8:12 "Then said he unto me, Son of man, hast thou seen what the ancientsof the house of Israel do in the dark, every man in the chambers of hisimagery? for they say, The LORD seeth us not; the LORD hath forsakenthe earth.8:13 He said also unto me, Turn thee yet again, and thou shalt seegreater abominations that they do.8:14 Then he brought me to the door of the gate of the LORD'S housewhich was toward the north; and, behold, there sat women weeping forTammuz."
420	EZEKIEL 8:12-14• 8:12 "Then said he unto me, Son of man, hast thou seen what the ancientsof the house of Israel do in the dark, every man in the chambers of hisimagery? for they say, The LORD seeth us not; the LORD hath forsakenthe earth.8:13 He said also unto me, Turn thee yet again, and thou shalt seegreater abominations that they do.8:14 Then he brought me to the door of the gate of the LORD'S housewhich was toward the north; and, behold, there sat women weeping forTammuz."
426	EZEKIEL 8:12-14• 8:12 "Then said he unto me, Son of man, hast thou seen what the ancientsof the house of Israel do in the dark, every man in the chambers of hisimagery? for they say, The LORD seeth us not; the LORD hath forsakenthe earth.8:13 He said also unto me, Turn thee yet again, and thou shalt seegreater abominations that they do.8:14 Then he brought me to the door of the gate of the LORD'S housewhich was toward the north; and, behold, there sat women weeping forTammuz."
432	EZEKIEL 8:12-14• 8:12 "Then said he unto me, Son of man, hast thou seen what the ancientsof the house of Israel do in the dark, every man in the chambers of hisimagery? for they say, The LORD seeth us not; the LORD hath forsakenthe earth.8:13 He said also unto me, Turn thee yet again, and thou shalt seegreater abominations that they do.8:14 Then he brought me to the door of the gate of the LORD'S housewhich was toward the north; and, behold, there sat women weeping forTammuz."
438	EZEKIEL 8:12-14• 8:12 "Then said he unto me, Son of man, hast thou seen what the ancientsof the house of Israel do in the dark, every man in the chambers of hisimagery? for they say, The LORD seeth us not; the LORD hath forsakenthe earth.8:13 He said also unto me, Turn thee yet again, and thou shalt seegreater abominations that they do.8:14 Then he brought me to the door of the gate of the LORD'S housewhich was toward the north; and, behold, there sat women weeping forTammuz."
444	EZEKIEL 8:12-14• 8:12 "Then said he unto me, Son of man, hast thou seen what the ancientsof the house of Israel do in the dark, every man in the chambers of hisimagery? for they say, The LORD seeth us not; the LORD hath forsakenthe earth.8:13 He said also unto me, Turn thee yet again, and thou shalt seegreater abominations that they do.8:14 Then he brought me to the door of the gate of the LORD'S housewhich was toward the north; and, behold, there sat women weeping forTammuz."
450	EZEKIEL 8:12-14• 8:12 "Then said he unto me, Son of man, hast thou seen what the ancientsof the house of Israel do in the dark, every man in the chambers of hisimagery? for they say, The LORD seeth us not; the LORD hath forsakenthe earth.8:13 He said also unto me, Turn thee yet again, and thou shalt seegreater abominations that they do.8:14 Then he brought me to the door of the gate of the LORD'S housewhich was toward the north; and, behold, there sat women weeping forTammuz."
456	EZEKIEL 8:12-14• 8:12 "Then said he unto me, Son of man, hast thou seen what the ancientsof the house of Israel do in the dark, every man in the chambers of hisimagery? for they say, The LORD seeth us not; the LORD hath forsakenthe earth.8:13 He said also unto me, Turn thee yet again, and thou shalt seegreater abominations that they do.8:14 Then he brought me to the door of the gate of the LORD'S housewhich was toward the north; and, behold, there sat women weeping forTammuz."
462	EZEKIEL 8:12-14• 8:12 "Then said he unto me, Son of man, hast thou seen what the ancientsof the house of Israel do in the dark, every man in the chambers of hisimagery? for they say, The LORD seeth us not; the LORD hath forsakenthe earth.8:13 He said also unto me, Turn thee yet again, and thou shalt seegreater abominations that they do.8:14 Then he brought me to the door of the gate of the LORD'S housewhich was toward the north; and, behold, there sat women weeping forTammuz."
468	EZEKIEL 8:12-14• 8:12 "Then said he unto me, Son of man, hast thou seen what the ancientsof the house of Israel do in the dark, every man in the chambers of hisimagery? for they say, The LORD seeth us not; the LORD hath forsakenthe earth.8:13 He said also unto me, Turn thee yet again, and thou shalt seegreater abominations that they do.8:14 Then he brought me to the door of the gate of the LORD'S housewhich was toward the north; and, behold, there sat women weeping forTammuz."
474	EZEKIEL 8:12-14• 8:12 "Then said he unto me, Son of man, hast thou seen what the ancientsof the house of Israel do in the dark, every man in the chambers of hisimagery? for they say, The LORD seeth us not; the LORD hath forsakenthe earth.8:13 He said also unto me, Turn thee yet again, and thou shalt seegreater abominations that they do.8:14 Then he brought me to the door of the gate of the LORD'S housewhich was toward the north; and, behold, there sat women weeping forTammuz."
480	EZEKIEL 8:12-14• 8:12 "Then said he unto me, Son of man, hast thou seen what the ancientsof the house of Israel do in the dark, every man in the chambers of hisimagery? for they say, The LORD seeth us not; the LORD hath forsakenthe earth.8:13 He said also unto me, Turn thee yet again, and thou shalt seegreater abominations that they do.8:14 Then he brought me to the door of the gate of the LORD'S housewhich was toward the north; and, behold, there sat women weeping forTammuz."
486	EZEKIEL 8:12-14• 8:12 "Then said he unto me, Son of man, hast thou seen what the ancientsof the house of Israel do in the dark, every man in the chambers of hisimagery? for they say, The LORD seeth us not; the LORD hath forsakenthe earth.8:13He said also unto me, Turn thee yet again, and thou shalt seegreater abominations that they do.8:14 Then he brought me to the door of the gate of the LORD'S housewhich was toward the north; and, behold, there sat women weeping forTammuz."
492	EZEKIEL 8:12-14• 8:12 "Then said he unto me, Son of man, hast thou seen what the ancientsof the house of Israel do in the dark, every man in the chambers of hisimagery? for they say, The LORD seeth us not; the LORD hath forsakenthe earth.8:13He said also unto me, Turn thee yet again, and thou shalt seegreater abominations that they do.8:14 Then he brought me to the door of the gate of the LORD'S housewhich was toward the north; and, behold, there sat women weeping forTammuz."
498	EZEKIEL 8:12-14• 8:12 "Then said he unto me, Son of man, hast thou seen what the ancientsof the house of Israel do in the dark, every man in the chambers of hisimagery? for they say, The LORD seeth us not; the LORD hath forsakenthe earth.8:13 He said also unto me, Turn thee yet again, and thou shalt seemeater abominations that they do.8:14 Then he brought me to the door of the gate of the LORD'S housewhich was toward the north; and, behold, there sat women weeping forTammuz."0000000
504	EZEKIEL 8:12-14• 8:12 "Then said he unto me, Son of man, hast thou seen what the ancientsof the house of Israel do in the dark, every man in the chambers of hisimagery? for they say, The LORD seeth us not; the LORD hath forsakenthe earth.8:13He said also unto me, Turn thee yet again, and thou shalt seegreater abominations that they do.8:14 Then he brought me to the door of the gate of the LORD'S housewhich was toward the north; and, behold, there sat women weeping forTammuz."000090
510	EZEKIEL 8:12-14• 8:12 "Then said he unto me, Son of man, hast thou seen what the ancientsof the house of Israel do in the dark, every man in the chambers of hisimagery? for they say, The LORD seeth us not; the LORD hath forsakenthe earth.8:13He said also unto me, Turn thee yet again, and thou shalt seegreater abominations that they do.8:14. Then he brought mẹ to the door of the gate of the LORD'S housewhich was toward the north; and, behold, there sat women weeping forTammuz."00009€
516	EZEKIEL 8:12-14• 8:12 "Then said he unto me, Son of man, hast thou seen what the ancientsof the house of Israel do in the dark, every man in the chambers of hisimagery? for they say, The LORD seeth us not; the LORD hath forsakenthe earth.8:13He said also unto me, Turn thee yet again, and thou shalt seegreater abominations that they do.8:14 Then he brought me to the door of the gate of the LORD'S housewhich was toward the north; and, behold, there sat women weeping forTammuz."0000900
522	EZEKIEL 8:12-14• 8:12 "Then said he unto me, Son of man, hast thou seen what the ancientsof the house of Israel do in the dark, every man in the chambers of hisimagery? for they say, The LORD seeth us not; the LORD hath forsakenthe earth.8:13 He said also unto me, Turn thee yet again, and thou shalt seegreater abominations that they do.8:14 Then he brought me to the door of the gate of the LORD'S housewhich was toward the north; and, behold, there sat women weeping forTammuz."
528	EZEKIEL 8:12-14• 8:12 "Then said he unto me, Son of man, hast thou seen what the ancientsof the house of Israel do in the dark, every man in the chambers of hisimagery? for they say, The LORD seeth us not; the LORD hath forsakenthe earth.8:13 He said also unto me, Turn thee yet again, and thou shalt seegreater abominations that they do.8:14 Then he brought me to the door of the gate of the LORD'S housewhich was toward the north; and, behold, there sa women weeping forTammuz."0000900
534	EZEKIEL 8:12-14• 8:12 "Then said he unto me, Son of man, hast thou seen what the ancientsof the house of Israel do in the dark, every man in the chambers of hisimagery? for they say, The LORD seeth us not; the LORD hath forsakenthe earth.8:13He said also unto me, Turn thee yet again, and thou shalt seegreater abominations that they do.8:14 Then he brought me to the door of the gate of the LORD'S housewhich was toward the north; and, behold, there sat women weeping forTammuz."00000
540	EZEKIEL 8:15-16• 8:15 Then said he unto me, Hast thou seen this, O son of man?turn thee yet again, and thou shalt see greater abominations thanthese.8:16 And he brought me into the inner court of the LORD'Shouse, and, behold, at the door of the temple of the LORD,between the porch and the altar, were about five and twenty men,with their backs toward the temple of the LORD, and their facestoward the east; and they worshipped the sun toward the east."00009
546	EZEKIEL 8:15-16• 8:15 Then said he unto me, Hast thou seen this, O son of man?turn thee yet again, and thou shalt see greater abominations thanthese.8:16 And he brought me into the inner court of the LORD'Shouse, and, behold, at the door of the temple of the LORD,between the porch and the altar, were about five and twenty men,with their backs toward the temple of the LORD, and their facestoward the east; and they worshipped the sun toward the east."
552	EZEKIEL 8:15-16• 8:15 Then said he unto me, Hast thou seen this, O son of man?turn thee yet again, and thou shalt see greater abominations thanthese.8:16 And he brought me into the inner court of the LORD'Shouse, and, behold, at the door of the temple of the LORD,begween the porch and the altar, were about five and twenty men,with their backs toward the temple of the LORD, and their facestoward the east; and they worshipped the sun toward the east."00009
558	EZEKIEL 8:15-16• 8:15 Then said he unto me, Hast thou seen this, O son of man?turn thee yet again, and thou shalt see greater abominations thanthese.8:16 And he brought me into the inner court of the LORD'Shouse, and, behold, at the door of the temple of the LORD,between the porch and the altar, were about five and twenty men,with their backs toward the temple of the LORD, and their facestoward the east; and they worshipped the sun toward the east."00009
564	EZEKIEL 8:15-16• 8:15 Then said he unto me, Hast thou seen this, O son of man?turn thee yet again, and thou shalt see greater abominations thanthese.8:16 And he brought me into the inner court of the LORD'Shouse, and, behold, at the door of the temple of the LORD,between the porch and the altar, were about five and twenty men,with their backs toward the temple of the LORD, and their facestoward the east; and they worshipped the sun toward the east."00009
570	EZEKIEL 8:15-16• 8:15 Then said he unto me, Hast thou seen this, O son of man?turn thee yet again, and thou shalt see greater abominations thanthese.8:16 And he brought me into the inner court of the LORD'Shouse, and, behold, at the door of the temple of the LORD,between the porch and the altar, were about five and twenty men,with their backs toward the temple of the LORD, and their facestoward the east; and they worshipped the sun toward the east."00009
576	EZEKIEL 8:15-16• 8:15 Then said he unto me, Hast thou seen this, O son of man?turn thee yet again, and thou shalt see greater abominations thanthese.8:16 And he brought me into the inner court of the LORD'Shouse, and, behold, at the door of the temple of the LORD,between the porch and the altar, were about five and twenty men,with their backs toward the temple of the LORD, and their facestoward the east; and they worshipped the sun toward the east."90009
582	EZEKIEL 8:15-16• 8:15 Then said he unto me, Hast thou seen this, O son of man?turn thee yet again, and thou shalt see greater abominations thanthese.8:16 And he brought me into the inner court of the LORD'Shousc, and, behold, at the door of the temple of the LORD,between the porch and the altar, were about five and twenty men,with their backs toward the temple of the LORD, and their facestoward the cast; and they worshipped the sun toward the east."
588	EZEKIEL 8:15-16• 8:15 Then said he unto me, Hast thou seen this, O son of man?turn thee yet again, and thou shalt see greater abominations thanthese.8:16 And he brought me into the inner court of the LORD'Shousc, and, behold, at the door of the temple of the LORD,between the porch and the altar, were about five and twenty men,with their backs toward the temple of the LORD, and their facestoward the cast; and they worshipped the sun toward the east."
594	EZEKIEL 8:15-16• 8:15 Then said he unto me, Hast thou seen this, O son of man?turn thee yet again, and thou shalt see greater abominations thanthese.8:16 And he brought me into the inner court of the LORD'Shousc, and, bchold, at the door of the temple of the LORD,between the porch and the altar, were about five and twenty men,with their backs toward the temple of the LORD, and their facestoward the cast; and they worshipped the sun toward the east."
600	EZEKIEL 8:15-16• 8:15 Then said he unto me, Hast thou seen this, O son of man?turn thee yet again, and thou shalt see greater abominations thanthese.8:16 And he brought me into the inner court of the LORD'Shousc, and, bchold, at the door of the temple of the LORD,between the porch and the altar, were about five and twenty men,with their backs toward the temple of the LORD, and their facestoward the cast; and they worshipped the sun toward the cast."
606	EZEKIEL 8:15-16• 8:15 Then said he unto me, Hast thou seen this, O son of man?turn thee yet again, and thou shalt see greater abominations thanthese.8:16 And he brought me into the inner court of the LORD'Shousc, and, bchold, at the door of the temple of the LORD,between the porch and the altar, were about five and twenty men,with their backs toward the temple of the LORD, and their facestoward the east; and they worshipped the sun toward the cast."
612	EZEKIEL 8:15-16• 8:15 Then said he unto me, Hast thou seen this, O son of man?turn thee yet again, and thou shalt see greater abominations thanthese.8:16 And he brought me into the inner court of the LORD'Shousc, and, bchold, at the door of the temple of the LORD,between the porch and the altar, were about five and twenty men,with their backs toward the temple of the LORD, and their facestoward the cast; and they worshipped the sun toward the cast."
618	EZEKIEL 8:15-16• 8:15 Then said he unto me, Hast thou seen this, O son of man?turn thee yet again, and thou shalt see greater abominations thanthese.8:16 And he brought me into the inner court of the LORD'Shousc, and, bchold, at the door of the temple of the LORD,between the porch and the altar, were about five and twenty men,with their backs toward the temple of the LORD, and their facestoward the cast; and they worshipped the sun toward the cast."
624	EZEKIEL 8:15-16• 8:15 Then said he unto me, Hast thou seen this, O son of man?turn thee yet again, and thou shalt see greater abominations thanthese.8:16 And he brought me into the inner court of the LORD'Shousc, and, bchold, at the door of the temple of the LORD,between the porch and the altar, were about five and twenty men,with their backs toward the temple of the LORD, and their facestoward the cast; and they worshipped the sun toward the cast."
630	EZEKIEL 8:15-16• 8:15 Then said he unto me, Hast thou seen this, O son of man?turn thee yet again, and thou shalt see greater abominations thanthese.8:16 And he brought me into the inner court of the LORD'Shousc, and, behold, at the door of the temple of the LORD,between the porch and the altar, were about five and twenty men,with their backs toward the temple of the LORD, and their facestoward the cast; and they worshipped the sun toward the cast."Catch up on previous episodes at:finalcountdown.amazingdiscoveries.org
636	EZEKIEL 8:15-16• 8:15 Then said he unto me, Hast thou seen this, O son of man?turn thee yet again, and thou shalt see greater abominations thanthese.8:16 And he brought me into the inner court of the LORD'Shousc, and, bchold, at the door of the temple of the LORD,between the porch and the altar, were about five and twenty men,with their backs toward the temple of the LORD, and their facestoward the cast; and they worshipped the sun toward the cast."Catch up on previous episodes at:finalcountdown.amazingdiscoveries.org
642	EZEKIEL 8:15-16• 8:15 Then said he unto me, Hast thou seen this, O son of man?turn thee yet again, and thou shalt see greater abominations thanthese.8:16 And he brought me into the inner court of the LORD'Shouse, and, behold, at the door of the temple of the LORD,between the porch and the altar, were about five and twenty men,with their backs toward the temple of the LORD, and their facestoward the cast; and they worshipped the sun toward the east."
648	EZEKIEL 8:15-16• 8:15 Then said he unto me, Hast thou seen this, O son of man?turn thee yet again, and thou shalt see greater abominations thanthese.8:16 And he brought me into the inner court of the LORD'Shouse, and, behold, at the door of the temple of the LORD,between the porch and the altar, were about five and twenty men,with their backs toward the temple of the LORD, and their facestoward the cast; and they worshipped the sun toward the east."
654	EZEKIEL 8:15-16• 8:15 Then said he unto me, Hast thou seen this, O son of man?turn thee yet again, and thou shalt see greater abominations thanthese.8:16 And he brought me into the inner court of the LORD'Shousc, and, bchold, at the door of the temple of the LORD,between the porch and the altar, were about five and twenty men,with their backs toward the temple of the LORD, and their facestoward the cast; and they worshipped the sun toward the cast."
660	EZEKIEL 8:15-16• 8:15 Then said he unto me, Hast thou seen this, O son of man?turn thee yet again, and thou shalt see greater abominations thanthese.8:16 And he brought me into the inner court of the LORD'Shouse, and, bchold, at the door of the temple of the LORD,between the porch and the altar, were about five and twenty men,with their backs toward the temple of the LORD, and their facestoward the cast; and they worshipped the sun toward the cast."
666	EZEKIEL 8:15-16• 8:15 Then said he unto me, Hast thou seen this, O son of man?turn thee yet again, and thou shalt see greater abominations thanthese.8:16 And he brought me into the inner court of the LORD'Shousc, and, bchold, at the door of the temple of the LORD,between the porch and the altar, were about five and twenty men,with their backs toward the temple of the LORD, and their facestoward the cast; and they worshipped the sun toward the east."
672	EZEKIEL 8:15-16• 8:15 Then said he unto me, Hast thou seen this, O son of man?turn thee yet again, and thou shalt see greater abominations thanthese.8:16 And he brought me into the inner court of the LORD'Shousc, and, bchold, at the door of the temple of the LORD,between the porch and the altar, were about five and twenty men,with their backs toward the temple of the LORD, and their facestoward the cast; and they worshipped the sun toward the cast."
678	EZEKIEL 8:15-16• 8:15 Then said he unto me, Hast thou seen this, O son of man?turn thee yet again, and thou shalt see greater abominations thanthese.8:16 And he brought me into the inner court of the LORD'Shousc, and, bchold, at the door of the temple of the LORD,between the porch and the altar, were about five and twenty men,with their backs toward the temple of the LORD, and their facestoward the cast; and they worshipped the sun toward the east."
684	EZEKIEL 8:15-16• 8:15 Then said he unto me, Hast thou seen this, O son of man?turn thee yet again, and thou shalt see greater abominations thanthese.8:16 And he brought me into the inner court of the LORD'Shousc, and, behold, at the door of the temple of the LORD,between the porch and the altar, were about five and twenty men,with their backs toward the temple of the LORD, and their facestoward the cast; and they worshipped the sun toward the east."
690	EZEKIEL 8:15-16• 8:15 Then said he unto me, Hast thou seen this, O son of man?turn thee yet again, and thou shalt see greater abominations thanthese.8:16 And he brought me into the inner court of the LORD'Shousc, and, bchold, at the door of the temple of the LORD,between the porch and the altar, were about five and twenty men,with their backs toward the temple of the LORD, and their facestoward the cast; and they worshipped the sun toward the cast."
696	EZEKIEL 8:15-16• 8:15 Then said he unto me, Hast thou seen this, O son of man?turn thee yet again, and thou shalt see greater abominations thanthese.8:16 And he brought me into the inner court of the LORD'Shousc, and, bchold, at the door of the temple of the LORD,between the porch and the altar, were about five and twenty men,with their backs toward the temple of the LORD, and their facestoward the cast; and they worshipped the sun toward the cast."
702	EZEKIEL 8:15-16• 8:15 Then said he unto me, Hast thou seen this, O son of man?turn thee yet again, and thou shalt see greater abominations thanthese.8:16 And he brought me into the inner court of the LORD'Shousc, and, bchold, at the door of the temple of the LORD,between the porch and the altar, were about five and twenty men,with their backs toward the temple of the LORD, and their facestoward the cast; and they worshipped the sun toward the cast."
708	ATTRIBUTES OF THE BEAST• BlasphemyDeadly WoundAll the world wonderedWorshiped / ReligiousReign for 42 monthsPersecute God's PeopleRemoved 3 other kingdomsChange God's Time + Law
714	ATTRIBUTES OF THE BEAST• BlasphemyDeadly WoundAll the world wonderedWorshiped / ReligiousReign for 42 monthsPersecute God's PeopleRemoved 3 other kingdomsChange God's Time + Law
720	ATTRIBUTES OF THE BEAST• BlasphemyDeadly WoundAll the world wonderedWorshiped / ReligiousReign for 42 monthsPersecute God's PeopleRemoved 3 other kingdomsChange God's Time + Law
726	ATTRIBUTES OF THE BEAST• BlasphemyDeadly WoundAll the world wonderedWorshiped / ReligiousReign for 42 monthsPersecute God's PeopleRemoved 3 other kingdomsChange God's Time + Law
732	ATTRIBUTES OF THE BEAST• BlasphemyDeadly WoundAll the world wonderedWorshiped / ReligiousReign for 42 monthsPersecute God's PeopleRemoved 3 other kingdomsChange God's Time + Law
738	ATTRIBUTES OF THE BEAST• BlasphemyDeadly WoundAll the world wonderedWorshiped / ReligiousReign for 42 monthsPersecute God's PeopleRemoved 3 other kingdomsChange God's Time + LawRev 13:16And he causeth all, both small and great, rich and poor, free and bond, to receive a mark in their right hand, or in their foreheads:
744	ATTRIBUTES OF THE BEAST• BlasphemyDeadly WoundAll the world wonderedWorshiped / ReligiousReign for 42 monthsPersecute God's PeopleRemoved 3 other kingdomsChange God's Time + LawRev 13:16And he causeth all, both small and great, rich and poor, free and bond, to receive a mark in their right hand, or in their foreheads:
750	ATTRIBUTES OF THE BEAST• BlasphemyDeadly WoundAll the world wonderedWorshiped / ReligiousReign for 42 monthsPersecute God's PeopleRemoved 3 other kingdomsChange God's Time + Law
756	ATTRIBUTES OF THE BEAST• BlasphemyDeadly WoundAll the world wonderedWorshiped / ReligiousReign for 42 monthsPersecute God's PeopleRemoved 3 other kingdomsChange God's Time + Law
762	ATTRIBUTES OF THE BEAST• BlasphemyDeadly WoundAll the world wonderedWorshiped / ReligiousReign for 42 monthsPersecute God's PeopleRemoved 3 other kingdomsChange God's Time + Law
768	ATTRIBUTES OF THE BEAST• BlasphemyDeadly WoundAll the world wonderedWorshiped / ReligiousRev 13:1Reign for 42 monthsPersecute God's PeopleRemoved 3 other kingdomsChange God's Time + LawAnd I stood upon the sand of the sea, and saw a beast rise up out of the sea, having seven heads and ten horns, and upon his horns tencrowns, and upon his heads the name of blasphemy.
774	ATTRIBUTES OF THE BEAST• BlasphemyDeadly WoundAll the world wonderedWorshiped / ReligiousReign for 42 monthsPersecute God's PeopleRemoved 3 other kingdomsChange God's Time + Law
780	ATTRIBUTES OF THE BEAST• BlasphemyDeadly WoundAll the world wonderedWorshiped / ReligiousReign for 42 monthsPersecute God's PeopleRemoved 3 other kingdomsChange God's Time + Law
786	ATTRIBUTES OF THE BEAST• BlasphemyDeadly WoundAll the world wonderedWorshiped / ReligiousReign for 42 monthsPersecute God's PeopleRemoved 3 other kingdomsChange God's Time + Law
792	ATTRIBUTES OF THE BEAST• BlasphemyDeadly WoundAll the world wonderedWorshiped / ReligiousReign for 42 monthsPersecute God's PeopleRemoved 3 other kingdomsChange God's Time + LawDaniel 7:17These great beasts, which are four, are four kings, which shall arise out of the earth.
798	ATTRIBUTES OF THE BEAST• BlasphemyDeadly WoundAll the world wonderedWorshiped / ReligiousReign for 42 monthsPersecute God's PeopleRemoved 3 other kingdomsChange God's Time + Law
804	ATTRIBUTES OF THE BEAST• BlasphemyDeadly WoundAll the world wonderedWorshiped / ReligiousReign for 42 monthsPersecute God's PeopleRemoved 3 other kingdomsChange God's Time + Law
810	ATTRIBUTES OF THE BEAST• BlasphemyDeadly WoundAll the world wonderedWorshiped / ReligiousReign for 42 monthsPersecute God's PeopleRemoved 3 other kingdomsChange God's Time + Law
816	ATTRIBUTES OF THE BEAST• BlasphemyDeadly WoundAll the world wonderedWorshiped / ReligiousReign for 42 monthsPersecute God's PeopleRemoved 3 other kingdomsChange God's Time + Law
822	ATTRIBUTES OF THE BEAST• BlasphemyDeadly WoundAll the world wonderedWorshiped / ReligiousReign for 42 monthsPersecute God's PeopleRemoved 3 other kingdomsChange God's Time + LawCatch up on previous episodes at:finalcountdown.amazingdiscoveries.org
828	ATTRIBUTES OF THE BEAST• BlasphemyDeadly WoundAll the world wonderedWorshiped / ReligiousReign for 42 monthsPersecute God's PeopleRemoved 3 other kingdomsChange God's Time + Law
834	ATTRIBUTES OF THE BEAST• BlasphemyDeadly WoundAll the world wonderedWorshiped / ReligiousReign for 42 monthsPersecute God's PeopleRemoved 3 other kingdomsChange God's Time + Law
840	ATTRIBUTES OF THE BEAST• BlasphemyDeadly WoundAll the world wonderedWorshiped / ReligiousReign for 42 monthsPersecute God's PeopleRemoved 3 other kingdomsChange God's Time + Law
846	ATTRIBUTES OF THE BEAST• BlasphemyDeadly WoundAll the world wonderedWorshiped / ReligiousReign for 42 monthsPersecute God's PeopleRemoved 3 other kingdomsChange God's Time + Law
852	ATTRIBUTES OF THE BEAST• BlasphemyDeadly WoundAll the world wonderedWorshiped / Religious0005980Reign for 42 monthsPersecute God's PeopleRemoved 3 other kingdomsChange God's Time + Law
858	ATTRIBUTES OF THE BEAST• BlasphemyDeadly WoundAll the world wonderedWorshiped / ReligiousReign for 42 monthsPersecute God's PeopleRemoved 3 other kingdomsChange God's Time + LawTo find out more info on America's prophetic destiny go to:https://americaspropheticdestiny.amazingdiscoveries.org/
864	ATTRIBUTES OF THE BEAST• BlasphemyDeadly WoundAll the world wonderedWorshiped / ReligiousReign for 42 monthsPersecute God's PeopleRemoved 3 other kingdomsChange God's Time + LawTo find out more info on America's prophetic destiny go to:https://americaspropheticdestiny.amazingdiscoveries.org/
870	ATTRIBUTES OF THE BEAST• BlasphemyDeadly WoundAll the world wonderedWorshiped / ReligiousReign for 42 monthsPersecute God's PeopleRemoved 3 other kingdomsChange God's Time + LawTo find out more info on America's prophetic destiny go to:https://americaspropheticdestiny.amazingdiscoveries.org/
876	WHAT IS THE PAPACY'S MARK OFAUTHORITY?• "Sunday is our mark of authority....The church is above the Bible,and this transference of sabbath observance is proof of that fact."(The Catholic Record of London, Ontario, September 1, 1923)"Of course the Catholic Church claims that the change [from theSabbath to Sunday] was her act. And the act is a mark of herecclesiastical power and authority in religious matters." (C.F.Thomas, Chancellor of Cardinals Gibbons In answer to a letterregarding the change of the Sabbath, November 11, 1895)To find out more info on America's prophetic destiny go to:https://americaspropheticdestiny.amazingdiscoveries.org/
882	WHAT IS THE PAPACY'S MARK OFAUTHORITY?• "Sunday is our mark of authority....The church is above the Bible,and this transference of sabbath observance is proof of that fact."The Catholic Record of London, Ontario, September 1, 1923)"Of course the Catholic Church claims that the change [from theSabbath to Sunday] was her act. And the act is a mark of herecclesiastical power and authority in religious matters." (C.F.Thomas, Chancellor of Cardinals Gibbons In answer to a letterregarding the change of the Sabbath, November 11, 1895)
888	WHAT IS THE PAPACY'S MARK OFAUTHORITY?• "Sunday is our mark of authority...The church is above the Bible,and this transference of sabbath observance is proof of that fact."(The Catholic Record of London, Ontario, September 1, 1923)"Of course the Catholic Church claims that the change from theSabbath to Sundayl was her act. And the act is a mark of herecclesiastical power and authority in religious matters.." (C.F.Thomas, Chancellor of Cardinals Gibbons In answer to a letterregarding the change of the Sabbath, November 11, 1895)
894	WHAT IS THE PAPACY'S MARK OFAUTHORITY?• "Sunday is our mark of authority....The church is above the Bible,and this transference of sabbath observance is proof of that fact."(The Catholic Record of London, Ontario, September 1, 1923)"Of course the Catholic Church claims that the change from theSabbath to Sundayl was her act. And the act is a mark of herecclesiastical power and authority in religious matters.." (C.F.Thomas, Chancellor of Cardinals Gibbons In answer to a letterregarding the change of the Sabbath, November 11, 1895)
900	WHAT IS THE PAPACY'S MARK OFAUTHORITY?• "Sunday is our mark of authority.... The church is above the Bible,and this transference of sabbath observance is proof of that fact."(The Catholic Record of London, Ontario, September 1, 1923)"Of course the Catholic Church claims that the change from theSabbath to Sundayl was her act. And the act is a mark of herecclesiastical power and authority in religious matters.." (C.F.Thomas, Chancellor of Cardinals Gibbons In answer to a letterregarding the change of the Sabbath, November 11, 1895)
906	WHAT IS THE PAPACY'S MARK OFAUTHORITY?• "Sunday is our mark of authority.... The church is above the Bible,and this transference of sabbath observance is proof of that fact."(The Catholic Record of London, Ontario, September 1, 1923)"Of course the Catholic Church claims that the change from theSabbath to Sundayl was her act. And the act is a mark of herecclesiastical power and authority in religious matters.." (C.F.Thomas, Chancellor of Cardinals Gibbons In answer to a letterregarding the change of the Sabbath, November 11, 1895)
912	WHAT IS THE PAPACY'S MARK OFAUTHORITY?• "Sunday is our mark of authority....The church is above the Bible,and this transference of sabbath observance is proof of that fact."(The Catholic Record of London, Ontario, September 1, 1923)"Of course the Catholic Church claims that the change from theSabbath to Sundayl was her act. And the act is a mark of herecclesiastical power and authority in religious matters.." (C.F.Thomas, Chancellor of Cardinals Gibbons In answer to a letterregarding the change of the Sabbath, November 11, 1895)
918	WHAT IS THE PAPACY'S MARK OFAUTHORITY?• "Sunday is our mark of authority.... The church is above the Bible,and this transference of sabbath observance is proof of that fact."(The Catholic Record of London, Ontario, September 1, 1923)"Of course the Catholic Church claims that the change from theSabbath to Sundayl was her act. And the act is a mark of herecclesiastical power and authority in religious matters.." (C.F.Thomas, Chancellor of Cardinals Gibbons In answer to a letterregarding the change of the Sabbath, November 11, 1895)
924	WHAT IS THE PAPACY'S MARK OFAUTHORITY?• "Sunday is our mark of authority.... The church is above the Bible,and this transference of sabbath observance is proof of that fact."(The Catholic Record of London, Ontario, September 1, 1923)"Of course the Catholic Church claims that the change from theSabbath to Sundayl was her act. And the act is a mark of herecclesiastical power and authority in religious matters.." (C.F.Thomas, Chancellor of Cardinals Gibbons In answer to a letterregarding the change of the Sabbath, November 11, 1895)
930	WHAT IS THE PAPACY'S MARK OFAUTHORITY?• "Sunday is our mark of authority.... The church is above the Bible,and this transference of sabbath observance is proof of that fact."(The Catholic Record of London, Ontario, September 1, 1923)"Of course the Catholic Church claims that the change from theSabbath to Sundayl was her act. And the act is a mark of herecclesiastical power and authority in religious matters.." (C.F.Thomas, Chancellor of Cardinals Gibbons In answer to a letterregarding the change of the Sabbath, November 11, 1895)
936	WHAT IS THE PAPACY'S MARK OFAUTHORITY?• "Sunday is our mark of authority.... The church is above the Bible,and this transference of sabbath observance is proof of that fact."(The Catholic Record of London, Ontario, September 1, 1923)"Of course the Catholic Church claims that the change from theSabbath to Sundayl was her act. And the act is a mark of herecclesiastical power and authority in religious matters.." (C.F.Thomas, Chancellor of Cardinals Gibbons In answer to a letterregarding the change of the Sabbath, November 11, 1895)
942	WHAT IS THE PAPACY'SMARK OF AUTHORITY?• "A rule of Faith, or a competent guide to heaven, must(-p-be able to instruct in all the truths necessary for salvation.Now the Scriptures alone do not contain all the truthswhich a Christian is bound to believe, nor do theyexplicitly enjoin all the duties which he is obliged to practice. Not tomention other examples, is not every Christian obliged to sanctify Sunday,and to abstain on that day from unnecessary servile work? Is not theobservance of this law among the most prominent of our sacred duties?But you may read the Bible from Genesis to Revelation, and you will notfind a single line authorizing the sanctification of Sunday. The Scripturesenforce the religious observance of Saturday, a day which we nevesanctify."
948	WHAT IS THE PAPACY'SMARK OF AUTHORITY?• "A rule of Faith, or a competent guide to heaven, mustbe able to instruct in all the truths necessary for salvation.Now the Scriptures alone do not contain all the truthswhich a Christian is bound to believe, nor do theyexplicitly enjoin all the duties which he is obliged to practice. Not tomention other examples, is not every Christian obliged to sanctify Sunday,and to abstain on that day from unnecessary servile work? Is not theobservance of this law among the most prominent of our sacred duties?But you may read the Bible from Genesis to Revelation, and you will notfind a single line authorizing the sanctification of Sunday. The Scripturesenforce the religious observance of Saturday, a day which we nevsanctify."
954	WHAT IS THE PAPACY'SMARK OF AUTHORITY?• "A rule of Faith, or a competent guide to heaven, mustbe able to instruct in all the truths necessary for salvation.Now the Scriptures alone do not contain all the truthswhich a Christian is bound to believe, nor do theyexplicitly enjoin all the duties which he is obliged to practice. Not tomention other examples, is not every Christian obliged to sanctify Sunday,and to abstain on that day from unnecessary servile work? Is not theobservance of this law among the most prominent of our sacred duties?But you may read the Bible from Genesis to Revelation, and you will notfind a single line authorizing the sanctification of Sunday. The Scripturesenforce the religious observance of Saturday, a day which we nevsanctify."
960	WHAT IS THE PAPACY'SMARK OF AUTHORITY?• "A rule of Faith, or a competent guide to heaven, must((-pbe able to instruct in all the truths necessary for salvation.Now the Scriptures alone do not contain all the truthswhich a Christian is bound to believe, nor do theyexplicitly enjoin all the duties which he is obliged to practice. Not tomention other examples, is not every Christian obliged to sanctify Sunday,and to abstain on that day from unnecessary servile work? Is not theobservance of this law among the most prominent of our sacred duties?But you may read the Bible from Genesis to Revelation, and you will notfind a single line authorizing the sanctification of Sunday. The Scripturesenforce the religious observance of Saturday, a day which we nevsanctify."
966	WHAT IS THE PAPACY'SMARK OF AUTHORITY?• "A rule of Faith, or a competent guide to heaven, mustbe able to instruct in all the truths necessary for salvation.Now the Scriptures alone do not contain all the truthswhich a Christian is bound to believe, nor do theyexplicitly enjoin all the duties which he is obliged to practice. Not tomention other examples, is not every Christian obliged to sanctify Sunday,and to abstain on that day from unnecessary servile work? Is not theobservance of this law among the most prominent of our sacred duties?But you may read the Bible from Genesis to Revelation, and you will notfind a single line authorizing the sanctification of Sunday. The Scripturesenforce the religious observance of Saturday, a day which we nevesanctify."
972	WHAT IS THE PAPACY'SMARK OF AUTHORITY?• "A rule of Faith, or a competent guide to heaven, must4-1-1be able to instruct in all the truths necessary for salvation.Now the Scriptures alone do not contain all the truthswhich a Christian is bound to believe, nor do theyexplicitly enjoin all the duties which he is obliged to practice. Not tomention other examples, is not every Christian obliged to sanctify Sunday,and to abstain on that day from unnecessary servile work? Is not theobservance of this law among the most prominent of our sacred duties?But you may read the Bible from Genesis to Revelation, and you will notfind a single line authorizing the sanctification of Sunday. The Scripturesenforce the religious observance of Saturday, a day which we nevrsanctify."
978	WHAT IS THE PAPACY'SMARK OF AUTHORITY?• "A rule of Faith, or a competent guide to heaven, mustbe able to instruct in all the truths necessary for salvation.Now the Scriptures alone do not contain all the truthswhich a Christian is bound to believe, nor do theyexplicitly enjoin all the duties which he is obliged to practice. Not tomention other examples, is not every Christian obliged to sanctify Sunday,and to abstain on that day from unnecessary servile work? Is not theobservance of this law among the most prominent of our sacred duties?But you may read the Bible from Genesis to Revelation, and you will notGod a cindleline authorano the sanctification of Sunday. The ScripturesBe sure to get our free resources:ace of Saturday, a day which we nevfinalcountdown.amazingdiscoveries.org
984	WHAT IS THE PAPACY'SMARK OF AUTHORITY?• "A rule of Faith, or a competent guide to heaven, mustbe able to instruct in all the truths necessary for salvation.Now the Scriptures alone do not contain all the truthswhich a Christian is bound to believe, nor do theyexplicitly enjoin all the duties which he is obliged to practice. Not tomention other examples, is not every Christian obliged to sanctify Sunday,and to abstain on that day from unnecessary servile work? Is not theobservance of this law among the most prominent of our sacred duties?But you may read the Bible from Genesis to Revelation, and you will notline antlno the sanctification of Sunday. The ScripturesBe sure to get our free resources:ace of Saturday, a day which we nevefinalcountdown.amazingdiscoveries.org
990	WHAT IS THE PAPACY'SMARK OF AUTHORITY?• "A rule of Faith, or a competent guide to heaven, must4-1-1be able to instruct in all the truths necessary for salvation.Now the Scriptures alone do not contain all the truthswhich a Christian is bound to believe, nor do theyexplicitly enjoin all the duties which he is obliged to practice. Not tomention other examples, is not every Christian obliged to sanctify Sunday,and to abstain on that day from unnecessary servile work? Is not theobservance of this law among the most prominent of our sacred duties?But you may read the Bible from Genesis to Revelation, and you will notfind a single line authorizing the sanctification of Sunday. The Scripturesenforce the religious observance of Saturday, a day which we nevrsanctify."
996	WHAT IS THE PAPACY'SMARK OF AUTHORITY?• "A rule of Faith, or a competent guide to heaven, mustbe able to instruct in all the truths necessary for salvation.Now the Scriptures alone do not contain all the truthswhich a Christian is bound to believe, nor do theyexplicitly enjoin all the duties which he is obliged to practice. Not tomention other examples, is not every Christian obliged to sanctify Sunday,and to abstain on that day from unnecessary servile work? Is not theobservance of this law among the most prominent of our sacred duties?But you may read the Bible from Genesis to Revelation, and you will notfind a single line authorizing the sanctification of Sunday. The Scripturesenforce the religious observance of Saturday, a day which we neve usanctify."
1002	WHAT IS THE PAPACY'SMARK OF AUTHORITY?• "A rule of Faith, or a competent guide to heaven, must+---+---be able to instruct in all the truths necessary for salvation.Now the Scriptures alone do not contain all the truthswhich a Christian is bound to believe, nor do theyexplicitly enjoin all the duties which he is obliged to practice. Not tomention other examples, is not every Christian obliged to sanctify Sunday,and to abstain on that day from unnecessary servile work? Is not theobservance of this law among the most prominent of our sacred duties?But you may read the Bible from Genesis to Revelation, and you will notfind a single line authorizing the sanctification of Sunday. The Scripturesenforce the religious observance of Saturday, a day which we nevesanctify."
1008	WHAT IS THE PAPACY'SMARK OF AUTHORITY?• "A rule of Faith, or a competent guide to heaven, mustbe able to instruct in all the truths necessary for salvation.Now the Scriptures alone do not contain all the truthswhich a Christian is bound to believe, nor do theyexplicitly enjoin all the duties which he is obliged to practice. Not tomention other examples, is not every Christian obliged to sanctify Sunday,and to abstain on that day from unnecessary servile work? Is not theobservance of this law among the most prominent of our sacred duties?But you may read the Bible from Genesis to Revelation, and you will notfind a single line authorizing the sanctification of Sunday. The Scripturesenforce the religious observance of Saturday, a day which we nevesanctify."
1014	WHAT IS THE PAPACY'SMARK OF AUTHORITY?• "A rule of Faith, or a competent guide to heaven, must+------be able to instruct in all the truths necessary for salvation.Now the Scriptures alone do not contain all the truthswhich a Christian is bound to believe, nor do theyexplicitly enjoin all the duties which he is obliged to practice. Not tomention other examples, is not every Christian obliged to sanctify Sunday,and to abstain on that day from unnecessary servile work? Is not theobservance of this law among the most prominent of our sacred duties?But you may read the Bible from Genesis to Revelation, and you will notfind a single line authorizing the sanctification of Sunday. The Scripturesenforce the religious observance of Saturday, a day which we nevesanctify."
1020	WHAT IS THE PAPACY'SMARK OF AUTHORITY?• "A rule of Faith, or a competent guide to heaven, mustbe able to instruct in all the truths necessary for salvation.Now the Scriptures alone do not contain all the truthswhich a Christian is bound to believe, nor do theyexplicitly enjoin all the duties which he is obliged to practice. Not tomention other examples, is not every Christian obliged to sanctify Sunday,and to abstain on that day from unnecessary servile work? Is not theobservance of this law among the most prominent of our sacred duties?But you may read the Bible from Genesis to Revelation, and you will notfind a single line authorizing the sanctification of Sunday. The Scripturesenforce the religious observance of Saturday, a day which we nevrsanctify."
1026	WHAT IS THE PAPACY'SMARK OF AUTHORITY?• "A rule of Faith, or a competent guide to heaven, must+------be able to instruct in all the truths necessary for salvation.Now the Scriptures alone do not contain all the truthswhich a Christian is bound to believe, nor do theyexplicitly enjoin all the duties which he is obliged to practice. Not tomention other examples, is not every Christian obliged to sanctify Sunday,and to abstain on that day from unnecessary servile work? Is not theobservance of this law among the most prominent of our sacred duties?But you may read the Bible from Genesis to Revelation, and you will notfind a single line authorizing the sanctification of Sunday. The Scripturesenforce the religious observance of Saturday, a day which we nevesanctify."
1032	WHAT IS THE PAPACY'SMARK OF AUTHORITY?• "A rule of Faith, or a competent guide to heaven, mustbe able to instruct in all the truths necessary for salvation.Now the Scriptures alone do not contain all the truthswhich a Christian is bound to believe, nor do theyexplicitly enjoin all the duties which he is obliged to practice. Not tomention other examples, is not every Christian obliged to sanctify Sunday,and to abstain on that day from unnecessary servile work? Is not theobservance of this law among the most prominent of our sacred duties?But you may read the Bible from Genesis to Revelation, and you will notfind a single line authorizing the sanctification of Sunday. The Scripturesenforce the religious observance of Saturday, a day which we nevesanctify."
1038	WHAT IS THE PAPACY'SMARK OF AUTHORITY?• "A rule of Faith, or a competent guide to heaven, must4-(-fbe able to instruct in all the truths necessary for salvation.Now the Scriptures alone do not contain all the truthswhich a Christian is bound to believe, nor do theyexplicitly enjoin all the duties which he is obliged to practice. Not tomention other examples, is not every Christian obliged to sanctify Sunday,and to abstain on that day from unnecessary servile work? Is not theobservance of this law among the most prominent of our sacred duties?But you may read the Bible from Genesis to Revelation, and you will notfind a single line authorizing the sanctification of Sunday. The Scripturesenforce the religious observance of Saturday, a day which we nevesanctify."
1044	WHAT IS THE PAPACY'SMARK OF AUTHORITY?• "A rule of Faith, or a competent guide to heaven, mustbe able to instruct in all the truths necessary for salvation.Now the Scriptures alone do not contain all the truthswhich a Christian is bound to believe, nor do theyexplicitly enjoin all the duties which he is obliged to practice. Not tomention other examples, is not every Christian obliged to sanctify Sunday,and to abstain on that day from unnecessary servile work? Is not theobservance of this law among the most prominent of our sacred duties?But you may read the Bible from Genesis to Revelation, and you will notfind a single line authorizing the sanctification of Sunday. The Scripturesenforce the religious observance of Saturday, a day which we nevesanctify."
1050	WHAT IS THE PAPACY'SMARK OF AUTHORITY?• "A rule of Faith, or a competent guide to heaven, must-(-1be able to instruct in all the truths necessary for salvation.Now the Scriptures alone do not contain all the truthswhich a Christian is bound to believe, nor do theyexplicitly enjoin all the duties which he is obliged to practice. Not tomention other examples, is not every Christian obliged to sanctify Sunday,and to abstain on that day from unnecessary servile work? Is not theobservance of this law among the most prominent of our sacred duties?But you may read the Bible from Genesis to Revelation, and you will notfind a single line authorizing the sanctification of Sunday. The Scripturesenforce the religious observance of Saturday, a day which we nevsanctify."
1056	WHAT IS THE PAPACY'SMARK OF AUTHORITY?• "A rule of Faith, or a competent guide to heaven, must(-(-I-be able to instruct in all the truths necessary for salvation.Now the Scriptures alone do not contain all the truthswhich a Christian is bound to believe, nor do theyexplicitly enjoin all the duties which he is obliged to practice. Not tomention other examples, is not every Christian obliged to sanctify Sunday,and to abstain on that day from unnecessary servile work? Is not theobservance of this law among the most prominent of our sacred duties?But you may read the Bible from Genesis to Revelation, and you will notfind a single line authorizing the sanctification of Sunday. The Scripturesenforce the religious observance of Saturday, a day which we nevesanctify."
1062	WHAT IS THE PAPACY'SMARK OF AUTHORITY?• "A rule of Faith, or a competent guide to heaven, mustbe able to instruct in all the truths necessary for salvation.Now the Scriptures alone do not contain all the truthswhich a Christian is bound to believe, nor do theyexplicitly enjoin all the duties which he is obliged to practice. Not tomention other examples, is not every Christian obliged to sanctify Sunday,and to abstain on that day from unnecessary servile work? Is not theobservance of this law among the most prominent of our sacred duties?But you may read the Bible from Genesis to Revelation, and you will notfind a single line authorizing the sanctification of Sunday. The Scripturesenforce the religious observance of Saturday, a day which we nevesanctify."
1068	WHAT IS THE PAPACY'SMARK OF AUTHORITY?• "A rule of Faith, or a competent guide to heaven, mustbe able to instruct in all the truths necessary for salvation.Now the Scriptures alone do not contain all the truthswhich a Christian is bound to believe, nor do theyexplicitly enjoin all the duties which he is obliged to practice. Not tomention other examples, is not every Christian obliged to sanctify Sunday,and to abstain on that day from unnecessary servile work? Is not theobservance of this law among the most prominent of our sacred duties?But you may read the Bible from Genesis to Revelation, and you will notfind a single line authorizing the sanctification of Sunday. The Scripturesenforce the religious observance of Saturday, a day which we nevesanctify."
1074	THE GREAT CONTROVERSY, PAGE 448.1• "As the sign of the authority of the Catholic Church,papist writers cite "the very act of changing the Sabbathinto Sunday, which Protestants allow of,...because bykeeping Sunday, they acknowledge the church's powerto ordain feasts, and to command them under sin." -Henry Tuberville, An Abridgment of the ChristianDoctrine, page 58. What then is the change of theSabbath, but the sign, or mark, of the authority oRoman Church--"the mark of the beast"?"
1080	THE GREAT CONTROVERSY, PAGE 448.1• "As the sign of the authority of the Catholic Church,papist writers cite "the very act of changing the Sabbathinto Sunday, which Protestants allow of,...because bykeeping Sunday, they acknowledge the church's powerto ordain feasts, and to command them under sin." -Henry Tuberville, An Abridgment of the ChristianDoctrine, page 58. What then is the change of theSabbath, but the sign, or mark, of the authority oRoman Church-"the mark of the beast"?"
1086	THE GREAT CONTROVERSY, PAGE 448.1• "As the sign of the authority of the Catholic Church,papist writers cite "the very act of changing the Sabbathinto Sunday, which Protestants allow of,...because bykeeping Sunday, they acknowledge the church's powerto ordain feasts, and to command them under sin." -Henry Tuberville, An Abridgment of the ChristianDoctrine, page 58. What then is the change of theSabbath, but the sign, or mark, of the authority oRoman Church--"the mark of the beast"?"
1092	THE GREAT CONTROVERSY, PAGE 448.1• "As the sign of the authority of the Catholic Church,papist writers cite "the very act of changing the Sabbathinto Sunday, which Protestants allow of,...because bykeeping Sunday, they acknowledge the church's powerto ordain feasts, and to command them under sin." -Henry Tuberville, An Abridgment of the ChristianDoctrine, page 58. What then is the change of theSabbath, but the sign, or mark, of the authority oRoman Church--"the mark of the beast"?"
1098	DONATETHE GREAT CONTROVERSY, PAGE 448.1• "As the sign of the authority of the Catholic Church,papist writers cite "the very act of changing the Sabbathinto Sunday, which Protestants allow of,...because bykeeping Sunday, they acknowledge the church's powerto ordain feasts, and to command them under sin." -Henry Tuberville, An Abridgment of the ChristianDoctrine, page 58. What then is the change of theSabbath, but the sign, or mark, of the authority oRoman Church-"the mark of the beast"?"
1104	THE GREAT CONTROVERSY, PAGE 448.1• "As the sign of the authority of the Catholic Church,papist writers cite "the very act of changing the Sabbathinto Sunday, which Protestants allow of,...because bykeeping Sunday, they acknowledge the church's powerto ordain feasts, and to command them under sin." -Henry Tuberville, An Abridgment of the ChristianDoctrine, page 58. What then is the change of theSabbath, but the sign, or mark, of the withority oRoman Church--"the mark of the beast"?"000
1110	THE GREAT CONTROVERSY, PAGE 448.1• "As the sign of the authority of the Catholic Church,papist writers cite "the very act of changing the Sabbathinto Sunday, which Protestants allow of,...because bykeeping Sunday, they acknowledge the church's powerto ordain feasts, and to command them under sin." -Henry Tuberville, An Abridgment of the ChristianDoctrine, page 58. What then is the change of theSabbath, but the sign, or mark, of the authority oRoman Curch-"the mark of the beast"?"
1116	THE GREAT CONTROVERSY, PAGE 448.1• "As the sign of the authority of the Catholic Church,papist writers cite "the very act of changing the Sabbathinto Sunday, which Protestants allow of,...because bykeeping Sunday, they acknowledge the church's powerto ordain feasts, and to command them under sin." -Henry Tuberville, An Abridgment of the ChristianDoctrine, page 58. What then is the change of theSabbath, but the sign, or mark, of the authority oRoman Church--"the mark of the beast"?"
1122	ГНЕ GREAT CONTROVERSY, PAGE 448.3DONATE•«...The enforcement of Sunday keeping on the part of Protestantchurches is an enforcement of the worship of the papacy-of thebeast. Those who, understanding the claims of the fourthcommandment, choose to observe the false instead of the trueSabbath are thereby paying homage to that power by which alone itis commanded. But in the very act of enforcing a religious duty bysecular power, the churches would themselves form an image tothe beast; hence the enforcement of Sunday keeping in the UnitedStates would be an enforcement of the worship of the beas -image."
1128	ГНЕ GREAT CONTROVERSY, PAGE 448.3DONATE•«..The enforcement of Sunday keeping on the part of Protestantchurches is an enforcement of the worship of te papacy-of thebeast. Those who, understanding the claims of the fourthcommandment, choose to observe the false instead of the trueSabbath are thereby paying homage to that power by which alone itis commanded. But in the very act of enforcing a religious duty bysecular power, the churches would themselves form an image tothe beast; hence the enforcement of Sunday keeping in the UnitedStates would be an enforcement of the worship of the beas...image."
1134	DONATEГНЕ GREAT CONTROVERSY, PAGE 448.3...The enforcement of Sunday keeping on the part of Protestantchurches is an enforcement of the worship of the papacy-of thebeast. Those who, understanding the claims of the fourthcommandment, choose to observe the false instead of the trueSabbath are thereby paying homage to that power by which alone itis commanded. But in the very act of enforcing a religious duty bysecular power, the churches would themselves form an image tothe beast; hence the enforcement of Sunday keeping in the UnitedStates would be an enforcement of the worship of the beas...image."
1140	ГНЕ GREAT CONTROVERSY, PAGE 448.3DONATE• 4..The enforcement of Sunday keeping on the part of Protestantchurches is an enforcement of the worship of the papacy-of thebeast. Those who, understanding the claims of the fourthcommandment, choose to observe the false instead of the trueSabbath are thereby paying homage to that power by which alone itis commanded. But in the very act of enforcing a religious duty bysecular power, the churches would themselves form an image tothe beast; hence the enforcement of Sunday keeping in the UnitedStates would be an enforcement of the worship of the beas...image."
1146	THE GREAT CONTROVERSY, PAGE 448.3DONATE• 4...The enforcement of Sunday keeping on the part of Protestantchurches is an enforcement of the worship of the papacy-of thebeast. Those who, understanding the claims of the fourthcommandment, choose to observe the false instead of the trueSabbath are thereby paying homage to that power by which alone itis commanded. But in the very act of enforcing a religious duty bysecular power, the churches would themselves form an image tothe beast; hence the enforcement of Sunday keeping in the UnitedStates would be an enforcement of the worship of the beas...image."
1152	DONATEГЕ GREAT CONTROVERSY, PAGE 448.3• «...The enforcement of Sunday keeping on the part of Protestantchurches is an enforcement of the worship of the papacy-of thebeast. Those who, understanding the claims of the fourthcommandment, choose to observe the false instead of the trueSabbath are thereby paying homage to that power by which alone itis commanded. But in the very act of enforcing a religious duty bysecular power, the churches would themselves form an image tothe beast; hence the enforcement of Sunday keeping in the UnitedStates would be an enforcement of the worship of the beas...image."
1158	ГНЕ GREAT CONTROVERSY, PAGE 448.3DONATE• 4..The enforcement of Sunday keeping on the part of Protestantchurches is an enforcement of the worship of the papacy-of thebeast. Those who, understanding the claims of the fourthcommandment, choose to observe the false instead of the trueSabbath are thereby paying homage to that power by which alone itis commanded. But in the very act of enforcing a religious duty bysecular power, the churches would themselves form an image tothe beast; hence the enforcement of Sunday keeping in the UnitedStates would be an enforcement of the worship of the beasimage."
1164	ГНЕ GREAT CONTROVERSY, PAGE 448.3DONATE• 4...The enforcement of Sunday keeping on the part of Protestantchurches is an enforcement of the worship of the papacy-of thebeast. Those who, understanding the claims of the fourthcommandment, choose to observe the false instead of the trueSabbath are thereby paying homage to that power by which alone itis commanded. But in the very act of enforcing a religious duty bysecular power, the churches would themselves form an image tothe beast; hence the enforcement of Sunday keeping in the UnitedStates would be an enforcement of the worship of the beasimage."
1170	DONATETHE GREAT CONTROVERSY, PAGE 448.3• 4...The enforcement of Sunday keeping on the part of Protestantchurches is an enforcement of the worship of the papacy-of thebeast. Those who, understanding the claims of the fourthcommandment, choose to observe the false instead of the trueSabbath are thereby paying homage to that power by which alone itis commanded. But in the very act of enforcing a religious duty bysecular power, the churches would themselves form an image tothe beast; hence the enforcement of Sunday keeping in the UnitedStates would be an enforcement of the worship of the beas...image."
1176	REVELATION 13:16, 17DONATE• 16 And he Causeth all, both smalland great, rich and poor, free andbond, to receive a mark in their righthand, or in their foreheads:• 17 And that no man might buy or sell, save he thathad the mark, or the name of the beast, or the number ofhis name.
1182	REVELATION 13:16, 17DONATE• 16 And he causeth all, both smalland great, rich and poor, free andbond, to receive a mark in their righthand, or in their foreheads:• 17 And that no man might buy or sell, save he thathad the mark, or the name of the beast, or the number ofhis name.
1188	REVELATION 13:16, 17DONATE• 16 And he causeth all, both smalland great, rich and poor, free andbond, to receive a mark in their righthand, or in their foreheads:• 17 And that no man might buy or sell, save he thathad the mark, or the name of the beast, or the number ofhis name.
1194	REVELATION 13:16, 17DONATE• 16 And he causeth all, both smalland great, rich and poor, free andbond, to receive a mark in their righthand, or in their foreheads:• 17 And that no man might buy or sell, save he thathad the mark, or the name of the beast, or the number ofhis name.
1200	REVELATION 13:16, 17DONATE• 16 And he causeth all, both smalland great, rich and poor, free andbond, to receive a mark in their righthand, or in their foreheads:• 17 And that no man might buy or sell, save he thathad the mark, or the name of the beast, or the number ofhis name.
1206	DONATEREVELATION 13:16, 17• 16 And he causeth all, both smalland great, rich and poor, free andbond, to receive a mark in their righthand, or in their foreheads:• 17 And that no man might buy or sell, save hc thathad the mark, or the name of the beast, or the number ofhis name.
1212	DONATEREVELATION 13:16, 17• 16 And he causeth all, both smalland great, rich and poor, free andbond, to receive a mark in their righthand, or in their foreheads:• 17 And that no man might buy or sell, save he thathad the mark, or the name of the beast, or the number ofhis name.
1218	DONATEREVELATION 13:16, 17• 16 And he causeth all, both smalland great, rich and poor, free anobond, to receive a mark in their righthand, or in their foreheads:• 17 And that no man might buy or sell, save hc thathad the mark, or the name of the beast, or the number ofhis name.
1224	DONATEREVELATION 13:16, 17• 16 And he causeth all, both smalland great, rich and poor, free andbond, to receive a mark in their righthand, or in their foreheads:• 17 And that 110 man might buy or sell, save he thathad the mark, or the name of the beast, or the number ofhis name.
1230	DONATEREVELATION 13:16, 17• 16 And he causeth all, both smalland great, rich and poor, free andbond, to receive a mark in their righthand, or in their foreheads:• 17 And that no man might buy or sell, save he thathad the mark, or the name of the beast, or the number ofhis name.
1236	DONATEREVELATION 13:16, 17• 16 And he causeth all, both smalland great, rich and poor, free andbond, to receive a mark in their righthand, or in their foreheads:• 17 And that n10 man might buy or sell, save he thathad the mark, or the name of the beast, or the number ofhis name.
1242	DONATEREVELATION 13:16, 17• 16 And he causeth all, both smalland great, rich and poor, free andbond, to receive a mark in their righthand, or in their foreheads:• 17 And that no man might buy or sell, save he thathad the mark, or the name of the beast, or the number ofhis name.
1248	DONATEREVELATION 13:16, 17• 16 And he causeth all, both smalland great, rich and poor, free andbond, to receive a mark in their righthand, or in their foreheads:• 17 And that no man might buy or sell, save he thathad the mark, or the name of the beast, or the number ofhis name.
1254	DONATEREVELATION 13:16, 17• 16 And he causeth all, both smalland great, rich and poor, free andbond, to receive a mark in their righthand, or in their foreheads:• 17 And that no man might buy or sell, save he thathad the mark, or the name of the beast, or the number ofhis name.
1260	DONATETHE END-TIME CONFLICT IS OVER WORSHIP• 14.6: "And I saw another angel fly in the midst of heaven, havingthe everlasting gospel to preach unto them that dwell on the carth,and to every nation, and kindred, and tongue, and people,14:7 Saying with a loud voice, Fear God, and give glory to him;for the hour of his judgment is come: and worship him that madeheaven, and carth, and the sea, and the fountains of waters."Revelation 14:6-7
1266	THE END-TIME CONFLICT IS OVER WORSHIPDONATE• 14.6: "And I saw another angel fly in the midst of heaven, havingthe everlasting gospel to preach unto them that dwell on the earth,and to every nation, and kindred, and tongue, and people,14:7 Saying with a loud voice, Fear God, and give glory to him;for the hour of his judgment is come: and worship him that madeheaven, and earth, and the sea, and the fountains of waters."Revelation 14:6-7
1272	THE END-TIME CONFLICT IS OVER WORSHIPDONATE• 14.6: "And I saw another angel fly in the midst of heaven, havingthe everlasting gospel to preach unto them that dwell on the earth,and to every nation, and kindred, and tongue, and people,14:7 Saying with a loud voice, Fear God, and give glory to him;for the hour of his judgment is come: and worship him that madeheaven, and earth, and the sea, and the fountains of waters."Revelation 14:6-7
1278	THE END-TIME CONFLICT IS OVER WORSHIPDONATE• 14.6: "And I saw another angel fly in the midst of heaven, havingthe everlasting gospel to preach unto them that dwell on the eash,and to every nation, and kindred, and tongue, and people,14:7 Saying with a loud voice, Fear God, and give glory to him;for the hour of his judgment is come: and worship him that madeheaven, and earth, and the sea, and the fountains of waters."Revelation 14:6-7
1284	THE END-TIME CONFLICT IS OVER WORSHIPDONATE• 14.6: "And I saw another angel fly in the midst of heaven, havingthe everlasting gospel to preach unto them that dwell on the earth,and to every nation, and kindred, and tongue, and people,14:7 Saying with a loud voice, Fear God, and give glory to him;for the hour of his judgment is come: and worship him that madeheaven, and earth, and the sea, and the fountains of waters."Revelation 14:6-7
1290	THE END-TIME CONFLICT IS OVER WORSHIPDONATE• 14.6: "And I saw another angel fly in the midst of heaven, havingthe everlasting gospel to preach unto them that dwell on the earth,and to every nation, and kindred, and tongue, and people,14:7 Saying with a loud voice, Fear God, and give glory to him;for the hour of his judgment is come: and worship him that madeheaven, and earth, and the sea, and the fountains of waters."Revelation 14:6-7
1296	THE END-TIME CONFLICT IS OVER WORSHIPDONATE• 14.6: "And I saw another angel fly in the midst of heaven, havingthe everlasting gospel to preach unto them that dwell on the earth,and to every nation, and kindred, and tongue, and people,14:7 Saying with a loud voice, Fear God, and give glory to him;for the hour of his judgment is come: and worship him that madeheaven, and earth, and the sea, and the fountains of waters."Revelation 14:6-7
1302	THE END-TIME CONFLICT IS OVER WORSHIP• 14:9"And the third angel followed them, saying with a loud voice, If anyman worship the beast and his image, and receive his mark in hisforehead, or in his hand,14:10 The same shall drink of the wine of the wrath of God, which ispoured out without mixture into the cup of his indignation; and he shall betormented with fire and brimstone in the presence of the holy angels, andin the presence of the Lamb:14:11 And the smoke of their torment ascendeth up for ever and ever:and they have no rest day nor night, who worship the beast and his image,and whosoever receiveth the mark of his name.14:12 Here is the patience of the saints: here are they that keep !'commandments of God, and the faith of Jesus." Revelation 14:9-
1308	THE END-TIME CONFLICT IS OVER WORSHIP• 14:9"And the third angel followed them, saying with a loud voice, If anyman worship the beast and his image, and receive his mark in hisforehead, or in his hand,14:10 The same shall drink of the wine of the wrath of God, which ispoured out without mixture into the cup of his indignation; and he shall betormented with fire and brimstone in the presence of the holy angels, andin the presence of the Lamb:14:11 And the smoke of their torment ascendeth up for ever and ever:and they have no rest day nor night, who worship the beast and his image,and whosoever receiveth the mark of his name.14:12 Here is the patience of the saints: here are they that keep t*commandments of God, and the faith of Jesus." Revelation 14:9-
1314	THE END-TIME CONFLICT IS OVER WORSHIP• 14:9"And the third angel followed them, saying with a loud voice, If anyman worship the beast and his image, and receive his mark in hisforehead, or in his hand,14:10 The same shall drink of the wine of the wrath of God, which ispoured out without mixture into the cup of his indignation; and he shall betormented with fire and brimstone in the presence of the holy angels, andin the presence of the Lamb:14:11 And the smoke of their torment ascendeth up for ever and ever:and they have no rest day nor night, who worship the beast and his image,and whosoever receiveth the mark of his name.14:12 Here is the patience of the saints: here are they that keep t*commandments of God, and the faith of Jesus." Revelation 14:9-
1320	THE END-TIME CONFLICT IS OVER WORSHIP• 14:9"And the third angel followed them, saying with a loud voice, If anyman worship the beast and his image, and receive his mark in hisforehead, or in his hand,14:10 The same shall drink of the wine of the wrath of God, which ispoured out without mixture into the cup of his indignation; and he shall betormented with fire and brimstone in the presence of the holy angels, andin the presence of the Lamb:14:11 And the smoke of their torment ascendeth up for ever and ever:and they have no rest day nor night, who worship the beast and his image,and whosoever receiveth the mark of his name.14:12 Here is the patience of the saints: here are they that keep t'commandments of God, and the faith of Jesus." Revelation 14:9-
1326	THE END-TIME CONFLICT IS OVER WORSHIP• 14:9"And the third angel followed them, saying with a loud voice, If anyman worship the beast and his image, and receive his mark in hisforehead, or in his hand,14:10 The same shall drink of the wine of the wrath of God, which ispoured out without mixture into the cup of his indignation; and he shall betormented with fire and brimstone in the presence of the holy angels, andin the presence of the Lamb:14:11 And the smoke of their torment ascendeth up for ever and ever:and they have no rest day nor night, who worship the beast and his image,and whosoever receiveth the mark of his name.14:12 Here is the patience of the saints: here are they that keep t'commandments of God, and the faith of Jesus." Revelation 14:9-
1332	THE END-TIME CONFLICT IS OVER WORSHIP• 14:9"And the third angel followed them, saying with a loud voice, If anyman worship the beast and his image, and receive his mark in hisforehead, or in his hand,14:10 The same shall drink of the wine of the wrath of God, which ispoured out without mixture into the cup of his indignation; and he shall betormented with fire and brimstone in the presence of the holy angels, andin the presence of the Lamb:14:11 And the smoke of their torment ascendeth up for ever and ever:and they have no rest day nor night, who worship the beast and his image,and whosoever receiveth the mark of his name.14:12 Here is the patience of the saints: here are they that keep t'commandments of God, and the faith of Jesus." Revelation 14:9-
1338	THE END-TIME CONFLICT IS OVER WORSHIP• 14:9"And the third angel followed them, saying with a loud voice, If anyman worship the beast and his image, and receive his mark in hisforehead, or in his hand,14:10 The same shall drink of the wine of the wrath of God, which ispoured out without mixture into the cup of his indignation; and he shall betormented with fire and brimstone in the presence of the holy angels, andin the presence of the Lamb:14:11 And the smoke of their torment ascendeth up for ever and ever:and they have no rest day nor night, who worship the beast and his image,and whosoever receiveth the mark of his name.14:12 Here is the patience of the saints: here are they that keep t*commandments of God, and the faith of Jesus." Revelation 14:9-
1344	THE END-TIME CONFLICT IS OVER WORSHIP• 14:9"And the third angel followed them, saying with a loud voice, If anyman worship the beast and his image, and receive his mark in hisforehead, or in his hand,14:10 The same shall drink of the wine of the wrath of God, which ispoured out without mixture into the cup of his indignation; and he shall betormented with fire and brimstone in the presence of the holy angels, andin the presence of the Lamb:14:11 And the smoke of their torment ascendeth up for ever and ever:and they have no rest day nor night, who worship the beast and his image,and whosoever receiveth the mark of his name.14:12 Here is the patience of the saints: here are they that keep t*commandments of God, and the faith of Jesus." Revelation 14:9-
1350	THE END-TIME CONFLICT IS OVER WORSHIP• 14:9"And the third angel followed them, saying with a loud voice, If anyman worship the beast and his image, and receive his mark in hisforehead, or in his hand,14:10 The same shall drink of the wine of the wrath of God, which ispoured out without mixture into the cup of his indignation; and he shall betormented with fire and brimstone in the presence of the holy angels, andin the presence of the Lamb:14:11 And the smoke of their torment ascendeth up for ever and ever:and they have no rest day nor night, who worship the beast and his image,and whosoever receiveth the mark of his name.14:12 Here is the patience of the saints: here are they that keep t*commandments of God, and the faith of Jesus." Revelation 14:9-• C
1356	THE END-TIME CONFLICT IS OVER WORSHIP• 14:9"And the third angel followed them, saying with a loud voice, If anyman worship the beast and his image, and receive his mark in hisforehead, or in his hand,14:10 The same shall drink of the wine of the wrath of God, which ispoured out without mixture into the cup of his indignation, and he shall betormented with fire and brimstone in the presence of the holy angels, andin the presence of the Lamb:14:11 And the smoke of their torment ascendeth up for ever and ever:and they have no rest day nor night, who worship the beast and his image,and whosoever receiveth the mark of his name.14:12 Here is the patience of the saints: here are they that keep tcommandments of God, and the faith of Jesus." Revelation 14:9-
1362	THE END-TIME CONFLICT IS OVER WORSHIP• 14:9"And the third angel followed them, saying with a loud voice, If anyman worship the beast and his image, and receive his mark in hisforehead, or in his hand,14:10 The same shall drink of the wine of the wrath of God, which ispoured out without mixture into the cup of his indignation; and he shall betormented with fire and brimstone in the presence of the holy angels, andin the presence of the Lamb:14:11 And the smoke of their torment ascendeth up for ever and ever:and they have no rest day nor night, who worship the beast and his image,and whosoever receiveth the mark of his name.14:12 Here is the patience of the saints: here are they that keep tcommandments of God, and the faith of Jesus." Revelation 14:9-0000
1368	THE END-TIME CONFLICT IS OVER WORSHIP• 14:9"And the third angel followed them, saying with a loud voice, If anyman worship the beast and his image, and receive his mark in hisforehead, or in his hand,14:10 The same shall drink of the wine of the wrath of God, which ispoured out without mixture into the cup of his indignation; and he shall betormented with fire and brimstone in the presence of the holy angels, andin the presence of the Lamb:14:11 And the smoke of their torment ascendeth up for ever and ever:and they have no rest day nor night, who worship the beast and his image,and whosoever receiveth the mark of his name.14:12 Here is the patience of the saints: here are they that keep t*commandments of God, and the faith of Jesus." Revelation 14:9-
1374	THE END-TIME CONFLICT IS OVER WORSHIP• 14:9"And the third angel followed them, saying with a loud voice, If anyman worship the beast and his image, and receive his mark in hisforehead, or in his hand,14:10 The same shall drink of the wine of the wrath of God, which ispoured out without mixture into the cup of his indignation; and he shall betormented with fire and brimstone in the presence of the holy angels, andin the presence of the Lamb:14:11 And the smoke of their torment ascendeth up for ever and ever:and they have no rest day nor night, who worship the beast and his image,and whosoever receiveth the mark of his name.14:12 Here is the patience of the saints: here are they that keep t'commandments of God, and the faith of Jesus." Revelation 14:9-
1380	THE END-TIME CONFLICT IS OVER WORSHIP• 14:9"And the third angel followed them, saying with a loud voice, If anyman worship the beast and his image, and receive his mark in hisforehead, or in his hand,14:10 The same shall drink of the wine of the wrath of God, which ispoured out without mixture into the cup of his indignation; and he shall betormented with fire and brimstone in the presence of the holy angels, andin the presence of the Lamb:14:11 And the smoke of their torment ascendeth up for ever and ever:and they have no rest day nor night, who worship the beast and his image,and whosoever receiveth the mark of his name.14:12 Here is the patience of the saints: here are they that keep tcommandments of God, and the faith of Jesus." Revelation 14:9-
1386	THE GREAT CONTROVERSY, PAGE 442 PAR. 1DONATE• "The lamblike horns and dragon voice of the symbol point to a strikingcontradiction between the professions and the practice of the nation thusrepresented. The "speaking" of the nation is the action of its legislative andjudicial authorities. By such action it will give the lie to those liberal and peacefulprinciples which it has put forth as the foundation of its policy. The predictionthat it will speak "as a dragon" and exercise "all the power of the first beast" plainlyforetells a development of the spirit of intolerance and persecution that wasmanifested by the nations represented by the dragon and the leopardlike beast.And the statement that the beast with two horns "causeth the earth and themwhich dwell therein to worship the first beast" indicates that the authority of thisnation is to be exercised in enforcing some observance which shall be :homage to the papacy."
1392	THE GREAT CONTROVERSY, PAGE 442 PAR. 1DONATE• "The lamblike horns and dragon voice of the symbol point to a strikingcontradiction between the professions and the practice of the nation thusrepresented. The "speaking" of the nation is the action of its legislative andjudicial authorities. By such action it will give the lie to those liberal and peacefulprinciples which it has put forth as the foundation of its policy. The predictionthat it will speak "as a dragon" and exercise "all the power of the first beast" plainlyforetells a development of the spirit of intolerance and persecution that wasmanifested by the nations represented by the dragon and the leopardlike beast.And the statement that the beast with two horns "causeth the earth and themwhich dwell therein to worship the first beast" indicates that the authority of thisnation is to be exercised in enforcing some observance which shall behomage to the papacy."
1398	THE GREAT CONTROVERSY, PAGE 442 PAR. 1DONATE• "The lamblike horns and dragon voice of the symbol point to a strikingcontradiction between the professions and the practice of the nation thusrepresented. The "staking" of the nation is the action of its legislative andjudicial authorities. By such action it will give the lie to those liberal and peacefulprinciples which it has put forth as the foundation of its policy. The predictionthat it will speak "as a dragon" and exercise "all the power of the first beast" plainlyforetells a development of the spirit of intolerance and persecution that wasmanifested by the nations represented by the dragon and the leopardlike beast.And the statement that the beast with two horns "causeth the earth and themwhich dwell therein to worship the first beast" indicates that the authority of thisnation is to be exercised in enforcing some observance which shall behomage to the papacy."
1404	THE GREAT CONTROVERSY, PAGE 442 PAR. 1DONATE• "The lamblike horns and dragon voice of the symbol point to a strikingcontradiction between the professions and the practice of the nation thusrepresented. The "speaking" of the nation is the action of its legislative andjudicial authorities. By such action it will give the lie to those liberal and peacefulprinciples which it has put forth as the foundation of its policy. The predictionthat it will speak "as a dragon" and exercise "all the power of the first beast" plainlyforetells a development of the spirit of intolerance and persecution that wasmanifested by the nations represented by the dragon and the leopardlike beast.And the statement that the beast with two horns "causeth the earth and themwhich dwell therein to worship the first beast" indicates that the authority of thisnation is to be exercised in enforcing some observance which shall behomage to the papacy."
1410	THE GREAT CONTROVERSY, PAGE 442 PAR. 1DONATE• "The lamblike horns and dragon voice of the symbol point to a strikingcontradiction between the professions and the practice of the nation thusrepresented. The "speaking" of the nation is the action of its legislative andjudicial atithorities. By such action it will give the lie to those liberal and peacefulprinciples which it has put forth as the foundation of its policy. The predictionthat it will speak "as a dragon" and exercise "all the power of the first beast" plainlyforetells a development of the spirit of intolerance and persecution that wasmanifested by the nations represented by the dragon and the leopardlike beast.And the statement that the beast with two horns "causeth the earth and themwhich dwell therein to worship the first beast" indicates that the authority of thisnation is to be exercised in enforcing some observance which shall behomage to the papacy."
1416	THE GREAT CONTROVERSY, PAGE 442 PAR. 1DONATE• "The lamblike horns and dragon voice of the symbol point to a strikingcontradiction between the professions and the practice of the nation thusrepresented. The "speaking" of the nation is the action of its legislative andjudicial authorities. By such action it will give the lie to those liberal and peacefulprinciples which it has put forth as the foundation of its policy. The predictionthat it will speak "as a dragon" and exercise "all the power of the first beast" plainlyforetells a development of the spirit of intolerance and persecution that wasmanifested by the nations represented by the dragon and the leopardlike beast.And the statement that the beast with two horns "causeth the earth and themwhich dwell therein to worship the first beast" indicates that the authority of thisnation is to be exercised in enforcing some observance which shall be:homage to the papacy."
1422	THE GREAT CONTROVERSY, PAGE 442 PAR. 1DONATE• "The lamblike horns and dragon voice of the symbol point to a strikingcontradiction between the professions and the practice of the nation thusrepresented. The "speaking" of the nation is the action of its legislative andjudicial authorities. By such action it will give the lie to those liberal and peacefulprinciples which it has put forth as the foundation of its policy. The predictionthat it will speak "as a dragon" and exercise "all the power of the first beast" plainlyforetells a development of the spirit of intolerance and persecution that wasmanifested by the nations represented by the dragon and the leopardlike beast.And the statement that the beast with two horns "causeth the earth and themwhich dwell therein to worship the first beast" indicates that the authority of thisnation is to be exercised in enforcing some observance which shall be :homage to the papacy."
1428	THE GREAT CONTROVERSY, PAGE 442 PAR. 1DONATE• "The lamblike horns and dragon voice of the symbol point to a strikingcontradiction between the professions and the practice of the nation thusrepresented. The "speaking" of the nation is the action of its legislative andjudicial authorities. By such action it will give the lie to those liberal and peacefulprinciples which it has put forth as the foundation of its policy. The predictionthat it will speak "as a dragon" and exercise "all the power of the first beast" plainlyforetells a development of the spirit of intolerance aiid persecution that wasmanifested by the nations represented by the dragon and the leopardlike beast.And the statement that the beast with two horns "causeth the earth and themwhich dwell therein to worship the first beast" indicates that the authority of thisnation is to be exercised in enforcing some observance which shall behomage to the papacy.
1434	THE GREAT CONTROVERSY, PAGE 442 PAR. 1DONATE• "The lamblike horns and dragon voice of the symbol point to a strikingcontradiction between the professions and the practice of the nation thusrepresented. The "speaking" of the nation is the action of its legislative andjudicial authorities. By such action it will give the lie to those liberal and peacefulprinciples which it has put forth as the foundation of its policy. The predictionthat it will speak "as a dragon" and exercise "all the power of the first beast" plainlyforetells a development of the spirit of intolerance and persecution that wasmanifested by the nations represented by the dragon and the leopardlike beast.And the statement that the beast with two horns "causeth the earth and themwhich dwell therein to worship the first beast" indicates that the authority of thisnation is to be exercised in enforcing some observance which shall be :homage to the papacy."
1440	DONATETHE GREAT CONTROVERSY, PAGE 442 PAR. 1• "The lamblike horns and dragon voice of the symbol point to a strikingcontradiction between the professions and the practice of the nation thusrepresented. The "speaking' of the nation is the action of its legislative andjudicial authorities. By such action it will give the lie to those liberal and peacefulprinciples which it has put forth as the foundation of its policy. The predictionthat it will speak "as a dragon" and exercise "all the power of the first beast" plainlyforetells a development of the spirit of intolerance and persecution that wasmanifested by the nations represented by the dragon and the leopardlike beast.And the statement that the beast with two horns "causeth the earth and themwhich dwell thercin to worship the first beast" indicates that the authority of thisnation is to be exercised in enforcing some observance which shall be an act ofhomage to the papacy."
1446	DONATETHE GREAT CONTROVERSY, PAGE 442 PAR. 1• "The lamblike horns and dragon voice of the symbol point to a strikingcontradiction between the professions and the practice of the nation thusrepresented. The "speaking of the nation is the action of its legislative andjudicial authorities. By such action it will give the lie to those liberal and peacefulprinciples which it has put forth as the foundation of its policy. The predictionthat it will speak 'as a dragon" and exercise "all the power of the first beast" plainlyforetells a development of the spirit of intolerance and persecution that wasmanifested by the nations represented by the dragon and the leopardlike beast.And the statement that the beast with two horns "causeth the earth and themwhich dwell thercin to worship the first beast" indicates that the authority of thisnation is to be exercised in enforcing some observance which shall be an act ofhomage to the papacy."
1452	DONATETHE GREAT CONTROVERSY, PAGE 442 PAR. 1• "The lamblike horns and dragon voice of the symbol point to a strikingcontradiction between the professions and the practice of the nation thusrepresented. The "speaking of the nation is the action of its legislative andjudicial authorities. By such action it will give the lie to those liberal and peacefulprinciples which it has put forth as the foundation of its policy. The predictionthat it will speak "as a dragon" and exercise "all the power of the first beast" plainlyforetells a development of the spirit of intolerance and persecution that wasmanifested by the nations represented by the dragon and the leopardlike beast.And the statement that the beast with two horns "causeth the earth and themwhich dwell thercin to worship the first beast" indicates that the authority of thisnation is to be exercised in enforcing some observance which shall be an act ofhomage to the papacy."
1458	DONATETHE GREAT CONTROVERSY, PAGE 442 PAR. 1• "The lamblike horns and dragon voice of the symbol point to a strikingcontradiction between the professions and the practice of the nation thusrepresented. The "speaking" of the nation is the action of its legislative andjudicial authorities. By such action it will give the lie to those liberal and peacefulprinciples which it has put forth as the foundation of its policy. The predictionthat it will speak 'as a dragon" and exercise "all the power of the first beast" plainlyforetells a development of the spirit of intolerance and persecution that wasmanifested by the nations represented by the dragon and the leopardlike beast.And the statement that the beast with two horns "causeth the earth and themwhich dwell thercin to worship the first beast" indicates that the authority of thisnation is to be exercised in enforcing some observance which shall be an act ofhomage to the papacy."
1464	DONATETHE GREAT CONTROVERSY, PAGE 442 PAR. 1• "The lamblike horns and dragon voice of the symbol point to a strikingcontradiction between the professions and the practice of the nation thusrepresented. The speaking" of the nation is the action of its legislative andjudicial authorities. By such action it will give the lie to those liberal and peacefulprinciples which it has put forth as the foundation of its policy. The predictionthat it will speak 'as a dragon" and exereise "all the power of the first beast" plainlyforetells a development of the spirit of intolerance and persecution that wasmanifested by the nations represented by the dragon and the leopardlike beast.And the statement that the beast with two horns "causeth the earth and themwhich dwell thercin to worship the first beast" indicates that the authority of thisnation is to be exercised in enforcing some observance which shall be an act ofhomage to the papacy."Rev 13:11And I beheld another beast coming up out of the earth; and he had two horns like a lamb, and he spake as a dragon.
1470	DONATETHE GREAT CONTROVERSY, PAGE 442 PAR. 1• "The lamblike horns and dragon voice of the symbol point to a strikingcontradiction between the professions and the practice of the nation thusrepresented. The speaking' of the nation is the action of its legislative andjudicial authorities. By such action it will give the lie to those liberal and peacefulprinciples which it has put forth as the foundation of its policy. The predictionthat it will speak 'as a dragon" and exereise "all the power of the first beast" plainlyforetells a development of the spirit of intolerance and persecution that wasmanifested by the nations represented by the dragon and the leopardlike beast.And the statement that the beast with two horns "causeth the earth and themwhich dwell thercin to worship the first beast" indicates that the authority of thisnation is to be exercised in enforcing some observance which shall be an act ofhomage to the papacy."Rev 13:11And I beheld another beast coming up out of the earth; and he had two horns like a lamb, and he spake as a dragon.
1476	DONATETHE GREAT CONTROVERSY, PAGE 442 PAR. 1• "The lamblike horns and dragon voice of the symbol point to a strikingcontradiction between the professions and the practice of the nation thusrepresented. The "speaking" of the nation is the action of its legislative andjudicial authorities. By such action it will give the lie to those liberal and peacefulprinciples which it has put forth as the foundation of its policy. The predictionthat it will speak "as a dragon" and exereise "all the power of the first beast" plainlyforetells a development of the spirit of intolerance and persecution that wasmanifested by the nations represented by the dragon and the leopardlike beast.And the statement that the beast with two horns "causeth the earth and themwhich dwell therein to worship the first beast" indicates that the authority of thisnation is to be exercised in enforcing some observance which shall be an act ofhomage to the papacy."Rev 13:11And I beheld another beast coming up out of the earth; and he had two horns like a lamb, and he spake as a dragon.
1482	DONATETHE GREAT CONTROVERSY, PAGE 442 PAR. 1• "The lamblike horns and dragon voice of the symbol point to a strikingcontradiction between the professions and the practice of the nation thusrepresented. The "speaking" of the nation is the action of its legislative andjudicial authorities. By such action it will give the lie to those liberal and peacefulprinciples which it has put forth as the foundation of its policy. The predictionthat it will speak 'as a dragon' and exereise "all the power of the first beast" plainlyforetells a development of the spirit of intolerance and persecution that wasmanifested by the nations represented by the dragon and the leopardlike beast.And the statement that the beast with two horns causeth the earth and themwhich dwell therein to worship the first beast" indicates that the authority of thisnation is to be exercised in enforcing some observance which shall be an act ofhomage to the papacy."Rev 13:11And I beheld another beast coming up out of the earth; and he had two horns like a lamb, and he spake as a dragon.
1488	DONATETHE GREAT CONTROVERSY, PAGE 442 PAR. 1• "The lamblike homs and dragon voice of the symbol point to a strikingcontradiction between the professions and the practice of the nation thusrepresented. The 'speaking" of the nation is the action of its legislative andjudicial authorities. By such action it will give the lie to those liberal and peacefulprinciples which it has put forth as the foundation of its policy. The predictionthat it will speak 'as a dragon" and exercise "all the power of the first beast" plainlyforetells a development of the spint of intolerance and persecution that wasmanifested by the nations represented by the dragon and the leopardlike beast.And the statement that the beast with two horns "causeth the earth and themwhich dwell therein to worship the first beast" indicates that the authority of thisnation is to be exercised in enforcing some observance which shall be an act ofhomage to the papacy."Rev 13:11And I beheld another beast coming up out of the earth; and he had two horns like a lamb, and he spake as a dragon.
1494	DONATETHE GREAT CONTROVERSY, PAGE 442 PAR. 1• "The lamblike horns and dragon voice of the symbol point to a strikingcontradiction between the professions and the practice of the nation thusrepresented. The "speaking" of the nation is the action of its legislative andjudicial authorities. By such action it will give the lie to those liberal and peacefulprinciples which it has put forth as the foundation of its policy. The predictionthat it will speak "as a dragon" and exercise "all the power of the first beast" plainlyforetells a development of the spirit of intolerance and persecution that wasmanifested by the nations represented by the dragon and the leopardlike beast.And the statement that the beast with two horns "causeth the earth and themwhich dwell thercin to worship the first beast" indicates that the authority of thisnation is to be exercised in enforcing some observance which shall be an act ofhomage to the papacy."
1500	DONATETHE GREAT CONTROVERSY, PAGE 442 PAR. 1• "The lamblike horns and dragon voice of the symbol point to a strikingcontradiction between the professions and the practice of the nation thusrepresented. The "speaking of the nation is the action of its legislative andjudicial authorities. By such action it will give the lie to those liberal and peacefulprinciples which it has put forth as the foundation of its policy. The predictionthat it will speak "as a dragon" and exercise "all the power of the first beast" plainlyforetells a development of the spirit of intolerance and persecution that wasmanifested by the nations represented by the dragon and the leopardlike beast.And the statement that the beast with two horns "causeth the earth and themwhich dwell thercin to worship the first beast" indicates that the authority of thisnation is to be exercised in enforcing some observance which shall be an act ofhomage to the papacy."
1506	DONATETHE GREAT CONTROVERSY, PAGE 442 PAR. 1• "The lamblike horns and dragon voice of the symbol point to a strikingcontradiction between the professions and the practice of the nation thusrepresented. The speaking" of the nation is the action of its legislative andjudicial authorities. By such action it will give the lie to those liberal and peacefulprinciples which it has put forth as the foundation of its policy. The predictionthat it will speak 'as a dragon' and exereise "all the power of the first beast" plainlyforetells a development of the spirit of intolerance and persecution that wasmanifested by the nations represented by the dragon and the leopardlike beast.And the statement that the beast with two horns "causeth the earth and themwhich dwell thercin to worship the first beast" indicates that the authority of thisnation is to be exercised in enforcing some observance which shall be an act ofhomage to the papacy."Rev 13:12And he exerciseth all the power of the first beast before him, and causeth the earth and them which dwell therein to worship the firstbeast, whose deadly wound was healed.
1512	DONATETHE GREAT CONTROVERSY, PAGE 442 PAR. 1• "The lamblike horns and dragon voice of the symbol point to a strikingcontradiction between the professions and the practice of the nation thusrepresented. The speaking of the nation is the action of its legislative andjudicial authorities. By such action it will give the lie to those liberal and peacefulprinciples which it has put forth as the foundation of its policy. The predictionthat it will speak 'as a dragon' and exereise "all the power of the first beast" plainlyforetells a development of the spirit of intolerance and persecution that wasmanifested by the nations represented by the dragon and the leopardlike beast.And the statement that the beast with two horns "causeth the earth and themwhich dwell thercin to worship the first beast" indicates that the authority of thisnation is to be exercised in enforcing some observance which shall be an act ofhomage to the papacy."Rev 13:12And he exerciseth all the power of the first beast before him, and causeth the earth and them which dwell therein to worship the firstbeast, whose deadly wound was healed.
1518	DONATETHE GREAT CONTROVERSY, PAGE 442 PAR. 1• "The lamblike horns and dragon voice of the symbol point to a strikingcontradiction between the professions and the practice of the nation thusrepresented. The "speaking" of the nation is the action of its legislative andjudicial authorities. By such action it will give the lie to those liberal and peacefulprinciples which it has put forth as the foundation of its policy. The predictionthat it will speak 'as a dragon" and exereise "all the power of the first beast" plaintsforetells a development of the spirit of intolerance and persecution that wasmanifested by the nations represented by the dragon and the leopardlike beast.And the statement that the beast with two horns "causeth the earth and themwhich dwell thercin to worship the first beast" indicates that the authority of thisnation is to be exercised in enforcing some observance which shall be an act ofhomage to the papacy."Rev 13:12And he exerciseth all the power of the first beast before him, and causeth the earth and them which dwell therein to worship the firstbeast, whose deadly wound was healed.
1524	DONATETHE GREAT CONTROVERSY, PAGE 442 PAR. 1• "The lamblike horns and dragon voice of the symbol point to a strikingcontradiction between the professions and the practice of the nation thusrepresented. The "speaking" of the nation is the action of its legislative andjudicial authorities. By such action it will give the lie to those liberal and peacefulprinciples which it has put forth as the foundation of its policy. The predictionthat it will speak 'as a dragon" and exercise "all the power of the first beast" plainlyforetells a development of the spirit of intolerance and persecution that wasmanifested by the nations represented by the dragon and the leopardlike beast.And the statement that the beast with two horns "causeth the earth and themwhich dwell thercin to worship the first beast" indicates that the authority of thisnation is to be exercised in enforcing some observance which shall be an act ofhomage to the papacy."Rev 13:12And he exerciseth all the power of the first beast before him, and causeth the earth and them which dwell therein to worship the firstbeast, whose deadly wound was healed.
1530	DONATETHE GREAT CONTROVERSY, PAGE 442 PAR. 1• "The lamblike horns and dragon voice of the symbol point to a strikingcontradiction between the professions and the practice of the nation thusrepresented. The 'speaking" of the nation is the action of its legislative andjudicial authorities. By such action it will give the lie to those liberal and peacefulprinciples which it has put forth as the foundation of its policy. The predictionthat it will speak 'as a dragon" and exereise "all the power of the first beast" plainlyforetells a development of the spirit of intolerance and persecution that wasmanifested by the nations represented by the dragon and the leopardlike beast.And the statement that the beast with two horns "causeth the earth and themwhich dwell therein to worship the first beast" indicates that the authority of thisnation is to be exercised in enforcing some observance which shall be an act ofhomage to the papacy."Rev 13:12And he exerciseth all the power of the first beast before him, and causeth the earth and them which dwell therein to worship the firstbeast, whose deadly wound was healed.
1536	DONATETHE GREAT CONTROVERSY, PAGE 442 PAR. 1• "The lamblike horns and dragon voice of the symbol point to a strikingcontradiction between the professions and the practice of the nation thusrepresented. The "speaking of the nation is the action of its legislative andjudicial authorities. By such action it will give the lie to those liberal and peacefulprinciples which it has put forth as the foundation of its policy. The predictionthat it will speak "as a dragon" and exercise "all the power of the first beast" plainlyforetells a development of the spirit of intolerance and persecution that wasmanifested by the nations represented by the dragon and the leopardlike beast.And the statement that the beast with two horns "causeth the earth and themwhich dwell thercin to worship the first beast" indicates that the authority of thisnation is to be exercised in enforcing some observance which shall be an act ofhomage to the papacy."Rev 13:12And he exerciseth all the power of the first beast before him, and causeth the earth and them which dwell therein to worship the firstbeast, whose deadly wound was healed.
1542	DONATETHE GREAT CONTROVERSY, PAGE 442 PAR. 1• "The lamblike horns and dragon voice of the symbol point to a strikingcontradiction between the professions and the practice of the nation thusrepresented. The "speaking of the nation is the action of its legislative andjudicial authorities. By such action it will give the lie to those liberal and peacefulprinciples which it has put forth as the foundation of its policy. The predictionthat it will speak 'as a dragon" and exercise "all the power of the first beast" plainlyforetells a development of the spirit of intolerance and persecution that wasmanifested by the nations represented by the dragon and the leopardlike beast.And the statement that the beast with two horns "causeth the earth and themwhich dwell thercin to worship the first beast" indicates that the authority of thisnation is to be exercised in enforcing some observance which shall be an act ofhomage to the papacy."
1548	DONATETHE GREAT CONTROVERSY, PAGE 442 PAR. 1• "The lamblike horns and dragon voice of the symbol point to a strikingcontradiction between the professions and the practice of the nation thusrepresented. The "speaking" of the nation is the action of its legislative andjudicial authorities. By such action it will give the lie to those liberal and peacefulprinciples which it has put forth as the foundation of its policy. The predictionthat it will speak "as a dragon" and exercise "all the power of the first beast" plainlyforetells a development of the spirit of intolerance and persecution that wasmanifested by the nations represented by the dragon and the leopardlike beast.And the statement that the beast with two horns "causeth the earth and themwhich dwell therein to worship the first beast" indicates that the authority of thisnation is to be exercised in enforcing some observance which shall be an act ofhomage to the papacy."00009
1554	DONATETHE GREAT CONTROVERSY, PAGE 442 PAR. 1• "The lamblike horns and dragon voice of the symbol point to a strikingcontradiction between the professions and the practice of the nation thusrepresented. The "speaking" of the nation is the action of its legislative andjudicial authorities. By such action it will give the lie to those liberal and peacefulprinciples which it has put forth as the foundation of its policy. The predictionthat it will speak 'as a dragon" and exercise "all the power of the first beast" plainlyforetells a development of the spirit of intolerance and persecution that wasmanifested by the nations represented by the dragon and the copardlike beast.And the statement that the beast with two horns "causeth the earth and themwhich dwell therein to worship the first beast" indicates that the authority of thisnation is to be exercised in enforcing some observance which shall be an act ofhomage to the papacy."00200
1560	DONATETHE GREAT CONTROVERSY, PAGE 442 PAR. 1• "The lamblike horns and dragon voice of the symbol point to a strikingcontradiction between the professions and the practice of the nation thusrepresented. The "speaking" of the nation is the action of its legislative andjudicial authorities. By such action it will give the lie to those liberal and peacefulprinciples which it has put forth as the foundation of its policy. The predictionthat it will speak "as a dragon" and exercise "all the power of the first beast" plainlyforetells a development of the spirit of intolerance and persecution that wasmanifested by the nations represented by the dragon and the leopardlike beast.And the statement that the beast with two horns "causeth the earth and themwhich dwell therein to worsmp the first beast" indicates that the authority of thisnation is to be exercised in enforcing some observance which shall be an act ofhomage to the papacy."000Đ9
1566	DONATETHE GREAT CONTROVERSY, PAGE 442 PAR. 1• "The lamblike horns and dragon voice of the symbol point to a strikingcontradiction between the professions and the practice of the nation thusrepresented. The "speaking" of the nation is the action of its legislative andjudicial authorities. By such action it will give the lie to those liberal and peacefulprinciples which it has put forth as the foundation of its policy. The predictionthat it will speak "as a dragon" and exercise "all the power of the first beast" plainlyforetells a development of the spirit of intolerance and persecution that wasmanifested by the nations represented by the dragon and the leopardlike beast.And the statement that the beast with two horns "causeth the earth and themwhich dwell therein to worship the first beast" indicates that the authority of thisnation is to be exercised in enforcin some observance which shall be an act ofhomage to the papacy."000Đ9
1572	DONATETHE GREAT CONTROVERSY, PAGE 442 PAR. 1• "The lamblike horns and dragon voice of the symbol point to a strikingcontradiction between the professions and the practice of the nation thusrepresented. The "speaking" of the nation is the action of its legislative andjudicial authorities. By such action it will give the lie to those liberal and peacefulprinciples which it has put forth as the foundation of its policy. The predictionthat it will speak "as a dragon" and exercise "all the power of the first beast" plainlyforetells a development of the spirit of intolerance and persecution that wasmanifested by the nations represented by the dragon and the leopardlike beast.And the statement that the beast with two horns "causeth the earth and themwhich dwell therein to worship the first beast" indicates that the authority of thisnation is to be exercised in enforcing some observance which shall be an act ofhomage to the papacy."00009
1578	DONATETHE GREAT CONTROVERSY, PAGE 442 PAR. 1• "The lamblike horns and dragon voice of the symbol point to a strikingcontradiction between the professions and the practice of the nation thusrepresented. The "speaking" of the nation is the action of its legislative andjudicial authorities. By such action it will give the lie to those liberal and peacefulprinciples which it has put forth as the foundation of its policy. The predictionthat it will speak "as a dragon" and exercise "all the power of the first beast" plainlyforetells a development of the spirit of intolerance and persecution that wasmanifested by the nations represented by the dragon and the leopardlike beast.And the statement that the beast with two horns "causeth the earth and themwhich dwell therein to worship the first beast" indicates that the authority of thisnation is to be exercised in enforcing some observance which shall be an act ofhomage to the papacy."00209
1584	DONATETHE GREAT CONTROVERSY, PAGE 442 PAR. 1• "The lamblike horns and dragon voice of the symbol point to a strikingcontradiction between the professions and the practice of the nation thusrepresented. The "speaking" of the nation is the action of its legislative andjudicial authorities. By such action it will give the lie to those liberal and peacefulprinciples which it has put forth as the foundation of its policy. The predictionthat it will speak "as a dragon" and exercise "all the power of the first beast" plainlyforetells a development of the spirit of intolerance and persecution that wasmanifested by the nations represented by the dragon and the leopardlike beast.And the statement that the beast with two horns "causeth the earth and themwhich dwell thercin to worship the first beast" indicates that the authority of thisnation is to be exercised in enforcing some observance which shall be an act ofhomage to the papacy."
1590	DONATETHE GREAT CONTROVERSY, PAGE 442 PAR. 1• "The lamblike horns and dragon voice of the symbol point to a strikingcontradiction between the professions and the practice of the nation thusrepresented. The 'speaking of the nation is the action of its legislative andjudicial authorities. By such action it will give the lie to those liberal and peacefulprinciples which it has put forth as the foundation of its policy. The predictionthat it will speak 'as a dragon" and exercise "all the power of the first beast" plainlyforetells a development of the spirit of intolerance and persecution that wasmanifested by the nations represented by the dragon and the leopardlike beast.And the statement that the beast with two horns "causeth the earth and themwhich dwell therein to worship the first beast" indicates that the authority of thisnation is to be exercised in enforcing some observance which shall be an act ofhomage to the papacy."
1596	DONATE11:33 • ®Q •PostErika Kirk OGo to church.7:26 AM - 28 Sep 25 - 2.1M Views10.4K Reposts 574 Quotes 120K Likes1,030 BookmarksMost relevant repliesWE NEED TO TALF 242Was There a Plan Behind the Charlie Kirk Memorial?
1602	DONATE11:33 • ®@ •PostErika Kirk OGo to church.7:26 AM - 28 Sep 25 - 2.1M Views10.4K Reposts 574 Quotes 120K Likes1,030 Bookmarks•Most relevant repliesWE NEED TO TALI 242Was There a Plan Behind the Charlie Kirk Memorial?
1608	DONATE11:33 • 0@ •PostErika Kirk OGo to church.7:26 AM - 28 Sep 25 - 2.1M Views10.4K Reposts 574 Quotes 120K Likes1,030 BookmarkstMost relevant repliesWE NEED TO TALI 242Was There a Plan Behind the Charlie Kirk Memorial?
1614	DONATE11:33 • 00 •PostErika Kirk OGo to church.7:26 AM - 28 Sep 25 - 2.1M Views10.4K Reposts 574 Quotes 120K Likes1,030 BookmarksMost relevant repliesWE NEED TO TALI 242Was There a Plan Behind the Charlie Kirk Memorial?
1620	DONATE11:33 • 00 •PostErika Kirk OGo to church.7:26 AM - 28 Sep 25 - 2.1M Views10.4K Reposts 574 Quotes 120K Likes1,030 BookmarksMost relevant repliesWE NEED TO TALI 2642Was There a Plan Behind the Charlie Kirk Memorial?
1626	DONATE11:33 • ®® •PostErika Kirk OGo to church.7:26 AM - 28 Sep 25 - 2.1M Views10.4K Reposts 574 Quotes 120K Likes1,030 BookmarkstMost relevant repliesWE NEED TO TALF 42Was There a Plan Behind the Charlie Kirk Memorial?
1632	DONATE11:33 • 0@ •PostErika Kirk OGo to church.7:26 AM - 28 Sep 25 - 2.1M Views10.4K Reposts 574 Quotes 120K Likes1,030 BookmarkstMost relevant repliesWE NEED TO TALI 2042Was There a Plan Behind the Charlie Kirk Memorial?
1638	DONATE11:33 • 00 •PostErika Kirk OGo to church.7:26 AM - 28 Sep 25 - 2.1M Views10.4K Reposts 574 Quotes 120K Likes1,030 BookmarkstMost relevant repliesWE NEED TO TALI 2642Was There a Plan Behind the Charlie Kirk Memorial?
1644	DONATE11:33 • ®@ •PostErika Kirk OGo to church.7:26 AM - 28 Sep 25 - 2.1M Views10.4K Reposts 574 Quotes 120K Likes1,030 BookmarksMost relevant repliesWE NEED TO TALI 242Was There a Plan Behind the Charlie Kirk Memorial?
1650	DONATE11:33 • ®@ •PostErika Kirk OGo to church.7:26 AM - 28 Sep 25 - 2.1M Views10.4K Reposts 574 Quotes 120K Likes1,030 BookmarksMost relevant repliesWE NEED TO TALI 242Was There a Plan Behind the Charlie Kirk Memorial?
1656	DONATE11:33 • ®@ •PostErika Kirk OGo to church.7:26 AM - 28 Sep 25 - 2.1M Views10.4K Reposts 574 Quotes 120K Likes1,030 BookmarksMost relevant repliesWE NEED TO TALI 2642Was There a Plan Behind the Charlie Kirk Memorial?
1662	DONATE11:33 • ®@ •PostErika Kirk OGo to church.7:26 AM - 28 Sep 25 - 2.1M Views10.4K Reposts 574 Quotes 120K Likes1,030 BookmarksMost relevant repliesWE NEED TO TALF242Was There a Plan Behind the Charlie Kirk Memorial?
1668	DONATE11:33 • 0@ •PostErika Kirk OGo to church.7:26 AM - 28 Sep 25 - 2.1M Views10.4K Reposts 574 Quotes 120K Likes1,030 BookmarksMost relevant repliesWE NEED TO TALI 242Was There a Plan Behind the Charlie Kirk Memorial?
1674	DONATE11:33 • ®@ •PostErika Kirk OGo to church.7:26 AM - 28 Sep 25 - 2.1M Views10.4K Reposts 574 Quotes 120K Likes1,030 BookmarkstMost relevant repliesWE NEED TO TALI 242Was There a Plan Behind the Charlie Kirk Memorial?
1680	DONATE11:33 • ®Q •PostErika Kirk OGo to church.7:26 AM - 28 Sep 25 - 2.1M Views10.4K Reposts 574 Quotes 120K Likes1,030 BookmarksMost relevant repliesWE NEED TO TALF 242Was There a Plan Behind the Charlie Kirk Memorial?
1686	DONATE11:33 • 0Ф •PostErika Kirk OGo to church.7:26 AM - 28 Sep 25 - 2.1M Views10.4K Reposts 574 Quotes 120K Likes1,030 BookmarksMost relevant repliesWE NEED TO TAL 242Was There a Plan Behind the Charlie Kirk Memorial?
1692	DONATE11:33 • QФ •PostErika Kirk OGo to church.7:26 AM - 28 Sep 25 - 2.1M Views10.4K Reposts 574 Quotes 120K Likes1,030 BookmarksMost relevant repliesWE NEED TO TAL 242Was There a Plan Behind the Charlie Kirk Memorial?
1698	DONATE11:33 • ®@ •PostErika Kirk OGo to church.7:26 AM - 28 Sep 25 - 2.1M Views10.4K Reposts 574 Quotes 120K Likes1,030 BookmarksMost relevant repliesWE NEED TO TALI 2642Was There a Plan Behind the Charlie Kirk Memorial?
1704	DONATE11:33 • ®0 •PostErika Kirk OGo to church.7:26 AM - 28 Sep 25 - 2.1M Views10.4K Reposts 574 Quotes 120K Likes1,030 BookmarksMost relevant repliesWE NEED TO TALI 242Was There a Plan Behind the Charlie Kirk Memorial?
1710	DONATETRUTHHTTPS://WWW.YOUTUBE.COM/WATCH?V=LADU-VIDBWW
1716	DONATETRUTHHTTPS://www.YOUTUBE.COM/WATCHPV=LADU-VIDBWW000580
1722	DONATETRUTHHTTPS://WWW.YOUTUBE.COM/WATCHPV=LADU-VIDBWW
1728	DONATETRUTHEHTTPS://WWW.YOUTUBE.COM/WATCHPV=LADU-VIDBWW
1734	DONATETRUTHHTTPS://WWW.YOUTUBE.COM/WATCH?V=LADU-V
1740	DONATETRUTHHTTPS://WWW.YOUTUBE.COM/WATCH?V=LADU-V
1746	DONATETRUTH.HTTPS://WWW.YOUTUBE.COM/WATCH?V=LADU-V
1752	DONATETRUTHHTTPS://WWW.YOUTUBE.COM/WATCH?V=LADU-V
1758	DONATETRUTHHTTPS://WWW.YOUTUBE.COM/WATCH?V=LADU-V
1764	DONATETRUTHHTTPS://WWW.YOUTUBE.COM/WATCH?V=LADU-V
1770	DONATETRUTH..HTTPS://WWW.YOUTUBE.COM/WATCH?V=LADU-V
1776	DONATETRUTHHTTPS://WW.YOUTUBE.COM/WATCH?V=LADU-V
1782	DONATEHTTPS://WWW.YOUTUBE.COM/WATCH?V=LADU-VIDBWW
1788	DONATEHTTPS://WWW.YOUTUBE.COM/WATCH?V=LADU-VIDBWW
1794	DONATETRUTHEHTTPS://WW.YOUTUBE.COM/WATCHPV=LADU-VIDBWW
1800	DONATETRUTHHTTPS://WWW.YOUTUBE.COM/WATCHPV=LADU-VIDBWW
1806	DONATETRUTHHTTPS://WWW.YOUTUBE.COM/WATCH?V=LADU-V
1812	DONATETRUTH.HTTPS://WWW.YOUTUBE.COM/WATCH?V=LADU-V
1818	DONATETRUTHHTTPS://WWW.YOUTUBE.COM/WATCH?V=LADU-V
1824	DONATETRUTH.HTTPS://WWW.YOUTUBE.COM/WATCH?V=LADU-V
1830	DONATETRUTHHTTPS://WWW.YOUTUBE.COM/WATCH?V=LADU-V
1836	DONATETRUTHHTTPS://WWW.YOUTUBE.COM/WATCH?V=LADU-V00009000
1842	DONATETRUTHHTTPS://WWW.YOUTUBE.COM/WATCH?V=LADU-V00009000
1848	DONATERUTHHTTPS://WWW.YOUTUBE.COM/WATCH?V=LADU-V
1854	DONATERUTHHTTPS://WWW.YOUTUBE.COM/WATCH?V=LADU-V
1860	DONATERUTHHTTPS://WWW.YOUTUBE.COM/WATCH?V=LADU-V
1866	DONATETRUTH.HTTPS://WWW.YOUTUBE.COM/WATCH?V=LADU-V
1872	DONATETRUTH.HTTPS://WWW.YOUTUBE.COM/WATCH?V=LADU-V
1878	DONATERUTHHTTPS://WWW.YOUTUBE.COM/WATCH?V=LADU-V
1884	DONATETRUTHHTTPS://WWW.YOUTUBE.COM/WATCH?V=LADU-V
1890	DONATETRUTHHTTPS://WWW.YOUTUBE.COM/WATCH?V=LADU-V
1896	DONATETRUTHHTTPS://WWW.YOUTUBE.COM/WATCH?V=LADU-V
1902	DONATERUTHHTTPS://WWW.YOUTUBE.COM/WATCH?V=LADU-V
1908	DONATETRUTH.HTTPS://WWW.YOUTUBE.COM/WATCH?V=LADU-V
1914	DONATETRUTHHTTPS://WWW.YOUTUBE.COM/WATCH?V=LADU-V
1920	DONATETRUTH.HTTPS://WWW.YOUTUBE.COM/WATCH?V=LADU-V
1926	DONATEHTTPS://WwW.YOUTUBE.COM/WATCH?V=LADU-VIDBWW
1932	DONATEHTTPS://WWW.YOUTUBE.COM/WATCHPV=LADU-VIDBWW
1938	DONATEHTTPS://Www.YOUTUBE.COM/WATCHPV=LADU-VIDBWW
1944	DONATEHTTPS://WWW.YOUTUBE.COM/WATCH?V=LADU-VIDBWW
1950	DONATEHTTPS://WWW.YOUTUBE.COM/WATCHPV=LADU-VIDBWW
1956	DONATEURIAH SMITH, "THOUGHTS ON DANIELAND THE REVELATION," PAGE 550• "We therefore now call attention to the very important inquiry,What constitutes the mark of the beast? The figure of a markis borrowed from an ancient custom. Bishop Newton(Dissertations on the Prophecies, Vol. III, p. 241) says: -DANIELREVELATION"It was customary among the ancients for servants to receive the mark of theirmaster, and soldiers of their general, and those who were devoted to anyparticular deity, of the particular deity to whom they were devoted. Thesemarks were usually impressed on their right hand or on their forehead, andconsisted of some hieroglyphic character, or of the name expressed in vulgarletters, or of the name disguised in numerical letters, according to the fancy ofthe imposer."
1962	DONATEURIAH SMITH, "THOUGHTS ON DANIELAND THE REVELATION," PAGE 550DANIELREVELATION• "We therefore now call attention to the very important inquiry,What constitutes the mark of the beast? The figure of a markis borrowed from an ancient custom. Bishop Newton(Dissertations on the Prophecies, Vol. III, p. 241) says: -Uave Sure"It was customary among the ancients for servants to receive the mark of theirmaster, and soldiers of their general, and those who were devoted to anyparticular deity, of the particular deity to whom they were devoted. Thesemarks were usually impressed on their right hand or on their forehead, andconsisted of some hieroglyphic character, or of the name expressed in vulgarletters, or of the name disguised in numerical letters, according to ththe imposer."
1968	DONATEURIAH SMITH, "THOUGHTS ON DANIELAND THE REVELATION," PAGE 550DANIELREVELATION• "We therefore now call attention to the very important inquiry,What constitutes the mark of the beast? The figure of a markis borrowed from an ancient custom. Bishop Newton(Dissertations on the Prophecies, Vol. III, p. 241) says: -Unar Some"It was customary among the ancients for servants to receive the mark of theirmaster, and soldiers of their general, and those who were devoted to anyparticular deity, of the particular deity to whom they were devoted. Thesemarks were usually impressed on their right hand or on their forehead, andconsisted of some hieroglyphic character, or of the name expressed in vulgarletters, or of the name disguised in numerical letters, according to ththe imposer."
1974	DONATEURIAH SMITH, "THOUGHTS ON DANIELAND THE REVELATION," PAGE 550DANIELREVELATION• "We therefore now call attention to the very important inquiry,What constitutes the mark of the beast? The figure of a markis borrowed from an ancient custom. Bishop Newton(Dissertations on the Prophecies, Vol. III, p. 241) says: -UnAr Sure"It was customary among the ancients for servants to receive the mark of theirmaster, and soldiers of their general, and those who were devoted to anyparticular deity, of the particular deity to whom they were devoted. Thesemarks were usually impressed on their right hand or on their forehead, andconsisted of some hieroglyphic character, or of the name expressed in vulgarletters, or of the name disguised in numerical letters, according to ththe imposer."
1980	DONATEURIAH SMITH, "THOUGHTS ON DANIELAND THE REVELATION," PAGE 550DANIELREVELATION• "We therefore now call attention to the very important inquiry,What constitutes the mark of the beast? The figure of a markis borrowed from an ancient custom. Bishop Newton(Dissertations on the Prophecies, Vol. III, p. 241) says: -Lizar Some"It was customary among the ancients for servants to receive the mark of theirmaster, and soldiers of their general, and those who were devoted to anyparticular deity, of the particular deity to whom they were devoted. Thesemarks were usually impressed on their right hand or on their forehead, andconsisted of some hieroglyphic character, or of the name expressed in vulgarletters, or of the name disguised in numerical letters, according to ththe imposer."
1986	DONATEURIAH SMITH, "THOUGHTS ON DANIELAND THE REVELATION," PAGE 550DANIELREVELATION• "We therefore now call attention to the very important inquiry,What constitutes the mark of the beast? The figure of a markis borrowed from an ancient custom. Bishop Newton(Dissertations on the Prophecies, Vol. III, p. 241) says: -Wear Sure"It was customary among the ancients for servants to receive the mark of theirmaster, and soldiers of their general, and those who were devoted to anyparticular deity, of the particular deity to whom they were devoted. Thesemarks were usually impressed on their right hand or on their forehead, andconsisted of some hieroglyphic character, or of the name expressed in vulgarletters, or of the name disguised in numerical letters, according to ththe imposer."0 C
1992	DONATEURIAH SMITH, "THOUGHTS ON DANIELAND THE REVELATION," PAGE 550DANIELAND THREVELATION• "We therefore now call attention to the very important inquiry,What constitutes the mark of the beast? The figure of a markis borrowed from an ancient custom. Bishop Newton(Dissertations on the Pre phecies, Vol. III, p. 241) says: -"It was customary among the ancients for servants to receive the mark of theirmaster, and soldiers of their general, and those who were devoted to anyparticular deity, of the particular deity to whom they were devoted. Thesemarks were usually impressed on their right hand or on their forehead, andconsisted of some hieroglyphic character, or of the name expressed in vulgarletters, or of the name disguised in numerical letters, according to ththe imposer."
1998	DONATEURIAH SMITH, "THOUGHTS ON DANIELAND THE REVELATION," PAGE 550DANIELREVELATION• "We therefore now call attention to the very important inquiry,What constitutes the mark of the beast? The figure of a markis borrowed from an ancient custom. Bishop Newton(Dissertations on the Prophecies, Vol. III, p. 241) says: -LEAN SOUTH"It was customary among the ancients for servants to reggive the mark of theirmaster, and soldiers of their general, and those who were devoted to anyparticular deity, of the particular deity to whom they were devoted. Thesemarks were usually impressed on their right hand or on their forehead, andconsisted of some hieroglyphic character, or of the name expressed in vulgarletters, or of the name disguised in numerical letters, according to ththe imposer."
2004	DONATEURIAH SMITH, "THOUGHTS ON DANIELAND THE REVELATION," PAGE 550DANIELREVELATION• "We therefore now call attention to the very important inquiry,What constitutes the mark of the beast? The figure of a markis borrowed from an ancient custom. Bishop Newton(Dissertations on the Prophecies, Vol. III, p. 241) says: -"It was customary among the ancients for servants to receive the mark of theirmaster, and soldiers of their general, and those who were devoted to anyparticular deity, of the particular deity to whom they were devoted. Thesemarks were ustally impressed on their right hand or on their forehead, andconsisted of some hieroglyphic character, or of the name expressed in vulgarletters, or of the name disguised in numerical letters, according to ththe imposer."
2010	DONATEURIAH SMITH, "THOUGHTS ON DANIELAND THE REVELATION," PAGE 550DANIELREVELATION• "We therefore now call attention to the very important inquiry,What constitutes the mark of the beast? The figure of a markis borrowed from an ancient custom. Bishop Newton(Dissertations on the Prophecies, Vol. III, p. 241) says: -"It was customary among the ancients for servants to receive the mark of theirmaster, and soldiers of their general, and those who were devoted to anyparticular deity, of the particular deity to whom they were devoted. Thesemarks were usually impressed on their right hand or on their forehead, andconsisted of some hieroglyphic character, or of the name expressed in vulgarletters, or of the name disguised in numerical letters, according to ththe imposer."
2016	DONATEURIAH SMITH, "THOUGHTS ON DANIELAND THE REVELATION," PAGE 550DANIELAND THEREVELATION• "We therefore now call attention to the very important inquiry,What constitutes the mark of the beast? The figure of a markis borrowed from an ancient custom. Bishop Newton(Dissertations on the Prophecies, Vol. III, p. 241) says: -URNe Sure"It was customary among the ancients for servants to receive the mark of theirmaster, and soldiers of their general, and those who were devoted to anyparticular deity, of the particular deity to whom they were devoted. Thesemarks were usually impressed on their right hand or on their forehead, andconsisted of some hieroglyphic character, or of the name expressen vulgarletters, or of the name disguised in numerical letters, according to ththe imposer."
2022	DONATERIAH SMITH, "THOUGHTS ON DANIELAND THE REVELATION," PAGE 551.1DANIELREVELATION• "It would naturally be looked for in some of the specialcharact istics of the papal power. Daniel, describing that powerunder the symbol of a little horn, speaks of it as waging a specialwarfare against God, wearing out the saints of the Most High, andthinking to change times and laws. The prophet expressly specifieson this point: "He shall think to change times and laws." Theselaws must certainly be the laws of the Most High. To apply it to human laws, andmake the prophecy read, "And he shall speak great words against the Most High,and shall wear out the saints of the Most High, and think to change human laws,"would be doing evident violence to the language of the prophet. But apply it to thelaws of God, and let it read, "And he shall speak great words against the MostHigh, and shall wear out the saints of the Most High, and shall think to chtimes and laws of the Most High," and all is consistent and forcible.
2028	DONATERIAH SMITH, "THOUGHTS ON DANIELAND THE REVELATION," PAGE 551.1DANIELREVELATION• "It would naturally be looked for in some of the specialcharacteristics of the papal power. Daniel, describing that powerunder the symbol of a little hoit, speaks of it as waging a specialwarfare against God, wearing out the saints of the Most High, andthinking to change times and laws. The prophet expressly specifieson this point: "He shall think to change times and laws." Theselaws must certainly be the laws of the Most High. To apply it to human laws, andmake the prophecy read, "And he shall speak great words against the Most High,and shall wear out the saints of the Most High, and think to change human laws,"would be doing evident violence to the language of the prophet. But apply it to thelaws of God, and let it read, "And he shall speak great words against the MostHigh, and shall wear out the saints of the Most High, and shall think to chtimes and laws of the Most High," and all is consistent and forcible.
2034	DONATERIAH SMITH, "THOUGHTS ON DANIELAND THE REVELATION," PAGE 551.1DANIELREVELATION• "It would naturally be looked for in some of the specialcharacteristics of the papal power. Daniel, describing that powerunder the symbol of a little horn, speaks of it as waging a specialwarfare against God, wearing out the saints of the lost High, andLost High, andthinking to change times and laws. The prophet expressly specifieson this point: "He shall think to change times and laws." Theselaws must certainly be the laws of the Most High. To apply it to human laws, andmake the prophecy read, "And he shall speak great words against the Most High,and shall wear out the saints of the Most High, and think to change human laws,"would be doing evident violence to the language of the prophet. But apply it to thelaws of God, and let it read, "And he shall speak great words against the MostHigh, and shall wear out the saints of the Most High, and shall think to chtimes and laws of the Most High," and all is consistent and forcible.
2040	RIAH SMITH, "THOUGHTS ON DANIELAND THE REVELATION," PAGE 551.1DANIELREVELATION• "It would naturally be looked for in some of the specialcharacteristics of the papal power. Daniel, describing that powerunder the symbol of a little horn, speaks of it as waging a specialwarfare against God, wearing out the saints of the Most High, andthinking to change times and laws. The prophet expressly specifieson this point: "He shall think to change times and laws." Theselaws must certainly be the laws of the Most High. To apply it to human laws, andmake the prophecy read, "And he shall speak great words against the Most High,and shall wear out the saints of the Most High, and think to change human laws,"would be doing evident violence to the language of the prophet. But apply it to thelaws of God, and let it read, "And he shall speak great words against the Most.High, and shall wear out the saints of the Most High, and shall think to chtimes and laws of the Most High," and all is consistent and forcible.
2046	DONATERIAH SMITH, "THOUGHTS ON DANIELAND THE REVELATION," PAGE 551.1DANIELREVELATION• "It would naturally be looked for in some of the specialcharacteristics of the papal power. Daniel, describing that powerunder the symbol of a little horn, speaks of it as waging a specialwarfare against God, wearing out the saints of the Most High, andthinking to change times and laws. The prophet expressly specifieson this point: "He shall think to change times and laws." Theselaws must certainly be the laws of the Most High. To apply it to human laws, andmake the prophecy read, "And he shall speak great words against the Most High,and shall wear out the saints of the Most High, and think to change human laws,"would be doing evident violence to the language of the prophet. But apply it to thelaws of God, and let it read, "And he shall speak great words against the MostHigh, and shall wear out the saints of the Most High, and shall think to chtimes and laws of the Most High," and all is consistent and forcible.
2052	DONATERIAH SMITH, "THOUGHTS ON DANIELAND THE REVELATION," PAGE 551.1DANIELREVELATION• "It would naturally be looked for in some of the specialcharacteristics of the papal power. Daniel, describing that powerunder the symbol of a little horn, speaks of it as waging a specialwarfare against God, wearing out the saints of the Most High, andthinking to change times and laws. The prophet expressly specifieson this point: "He shall think to change times and laws." Theselaws must certainly be the laws of the Most High. To apply it to human laws, andmake the prophecy read, "And he shall speak great words against the Most High,and shall wear out the saints of the Most High, and think to change human laws,"would be doing evident violence to the language of the prophet. But apply it to thelaws of God, and let it read, "And he shall speak great words against the MostHigh, and shall wear out the saints of the Most High, and shall think to chtimes and laws of the Most High," and all is consistent and forcible.
2058	DONATERIAH SMITH, "THOUGHTS ON DANIELAND THE REVELATION," PAGE 551.1DANIELREVELATION• "It would naturally be looked for in some of the specialcharacteristics of the papal power. Daniel, describing that powerunder the symbol of a little horn, speaks of it as waging a specialwarfare against God, wearing out the saints of the Most High, andthinking to change times and laws. The prophet expressly specifiesUSTAN SITTon this point: "He shall think to change times and laws." Theselaws must certainly be the laws of the Most High. To apply it to human laws, andmake the prophecy read, "And he shall speak great words against the Most High,and shall wear out the saints of the Most High, and think to change human laws,"would be doing evident violence to the language of the prophet. But apply it to thelaws of God, and let it read, "And he shall speak great words against the MostHigh, and shall wear out the saints of the Most High, and shall think to chtimes and laws of the Most High," and all is consistent and forcible.
2064	DONATERIAH SMITH, "THOUGHTS ON DANIELAND THE REVELATION," PAGE 551.1DANIELREVELATION• "It would naturally be looked for in some of the specialcharacteristics of the papal power. Daniel, describing that powerunder the symbol of a little horn, speaks of it as waging a specialwarfare against God, wearing out the saints of the Most High, andthinking to change times and laws. The prophet expressly specifiesOUTAN STon this point: "He shall think to change times and laws." Theselaws must certainly be the laws of the Most High. To apply it to human laws, andmake the prophecy read, "And he shall speak great words against the Most High,and shall wear out the saints of the Most High, and think to change human laws,"would be doing evident violence to the language of the prophet. But apply it to thelaws of God, and let it read, "And he shall speak great words against the MostHigh, and shall wear out the saints of the Most High, and shall think to chtimes and laws of the Most High," and all is consistent and forcible.
2070	RIAH SMITH, "THOUGHTS ON DANIELAND THE REVELATION," PAGE 551.1DANIELREVELATION• "It would naturally be looked for in some of the specialcharacteristics of the papal power. Daniel, describing that powerunder the symbol of a little horn, speaks of it as waging a specialwarfare against God, wearing out the saints of the Most High, andthinking to change times and laws. The prophet expressly specifieson this point: "He shall think to change times and laws." Theselaws must certainly be the laws of the Most High. To apply it to human laws, andmake the prophecy read, "And he shall speak great words against the Most High,and shall wear out the saints of the Most High, and think to change human laws,"would be doing evident violence to the language of the prophet. But apply it to thelaws of God, and let it read, "And he shall speak great words against the MostHigh, and shall wear out the saints of the Most High, and shall think to chtimes and laws of the Most High," and all is consistent and forcible.
2076	DONATERIAH SMITH, "THOUGHTS ON DANIELAND THE REVELATION," PAGE 551.1DANIELREVELATION• "It would naturally be looked for in some of the specialcharacteristics of the papal power. Daniel, describing that powerunder the symbol of a little horn, speaks of it as waging a specialwarfare against God, wearing out the saints of the Most High, andthinking to change times and laws. The prophet expressly specifiesUSTAN WITHon this point: "He shall think to change times and laws." Theselaws must certainly be the laws of the Most High. To apply it to human laws, andmake the prophecy read, "And he shall speak great words against the Most High,and shall wear out the saints of the Most High, and think to change human laws,"would be doing evident violence to the language of the prophet. But apply it to thelaws of God, and let it read, "And he shall speak great words against the MostHigh, and shall wear out the saints of the Most High, and shall think to chtimes and laws of the Most High," and all is consistent and forcible.
2082	DONATERIAH SMITH, "THOUGHTS ON DANIELAND THE REVELATION," PAGE 551.1DANIELREVELATION• "It would naturally be looked for in some of the specialcharacteristics of the papal power. Daniel, describing that powerunder the symbol of a little horn, speaks of it as waging a specialwarfare against God, wearing out the saints of the Most High, andthinking to change times and laws. The prophet expressly specifieson this point: "He shall think to change times and laws." Theselaws must certainly be the laws of the Most High. To apply it to human laws, andmake the prophecy read, "And he shall speak great words against the Most High,and shall wear out the saints of the Most High, and think to change human laws,"would be doing evident violence to the language of the prophet. But apply it to thelaws of God, and let it read, "And he shall speak great words against the MostHigh, and shall wear out the saints of the Most High, and shall think to chtimes and laws of the Most High," and all is consistent and forcible.
2088	RIAH SMITH, "THOUGHTS ON DANIELAND THE REVELATION," PAGE 551.1DANIELREVELATION• "It would naturally be looked for in some of the specialcharacteristics of the papal power. Daniel, describing that powerunder the symbol of a little horn, speaks of it as waging a specialwarfare against God, wearing out the saints of the Most High, andthinking to change times and laws. The prophet expressly specifieson this point: "He shall think to change times and laws." Theselaws must certainly be the laws of the Most High. To apply it to human laws, andmake the prophecy read, "And he shall speak great words against the Most High,and shall wear out the saints of the Most High, and think to change human laws,"would be doing evident violence to the language of the prophet. But aly it to thelaws of God, and let it read, "And he shall speak great words against the MostHigh, and shall wear out the saints of the Most High, and shall think to chtimes and laws of the Most High," and all is consistent and forcible.
2094	DONATERIAH SMITH, "THOUGHTS ON DANIELAND THE REVELATION," PAGE 551.1DANIELREVELATION• "It would naturally be looked for in some of the specialcharacteristics of the papal power. Daniel, describing that powerunder the symbol of a little horn, speaks of it as waging a specialwarfare against God, wearing out the saints of the Most High, andthinking to change times and laws. The prophet expressly specifieson this point: "He shall think to change times and laws." Theselaws must certainly be the laws of the Most High. To apply it to human laws, andmake the prophecy read, "And he shall speak great words against the Most High,and shall wear out the saints of the Most High, and think to change human laws,"would be doing evident violence to the language of the prophet. But apply it to thelaws of God, and let it read, "And he shall speak great words astinst the MostHigh, and shall wear out the saints of the Most High, and shall think to chtimes and laws of the Most High," and all is consistent and forcible.
2100	DONATERIAH SMITH, "THOUGHTS ON DANIELAND THE REVELATION," PAGE 551.1DANIELREVELATION• "It would naturally be looked for in some of the specialcharacteristics of the papal power. Daniel, describing that powerunder the symbol of a little horn, speaks of it as waging a specialwarfare against God, wearing out the saints of the Most High, andthinking to change times and laws. The prophet expressly specifiesUSTAN STon this point: "He shall think to change times and laws." Theselaws must certainly be the laws of the Most High. To apply it to human laws, andmake the prophecy read, "And he shall speak great words against the Most High,and shall wear out the saints of the Most High, and think to change human laws,"would be doing evident violence to the language of the prophet. But apply it to thelaws of God, and let it read, "And he shall speak great words against the MostHigh, and shall wear out the saints of the Most High, and shall think to chtimes and laws of the Most High," and all is consistent and forcible.
2106	DONATERIAH SMITH, "THOUGHTS ON DANIELAND THE REVELATION," PAGE 551.1DANIELREVELATION• "It would naturally be looked for in some of the specialcharacteristics of the papal power. Daniel, describing that powerunder the symbol of a little horn, speaks of it as waging a specialwarfare against God, wearing out the saints of the Most High, andthinking to change times and laws. The prophet expressly specifieson this point: "He shall think to change times and laws." Theselaws must certainly be the laws of the Most High. To apply it to human laws, andmake the prophecy read, "And he shall speak great words against the Most High,and shall wear out the saints of the Most High, and think to change human laws,"would be doing evident violence to the language of the prophet. But apply it to thelaws of God, and let it read, "And he shall speak great words against the MostHigh, and shall wear out the saints of the Most High, and shall think to chtimes and laws of the Most High," and all is consistent and forcible.
2112	URIAH SMITH, "THOUGHTS ON DANIELAND THE REVELATION," PAGE 560.1• "It will e said again, Then all Sunday-keepers have the markDANIELAND TOEREVELATIONof the beast; then all the good of past ages who kept this dayhad the mark of the beast; then Luther, Whitefield, theWesleys, and all who have done a good and noble work ofreformation, had the mark of the beast; then all the blessingsthat have been poured upon the reformed churches havebeen poured upon those who had the mark of the beast; and all Christiansof the present day who are keeping Sunday as the Sabbath, have the markof the beast. We answer, Not so! And we are sorry to say that someprofessedly religious teachers, though many times corrected, persist inmisrepresenting us on this point. We have never so held; we haveso taught. Our premises lead to no such conclusions....
2118	URIAH SMITH, "THOUGHTS ON DANIELAND THE REVELATION," PAGE 560.1• "It will be said again, Then all Sunday-keepers have the markDANIELAND THEREVELATIONof the beast; then all the good of past ages who kept this dayhad the mark of the beast; then Luther, Whitefield, theWesleys, and all who have done a good and noble work ofreformation, had the mark of the beast; then all the blessingsthat have been poured upon the reformed churches havebeen poured upon those who had the mark of the beast; and all Christiansof the present day who are keeping Sunday as the Sabbath, have the markof the beast. We answer, Not so! And we are sorry to say that someprofessedly religious teachers, though many times corrected, persist inmisrepresenting us on this point. We have never so held; we haveso taught. Our premises lead to no such conclusions....
2124	URIAH SMITH, "THOUGHTS ON DANIELAND THE REVELATION," PAGE 560.1• "It will be said again, Then all Sunday-keepers have the markDANIELAND THEREVELATIONof the beast; then all the good of past ages who kept this dayhad the mark of the beast; then Luther, Whitefield, theWesleys, and all who have tone a good and noble work ofreformation, had the mark of the beast; then all the blessingsthat have been poured upon the reformed churches havebeen poured upon those who had the mark of the beast; and all Christiansof the present day who are keeping Sunday as the Sabbath, have the markof the beast. We answer, Not so! And we are sorry to say that someprofessedly religious teachers, though many times corrected, persist inmisrepresenting us on this point. We have never so held; we have Iso taught. Our premises lead to no such conclusions....00C
2130	URIAH SMITH, "THOUGHTS ON DANIELAND THE REVELATION," PAGE 560.1• "It will be said again, Then all Sunday-keepers have the markDANIELAND TOREVELATIONof the beast; then all the good of past ages who kept this dayhad the mark of the beast; then Luther, Whitefield, theWesleys, and all who have done a good and noble work ofreformati+ 1, had the mark of the beast; then all the blessingsthat have been poured upon the reformed churches havebeen poured upon those who had the mark of the beast; and all Christiansof the present day who are keeping Sunday as the Sabbath, have the markof the beast. We answer, Not so! And we are sorry to say that someprofessedly religious teachers, though many times corrected, persist inmisrepresenting us on this point. We have never so held; we haveso taught. Our premises lead to no such conclusions....00C
2136	URIAH SMITH, "THOUGHTS ON DANIELAND THE REVELATION," PAGE 560.1• "It will be said again, Then all Sunday-keepers have the markDANIELAND TEREVELATIONof the beast; then all the good of past ages who kept this dayhad the mark of the beast; then Luther, Whitefield, theWesleys, and all who have done a good and noble work ofreformation, had the mark of the beast; then all the blessingsthat have been poured upon the reformed churches hstebeen poured upon those who had the mark of the beast; and all Christiansof the present day who are keeping Sunday as the Sabbath, have the markof the beast. We answer, Not so! And we are sorry to say that someprofessedly religious teachers, though many times corrected, persist inmisrepresenting us on this point. We have never so held; we haveso taught. Our premises lead to no such conclusions....O00G
2142	URIAH SMITH, "THOUGHTS ON DANIELAND THE REVELATION," PAGE 560.1• "It will be said again, Then all Sunday-keepers have the markDANIELAND THAREVELATIONof the beast; then all the good of past ages who kept this dayhad the mark of the beast; then Luther, Whitefield, theWesleys, and all who have done a good and noble work ofreformation, had the mark of the beast; then all the blessingsTEAM SMITthat have been poured upon the reformed churches havebeen poured upon those who had the mark of the beast; and all Christiansof the present day who are keeping Sunday as the Sabbath, have the markof the beast. We answer, Not so! And we are sorry to say that someprofessedly religious teachers, though many times corrected, persist inmisrepresenting us on this point. We have never so held; we haveso taught. Our premises lead to no such conclusions....10
2148	URIAH SMITH, "THOUGHTS ON DANIELAND THE REVELATION," PAGE 560.1DONATE• "It will be said again, Then all Sunday-keepers have the markDANIELAND THEREVELATIONof the beast; then all the good of past ages who kept this dayhad the mark of the beast; then Luther, Whitefield, theWesleys, and all who have done a good and noble work ofreformation, had the mark of the beast; then all the blessingsthat have been poured upon the reformed churches havebeen poured upon those who had the mark of the beast; and all Christiansof the present day who are keeping Sunday as the Sabbath, have the markof the beast. We answer, Not so! And we are sorry to say that someprofessedly religious teachers, though many times corrected, persist inmisrepresenting us on this point. We have never so held; we haveso taught. Our premises lead to no such conclusions....
2154	URIAH SMITH, "THOUGHTS ON DANIELAND THE REVELATION," PAGE 560.1• "It will be said again, Then all Sunday-keepers have the markDANIELAND THEREVELATIONof the beast; then all the good of past ages who kept this dayhad the mark of the beast; then Luther, Whitefield, theWesleys, and all who have done a good and noble work ofreformation, had the mark of the beast; then all the blessingsthat have been poured upon the reformed churches havebeen poured upon those who had the mark of the beast; and all Christiansof the present day who are keeping Sunday as the Sabbath, have the markof the beast. We answer, Not so! And we are sorry to say that someprofessedly religious teachers, though many times corrected, persist inmisrepresenting us on this point. We have never so feld; we have lso taught. Our premises lead to no such conclusions....
2160	URIAH SMITH, "THOUGHTS ON DANIELAND THE REVELATION," PAGE 560.1• "It will be said again, Then all Sunday-keepers have the markDANIELAND THEREVELATIONof the beast; then all the good of past ages who kept this dayhad the mark of the beast; then Luther, Whitefield, theWesleys, and all who have done a good and noble work ofreformation, had the mark of the beast; then all the blessingsthat have been poured upon the reformed churches havebeen poured upon those who had the mark of the beast; and all Christiansof the present day who are keeping Sunday as the Sabbath, have the markof the beast. We answer, Not so! And we are sorry to say that someprofessedly religious teachers, though many times corrected, persist inmisr presenting us on this point. We have never so held; we haveso taught. Our premises lead to no such conclusions....
2166	URIAH SMITH, "THOUGHTS ON DANIELAND THE REVELATION," PAGE 560.1• "It will be said again, Then all Sunday-keepers have the markDANIELAND TaREVELATIONof the beast; then all the good of past ages who kept this dayhad the mark of the beast; then Luther, Whitefield, theWesleys, and all who have done a good and noble work ofreformation, had the mark of the beast; then all the blessingsthat have been poured upon the reformed churches havebeen poured upon those who had the mark of the beast; and all Christiansof the present day who are keeping Sunday as the Sabbath, have the markof the beast. We answer, Not so! And we are sorry to say that someprofessedly religious teachers, though many times corrected, persist inmisrepresenting us on this point. We have never so held; we haveso taugnt. Our premises lead to no such conclusions....o e
2172	URIAH SMITH, "THOUGHTS ON DANIELAND THE REVELATION," PAGE 560.1• "It will be said again, Then all Sunday-keepers have the markDANIELAND TOREVELATIONof the beast; then all the good of past ages who kept this dayhad the mark of the beast; then Luther, Whitefield, theWesleys, and all who have done a good and noble work ofreformation, had the mark of the beast; then all the blessingsthat have been poured upon the reformed churches havebeen poured upon those who had the mark of the beast; and all Christiansof the present day who are keeping Sunday as the Sabbath, have the markof the beast. We answer, Not so! And we are sorry to say that someprofessedly religious teachers, though many times corrected, persist inmisrepresenting us on this point. We have never so held; we haveso yught. Our premises lead to no such conclusions....00C
2178	URIAH SMITH, "THOUGHTS ON DANIELAND THE REVELATION," PAGE 560.1DONATEDANIELREVELATION• ...The mark and worship of the beast ave enforced by the two-horned beast. The receiving of the mark of the beast is a specific actwhich the two-horned beast is to cause to be done. The third messageof Revelation 14 is a warning mercifully sent out in advance to preparethe people for the coming danger. There can therefore be no worshipof the beast, nor reception of his mark, such as the prophecy contemplates till it isenforced by the two-horned beast. We have seen intention was essential to thechange which the papacy has made in the law of God, to constitute it the mark ofthat power; so intention is necessary in the adoption of that change to make it, onthe part of any individual, the reception of that mark. In other words, a person mustadopt the change knowing it to be the work of the beast, and receive it onauthority of that power, in opposition to the requirement of God."
2184	URIAH SMITH, "THOUGHTS ON DANIELAND THE REVELATION," PAGE 560.1DONATEDANIELREVELATION• ...The mark and worship of the beast are enforced by the two-horned last. The receiving of the mark of the beast is a specific actwhich the two-horned beast is to cause to be done. The third messageof Revelation 14 is a warning mercifully sent out in advance to preparethe people for the coming danger. There can therefore be no worshipof the beast, nor reception of his mark, such as the prophecy contemplates till it isenforced by the two-horned beast. We have seen intention was essential to thechange which the papacy has made in the law of God, to constitute it the mark ofthat power; so intention is necessary in the adoption of that change to make it, onthe part of any individual, the reception of that mark. In other words, a person mustadopt the change knowing it to be the work of the beast, and receive it onauthority of that power, in opposition to the requirement of God."
2190	URIAH SMITH, "THOUGHTS ON DANIELAND THE REVELATION," PAGE 560.7DONATEDANIELREVELATION• ...The mark and worship of the beast are enforced by the two-horned beast. The receiving of the mark of the beast is a specific actwhich the two-horned beast is to cause to be done. The third messageof Revelation 14 is a warning mercifully sent out in advance to preparethe people for the coming danger. There can therefore be no worshipof the beast, nor reception of his mark, such as the prophecy contemplates till it isenforced by the two-horned beast. We have seen intention was essential to thechange which the papacy has made in the law of God, to constitute it the mark ofthat power; so intention is necessary in the adoption of that change to make it, onthe part of any individual, the reception of that mark. In other words, a person mustadopt the change knowing it to be the work of the beast, and receive it onauthority of that power, in opposition to the requirement of God."
2196	URIAH SMITH, "THOUGHTS ON DANIELAND THE REVELATION," PAGE 560.1DONATEDANIELREVELATION• ...The mark and worship of the beast are enforced by the two-horned beast. The receiving of the mark of the beast is a specific actwhich the two-horned beast is to cause to be done. The third messageof Revelation 14 is a warning mercifully sent out in advance to preparethe people for the coming danger. There can therefore be no worshipof the beast, nor reception of his mark, such as the prophecy contemplates till it isenforced by the two-horned beast. We have seen intention was essential to thechange which the papacy has made in the law of God, to constitute it the mark ofthat power; so intention is necessary in the adoption of that change to make it, onthe part of any individual, the reception of that mark. In other words, a person mustadopt the change knowing it to be the work of the beast, and receive it onauthority of that power, in opposition to the requirement of God."
2202	URIAH SMITH, "THOUGHTS ON DANIELAND THE REVELATION," PAGE 560.1DONATEDANIELREVELATION• ...The mark and worship of the beast are enforced by the two-horned beast. The receiving of the mark of the beast is a specific, actwhich the two-horned beast is to cause to be done. The third messageof Revelation 14 is a warning mercifully sent out in advance to preparethe people for the coming danger. There can therefore be no worshipof the beast, nor reception of his mark, such as the prophecy contemplates till it isenforced by the two-horned beast. We have seen intention was essential to thechange which the papacy has made in the law of God, to constitute it the mark ofthat power; so intention is necessary in the adoption of that change to make it, onthe part of any individual, the reception of that mark. In other words, a person mustadopt the change knowing it to be the work of the beast, and receive it onauthority of that power, in opposition to the requirement of God."1(0)
2208	URIAH SMITH, "THOUGHTS ON DANIELAND THE REVELATION," PAGE 560.1DONATEDANIELREVELATION• ...The mark and worship of the beast are enforced by the two-horned beast. The receiving of the mark of the beast is a specific actwhich the two-horned beast is to cause to be done. The third messageof Revelation 14 is a warning mercifully sent fut in advance to prepareORANSITHthe people for the coming danger. There can therefore be no worshipof the beast, nor reception of his mark, such as the prophecy contemplates till it isenforced by the two-horned beast. We have seen intention was essential to thechange which the papacy has made in the law of God, to constitute it the mark ofthat power; so intention is necessary in the adoption of that change to make it, onthe part of any individual, the reception of that mark. In other words, a person mustadopt the change knowing it to be the work of the beast, and receive it onauthority of that power, in opposition to the requirement of God."
2214	URIAH SMITH, "THOUGHTS ON DANIELAND THE REVELATION," PAGE 560.1DONATEDANIELREVELATION• ...The mark and worship of the beast are enforced by the two-horned beast. The receiving of the mark of the beast is a specific actwhich the two-horned beast is to cause to be done. The third messageof Revelation 14 is a warning mercifully sent out in advance to preparethe people for the coming danger. There can therefore be no worshipof the beast, nor reception of his mark, such as the prophecy contemplates till it isenforced by the two-horned beast. We have seen intention was essential to thechange which the papacy has made in the law of God, to constitute it the mark ofthat power; so intention is necessary in the adoption of that change to make it, onthe part of any individual, the reception of that mark. In other words, a person mustadopt the change knowing it to be the work of the beast, and receive it onauthority of that power, in opposition to the requirement of God."
2220	URIAH SMITH, "THOUGHTS ON DANIELAND THE REVELATION," PAGE 560.1DONATEDANIELREVELATION• ...The mark and worship of the beast are enforced by the two-horned beast. The receiving of the mark of the beast is a specific actwhich the two-horned beast is to cause to be done. The third messageof Revelation 14 is a warning mercifully sent out in advance to preparethe people for the coming danger. There can therefore be no worshipof the beast, nor reception of his mark, such as the prophecy contemplates till it isenforced by the two-horned beast. We have seen intention was essential to thechange which the papacy has made in the law of God, to constitute it the mark ofthat power; so intention is necessary in the adoption of that change to make it, onthe part of any individual, the reception of that mark. In other words, a person mustadopt the change knowing it to be the work of the beast, and receive it onauthority of that power, in opposition to the requirement of God."
2226	URIAH SMITH, "THOUGHTS ON DANIELAND THE REVELATION," PAGE 560.1DONATEDANIELREVELATION• ...The mark and worship of the beast are enforced by the two-horned beast. The receiving of the mark of the beast is a specific actwhich the two-horned beast is to cause to be done. The third messageof Revelation 14 is a warning mercifully sent out in advance to preparethe people for the coming danger.There can therefore be no worshipof the beast, nor reception of his mark, such as the prophecy contemplates till it isenforced by the two-horned beast. We have seen intention was essential to thechange which the papacy has made in the law of God, to constitute it the mark ofthat power; so intention is necessary in the adoption of that change to make it, onthe part of any individual, the reception of that mark. In other words, a person mustadopt the change knowing it to be the work of the beast, and receive it onauthority of that power, in opposition to the requirement of God."
2232	URIAH SMITH, "THOUGHTS ON DANIELAND THE REVELATION," PAGE 560.1DONATEDANIELREVELATION• ...The mark and worship of the beast are enforced by the two-horned beast. The receiving of the mark of the beast is a specific actwhich the two-horned beast is to cause to be done. The third messageof Revelation 14 is a warning mercifully sent out in advance to prepareORANGEThthe people for the coming danger. There can therefore be no worshipof the beast, nor reception of his mark, such as the prophecy contemplates till it isenforced by the two-horned beast. We have seen intention was essential to thechange which the papacy has made in the law of God, to constitute it the mark ofthat power; so intention is necessary in the adoption of that change to make it, onthe part of any individual, the reception of that mark. In other words, a person mustadopt the change knowing it to be the work of the beast, and receive it onauthority of that power, in opposition to the requirement of God."
2238	URIAH SMITH, "THOUGHTS ON DANIELAND THE REVELATION," PAGE 560.1DONATEDANIELREVELATION• ...The mark and worship of the beast are enforced by the two-horned beast. The receiving of the mark of the beast is a specific actwhich the two-horned beast is to cause to be done. The third messageof Revelation 14 is a warning mercifully sent out in advance to preparethe people for the coming danger. There can therefore be no worshipof the beast, nor reception of his mark, such as the prophecy contemplates till it isenforced by the two-horned beast. We have seen intention was essential to thechange which the papacy has made in the law of God, to constitute it the mark ofthat power; so intention is necessary in the adoption of that change to make it, onthe part of any individual, the reception of that mark. In other words, a person mustadopt the change knowing it to be the work of the beast, and receive it onauthority of that power, in opposition to the requirement of God."
2244	URIAH SMITH, "THOUGHTS ON DANIELAND THE REVELATION," PAGE 560.1DONATEDANIELREVELATION• ...The mark and worship of the beast are enforced by the two-horned beast. The receiving of the mark of the beast is a specific actwhich the two-horned beast is to cause to be done. The third messageof Revelation 14 is a warning mercifully sent out in advance to prepareTORANSITNthe people for the coming danger. There can therefore be no worshipof the beast, nor reception of his mark, such as the prophecy contemplates till it isenforced by the two-horned beast. We have seen intention was essential to thechange which the papacy has made in the law of God, to constitute it the mark ofthat power; so intention is necessary in the adoption of that change to make it, onthe part of any individual, the reception of that mark. In other words, a person mustadopt the change knowing it to be the work of the beast, and receive it onauthority of that power, in opposition to the requirement of God."
2250	URIAH SMITH, "THOUGHTS ON DANIELAND THE REVELATION," PAGE 560.1DONATEDANIELREVELATION• ...The mark and worship of the beast are enforced by the two-horned beast. The receiving of the mark of the beast is a specific actwhich the two-horned beast is to cause to be done. The third messageof Revelation 14 is a warning mercifully sent out in advance to prepareORAN WITHthe people for the coming danger. There can therefore be no worshipof the beast, nor reception of his mark, such as the prophecy contemplates till it isenforced by the two-horned beast. We have seen intention as essential to thechange which the papacy has made in the law of God, to constitute it the mark ofthat power; so intention is necessary in the adoption of that change to make it, onthe part of any individual, the reception of that mark. In other words, a person mustadopt the change knowing it to be the work of the beast, and receive it onauthority of that power, in opposition to the requirement of God."
2256	URIAH SMITH, "THOUGHTS ON DANIELAND THE REVELATION," PAGE 560.1DONATEDANIELREVELATION• ...The mark and worship of the beast are enforced by the two-horned beast. The receiving of the mark of the beast is a specific actwhich the two-horned beast is to cause to be done. The third messageof Revelation 14 is a warning mercifully sent out in advance to preparethe people for the coming danger. There can therefore be no worshipof the beast, nor reception of his mark, such as the prophecy contemplates till it isenforced by the two-horned beast. We have seen intention was essential to thechange which the papacy has made in the law of God, to constitute it the mark ofthat power; so intention is necessary in the adoption of that charge to make it, onthe part of any individual, the reception of that mark. In other words, a person mustadopt the change knowing it to be the work of the beast, and receive it onauthority of that power, in opposition to the requirement of God."
2262	URIAH SMITH, "THOUGHTS ON DANIELAND THE REVELATION," PAGE 560.1DONATEDANIELREVELATION• ...The mark and worship of the beast are enforced by the two-horned beast. The receiving of the mark of the beast is a specific actwhich the two-horned beast is to cause to be done. The third messageof Revelation 14 is a warning mercifully sent out in advance to preparethe people for the coming danger. There can therefore be no worshipof the beast, nor reception of his mark, such as the prophecy contemplates till it isenforced by the two-horned beast. We have seen intention was essential to thechange which the papacy has made in the law of God, to constitute it the mark ofthat power; so intention is necessary in the adoption of that change to make it, onthe part of any individual, the reception of that mark. In other words, a person sustadopt the change knowing it to be the work of the beast, and receive it onauthority of that power, in opposition to the requirement of God."
2268	URIAH SMITH, "THOUGHTS ON DANIELAND THE REVELATION," PAGE 560.1DONATEDANIELREVELATION• ...The mark and worship of the beast are enforced by the two-horned beast. The receiving of the mark of the beast is a specific actwhich the two-horned beast is to cause to be done. The third messageof Revelation 14 is a warning mercifully sent out in advance to prepareTOSTANVITthe people for the coming danger. There can therefore be no worshipof the beast, nor reception of his mark, such as the prophecy contemplates till it isenforced by the two-horned beast. We have seen intention was essential to thechange which the papacy has made in the law of God, to constitute it the mark ofthat power; so intention is necessary in the adoption of that change to make it, onthe part of any individual, the reception of that mark. In other words, a person mustadopt the change knowing it to be the work of the beasef and receive it onauthority of that power, in opposition to the requirement of God."
2274	URIAH SMITH, "THOUGHTS ON DANIELAND THE REVELATION," PAGE 560.1DONATEDANIELREVELATION• ...The mark and worship of the beast are enforced by the two-horned beast. The receiving of the mark of the beast is a specific actwhich the two-horned beast is to cause to be done. The third messageof Revelation 14 is a warning mercifully sent out in advance to prepareORAN WITNthe people for the coming danger. There can therefore be no worshipof the beast, nor reception of his mark, such as the prophecy contemplates till it isenforced by the two-horned beast. We have seen intention was essential to thechange which the papacy has made in the law of God, to constitute it the mark ofthat power; so intention is necessary in the adoption of that change to make it, onthe part of any individual, the reception of that mark. In other words, a person mustadopt the change knowing it to be the work of the beast, and receive it onauthority of that power, in opposition to the it juirement of God."
2280	URIAH SMITH, "THOUGHTS ON DANIELAND THE REVELATION," PAGE 560.1DONATEDANIELREVELATION• ...The mark and worship of the beast are enforced by the two-horned beast. The receiving of the mark of the beast is a specific actwhich the two-horned beast is to cause to be done. The third messageof Revelation 14 is a warning mercifully sent out in advance to preparethe people for the coming danger. There can therefore be no worshipof the beast, nor reception of his mark, such as the prophecy contemplates till it isenforced by the two-horned beast. We have seen intention was essential to thechange which the papacy has made in the law of God, to constitute it the mark ofthat power; so intention is necessary in the adoption of that change to make it, onthe part of any individual, the reception of that mark. In other words, a person mustadopt the change knowing it to be the work of the beast, and receive it onauthority of that power, in opposition to the requirement of God."
2286	URIAH SMITH, "THOUGHTS ON DANIELAND THE REVELATION," PAGE 560.1DONATEDANIELREVELATION• ...The mark and worship of the beast are enforced by the two-horned beast. The receiving of the mark of the beast is a specific actwhich the two-horned beast is to cause to be done. The third messageof Revelation 14 is a warning mercifully sent out in advance to preparethe people for the coming danger. There can therefore be no worshipof the beast, nor reception of his mark, such as the prophecy contemplates till it isenforced by the two-horned beast. We have seen intention was essential to thechange which the papacy has made in the law of God, to constitute it the mark ofthat power; so intention is necessary in the adoption of that change to make it, onthe part of any individual, the reception of that mark. In other words, a person mustadopt the change knowing it to be the work of the beast, and receive it onauthority of that power, in opposition to the requirement of God."
2292	URIAH SMITH, "THOUGHTS ON DANIELAND THE REVELATION," PAGE 560.1DONATEDANIELREVELATION• ...The mark and worship of the beast are enforced by the two-horned beast. The receiving of the mark of the beast is a specific actwhich the two-horned beast is to cause to be done. The third messageof Revelation 14 is a warning mercifully sent out in advance to preparethe people for the coming danger. There can therefore be no worshipof the beast, nor reception of his mark, such as the prophecy contemplates till it isenforced by the two-horned beast. We have seen intention was essential to thechange which the papacy has made in the law of God, to constitute it the mark ofthat power; so intention is necessary in the adoption of that change to make it, onthe part of any individual, the reception of that mark. In other words, a person mustadopt the change knowing it to be the work of the beast, and receive it onauthority of that power, in opposition to the requirement of God."
2298	JRIAH SMITH, "THOUGHTS ON DANIELAND THE REVELATION," PAGE 560.1DONATEDANIELREVELATION• ...The mark and worship of the beast are enforced by the two-horned beast. The receiving of the mark of the beast is a specific actwhich the two-horned beast is to cause to be done. The third messageof Revelation 14 is a warning mercifully sent out in advance to preparethe people for the coming danger. There can therefore be no worshipof the beast, nor reception of his mark, such as the prophecy contemplates till it isenforced by the two-horned beast. We have seen intention was essential to thechange which the papacy has made in the law of God, to constitute it the mark ofthat power; so intention is necessary in the adoption of that change to make it, onthe part of any individual, the reception of that mark. In other words, a person mustadopt the change knowing it to be the work of the beast, and receive it onauthority of that power, in opposition to the requirement of God."
2304	DONATEURIAH SMITH, "THOUGHTS ON DANIELAND THE REVELATION," PAGE 560.1DANIELREVELATION• ...The mark and worship of the beast are enforced by the two-horned beast. The receiving of the mark of the beast is a specific actwhich the two-horned beast is to cause to be done. The third messageof Revelation 14 is a warning mercifully sent out in advance to preparethe people for the coming danger. There can therefore be no worshipof the beast, nor reception of his mark, such as the prophecy contemplates till it isenforced by the two-horned beast. We have seen intention was essential to thechange which the papacy has made in the law of God, to constitute it the mark ofthat power; so intention is necessary in the adoption of that change to make it, onthe part of any individual, the reception of that mark. In other words, a person mustadopt the change knowing it to be the work of the beast, and receive it on theauthority of that power, in opposition to the requirement of God."
2310	DONATEURIAH SMITH, "THOUGHTS ON DANIELAND THE REVELATION," PAGE 560.1DANIELREVELATION• ...The mark and worship of the beast are enforced by the two-horned beast. The receiving of the mark of the beast is a specilic actwhich the two-horned beast is to cause to be done. The third messageof Revelation 14 is a warning mercifully sent out in advance to preparethe people for the coming danger. There can therefore be no worshipof the beast, nor reception of his mark, such as the prophecy contemplates till it isenforced by the two-horned beast. We have seen intention was essential to thechange which the papacy has made in the law of God, to constitute it the mark ofthat power; so intention is necessary in the adoption of that change to make it, onthe part of any individual, the reception of that mark. In other words, a person mustadopt the change knowing it to be the work of the beast, and receive it on theauthority of that power, in opposition to the requirement of God."
2316	DONATEURIAH SMITH, "THOUGHTS ON DANIELAND THE REVELATION," PAGE 560.1DANIELREVELATION• ..The mark and worship of the beast are enforced by the two-horned beast. The receiving of the mark of the beast is a specific actwhich the two-horned beast is to cause to be done. The third messageof Revelation 14 is a warning mercifully sent out in advance to preparethe people for the coming danger. There can therefore be no worshipof the beast, nor reception of his mark, such as the prophecy contemplates till it isenforced by the two-homed beast. We have seen intention was essential to thechange which the papacy has made in the law of God, to constitute it the mark ofthat power; so intention is necessary in the adoption of that change to make it, onthe part of any individual, the reception of that mark. In other words, a person mustadopt the change knowing it to be the work of the beast, and receive it on theauthority of that power, in opposition to the requirement of God."
2322	DONATEURIAH SMITH, "THOUGHTS ON DANIELAND THE REVELATION," PAGE 560.1DANIELREVELATION• ...The mark and worship of the beast are enforced by the two-horned beast. The receiving of the mark of the beast is a specific actwhich the two-horned beast is to cause to be done. The third messageof Revelation 14 is a warning mercifully sent out in advance to preparethe people for the coming danger. There can therefore be no worshipof the beast, nor reception of his mark, such as the prophecy contemplates till it isenforced by the two-homed beast. We have seen intention was essential to thechange which the papacy has made in the law of God, to constitute it the mark ofthat power; so intention is necessary in the adoption of that change to make it, onthe part of any individual, the reception of that mark. In other words, a person mustadopt the change knowing it to be the work of the beast, and receive it on theauthority of that power, in opposition to the requirement of God."
2328	DONATEURIAH SMITH, "THOUGHTS ON DANIELAND THE REVELATION," PAGE 560.1DANIELREVELATION• ...The mark and worship of the beast are enforced by the two-horned beast. The receiving of the mark of the beast is a specific actwhich the two-horned beast is to cause to be done. The third messageof Revelation 14 is a waning mercifully sent out in advance to preparethe people for the coming danger. There can therefore be no worshipof the beast, nor reception of his mark, such as the prophecy contemplates till it isenforced by the two-horned beast. We have seen intention was essential to thechange which the papacy has made in the law of God, to constitute it the mark ofthat power; so intention is necessary in the adoption of that change to make it, onthe part of any individual, the reception of that mark. In other words, a person mustadopt the change knowing it to be the work of the beast, and receive it on theauthority of that power, in opposition to the requirement of God."
2334	DONATEURIAH SMITH, "THOUGHTS ON DANIELAND THE REVELATION," PAGE 560.1DANIELREVELATION• ...The mark and worship of the beast are enforced by the two-hored beast. The receiving of the mark of the beast is a specific actwhich the two-horned beast is to cause to be done. The third messageof Revelation 14 is a warning mercifully sent out in advance to preparethe people for the coming danger. There can therefore be no worshipof the beast, nor reception of his mark, such as the prophecy contemplates till it isenforced by the two-horned beast. We have seen intention was essential to thechange which the papacy has made in the law of God, to constitute it the mark ofthat power; so intention is necessary in the adoption of that change to make it, onthe part of any individual, the reception of that mark. In other words, a person mustadopt the change knowing it to be the work of the beast, and receive it on theauthority of that power, in opposition to the requirement of God."
2340	DONATEURIAH SMITH, "THOUGHTS ON DANIELAND THE REVELATION," PAGE 560.1DANIELREVELATION• ..The mark and worship of the beast are enforced by the two-homed beast. The receiving of the mark of the beast is a specific actwhich the two-horned beast is to cause to be done. The third messageof Revelation 14 is a warning mercifully sent out in advance to preparethe people for the coming danger. There can therefore be no worshipof the beast, nor reception of his mark, such as the prophecy contemplates till it isenforced by the two-horned beast. We have seen intention was essential to thechange which the papacy has made in the law of God, to constitute it the mark ofthat power; so intention is necessary in the adoption of that change to make it, onthe part of any individual, the reception of that mark. In other words, a person mustadopt the change knowing it to be the work of the beast, and receive it on theauthority of that power, in opposition to the requirement of God."
2346	DONATEURIAH SMITH, "THOUGHTS ON DANIELAND THE REVELATION," PAGE 560.1DANIELREVELATION• ...The mark and worship of the beast are enforced by the two-horned beast. The receiving of the mark of the beast is a specific actwhich the two-horned beast is to cause to be done. The third messageof Revelation 14 is a warning mercifully sent out in advance to preparethe people for the coming danger. There can therefore be no worshipof the beast, nor reception of his mark, such as the prophecy contemplates till it isenforced by the two-horned beast. We have seen intention was essential to thechange which the papacy has made in the law of God, to constitute it the mark ofthat power; so intention is necessary in the adoption of that change to make it, onthe part of any individual, the reception of that mark. In other words, a person mustadopt the change knowing it to be the work of the beast, and receive it on theauthority of that power, in opposition to the requirement of God."
2352	DONATEURIAH SMITH, "THOUGHTS ON DANIELAND THE REVELATION," PAGE 560.1DANIELREVELATION• ...The mark and worship of the beast are enforced by the two-horned beast. The receiving of the mark of the beast is a specilic actwhich the two-horned beast is to cause to be done. The third messageof Revelation 14 is a waning mercifully sent out in advance to preparethe people for the coming danger. There can therefore be no worshipof the beast, nor reception of his mark, such as the prophecy contemplates till it isenforced by the two-horned beast. We have seen intention was essential to thechange which the papacy has made in the law of God, to constitute it the mark ofthat power; so intention is necessary in the adoption of that change to make it, onthe part of any individual, the reception of that mark. In other words, a person mustadopt the change knowing it to be the work of the beast, and receive it on theauthority of that power, in opposition to the requirement of God."
2358	DONATEURIAH SMITH, "THOUGHTS ON DANIELAND THE REVELATION," PAGE 560.1DANIELREVELATION• ..The mark and worship of the beast are enforced by the two-homed beast. The receiving of the mark of the beast is a specific actwhich the two-horned beast is to cause to be done. The third messageof Revelation 14 is a warning mercifully sent out in advance to preparethe people for the coming danger. There can therefore be no worshipof the beast, nor reception of his mark, such as the prophecy contemplates till it isenforced by the two-horned beast. We have seen intention was essential to thechange which the papacy has made in the law of God, to constitute it the mark ofthat power; so intention is necessary in the adoption of that change to make it, onthe part of any individual, the reception of that mark. In other words, a person mustadopt the change knowing it to be the work of the beast, and receive it on theauthority of that power, in opposition to the requirement of God."
2364	DONATEURIAH SMITH, "THOUGHTS ON DANIELAND THE REVELATION," PAGE 560.1DANIELREVELATION• ..The mark and worship of the beast are enforced by the two-horned beast. The receiving of the mark of the beast is a specific actwhich the two-horned beast is to cause to be done. The third messageof Revelation 14 is a warning mercifully sent out in advance to preparethe people for the coming danger. There can therefore be no worshipof the beast, nor reception of his mark, such as the prophecy contemplates till it isenforced by the two-horned beast. We have seen intention was essential to thechange which the papacy has made in the law of God, to constitute it the mark ofthat power; so intention is necessary in the adoption of that change to make it, onthe part of any individual, the reception of that mark. In other words, a person mustadopt the change knowing it to be the work of the beast, and receive it on theauthority of that power, in opposition to the requirement of God."
2370	DONATEURIAH SMITH, "THOUGHTS ON DANIELAND THE REVELATION," PAGE 560.1DANIELREVELATION• ..The mark and worship of the beast are enforced by the two-horned beast. The receiving of the mark of the beast is a specific actwhich the two-horned beast is to cause to be done. The third messageof Revelation 14 is a warning mercifully sent out in advance to preparethe people for the coming danger. There can therefore be no worshipof the beast, nor reception of his mark, such as the prophecy contemplates till it isenforced by the two-homed beast. We have seen intention was essential to thechange which the papacy has made in the law of God, to constitute it the mark ofthat power; so intention is necessary in the adoption of that change to make it, onthe part of any individual, the reception of that mark. In other words, a person mustadopt the change knowing it to be the work of the beast, and receive it on theauthority of that power, in opposition to the requirement of God."
2376	DONATEURIAH SMITH, "THOUGHTS ON DANIELAND THE REVELATION," PAGE 560.1DANIELREVELATION• ...The mark and worship of the beast are enforced by the two-horned beast. The receiving of the mark of the beast is a specific actwhich the two-horned beast is to cause to be done. The third messageof Revelation 14 is a warning mercifully sent out in advance to preparethe people for the coming danger. There can therefore be no worshipof the beast, nor reception of his mark, such as the prophecy contemplates till it isenforced by the two-horned beast. We have seen intention was essential to thechange which the papacy has made in the law of God, to constitute it the mark ofthat power; so intention is necessary in the adoption of that change to make it, onthe part of any individual, the reception of that mark. In other words, a person mustadopt the change knowing it to be the work of the beast, and receive it on theauthority of that power, in opposition to the requirement of God."
2382	DONATEURIAH SMITH, "THOUGHTS ON DANIELAND THE REVELATION," PAGE 560.1DANIELREVELATION• ...The mark and worship of the beast are enforced by the two-horned beast. The receiving of the mark of the beast is a specific actwhich the two-horned beast is to cause to be done. The third messageof Revelation 14 is a warning mercifully sent out in advance to preparethe people for the coming danger. There can therefore be no worshipof the beast, nor reception of his mark, such as the prophecy contemplates till it isenforced by the two-homed beast. We have seen intention was essential to thechange which the papacy has made in the law of God, to constitute it the mark ofthat power; so intention is necessary in the adoption of that change to make it, onthe part of any individual, the reception of that mark. In other words, a person mustadopt the change knowing it to be the work of the beast, and receive it on theauthority of that power, in opposition to the requirement of God."
2388	DONATEURIAH SMITH, "THOUGHTS ON DANIELAND THE REVELATION," PAGE 560.1DANIELREVELATION• ..The mark and worship of the beast are enforced by the two-horned beast. The receiving of the mark of the beast is a specific actwhich the two-horned beast is to cause to be done. The third messageof Revelation 14 is a warning mercifully sent out in advance to preparethe people for the coming danger. There can therefore be no worshipof the beast, nor reception of his mark, such as the prophecy contemplates till it isenforced by the two-homed beast. We have seen intention was essential to thechange which the papacy has made in the law of God, to constitute it the mark ofthat power; so intention is necessary in the adoption of that change to make it, onthe part of any individual, the reception of that mark. In other words, a person mustadopt the change knowing it to be the work of the beast, and receive it on theauthority of that power, in opposition to the requirement of God."
2394	DONATEURIAH SMITH, "THOUGHTS ON DANIELAND THE REVELATION," PAGE 560.1DANIELREVELATION• ..The mark and worship of the beast are enforced by the two-horned beast. The receiving of the mark of the beast is a specific actwhich the two-horned beast is to cause to be done. The third messageof Revelation 14 is a warning mercifully sent out in advance to preparethe people for the coming danger. There can therefore be no worshipof the beast, nor reception of his mark, such as the prophecy contemplates till it isenforced by the two-homed beast. We have seen intention was essential to thechange which the papacy has made in the law of God, to constitute it the mark ofthat power; so intention is necessary in the adoption of that change to make it, onthe part of any individual, the reception of that mark. In other words, a person mustadopt the change knowing it to be the work of the beast, and receive it on theauthority of that power, in opposition to the requirement of God."
2400	DONATEURIAH SMITH, "THOUGHTS ON DANIELAND THE REVELATION," PAGE 560.1DANIELREVELATION• ..The mark and worship of the beast are enforced by the two-horned beast. The receiving of the mark of the beast is a specilic actwhich the two-horned beast is to cause to be done. The third messageof Revelation 14 is a warning mercifully sent out in advance to preparethe people for the coming danger. There can therefore be no worshipof the beast, nor reception of his mark, such as the prophecy contemplates till it isenforced by the two-horned beast. We have seen intention was essential to thechange which the papacy has made in the law of God, to constitute it the mark ofthat power; so intention is necessary in the adoption of that change to make it, onthe part of any individual, the reception of that mark. In other words, a person mustadopt the change knowing it to be the work of the beast, and receive it on theauthority of that power, in opposition to the requirement of God."
2406	DONATE
2412	DONATEURIAH SMITH, "THOUGHTS ON DANIELAND THE REVELATION," PAGE 560.7DANIELREVELATION• ...The mark and worship of the beast are enforced by the two-horned beast. The receiving of the mark of the beast is a specile actwhich the two-horned beast is to cause to be done. The third messageof Revelation 14 is a warning mercifully sent out in advance to preparethe people for the coming danger. There can therefore be no worshipof the beast, nor reception of his mark, such as the prophecy contemplates till it isenforced by the two-homed beast. We have seen intention was essential to thechange which the papacy has made in the law of God, to constitute it the mark ofthat power; so intention is necessary in the adoption of that change to make it, onthe part of any individual, the reception of that mark. In other words, a person mustadopt the change knowing it to be the work of the beast, and receive it on theauthority of that power, in opposition to the requirement of God."
2418	THE GREAT CONTROVERSY, PAGE 450.1• "In the issue of the contest all Christendom will be divided into twogreat classes-those who keep the commandments of God and the faithof Jesus, and those who worship the beast and his image and receivehis mark. Although church and state will unite their power to compel"all, both small and great, rich and poor, free and bond" (Revelation13:16), to receive "the mark of the beast," yet the people of God willnot receive it. The prophet of Patmos beholds "them that had gottenthe victory over the beast, and over his image, and over his mark, andover the number of his name, stand on the sea of glass, having theharps of God" and singing the song of Moses and the Lamb.Revelation 15:2, 3."
2424	THE GREAT CONTROVERSY, PAGE 450.1• "In the issue of the contest all Christendom will be divided into twogreat classes--those who keep the commandments of God and the faithof Jesus, and those who worship the beast and his image and receivehis mark. Although church and state will unite their power to compel"all, both small and great, rich and poor, free and bond" (Revelation13:16), to receive "the mark of the beast," yet the people of God willnot receive it. The prophet of Patmos beholds "them that had gottenthe victory over the beast, and over his image, and over his mark, andover the number of his name, stand on the sea of glass, having theharps of God" and singing the song of Moses and the Lamb.Revelation 15:2, 3."
2430	THE GREAT CONTROVERSY, PAGE 450.1• "In the issue of the contest all Christendom will be divided into twogreat classes-those who keep the commandments of God and the faithof Jesus,And those who worship the beast and his image and receivehis mark. Although church and state will unite their power to compel"all, both small and great, rich and poor, free and bond" (Revelation13:16), to receive "the mark of the beast," yet the people of God willnot receive it. The prophet of Patmos beholds "them that had gottenthe victory over the beast, and over his image, and over his mark, andover the number of his name, stand on the sea of glass, having theharps of God" and singing the song of Moses and the Lamb.Revelation 15:2, 3."
2436	THE GREAT CONTROVERSY, PAGE 450.1• "In the issue of the contest all Christendom will be divided into twogreat classes--those who keep the commandments of God and the faithof Jesus, and those who worship the beast and his image and receivehis mark. Although church and state will unite their power to compel"all, both small and great, rich and poor, free and bond" (Revelation13:16), to receive "the mark of the beast," yet the people of God willnot receive it. The prophet of Patmos beholds "them that had gottenthe victory over the beast, and over his image, and over his mark, andover the number of his name, stand on the sea of glass, having theharps of God" and singing the song of Moses and the Lamb.Revelation 15:2, 3."
2442	DONATETHE GREAT CONTROVERSY, PAGE 450.1• "In the issue of the contest all Christendom will be divided into twogreat classes-those who keep the commandments of God and the faithof Jesus, and those who worship the beast and his image and receivehis mark. Although church and state will unite their pover to compel"all, both small and great, rich and poor, free and bond" (Revelation13:16), to receive "the mark of the beast," yet the people of God willnot receive it. The prophet of Patmos beholds "them that had gottenthe victory over the beast, and over his image, and over his mark, andover the number of his name, stand on the sea of glass, having theharps of God" and singing the song of Moses and the Lamb.Revelation 15:2, 3."
2448	THE GREAT CONTROVERSY, PAGE 450.1• "In the issue of the contest all Christendom will be divided into twogreat classes-those who keep the commandments of God and the faithof Jesus, and those who worship the beast and his image and receivehis mark. Although church and state will unite their power to compel"all, both small and great, rich and poor, free and bond" (Revelation13:16L to receive "the mark of the beast," yet the people of God willnot receive it. The prophet of Patmos beholds "them that had gottenthe victory over the beast, and over his image, and over his mark, andover the number of his name, stand on the sea of glass, having theharps of God" and singing the song of Moses and the Lamb.Revelation 15:2, 3."
2454	THE GREAT CONTROVERSY, PAGE 450.1• "In the issue of the contest all Christendom will be divided into twogreat classes-those who keep the commandments of God and the faithof Jesus, and those who worship the beast and his image and receivehis mark. Although church and state will unite their power to compel"all, both small and great, rich and poor, free and bond" (Revelation13:16), to receive "the mark of the heast," yet the people of God willnot receive it. The prophet of Patmos beholds "them that had gottenthe victory over the beast, and over his image, and over his mark, andover the number of his name, stand on the sea of glass, having theharps of God" and singing the song of Moses and the Lamb.Revelation 15:2, 3."
2460	THE GREAT CONTROVERSY, PAGE 450.1• "In the issue of the contest all Christendom will be divided into twogreat classes-those who keep the commandments of God and the faithof Jesus, and those who worship the beast and his image and receivehis mark. Although church and state will unite their power to compel"all, both small and great, rich and poor, free and bond" (Revelation13:16), to receive "the mark of the beast," yet the people of God willnot receive it. The prophet of Patmos beholds "them that had gottenthe victory over the beast, and over his image, and over his mark, andover the number of his name, stand on the sea of glass, having theharps of God" and singing the song of Moses and the Lamb.Revelation 15:2, 3."
2466	DONATETHE GREAT CONTROVERSY, PAGE 450.1• "In the issue of the contest all Christendom will be divided into twogreat classes--those who keep the commandments of God and the faithof Jesus, and those who worship the beast and his image and receivehis mark. Although church and state will unite their power to compel"all, both small and great, rich and poor, free and bond" (Revelation13:16), to receive "the mark of the beast," yet the people of God willnot receive it. The prophet of Patmos beholds "them that had gottenthe victory over the beast, and over his image, and over mis mark, andover the number of his name, stand on the sea of glass, having theharps of God" and singing the song of Moses and the Lamb.Revelation 15:2, 3."
2472	THE GREAT CONTROVERSY, PAGE 450.1• "In the issue of the contest all Christendom will be divided into twogreat classes--those who keep the commandments of God and the faithof Jesus, and those who worship the beast and his image and receivehis mark. Although church and state will unite their power to compel"all, both small and great, rich and poor, free and bond" (Revelation13:16), to receive "the mark of the beast," yet the people of God willnot receive it. The prophet of Patmos beholds "them that had gottenthe victory over the beast, and over his image, and over his mark, andover the number of his name, stand on the sea of glass, having theharps of God" and singing the song of Moses and the Lamb.Revelation 15:2, 3."
2478	THE GREAT CONTROVERSY, PAGE 450.1• "In the issue of the contest all Christendom will be divided into twogreat classes-those who keep the commandments of God and the faithof Jesus, and those who worship the beast and his image and receivehis mark. Although church and state will unite their power to compel"all, both small and great, rich and poor, free and bond" (Revelation13:16), to receive "the mark of the beast," yet the people of God willnot receive it. The prophet of Patmos beholds "them that had gottenthe victory over the beast, and over his image, and over his mark, andover the number of his name, stand on the sea of glass, having theharps of God" and singing the song of Moses and the Lamb.Revelation 15:2, 3.
2484	DONATETHE GREAT CONTROVERSY, PAGE 450.1• "In the issue of the contest all Christendom will be divided into twogreat classes-those who keep the commandments of God and the faithof Jesus, and those who worship the beast and his image and receivehis mark. Although church and state will unite their power to compel"all, both small and great, rich and poor, free and bond" (Revelation13:16), to receive "the mark of the beast," yet the people of God willnot receive it. The prophet of Patmos beholds "them that had gottenthe victory over the beast, and over his image, and over his mark, andover the number of his name, stand on the sea of glass, having theharps of God" and singing the song of Moses and the Lamb.Revelation 15:2, 3."
2490	DONATEREVIEW AND HERALD, DECEMBER 18, 1888 PAR. 6• "A time is coming when the law of God is, in a special sense, to bemade void in our land. The rulers of our nation will, by legislativeenactments, enforce the Sunday law, and thus God's people bebrought into great peril. When our nation, in its legislative councils,shall enact laws to bind the consciences of men in regard to theirreligious privileges, enforcing Sunday observance, and bringingoppressive power to bear against those who keep the seventh-daySabbath, the law of God will, to all intents and purposes, be madevoid in our land; and national apostasy will be followed by1ruln....
2496	REVIEW AND HERALD, DECEMBER 18, 1888 PAR. 6DONATE• "A time is coming when the law of God is, in a special sense, to bemade void in our land. The rulers of our nation will, by legislativeenactments, enforce the Sunday law, and thus God's people bebrought into great peril. When our nation, in its legislative councils,shall enact laws to bind the consciences of men in regard to theirreligious privileges, enforcing Sunday observance, and bringingoppressive power to bear against those who keep the seventh-daySabbath, the law of God will, to all intents and purposes, be madevoid in our land; and national apostasy will be followed byruln....
2502	REVIEW AND HERALD, DECEMBER 18, 1888 PAR. 6DONATE• "A time is coming when the law of God is, in a special sense, to bemade void in our land. The rulers of our nation will, by legislativeenactments, enforce the Sunday law, and thus God's people bebrought into great peril. When our nation, in its legislative councils,shall enact laws to bind the consciences of men in regard to theirreligious privileges, enforcing Sunday observance, and bringingoppressive power to bear against those who keep the seventh-daySabbath, the law of God will, to all intents and purposes, be madevoid in our land; and national apostasy will be followed byruln....
2508	REVIEW AND HERALD, DECEMBER 18, 1888 PAR. 6DONATE• "A time is coming when the law of God is, in a special sense, to bemade void in our land. The rulers of our nation will, by legislativeenactments, enforce the Sunday law, and thus God's people bebrought into great peril. When our nation, in its legislative councils,shall enact laws to bind the consciences of men in regard to theirreligious privileges, enforcing Sunday observance, and bringingoppressive power to bear against those who keep the seventh-daySabbath, the law of God will, to all intents and purposes, be madevoid in our land; and national apostasy will be followed by
2514	REVIEW AND HERALD, DECEMBER 18, 1888 PAR. 6DONATE• "A time is coming when the law of God is, in a special sense, to bemade void in our land. The rulers of our nation will, by legislativeenactments, enforce the Sunday law, and thus God's people bebrought into great peril. When our nation, in its legislative councils,shall enact laws to bind the consciences of men in regard to theirreligious privileges, enforcing Sunday observance, and bringingoppressive power to bear against those who keep the seventh-daySabbath, the law of God will, to all intents and purposes, be madevoid in our land; and national apostasy will be followed byruln....
2520	REVIEW AND HERALD, DECEMBER 18, 1888 PAR. 6DONATE• "A time is coming when the law of God is, in a special sense, to bemade void in our land. The rulers of our nation will, by legislativeenactments, enforce the Sunday law, and thus God's people bebrought into great peril. When our nation, in its legislative councils,shall enact laws to bind the consciences of men in regard to theirreligious privileges, enforcing Sunday observance, and bringingoppressive power to bear against those who keep the seventh-daySabbath, the law of God will, to all intents and purposes, be madevoid in our land; and national apostasy will be followed byruln....
2526	REVIEW AND HERALD, DECEMBER 18, 1888 PAR. 6DONATE• "A time is coming when the law of God is, in a special sense, to bemade void in our land. The rulers of our nation will, by legislativeenactments, enforce the Sunday law, and thus God's people bebrought into great peril. When our nation, in its legislative councils,shall enact laws to bind the consciences of men in regard to theirreligious privileges, enforcing Sunday observance, and bringingoppressive power to bear against those who keep the seventh-daySabbath, the law of God will, to all intents and purposes, be madevoid in our land; and national apostasy will be followed by
2532	REVIEW AND HERALD, DECEMBER 18, 1888 PAR. 6DONATE• "A time is coming when the law of God is, in a special sense, to bemade void in our land. The rulers of our nation will, by legislativeenactments, enforce the Sunday law, and thus God's people bebrought into great peril. When our nation, in its legislative councils,shall enact laws to bind the consciences of men in regard to theirreligious privileges, enforcing Sunday observance, and bringingoppressive power to bear against those who keep the seventh-daySabbath, the law of God will, to all intents and purposes, be madevoid in our land; and national apostasy will be followed byruln....
2538	REVIEW AND HERALD, DECEMBER 18, 1888 PAR. 6DONATE• "A time is coming when the law of God is, in a special sense, to bemade void in our land. The rulers of our nation will, by legislativeenactments, enforce the Sunday law, and thus God's people bebrought into great peril. When our nation, in its legislative councils,shall enact laws to bind the consciences of men in regard to theirreligious privileges, enforcing Sunday observance, and bringingoppressive power to bear against those who keep the seventh-daySabbath, the law of God will, to all intents and purposes, be madevoid in our land; and national apostasy will be followed byruln....
2544	REVIEW AND HERALD, DECEMBER 18, 1888 PAR. 6DONATE• "A time is coming when the law of God is, in a special sense, to bemade void in our land. The rulers of our nation will, by legislativeenactments, enforce the Sunday law, and thus God's people bebrought into great peril. When our nation, in its legislative councils,shall enact laws to bind the consciences of men in regard to theirreligious privileges, enforcing Sunday observance, and bringingoppressive power to bear against those who keep the seventh-daySabbath, the law of God will, to all intents and purposes, be madevoid in our land; and national apostasy will be followed byruln....
2550	REVIEW AND HERALD, DECEMBER 18, 1888 PAR. 6DONATE• "A time is coming when the law of God is, in a special sense, to bemade void in our land. The rulers of our nation will, by legislativeenactments, enforce the Sunday law, and thus God's people bebrought into great peril. When our nation, in its legislative councils,shall enact laws to bind the consciences of men in regard to theirreligious privileges, enforcing Sunday observance, and bringingoppressive power to bear against those who keep the seventh-daySabbath, the law of God will, to all intents and purposes, be madevoid in our land; and national apostasy will be followed byruln....
2556	REVIEW AND HERALD, DECEMBER 18, 1888 PAR. 6DONATE• "A time is coming when the law of God is, in a special sense, to bemade void in our land. The rulers of our nation will, by legislativeenactments, enforce the Sunday law, and thus God's people bebrought into great peril. When our nation, in its legislative councils,shall enact laws to bind the consciences of men in regard to theirreligious privileges, enforcing Sunday observance, and bringingoppressive power to bear against those who keep the seventh-daySabbath, the law of God will, to all intents and purposes, be madevoid in our land; and national apostasy will be followed byruln....
2562	REVIEW AND HERALD, DECEMBER 18, 1888 PAR. 6DONATE• "A time is coming when the law of God is, in a special sense, to bemade void in our land. The rulers of our nation will, by legislativeenactments, enforce the Sunday law, and thus God's people bebrought into great peril. When our nation, in its legislative councils,shall enact laws to bind the consciences of men in regard to theirreligious privileges, enforcing Sunday observance, and bringingoppressive power to bear against those who keep the seventh-daySabbath, the law of God will, to all intents and purposes, be madevoid in our land; and national apostasy will be followed byruln....
2568	REVIEW AND HERALD, DECEMBER 18, 1888 PAR. 6DONATE• "A time is coming when the law of God is, in a special sense, to bemade void in our land. The rulers of our nation will, by legislativeenactments, enforce the Sunday law, and thus God's people bebrought into great peril. When our nation, in its legislative councils,shall enact laws to bind the consciences of men in regard to theirreligious privileges, enforcing Sunday observance, and bringingoppressive power to bear against those who keep the seventh-daySabbath, the law of God will, to all intents and purposes, be madevoid in our land; and national apostasy will be followed byruin....
2574	REVIEW AND HERALD, DECEMBER 18, 1888 PAR. 6DONATE• "A time is coming when the law of God is, in a special sense, to bemade void in our land. The rulers of our nation will, by legislativeenactments, enforce the Sunday law, and thus God's people bebrought into great peril. When our nation, in its legislative councils,shall enact laws to bind the consciences of men in regard to theirreligious privileges, enforcing Sunday observance, and bringingoppressive power to bear against those who keep the seventh-daySabbath, the law of God will, to all intents and purposes, be madevoid in our land; and national apostasy will be followed byruin....
2580	DONATEREVIEW AND HERALD, DECEMBER 18, 1888 PAR. 6• "A time is coming when the law of God is, in a special sense, to bemade void in our land. The rulers of our nation will, by legislativeenactments, enforce the Sunday law, and thus God's people bebrought into great peril. When our nation, in its legislative councils,shall enact laws to bind the consciences of men in regard to theirreligious privileges, enforcing Sunday observance, and bringingoppressive power to bear against those who keep the seventh-daySabbath, the law of God will, to all intents and purposes, be madevoid in our land; and national apostasy will be followed by nationalrull.…•
2586	DONATEREVIEW AND HERALD, DECEMBER 18, 1888 PAR. 6• "A time is coming when the law of God is, in a special sense, to bemade void in our land. The rulers of our nation will, by legislativeenactments, enforce the Sunday law, and thus God's people bebrought into great peril. When our nation, in its legislative councils,shall enact laws to bind the consciences of men in regard to theirreligious privileges, enforcing Sunday observance, and bringingoppressive power to bear against those who keep the seventh-daySabbath, the law of God will, to all intents and purposes, be madevoid in our land; and national apostasy will be followed by nationalruin...Get our free resources on the mark of the beast - in digital or print:finalcountdown.amazingdiscoveries.org.
2592	DONATEREVIEW AND HERALD, DECEMBER 18, 1888 PAR. 6• "A time is coming when the law of God is, in a special sense, to bemade void in our land. The rulers of our nation will, by legislativeenactments, enforce the Sunday law, and thus God's people bebrought into great peril. When our nation, in its legislative councils,shall enact laws to bind the consciences of men in regard to theirreligious privileges, enforcing Sunday observance, and bringingoppressive power to bear against those who keep the seventh-daySabbath, the law of God will, to all intents and purposes, be madevoid in our land; and national apostasy will be followed by nationalruin...To learn about the mark of the beast download the study guide at:https://americaspropheticdestiny.amazingdiscoveries.org/
2598	DONATEREVIEW AND HERALD, DECEMBER 18, 1888 PAR. 6• "A time is coming when the law of God is, in a special sense, to bemade void in our land. The rulers of our nation will, by legislativeenactments, enforce the Sunday law, and thus God's people bebrought into great peril. When our nation, in its legislative councils,shall enact laws to bind the consciences of men in regard to theirreligious privileges, enforcing Sunday observance, and bringingoppressive power to bear against those who keep the seventh-daySabbath, the law of God will, to all intents and purposes, be madevoid in our land; and national apostasy will be followed by nationalruin...To learn about the mark of the beast download the study guide at:https://americaspropheticdestiny.amazingdiscoveries.org/
2604	DONATEREVIEW AND HERALD, DECEMBER 18, 1888 PAR. 6• "A time is coming when the law of God is, in a special sense, to bemade void in our land. The rulers of our nation will, by legislativeenactments, enforce the Sunday law, and thus God's people bebrought into great peril. When our nation, in its legislative councils,shall enact laws to bind the consciences of men in regard to theirreligious privileges, enforcing Sunday observance, and bringingoppressive power to bear against those who keep the seventh-daySabbath, the law of God will, to all intents and purposes, be madevoid in our land; and national apostasy will be followed by nationalruin...To learn about the mark of the beast download the study guide at:https://americaspropheticdestiny.amazingdiscoveries.org/
2610	REVIEW AND HERALD, DECEMBER 18, 1888 PAR. 6DONATE• "A time is coming when the law of God is, in a special sense, to bemade void in our land. The rulers of our nation will, by legislativeenactments, enforce the Sunday law, and thus God's people bebrought into great peril. When our nation, in its legislative councils,shall enact laws to bind the consciences of men in regard to theirreligious privileges, enforcing Sunday observance, and bringingoppressive power to bear against those who keep the seventh-daySabbath, the law of God will, to all intents and purposes, be madevoid in our land; and national apostasy will be followed byruln....
2616	REVIEW AND HERALD, DECEMBER 18, 1888 PAR. 6DONATE• "A time is coming when the law of God is, in a special sense, to bemade void in our land. The rulers of our nation will, by legislativeenactments, enforce the Sunday law, and thus God's people bebrought into great peril. When our nation, intits legislative councils,shall enact laws to bind the consciences of men in regard to theirreligious privileges, enforcing Sunday observance, and bringingoppressive power to bear against those who keep the seventh-daySabbath, the law of God will, to all intents and purposes, be madevoid in our land; and national apostasy will be followed by-ruln....
2622	REVIEW AND HERALD, DECEMBER 18, 1888 PAR. 6DONATE• "A time is coming when the law of God is, in a special sense, to bemade void in our land. The rulers of our nation will, by legislativeenactments, enforce the Sunday law, and thus God's people bebrought into great peril. When our nation, in its legislative councils,shall enact laws to bind the consciences of men in regard to theirreligious privileges, enforcing Sunday observance, and bringingoppresstre power to bear against those who keep the seventh-daySabbath, the law of God will, to all intents and purposes, be madevoid in our land; and national apostasy will be followed byruln....
2628	REVIEW AND HERALD, DECEMBER 18, 1888 PAR. 6DONATE• "A time is coming when the law of God is, in a special sense, to bemade void in our land. The rulers of our nation will, by legislativeenactments, enforce the Sunday law, and thus God's people bebrought into great peril. When our nation, in its legislative councils,shall enact laws to bind the consciences of men in regard to theirreligious privileges, enforcing Sunday observance, and bringingoppressive power to bear against those who keep the seventh-day*Sabbath, the law of God will, to all intents and purposes, be madevoid in our land; and national apostasy will be followed byruln....0000
2634	REVIEW AND HERALD, DECEMBER 18, 1888 PAR. 6DONATE• "A time is coming when the law of God is, in a special sense, to bemade void in our land. The rulers of our nation will, by legislativeenactments, enforce the Sunday law, and thus God's people bebrought into great peril. When our nation, in its legislative councils,shall enact laws to bind the consciences of men in regard to theirreligious privileges, enforcing Sunday observance, and bringingoppressive power to bear against those who keep the seventh-daySabbath, the law of God will, to all intents and purposes, be madevoid in our land; and national apostasy will be followed byruln....
2640	REVIEW AND HERALD, DECEMBER 18, 1888 PAR. 6DONATE• "A time is coming when the law of God is, in a special sense, to bemade void in our land. The rulers of our nation will, by legislativeenactments, enforce the Sunday law, and thus God's people bebrought into great peril. When our nation, in its legislative councils,shall enact laws to bind the consciences of men in regard to theirreligious privileges, enforcing Sunday observance, and bringingoppressive power to bear against those who keep the seventh-daySabbath, the law of God will, to all intents and purposes, be madevoid in our land; and national apostasy will be followed byruln....
2646	REVIEW AND HERALD, DECEMBER 18, 1888 PAR. 6DONATE• "A time is coming when the law of God is, in a special sense, to bemade void in our land. The rulers of our nation will, by legislativeenactments, enforce the Sunday law, and thus God's people bebrought into great peril. When our nation, in its legislative councils,shall enact laws to bind the consciences of men in regard to theirreligious privileges, enforcing Sunday observance, and bringingoppressive power to bear against those who keep the seventh-daySabbath, the law of God will, to all intents and purposes, be madevoid in our land; and national apostasy will be followed by
2652	REVIEW AND HERALD, DECEMBER 18, 1888 PAR. 6DONATE• "A time is coming when the law of God is, in a special sense, to bemade void in our land. The rulers of our nation will, by legislativeenactments, enforce the Sunday law, and thus God's people bebrought into great peril. When our nation, in its legislative councils,shall enact laws to bind the consciences of men in regard to theirreligious privileges, enforcing Sunday observance, and bringingoppressive power to bear against those who keep the seventh-daySabbath, the law of God will, to all intents and purposes, be madevoid in our land; and national apostasy will be followed byruln....
2658	REVIEW AND HERALD, DECEMBER 18, 1888 PAR. 6DONATE• "A time is coming when the law of God is, in a special sense, to bemade void in our land. The rulers of our nation will, by legislativeenactments, enforce the Sunday law, and thus God's people bebrought into great peril. When our nation, in its legislative councils,shall enact laws to bind the consciences of men in regard to theirreligious privileges, enforcing Sunday observance, and bringingoppressive power to bear against those who keep the seventh-daySabbath, the law of God will, to all intents and purposes, be madevoid in our land; and national apostasy will be followed byruln….•
2664	REVIEW AND HERALD, DECEMBER 18, 1888 PAR. 6DONATE• "A time is coming when the law of God is, in a special sense, to bemade void in our land. The rulers of our nation will, by legislativeenactments, enforce the Sunday law, and thus God's people bebrought into great peril. When our nation, in its legislative councils,shall enact laws to bind the consciences of men in regard to theirreligious privileges, enforcing Sunday observance, and bringingoppressive power to bear against those who keep the seventh-daySabbath, the law of God will, to all intents and purposes, be madevoid in our land; and national apostasy will be followed byruln....
2670	REVIEW AND HERALD, DECEMBER 18, 1888 PAR. 6DONATE• "A time is coming when the law of God is, in a special sense, to bemade void in our land. The rulers of our nation will, by legislativeenactments, enforce the Sunday law, and thus God's people bebrought into great peril. When our nation, in its legislative councils,shall enact laws to bind the consciences of men in regard to theirreligious privileges, enforcing Sunday observance, and bringingoppressive power to bear against those who keep the seventh-daySabbath, the law of God will, to all intents and purposes, be madevoid in our land; and national apostasy will be followed by-ruln....
2676	REVIEW AND HERALD, DECEMBER 18, 1888 PAR. 6DONATE• "A time is coming when the law of God is, in a special sense, to bemade void in our land. The rulers of our nation will, by legislativeenactments, enforce the Sunday law, and thus God's people bebrought into great peril. When our nation, in its legislative councils,shall enact laws to bind the consciences of men in regard to theirreligious privileges, enforcing Sunday observance, and bringingoppressive power to bear against those who keep the seventh-daySabbath, the law of God will, to all intents and purposes, be madevoid in our land; and national apostasy will be followed byruln....
2682	REVIEW AND HERALD, DECEMBER 18, 1888 PAR. 6DONATE• "A time is coming when the law of God is, in a special sense, to bemade void in our land. The rulers of our nation will, by legislativeenactments, enforce the Sunday law, and thus God's people bebrought into great peril. When our nation, in its legislative councils,shall enact laws to bind the consciences of men in regard to theirreligious privileges, enforcing Sunday observance, and bringingoppressive power to bear against those who keep the seventh-daySabbath, the law of God will, to all intents and purposes, be madevoid in our land; and national apostasy will be followed byruin....
2688	REVIEW AND HERALD, DECEMBER 18, 1888 PAR. 6DONATE• ...We see that those who are now keeping thecommandments of God need to best. themselves, that theymay obtain the special help which God alone can give them.They should work more earnestly to delay as long as possiblethe threatened calamity. If, in our land of boasted freedom, aProtestant government should sacrifice every principle whichenters into its Constitution, and propagate papal falsehoodand delusion, well may we plead, "It is time for thee, Jordwork, for they have made void thy law."..."
2694	DONATEREVIEW AND HERALD, DECEMBER 18, 1888 PAR. 6• ...We see that those who are now keeping thecommandments of God need to bestir themselves, that theymay obtain the special help which God alone can give them.They should work more earnestly to delay as long as possiblethe threatened calamity. If, in our land of boasted freedom, aProtestant government should sacrifice every principle whichenters into its Constitution, and propagate papal falsehoodand delusion, well may we plead, "It is time for thee, Jordwork, for they have made void thy law."..."
2700	DONATEREVIEW AND HERALD, DECEMBER 18, 1888 PAR. 6• ...We see that those who are now keeping thecommandments of God need to bestir themselves, that theymay obtain the special help which God alone can give them.They should work more earnestly to delay as long as possiblethe threatened calamity. If, in our land of boasted freedom, aProtestant government should sacrifice every principle whichenters into its Constitution, and propagate papal falsehoodand delusion, well may we plead, "It is time for thee, Jordwork, for they have made void thy law."..."
2706	DONATEREVIEW AND HERALD, DECEMBER 18, 1888 PAR. 6• ...We see that those who are now keeping thecommandments of God need to bestir themselves, that theymay obtain the special help which God alone can give them.They should work more earnestly to delay as long as possiblethe threatened calamity. If, in our land of boasted freedom, aProtestant government should sacrifice every principle whichenters into its Constitution, and propagate papal falsehoodand delusion, well may we plead, "It is time for thee, Jordwork, for they have made void thy law."..."
2712	REVIEW AND HERALD, DECEMBER 18, 1888 PAR. 6DONATE• ... We see that those who are now keeping thecommandments of God need to bestir themselves, that theymay obtain the special help which God alone can give them.They should work more earnestly to delay as long as possiblethe threatened calamity. If, in our land of boasted freedom, aProtestant government should sacrifice every principle whichenters into its Constitution, and propagate papal falsehoodand delusion, well may we plead, "It is time for thee, Jordwork, for they have made void thy law."..."
2718	REVIEW AND HERALD, DECEMBER 18, 1888 PAR. 6DONATE• ...We see that those who are now keeping thecommandments of God need to bestir themselves, that theymay obtain the special help which God alone can give them.They should work more earnestly to delay as long as possiblethe threatened calamity. If, in our land of boasted freedom, aProtestant government should sacrifice every principle whichenters into its Constitution, and propagate papal falsehoodand delusion, well may we plead, "It is time for thee, Jordwork, for they have made void thy law."..."
2724	REVIEW AND HERALD, DECEMBER 18, 1888 PAR. 6DONATE• ...We see that those who are now keeping thecommandments of God need to bestir themselves, that theymay obtain the special help which God alone can give them.They should work more earnestly to delay as long as possiblethe threatened calamity. If, in our land of boasted freedom, aProtestant government should sacrifice every principle whichenters into its Constitution, and propagate papal falsehoodand delusion, well may we plead, "It is time for thee, Jordwork, for they have made void thy law."..."
2730	REVIEW AND HERALD, DECEMBER 18, 1888 PAR. 6DONATE• ...We see that those who are now keeping thecommandments of God need to bestir themselves, that theymay obtain the special help which God alone can give them.They should work more earnestly to delay as long as possiblethe threatened calamity. If, in our land of boasted freedom, aProtestant government should sacrifice every principle whichenters into its Constitution, and propagate papal falsehoodand delusion, well may we plead, "It is time for thee, Jordwork, for they have made void thy law."..."
2736	REVIEW AND HERALD, DECEMBER 18, 1888 PAR. 6DONATE• ...We see that those who are now keeping thecommandments of God need to bestir themselves, that theymay obtain the special help which God alone can give them.They should work more earnestly to delay as long as possiblethe threatened calamity. If, in our land of boasted freedom, aProtestant government should sacrifice every principle whichenters into its Constitution, and propagate papal falsehoodand delusion, well may we plead, "It is time for thee, Jordwork, for they have made void thy law."..."
2742	DONATEREVIEW AND HERALD, DECEMBER 18, 1888 PAR. 6• ...We see that those who are now keeping thecommandments of God need to bestir themselves, that theymay obtain the special help which God alone can give them.They should work more earnestly to delay as long as possiblethe threatened calamity. If, in our land of boasted freedom, aProtestant government should sacrifice every principle whichenters into its Constitution, and propagate papal falsehoodand delusion, well may we plead, "It is time for thee, I ord towork, for they have made void thy law."
2748	DONATECOUNTRY LIVING, PAGE 9 PAR. 4• "In harmony with the light given me, I am urgingpeople to come out from the great centers ofpopulation. Our cities are increasing inwickedness, and it is becoming more and moreevident that those who remain in themunnecessarily do so at the peril of their soul's.salvation.-Manuscript 115, 1907."
2754	DONATECOUNTRY LIVING, PAGE 9 PAR. 4• "In harmony with the light given me, I am urgingpeople to come out from the great centers ofpopulation. Our cities are increasing inwickedness, and it is becoming more and moreevident that those who remain in themunnecessarily do so at the peril of their soul's.salvation.--Manuscript 115, 1907."
2760	DONATECOUNTRY LIVING, PAGE 9 PAR. 4• "In harmony with the light given me, I am urgingpeople to come out from the great centers ofpopulation. Our cities are increasing inwickedness, and it is becoming more and moreevident that those who remain in themunnecessarily do so at the peril of their soul's.salvation.-Manuscript 115, 1907."
2766	DONATECOUNTRY LIVING, PAGE 9 PAR. 4• "In harmony with the light given me, I am urgingpeople to come out from the great centers ofpopulation. Our cities are increasing inwickedness, and it is becoming more and moreevident that those who remain in themunnecessarily do so at the peril of their soul's.salvation.--Manuscript 115, 1907."
2772	DONATECOUNTRY LIVING, PAGE 9 PAR. 4• "In harmony with the light given me, I am urgingpeople to come out from the great centers ofpopulation. Our cities are increasing inwickedness, and it is becoming more and moreevident that those who remain in themunnecessarily do so at the peril of their soul'ssalvation.--Manuscript 115, 1907."
2778	DONATECOUNTRY LIVING, PAGE 9 PAR. 4• "In harmony with the light given me, I am urgingpeople to come out from the great centers ofpopulation. Our cities are increasing inwickedness, and it is becoming more and moreevident that those who remain in themunnecessarily do so at the peril of their soul's.salvation.--Manuscript 115, 1907."
2784	DONATECOUNTRY LIVING, PAGE 9 PAR. 4• "In harmony with the light given me, I am urgingpeople to come out from the great centers ofpopulation. Our cities are increasing inwickedness, and it is becoming more and moreevident that those who remain in themunnecessarily do so at the peril of their soul's.salvation.--Manuscript 115, 1907."
2790	DONATECOUNTRY LIVING, PAGE 9 PAR. 4• "In harmony with the light given me, I am urgingpeople to come out from the great centers ofpopulation. Our cities are increasing inwickedness, and it is becoming more and moreevident that those who remain in themunnecessarily do so at the peril of their soul's.salvation.--Manuscript 115, 1907."
2796	DONATECOUNTRY LIVING, PAGE 9 PAR. 4• "In harmony with the light given me, I am urgingpeople to come out from the great centers ofpopulation. Our cities are increasing inwickedness, and it is becoming more and moreevident that those who remain in themunnecessarily do so at the peril of their soul'ssalvation.-Manuscript 115, 1907."
2802	DONATECOUNTRY LIVING, PAGE 9 PAR. 4• "In harmony with the light given me, I am urgingpeople to come out from the great centers ofpopulation. Our cities are increasing inwickedness, and it is becoming more and moreevident that those who remain in themunnecessarily do so at the peril of their soul'ssalvation.-Manuscript 115, 1907."
2808	DONATECOUNTRY LIVING, PAGE 9 PAR. 4• "In harmony with the light given me, I am urgingpeople to come out from the great centers ofpopulation. Our cities are increasing inwickedness, and it is becoming more and moreevident that those who remain in themunnecessarily do so at the peril of their soul'ssalvation.-Manuscript 115, 1907."
2814	DONATECOUNTRY LIVING, PAGE 9 PAR. 4• "In harmony with the light given me, I am urgingpeople to come out from the great centers ofpopulation. Our cities are increasing inwickedness, and it is becoming more and moreevident that those who remamn in themunnecessarily do so at the peril of their soul'ssalvation.-Manuscript 115, 1907."
2820	DONATECOUNTRY LIVING, PAGE 9 PAR. 4• "In harmony with the light given me, I am urgingpeople to come out from the great centers ofpopulation. Our cities are increasing inwickedness, and it is becoming more and moreevident that those who remain in themunnecessarily do so at the peril of their soul'ssalvation.-Manuscript 115, 1907."90059
2826	DONATECOUNTRY LIVING, PAGE 9 PAR. 4• "In harmony with the light given me, I am urgingpeople to come out from the great centers ofpopulation. Our cities are increasing inwickedness, and it is becoming more and moreevident that those who remain in themunnecessarily do so at the peril of their soul'ssalvation.-Manuscript 115, 1907."000580
2832	DONATECOUNTRY LIVING, PAGE 9 PAR. 4• "In harmony with the light given me, I am urgingpeople to come out from the great centers ofpopulation. Our cities are increasing inwickedness, and it is becoming more and moreevident that those who remain in themunnecessarily do so at the peril of their soul'ssalvation.-Manuscript 115, 1907."0020980
2838	DONATECOUNTRY LIVING, PAGE 9 PAR. 4• "In harmony with the light given me, I am urgingpeople to come out from the great centers ofpopulation. Our cities are increasing inwickedness, and it is becoming more and moreevident that those who remain in themunnecessarily do so at the peril of their soul'ssalvation.-Manuscript 115, 1907."004083
2844	DONATECOUNTRY LIVING, PAGE 9 PAR. 4• "In harmony with the light given me, I am urgingpeople to come out from the great centers ofpopulation. Our cities are increasing inwickedness, and it is becoming more and moreevident that those who remain in themunnecessarily do so at the peril of their soul'ssalvation.-Manuscript 115, 1907."
2850	DONATECOUNTRY LIVING, PAGE 9 PAR. 4• "In harmony with the light given me, I am urgingpeople to come out from the great centers ofpopulation. Our cities are increasing inwickedness, and it is becoming more and moreevident that those who remain in themunnecessarily do so at the peril of their soul'ssalvation.-Manuscript 115, 1907."
2856	DONATECOUNTRY LIVING, PAGE 9 PAR. 4• "In harmony with the light given me, I am urgingpeople to come out from the great centers ofpopulation. Our cities are increasing inwickedness, and it is becoming more and moreevident that those who remain in themunnecessarily do so at the peril of their soul'ssalvation.-Manuscript 115, 1907."
2862	DONATECOUNTRY LIVING, PAGE 9 PAR. 4• "In harmony with the light given me, I am urgingpeople to come out from the great centers ofpopulation. Our cities are increasing inwickedness, and it is becoming more and moreevident that those who remain in themunnecessarily do so at the peril of their soul'ssalvation.-Manuscript 115, 1907."
2868	DONATECOUNTRY LIVING, PAGE 9 PAR. 4• "In harmony with the light given me, I am urgingpeople to come out from the great centers ofpopulation. Our cities are increasing inwickedness, and it is becoming more and moreevident that those who remain in themunnecessarily do so at the peril of their soul'ssalvation.-Manuscript 115, 1907."
2874	DONATECOUNTRY LIVING, PAGE 9 PAR. 4• "In harmony with the light given me, I am urgingpeople to come out from the great centers ofpopulation. Our cities are increasing inwickedness, and it is becoming more and moreevident that those who remain in themunnecessarily do so at the peril of their soul'ssalvation.-Manuscript 115, 1907."
2880	DONATECOUNTRY LIVING, PAGE 9 PAR. 4• "In harmony with the light given me, I am urgingpeople to come out from the great centers ofpopulation. Our cities are increasing inwickedness, and it is becoming more and moreevident that those who remain in themunnecessarily do so at the peril of their soul'ssalvation.-Manuscript 115, 1907."
2886	DONATECOUNTRY LIVING, PAGE 9 PAR. 4• "In harmony with the light given me, I am urgingpeople to come out from the great centers ofpopulation. Our cities are increasing inwickedness, and it is becoming more and moreevident that those who remain in themunnecessarily do so at the peril of their soul'ssalvation.-Manuscript 115, 1907."
2892	DONATECOUNTRY LIVING, PAGE 9 PAR. 4• "In harmony with the light given me, I am urgingpeople to come out from the great centers ofpopulation. Our cities are increasing inwickedness, and it is becoming more and moreevident that those who remain in themunnecessarily do so at the peril of their soul'ssalvation.-Manuscript 115, 1907."
2898	DONATECOUNTRY LIVING, PAGE 9 PAR. 4• "In harmony with the light given me, I am urgingpeople to come out from the great centers ofpopulation. Our cities are increasing inwickedness, and it is becoming more and moreevident that those who remain in themunnecessarily do so at the peril of their soul'ssalvation.-Manuscript 115, 1907."
2904	DONATECOUNTRY LIVING, PAGE 9 PAR. 4• "In harmony with the light given me, I am urgingpeople to come out from the great centers ofpopulation. Our cities are increasing inwickedness, and it is becoming more and moreevident that those who remamn in themunnecessarily do so at the peril of their soul'ssalvation.-Manuscript 115, 1907."
2910	DONATECOUNTRY LIVING, PAGE 9 PAR. 4• "In harmony with the light given me, I am urgingpeople to come out from the great centers ofpopulation. Our cities are increasing inwickedness, and it is becoming more and moreevident that those who remain in themunnecessarily do so at the peril of their soul'ssalvation.-Manuscript 115, 1907."
2916	DONATECOUNTRY LIVING, PAGE 9 PAR. 4• "In harmony with the light given me, I am urgingpeople to come out from the great centers ofpopulation. Our cities are increasing inwickedness, and it is becoming more and moreevident that those who remain in themunnecessarily do so at the peril of their soul'ssalvation.-Manuscript 115, 1907."
2922	DONATECOUNTRY LIVING, PAGE 9 PAR. 4• "In harmony with the light given me, I am urgingpeople to come out from the great centers ofpopulation. Our cities are increasing inwickedness, and it is becoming more and moreevident that those who remain in themunnecessarily do so at the peril of their soul'ssalvation.-Manuscript 115, 1907."
2928	DONATECOUNTRY LIVING, PAGE 9 PAR. 4• "In harmony with the light given me, I am urgingpeople to come out from the great centers ofpopulation. Our cities are increasing inwickedness, and it is becoming more and moreevident that those who remain in themunnecessarily do so at the peril of their soul'ssalvation.-Manuscript 115, 1907."
2934	DONATECOUNTRY LIVING, PAGE 9 PAR. 4• "In harmony with the light given me, I am urgingpeople to come out from the great centers ofpopulation. Our cities are increasing inwickedness, and it is becoming more and moreevident that those who remain in themunnecessarily do so at the peril of their soul'ssalvation.-Manuscript 115, 1907."
2940	DONATECOUNTRY LIVING, PAGE 9 PAR. 4• "In harmony with the light given me, I am urgingpeople to come out from the great centers ofpopulation. Our cities are increasing inwickedness, and it is becoming more and moreevident that those who remain in themunnecessarily do so at the peril of their soul'ssalvation.-Manuscript 115, 1907."
2946	DONATECOUNTRY LIVING, PAGE 9 PAR. 4• "In harmony with the light given me, I am urgingpeople to come out from the great centers ofpopulation. Our cities are increasing inwickedness, and it is becoming more and moreevident that those who remain in themunnecessarily do so at the peril of their soul'ssalvation.-Manuscript 115, 1907."For more information on endtime events go to Bible studies under:judgmentdaydocumentary.com
2952	DONATEFor more information on endtime events go to Bible studies under:judgmentdaydocumentary.com
2958	DONATEFor more information on endtime events go to Bible studies under:judgmentdaydocumentary.com
2964	DONATE
2970	DONATE
2976	DONATEGet a free copy of Miller's Rules Bookmark:bookmarks.amazingdiscoveries.org
2982	DONATEGet a free copy of Miller's Rules Bookmark:bookmarks.amazingdiscoveries.org
2988	DONATEGet a free copy of Miller's Rules Bookmark:bookmarks.amazingdiscoveries.org
2994	DONATEGet a free copy of Miller's Rules Bookmark:bookmarks.amazingdiscoveries.org
3000	DONATEGet a free copy of Miller's Rules Bookmark:bookmarks.amazingdiscoveries.org
3006	DONATE
3012	DONATE
3018	DONATE
3024	DONATE
3030	DONATE
3036	DONATE
3042	DONATE
3048	DONATE
3054	DONATE
3060	DONATE
3066	DONATE
3072	DONATE
3078	DONATE
3084	DONATE
3090	DONATE
3096	DONATE
3102	DONATE
3108	DONATE
3114	DONATE
3120	DONATECOUNTRY LIVING P.9• Again and again the Lord has instructed that our peopleare to take their lamilies away from the cities, into thecountry, where they can raise their own provisions; forin the future the problem of buying and selling will be avery serious one. We should now begin to heed theinstruction given us over and over again: Get out of thecities into rural districts, where the houses are notcrowded closely together, and where you will be freefrom the interference of enemies.
3126	COUNTRY LIVING P.9• Again and again the Lord has instructed that our peopleare to take their families away from the cities, into thecountry, where they can raise their own provisions; forin the future the problem of buying and selling will be avery serious one. We should now begin to heed theinstruction given us over and over again: Get out of thecities into rural districts, where the houses are notcrowded closely together, and where you will be tr,from the interference of enemies.000g
3132	COUNTRY LIVING P.9• Again and again the Lord has instructed that our peopleare to take their families away from the cities, into thecountry, where they can raise their own provisions; forin the future the problem of buying and selling will be avery serious one. We should now begin to heed theinstruction given us over and over again: Get out of thecities into rural districts, where the houses are notcrowded closely together, and where you will be fr,from the interference of enemies.
3138	COUNTRY LIVING P.9• Again and again the Lord has instructed that our peopleare to take their families away from the cities, into thecountry, where they can raise their own provisions; forin the future the problem of buying and selling will be avery serious one. We should now begin to heed theinstruction given us over and over again: Get out of thecities into rural districts, where the houses are notcrowded closely together, and where you will be fr,from the interference of enemies.• C
3144	COUNTRY LIVING P.9• Again and again the Lord has instructed that our peopleare to take their families away from the cities, into thecountry, where they can raise their own provisions; forin the future the problem of buying and selling will be avery serious one. We should now begin to heed theinstruction given us over and over again: Get out of thecities into rural districts, where the houses are notcrowded closely together, and where you will be frfrom the interference of enemies.
3150	DONATECOUNTRY LIVING P.9• Again and again the Lord has instructed that our peopleare to take their families away from the cities, into thecountry, where they can raise their own provisions; forin the future the problem of buying and selling will be avery serious one. We should now begin to heed theinstruction given us over and over again: Get out of thecities into rural districts, where the houses are notcrowded closely together, and where you will be frfrom the interference of enemies.
3156	DONATECOUNTRY LIVING P.9• Again and again the Lord has instructed that our peopleare to take their families away from the cities, into thecountry, where they can raise their own provisions; forin the future the problem of buying and selling will be avery serious one. We should now begin to heed theinstruction given us over and over again: Get out of thecities into rural districts, where the houses are notcrowded closely together, and where you will be fr.from the interference of enemies.
3162	COUNTRY LIVING P.9• Again and again the Lord has instructed that our peopleare to take their families away from the cities, into thecountry, where they can raise their own provisions; forin the future the problem of buying and selling will be avery serious one. We should now begin to heed theinstruction given us over and over again: Get out of thecities into rural districts, where the houses are notcrowded closely together, and where you will be fr,from the interference of enemies.
3168	DONATECOUNTRY LIVING P.9• Again and again the Lord has instructed that our peopleare to take their families away from the cities, into thecountry, where they can raise their own provisions; forin the future the problem of buying and selling will be avery serious one. We should now begin to heed theinstruction given us over and over again: Get out of thecities into rural districts, where the houses are notcrowded closely together, and where you will be frfrom the interference of enemies.
3174	DONATECOUNTRY LIVING P.9• Again and again the Lord has instructed that our peopleare to take their families away from the cities, into thecountry, where they can raise their own provisions; forin the future the problem of buying and selling will be avery serious one. We should now begin to heed theinstruction given us over and over again: Get out of thecities into rural districts, where the houses are notcrowded closely together, and where you will be fr,from the interference of enemies.
3180	DONATECOUNTRY LIVING P.9• Again and again the Lord has instructed that our peopleare to take their families away from the cities, into thecountry, where they can raise their own provisions; forin the future the problem of buying and selling will be avery serious one. We should now begin to heed theinstruction given us over and over again: Get out of thecities into rural districts, where the houses are notcrowded closely together, and where you will be fr,from the interference of enemies.
3186	DONATECOUNTRY LIVING P.9• Again and again the Lord has instructed that our peopleare to take their families away from the cities, into thecountry, where they can raise their own provisions; forin the future the problem of buying and selling will be avery serious one. We should now begin to heed theinstruction given us over and over again: Get out of thecities into rural districts, where the houses are notcrowded closely together, and where you will be freefrom the interference of enemies.
3192	DONATECOUNTRY LIVING P.9• Again and again the Lord has instructed that our peopleare to take their families away from the cities, into thecountry, where they can raise their own provisions; forin the future the problem of buying and selling will be avery serious one. We should now begin to heed theinstruction given us over and over again: Get out of thecities into rural districts, where the houses are notcrowded closely together, and where you will be freefrom the interference of enemies.
3198	DONATECOUNTRY LIVING P.9• Again and again the Lord has instructed that our peopleare to take their families away from the cities, into thecountry, where they can raise their own provisions; forin the future the problem of buying and selling will be avery serious one. We should now begin to heed theinstruction given us over and over again: Get out of thecities into rural districts, where the houses are notcrowded closely together, and where you will be freefrom the interference of enemies.
3204	DONATECOUNTRY LIVING P.9• Again and again the Lord has instructed that our peopleare to take their families away from the cities, into thecountry, where they can raise their own provisions; forin the future the problem of buying and selling will be avery serious one. We should now begin to heed theinstruction given us over and over again: Get out of thecities into rural districts, where the houses are notcrowded closely together, and where you will be freefrom the interference of enemies.
3210	DONATECOUNTRY LIVING P.9• Again and again the Lord has instructed that our peopleare to take their families away from the cities, into thecountry, where they can raise their own provisions; forin the future the problem of buying and selling will be avery serious one. We should now begin to heed theinstruction given us over and over again: Get out of thecities into rural districts, where the houses are notcrowded closely together, and where you will be freefrom the interference of enemies.
3216	DONATECOUNTRY LIVING P.9• Again and again the Lord has instructed that our peopleare to take their families away from the cities, into thecountry, where they can raise their own provisions; forin the future the problem of buying and selling will be avery serious one. We should now begin to heed theinstruction given us over and over again: Get out of thecities into rural districts, where the houses are notcrowded closely together, and where you will be freefrom the interference of enemies.
3222	DONATECOUNTRY LIVING P.9• Again and again the Lord has instructed that our peopleare to take their families away from the cities, into thecountry, where they can raise their own provisions; forin the future the problem of buying and selling will be avery serious one. We should now begin to heed theinstruction given us over and over again: Get out of thecities into rural districts, where the houses are notcrowded closely together, and where you will be freefrom the interference of enemies.
3228	DONATECOUNTRY LIVING P.9• Again and again the Lord has instructed that our peopleare to take their families away from the cities, into thecountry, where they can raise their own provisions; forin the future the problem of buying and selling will be avery serious one. We should now begin to heed theinstruction given us over and over again: Get out of thecities into rural districts, where the houses are notcrowded closely together, and where you will be freefrom the interference of enemies.
3234	DONATECOUNTRY LIVING P.9• Again and again the Lord has instructed that our peopleare to take their families away from the cities, into thecountry, where they can raise their own provisions; forin the future the problem of buying and selling will be avery serious one. We should now begin to heed theinstruction given us over and over again: Get out of thecities into rural districts, where the houses are notcrowded closely together, and where you will be freefrom the interference of enemies.
3240	DONATECOUNTRY LIVING P.9• Again and again the Lord has instructed that our peopleare to take their families away from the cities, into thecountry, where they can raise their own provisions; forin the future the problem of buying and selling will be avery serious one. We should now begin to heed theinstruction given us over and over again: Get out of thecities into rural districts, where the houses are notcrowded closely together, and where you will be freefrom the interference of enemies.
3246	DONATECOUNTRY LIVING P.9• Again and again the Lord has instructed that our peopleare to take their families away from the cities, into thecountry, where they can raise their own provisions; forin the future the problem of buying and selling will be avery serious one. We should now begin to heed theinstruction given us over and over again: Get out of thecities into rural districts, where the houses are notcrowded closely together, and where you will be freefrom the interference of enemies.
3252	DONATECOUNTRY LIVING P.9• Again and again the Lord has instructed that our peopleare to take their families away from the cities, into thecountry, where they can raise their own provisions; forin the future the problem of buying and selling will be avery serious one. We should now begin to heed theinstruction given us over and over again: Get out of thecities into rural districts, where the houses are notcrowded closely together, and where you will be freefrom the interference of enemies.
3258	DONATECOUNTRY LIVING P.9• Again and again the Lord has instructed that our peopleare to take their families away from the cities, into thecountry, where they can raise their own provisions; forin the future the problem of buying and selling will be avery serious one. We should now begin to heed theinstruction given us over and over again: Get out of thecities into rural districts, where the houses are notcrowded closely together, and where you will be freefrom the interference of enemies.
3264	DONATECOUNTRY LIVING P.9• Again and again the Lord has instructed that our peopleare to take their families away from the cities, into thecountry, where they can raise their own provisions; forin the future the problem of buying and selling will be avery serious one. We should now begin to heed theinstruction given us over and over again: Get out of thecities into rural districts, where the houses are notcrowded closely together, and where you will be freefrom the interference of enemies.
3270	DONATECOUNTRY LIVING P.9• Again and again the Lord has instructed that our peopleare to take their families away from the cities, into thecountry, where they can raise their own provisions; forin the future the problem of buying and selling will be avery serious one. We should now begin to heed theinstruction given us over and over again: Get out of thecities into rural districts, where the houses are notcrowded closely together, and where you will be freefrom the interference of enemies.
3276	DONATECOUNTRY LIVING P.9• Again and again the Lord has instructed that our peopleare to take their families away from the cities, into thecountry, where they can raise their own provisions; forin the future the problem of buying and selling will be avery serious one. We should now begin to heed theinstruction given us over and over again: Get out of thecities into rural districts, where the houses are notcrowded closely together, and where you will be freefrom the interference of enemies.
3282	DONATECOUNTRY LIVING P.9• Again and again the Lord has instructed that our peopleare to take their families away from the cities, into thecountry, where they can raise their own provisions; forin the future the problem of buying and selling will be avery serious one. We should now begin to heed theinstruction given us over and over again: Get out of thecities into rural districts, where the houses are notcrowded closely together, and where you will be freefrom the interference of enemies.
3288	DONATECOUNTRY LIVING P.9• Again and again the Lord has instructed that our peopleare to take their families away from the cities, into thecountry, where they can raise their own provisions; forin the future the problem of buying and selling will be avery serious one. We should now begin to heed theinstruction given us over and over again: Get out of thecities into rural districts, where the houses are notcrowded closely together, and where you will be freefrom the interference of enemies.
3294	DONATECOUNTRY LIVING P.9• Again and again the Lord has instructed that our peopleare to take their families away from the cities, into thecountry, where they can raise their own provisions; forin the future the problem of buying and selling will be avery serious one. We should now begin to heed theinstruction given us over and over again: Get out of thecities into rural districts, where the houses are notcrowded closely together, and where you will be freefrom the interference of enemies.
3300	DONATECOUNTRY LIVING P.9• Again and again the Lord has instructed that our peopleare to take their families away from the cities, into thecountry, where they can raise their own provisions; forin the future the problem of buying and selling will be avery serious one. We should now begin to heed theinstruction given us over and over again: Get out of thecities into rural districts, where the houses are notcrowded closely together, and where you will be freefrom the interference of enemies.
3306	DONATECOUNTRY LIVING P.9• Again and again the Lord has instructed that our peopleare to take their families away from the cities, into thecountry, where they can raise their own provisions; forin the future the problem of buying and selling will be avery serious one. We should now begin to heed theinstruction given us over and over again: Get out of thecities into rural districts, where the houses are notcrowded closely together, and where you will be freefrom the interference of enemies.
3312	DONATECOUNTRY LIVING P.9• Again and again the Lord has instructed that our peopleare to take their families away from the cities, into thecountry, where they can raise their own provisions; forin the future the problem of buying and selling will be avery serious one. We should now begin to heed theinstruction given us over and over again: Get out of thecities into rural districts, where the houses are notcrowded closely together, and where you will be freefrom the interference of enemies.
3318	DONATECOUNTRY LIVING P.9• Again and again the Lord has instructed that our peopleare to take their families away from the cities, into thecountry, where they can raise their own provisions; forin the future the problem of buying and selling will be avery serious one. We should now begin to heed theinstruction given us over and over again: Get out of thecities into rural districts, where the houses are notcrowded closely together, and where you will be freefrom the interference of enemies.
3324	DONATECOUNTRY LIVING P.9• Again and again the Lord has instructed that our peopleare to take their families away from the cities, into thecountry, where they can raise their own provisions; forin the future the problem of buying and selling will be avery serious one. We should now begin to heed theinstruction given us over and over again: Get out of thecities into rural districts, where the houses are notcrowded closely together, and where you will be freefrom the interference of enemies.
3330	DONATECOUNTRY LIVING P.9• Again and again the Lord has instructed that our peopleare to take their families away from the cities, into thecountry, where they can raise their own provisions; forin the future the problem of buying and selling will be avery serious one. We should now begin to heed theinstruction given us over and over again: Get out of thecities into rural districts, where the houses are notcrowded closely together, and where you will be freefrom the interference of enemies.
3336	DONATECOUNTRY LIVING P.9• Again and again the Lord has instructed that our peopleare to take their families away from the cities, into thecountry, where they can raise their own provisions; forin the future the problem of buying and selling will be avery serious one. We should now begin to heed theinstruction given us over and over again: Get out of thecities into rural districts, where the houses are notcrowded closely together, and where you will be freefrom the interference of enemies.
3342	DONATECOUNTRY LIVING P.9• Again and again the Lord has instructed that our peopleare to take their families away from the cities, into thecountry, where they can raise their own provisions; forin the future the problem of buying and selling will be avery serious one. We should now begin to heed theinstruction given us over and over again: Get out of thecities into rural districts, where the houses are notcrowded closely together, and where you will be freefrom the interference of enemies.
3348	DONATECOUNTRY LIVING P.9• Again and again the Lord has instructed that our peopleare to take their families away from the cities, into thecountry, where they can raise their own provisions; forin the future the problem of buying and selling will be avery serious one. We should now begin to heed theinstruction given us over and over again: Get out of thecities into rural districts, where the houses are notcrowded closely together, and where you will be freefrom the interference of enemies.
3354	DONATECOUNTRY LIVING P.9• Again and again the Lord has instructed that our peopleare to take their families away from the cities, into thecountry, where they can raise their own provisions; forin the future the problem of buying and selling will be avery serious one. We should now begin to heed theinstruction given us over and over again: Get out of thecities into rural districts, where the houses are notcrowded closely together, and where you will be freefrom the interference of enemies.
3360	DONATECOUNTRY LIVING P.9• Again and again the Lord has instructed that our peopleare to take their families away from the cities, into thecountry, where they can raise their own provisions; forin the future the problem of buying and selling will be avery serious one. We should now begin to heed theinstruction given us over and over again: Get out of thecities into rural districts, where the houses are notcrowded closely together, and where you will be freefrom the interference of enemies.
3366	DONATECOUNTRY LIVING P.9• Again and again the Lord has instructed that our peopleare to take their families away from the cities, into thecountry, where they can raise their own provisions; forin the future the problem of buying and selling will be avery serious one. We should now begin to heed theinstruction given us over and over again: Get out of thecities into rural districts, where the houses are notcrowded closely together, and where you will be freefrom the interference of enemies.
3372	DONATECOUNTRY LIVING P.9• Again and again the Lord has instructed that our peopleare to take their families away from the cities, into thecountry, where they can raise their own provisions; forin the future the problem of buying and selling will be avery serious one. We should now begin to heed theinstruction given us over and over again: Get out of thecities into rural districts, where the houses are notcrowded closely together, and where you will be freefrom the interference of enemies.
3378	DONATECOUNTRY LIVING P.9• Again and again the Lord has instructed that our peopleare to take their families away from the cities, into thecountry, where they can raise their own provisions; forin the future the problem of buying and selling will be avery serious one. We should now begin to heed theinstruction given us over and over again: Get out of thecities into rural districts, where the houses are notcrowded closely together, and where you will be freefrom the interference of enemies.
3384	DONATECOUNTRY LIVING P.9• Again and again the Lord has instructed that our peopleare to take their families away from the cities, into thecountry, where they can raise their own provisions; forin the future the problem of buying and selling will be avery serious one. We should now begin to heed theinstruction given us over and over again: Get out of thecities into rural districts, where the houses are notcrowded closely together, and where you will be freefrom the interference of enemies.
3390	DONATECOUNTRY LIVING P.9• Again and again the Lord has instructed that our peopleare to take their families away from the cities, into thecountry, where they can raise their own provisions; forin the future the problem of buying and selling will be avery serious one. We should now begin to heed theinstruction given us over and over again: Get out of thecities into rural districts, where the houses are notcrowded closely together, and where you will be freefrom the interference of enemies.
3396	DONATECOUNTRY LIVING P.9• Again and again the Lord has instructed that our peopleare to take their families away from the cities, into thecountry, where they can raise their own provisions; forin the future the problem of buying and selling will be avery serious one. We should now begin to heed theinstruction given us over and over again: Get out of thecities into rural districts, where the houses are notcrowded closely together, and where you will be freefrom the interference of enemies.
3402	DONATECOUNTRY LIVING P.9• Again and again the Lord has instructed that our peopleare to take their families away from the cities, into thecountry, where they can raise their own provisions; forin the future the problem of buying and selling will be avery serious one. We should now begin to heed theinstruction given us over and over again: Get out of thecities into rural districts, where the houses are notcrowded closely together, and where you will be freefrom the interference of enemies.
3408	DONATECOUNTRY LIVING P.9• Again and again the Lord has instructed that our peopleare to take their families away from the cities, into thecountry, where they can raise their own provisions; forin the future the problem of buying and selling will be avery serious one. We should now begin to heed theinstruction given us over and over again: Get out of thecities into rural districts, where the houses are notcrowded closely together, and where you will be freefrom the interference of enemies.
3414	DONATECOUNTRY LIVING P.9• Again and again the Lord has instructed that our peopleare to take their families away from the cities, into thecountry, where they can raise their own provisions; forin the future the problem of buying and selling will be avery serious one. We should now begin to heed theinstruction given us over and over again: Get out of thecities into rural districts, where the houses are notcrowded closely together, and where you will be freefrom the interference of enemies.
3420	DONATECOUNTRY LIVING P.9• Again and again the Lord has instructed that our peopleare to take their families away from the cities, into thecountry, where they can raise their own provisions; forin the future the problem of buying and selling will be avery serious one. We should now begin to heed theinstruction given us over and over again: Get out of thecities into rural districts, where the houses are notcrowded closely together, and where you will be freefrom the interference of enemies.
3426	DONATECOUNTRY LIVING P.9• Again and again the Lord has instructed that our peopleare to take their families away from the cities, into thecountry, where they can raise their own provisions; forin the future the problem of buying and selling will be avery serious one. We should now begin to heed theinstruction given us over and over again: Get out of thecities into rural districts, where the houses are notcrowded closely together, and where you will be freefrom the interference of enemies.
3432	DONATECOUNTRY LIVING P.9• Again and again the Lord has instructed that our peopleare to take their families away from the cities, into thecountry, where they can raise their own provisions; forin the future the problem of buying and selling will be avery serious one. We should now begin to heed theinstruction given us over and over again: Get out of thecities into rural districts, where the houses are notcrowded closely together, and where you will be freefrom the interference of enemies.
3438	DONATECOUNTRY LIVING P.9• Again and again the Lord has instructed that our peopleare to take their families away from the cities, into thecountry, where they can raise their own provisions; forin the future the problem of buying and selling will be avery serious one. We should now begin to heed theinstruction given us over and over again: Get out of thecities into rural districts, where the houses are notcrowded closely together, and where you will be freefrom the interference of enemies.
3444	DONATECOUNTRY LIVING P.9• Again and again the Lord has instructed that our peopleare to take their families away from the cities, into thecountry, where they can raise their own provisions; forin the future the problem of buying and selling will be avery serious one. We should now begin to heed theinstruction given us over and over again: Get out of thecities into rural districts, where the houses are notcrowded closely together, and where you will be freefrom the interference of enemies.
3450	DONATECOUNTRY LIVING P.9• Again and again the Lord has instructed that our peopleare to take their families away from the cities, into thecountry, where they can raise their own provisions; forin the future the problem of buying and selling will be avery serious one. We should now begin to heed theinstruction given us ger and over again: Get out of thecities into rural districts, where the houses are notcrowded closely together, and where you will be freefrom the interference of enemies.0000980
3456	COUNTRY LIVING P.9DONATE• Again and again the Lord has instructed that our peopleare to take their families away from the cities, into thecountry, where they can raise their own provisions; forin the future the problem of buying and selling will be avery serious one. We should now begin to heed theinstruction given us over and over again: Get out of thecities into rural districts, where the houses are notcrowded closely together, and where you will be frfrom the interference of enemies.O0GQ
3462	DONATE3 PILLARS OF ACOUNTRY PROPERTYLandWaterWoodO0C
3468	DONATE3 PILLARS OF ACOUNTRY PROPERTYLandWaterWood
3474	DONATE3 PILLARS OF ACOUNTRY PROPERTYLandWaterWoodO0C
3480	DONATE3 PILLARS OF ACOUNTRY PROPERTYLandWaterWood
3486	DONATE3 PILLARS OF ACOUNTRY PROPERTYLandWaterWood
3492	DONATE3 PILLARS OF ACOUNTRY PROPERTYLandWaterWood
3498	DONATE3 PILLARS OF ACOUNTRY PROPERTYLandWaterWood
3504	DONATE3 PILLARS OF ACOUNTRY PROPERTYLandWaterWood
3510	DONATE3 PILLARS OF ACOUNTRY PROPERTYLandWaterWood
3516	DONATE3 PILLARS OF ACOUNTRY PROPERTYLandWaterWood
3522	DONATE3 PILLARS OF ACOUNTRY PROPERTYLandWaterWood
3528	DONATE3 PILLARS OF ACOUNTRY PROPERTYLandWaterWood
3534	DONATE3 PILLARS OF ACOUNTRY PROPERTYLandWaterWood
3540	DONATE3 PILLARS OF ACOUNTRY PROPERTYLandWaterWood
3546	DONATE3 PILLARS OF ACOUNTRY PROPERTYLandWaterWood
3552	DONATE3 PILLARS OF ACOUNTRY PROPERTYLandWaterWood
3558	DONATE3 PILLARS OF ACOUNTRY PROPERTYLandWaterWood
3564	DONATE3 PILLARS OF ACOUNTRY PROPERTYLandWaterWood
3570	DONATE3 PILLARS OF ACOUNTRY PROPERTYLandWaterWood
3576	DONATE3 PILLARS OF ACOUNTRY PROPERTYLandWaterWood
3582	DONATE3 PILLARS OF ACOUNTRY PROPERTYLandWaterWood
3588	DONATE3 PILLARS OF ACOUNTRY PROPERTYLandWaterWood
3594	DONATE3 PILLARS OF ACOUNTRY PROPERTYLandWaterWood
3600	DONATE3 PILLARS OF ACOUNTRY PROPERTYLandWaterWood
3606	DONATE3 PILLARS OF ACOUNTRY PROPERTYLandWaterWood
3612	DONATE3 PILLARS OF ACOUNTRY PROPERTYLandWaterWood
3618	DONATE3 PILLARS OF ACOUNTRY PROPERTYLandWaterWood
3624	DONATE3 PILLARS OF ACOUNTRY PROPERTYLandWaterWood
3630	DONATE3 PILLARS OF ACOUNTRY PROPERTYLandWaterWood
3636	DONATE3 PILLARS OF ACOUNTRY PROPERTYLandWaterWood
3642	DONATE3 PILLARS OF ACOUNTRY PROPERTYLandWaterWood
3648	DONATE3 PILLARS OF ACOUNTRY PROPERTYLandWaterWood
3654	DONATE3 PILLARS OF ACOUNTRY PROPERTYLandWaterWood
3660	DONATE3 PILLARS OF ACOUNTRY PROPERTYLandWaterWood
3666	DONATE3 PILLARS OF ACOUNTRY PROPERTYLandWaterWood
3672	DONATE3 PILLARS OF ACOUNTRY PROPERTYLandWaterWood
3678	DONATE3 PILLARS OF ACOUNTRY PROPERTYLandWaterWood
3684	DONATE3 PILLARS OF ACOUNTRY PROPERTYLandWaterWood
3690	DONATE3 PILLARS OF ACOUNTRY PROPERTYLandWaterWood
3696	DONATE3 PILLARS OF ACOUNTRY PROPERTYLandWaterWood
3702	DONATE3 PILLARS OF ACOUNTRY PROPERTYLandWaterWood
3708	DONATE3 PILLARS OF ACOUNTRY PROPERTYLandWaterWood
3714	DONATE3 PILLARS OF ACOUNTRY PROPERTYLandWaterWood
3720	DONATE3LTMS, LETTER 4A, 1881, PAR. 12• "Father has excellent health. He has worked hard on theplace here; put in more than one acre of strawberries, someraspberries, more than an acre of potatoes, several acres ofcorn, fifty hard maples, many peach trees, pear trees, andtwo long rows of pie plant. I have been gathering up shrubsand flowers until we have quite a garden.• 1 Acre of strawberries • 3 Acres of corn• ½ Acre other• I+ Acre of potatoes • ½ Acre Maple Trees • 6+ Acres Total
3726	3LTMS, LETTER 4A, 1881, PAR. 12• "Father has excellent health. He has worked hard on theplace here; put in more than one acre of strawberries, someraspberries, more than an acre of potatoes, several acres ofcorn, lifty hard maples, many peach trees, pear trees, andtwo long rows of pie plant. I have been gathering up shrubsand flowers until we have quite a garden.• 1 Acre of strawberries • 3 Acres of corn• ½ Acre other• 1+ Acre of potatoes• ½/ Acre Maple Trees • 6+ Acres'
3732	3LTMS, LETTER 4A, 1881, PAR. 12• "Father has excellent health. He has worked hard on theplace here; put in more than one acre of strawberries, someraspberries, more than an acre of potatoes, several acres ofcorn, fifty hard maples, many peach trees, pear trees, andtwo long rows of pie plant. I have been gathering up shrubsand flowers until we have quite a garden.• 1 Acre of strawberries • 3 Acres of corn• 1+ Acre of potatoes• ½ Acre other• ½ Acre Maple Trees • 6+ Acres'
3738	3LTMS, LETTER 4A, 1881, PAR. 12• "Father has excellent health. He has worked hard on theplace here; put in more than one acre of strawberries, someraspberries, more than an acre of potatoes, several acres ofcorn, fifty hard maples, many peach trees, pear trees, andtwo long rows of pie plant. I nave been gathering up shrubsand flowers until we have quite a garden.• 1 Acre of strawberries • 3 Acres of corn• 1+ Acre of potatoes• ½ Acre other• ½ Acre Maple Trees • 6+ Acres'
3744	3LTMS, LETTER 4A, 1881, PAR. 12• "Father has excellent health. He has worked hard on theplace here; put in more than one acre of strawberries, someraspberries, more than an acre of potatoes, several acres ofcorn, fifty hard maples, many peach trees, pear trees, andtwo long rows of pie plant. I have been gathering up shrubsand flowers until we have quite a garden.• 1 Acre of strawberries • 3 Acres of corn• ½ Acre other• 1+ Acre of potatoes• ½/ Acre Maple Trees • 6+ Acres'
3750	3LTMS, LETTER 4A, 1881, PAR. 12• "Father has excellent health. He has worked hard on theplace here; put in more than one acre of strawberries, someraspberries, more than an acre of potatoes, several acres ofcorn, lifty hard maples, many peach trees, pear trees, andtwo long rows of pie plant. I have been gathering up shrubsand flowers until we have quite a garden.• 1 Acre of strawberries • 3 Acres of corn• 1+ Acre of potatoes• ½ Acre other• ½/ Acre Maple Trees • 6+ Acres'
3756	3LTMS, LETTER 4A, 1881, PAR. 12• "Father has excellent health. He has worked hard on theplace here; put in more than one acre of strawberries, someraspberries, more than an acre of potatoes, several acres ofcorn, hity hard maples, many peach trees, pear trees, andtwo long rows of pie plant. I have been gathering up shrubsand flowers until we have quite a garden.• 1 Acre of strawberries • 3 Acres of corn• 1+ Acre of potatoes• ½ Acre other• ½/ Acre Maple Trees • 6+ Acres'
3762	3LTMS, LETTER 4A, 1881, PAR. 12• "Father has excellent health. He has worked hard on theplace here; put in more than one acre of strawberries, someraspberries, more than an acre of potatoes, several acres ofcorn, hilty hard maples, many peach trees, pear trees, andtwo long rows of pie plant. I have been gathering up shrubsand flowers until we have quite a garden.• 1 Acre of strawberries • 3 Acres of corn• 1+ Acre of potatoes• ½ Acre other• ½/ Acre Maple Trees • 6+ Acres'
3768	3LTMS, LETTER 4A, 1881, PAR. 12• "Father has excellent health. He has worked hard on theplace here; put in more than one acre of strawberries, someraspberries, more than an acre of potatoes, several acres ofcorn, hilty hard maples, many peach trees, pear trees, andtwo long rows of pie plant. I have been gathering up shrubsand flowers until we have quite a garden.• 1 Acre of strawberries • 3 Acres of corn• 1+ Acre of potatoes• ½ Acre other• ½/ Acre Maple Trees • 6+ Acres'
3774	DONATEAREAS OF A SELF-SUFFICIENT HOMESTEAD• Garden/Greenhouse• Livestock• Logging• Food Preservation• Household Essentials• Water System/Storage• Energy and PowerManagement• Natural Remedies• Construction• Education• Emergency
3780	DONATEAREAS OF A SELF-SUFFICIENT HOMESTEAD• Garden/Greenhouse• Livestock• Logging• Food Preservation• Household Essentials• Water System/Storage• Energy and PowerManagement• Natural Remedies• Construction• Education• Emergency
3786	DONATEAREAS OF A SELF-SUFFICIENT HOMESTEAD• Garden/Greenhouse• Livestock• Logging• Food Preservation• Household Essentials• Water System/Storage• Energy and PowerManagement• Natural Remedies• Construction• Education• Emergency
3792	DONATEAREAS OF A SELF-SUFFICIENT HOMESTEAD• Garden/Greenhouse• Livestock• Logging• Food Preservation• Household Essentials• Water System/Storage• Energy and PowerManagement• Natural Remedies• Construction• Education• Emergency
3798	18LTMS, MS. 50, 1903, PAR. 13DONATE• "The time has come, when, as God opens the way,families should move out of the cities. The childrenshould be taken into the country. The parents should getas suitable a place as their means will allow. Though thedwelling may be small, yet there should be land inconnection with it that may be cultivated. Some familieswho have been separated may be united in such plane"
3804	18LTMS, MS. 50, 1903, PAR. 13DONATE• "The time has come, when, as God opens the way,families should move out of the cities. The childrenshould be taken into the country. The parents should getas suitable a place as their means will allow. Though thedwelling may be small, yet there should be land inconnection with it that may be cultivated. Some familieswho have been separated may be united in such plana "
3810	DONATE18LTMS, MS. 50, 1903, PAR. 13• "The time has come, when, as God opens the way,families should move out of the cities. The childrenshould be taken into the country. The parents should getas suitable a place as their means will allow. Though thedwelling may be small, yet there should be land inconnection with it that may be cultivated. Some familieswho have been separated may be united in such places."
3816	DONATE18LTMS, MS. 50, 1903, PAR. 13• "The time has come, when, as God opens the way,families should move out of the cities. The childrenshould be taken into the country. The parents should getas suitable a place as their means will allow. Though thedwelling may be small, yet there should be land inconnection with it that may be cultivated. Some familieswho have been separated may be united in such places."
3822	DONATE18LTMS, MS. 50, 1903, PAR. 13• "The time has come, when, as God opens the way,families should move out of the cities. The childrenshould be taken into the country. The parents should getas suitable a place as their means will allow. Though thedwelling may be small, yet there should be land inconnection with it that may be cultivated. Some familieswho have been separated may be united in such places."
3828	DONATE18LTMS, MS. 50, 1903, PAR. 13• "The time has come, when, as God opens the way,families should move out of the cities. The childrenshould be taken into the country. The parents should getas suitable a place as their means will allow. Though thedwelling may be small, yet there should be land inconnection with it that may be cultivated. Some familieswho have been separated may be united in such places."
3834	DONATE18LTMS, MS. 50, 1903, PAR. 13• "The time has come, when, as God opens the way,families should move out of the cities. The childrenshould be taken into the country. The parents should getas suitable a place as their means will allow. Though thedwelling may be small, yet there should be land inconnection with it that may be cultivated. Some familieswho have been separated may be united in such places."
3840	DONATE18LTMS, MS. 50, 1903, PAR. 13• "The time has come, when, as God opens the way,families should move out of the cities. The childrenshould be taken into the country. The parents should getas suitable a place as their means will allow. Though thedwelling may be small, yet there should be land inconnection with it that may be cultivated. Some familieswho have been separated may be united in such places."
3846	DONATE
3852	DONATE
3858	DONATE
3864	DONATE
3870	DONATE
3876	DONATE
3882	DONATE
3888	DONATE
3894	DONATE
3900	DONATE
3906	DONATE
3912	DONATE
3918	DONATE
3924	DONATE
3930	DONATE
3936	DONATE
3942	DONATE
3948	DONATE
3954	DONATE
3960	DONATE
3966	DONATE
3972	DONATE
3978	3UNO0I
3984	DONATE
3990	DONATE
3996	DONATE< Someone scanned the QR code
4002	Someone scanned the or codeDONATE
4008	DONATE
4014	DONATE
4020	DONATE
4026	DONATE
4032	DONATE
4038	DONATE< Someone scanned the QR code
4044	DONATE< Someone scanned the QR code
4050	DONATE
4056	DONATE
4062	DONATE
4068	DONATE
4074	DONATE
4080	DONATE
4086	DONATE
4092	DONATE
4098	DONATE
4104	DONATE
4110	DONATE
4116	DONATE
4122	DONATE
4128	DONATE
4134	DONATE
4140	DONATE
4146	DONATEOur Daniel Study Guides are now available!Check out: https://danielstudies.amazingdiscoveries.org/
4152	DONATEOur Daniel Study Guides are now available!Check out: https://danielstudies.amazingdiscoveries.org/
4158	DONATEOur Daniel Study Guides are now available!Check out: https://danielstudies.amazingdiscoveries.org/
4164	DONATE
4170	DONATE
4176	DONATE
4182	DONATE
4188	3UNO0
4194	DONATE
4200	DONATE
4206	DONATE
4212	DONATE
4218	DONATE
4224	DONATE
4230	DONATE
4236	DONATE
4242	DONATE
4248	DONATE
4254	DONATE
4260	DONATE
4266	DONATE
4272	DONATE
4278	DONATE
4284	DONATE
4290	DONATE
4296	DONATE
4302	DONATE
4308	DONATE
4314	DONATE
4320	DONATE
4326	DONATE
4332	DONATE
4338	DONATE
4344	DONATE
4350	DONATE
4356	DONATE
4362	DONATE
4368	DONATE
4374	DONATE
4380	DONATE
4386	DONATE
4392	DONATE
4398	DONATE
4404	DONATE
4410	DONATE
4416	DONATE
4422	DONATE
4428	DONATE
4434	DONATE
4440	DONATE
4446	DONATE
4452	DONATEHistory of Sabbath Observance Free E-booksabbathhistory.amazingdiscoveries.org
4458	DONATEHistory of Sabbath Observance Free E-booksabbathhistory.amazingdiscoveries.org
4464	DONATEHistory of Sabbath Observance Free E-booksabbathhistory.amazingdiscoveries.org
4470	DONATEHistory of Sabbath Observance Free E-booksabbathhistory.amazingdiscoveries.org
4476	DONATEHistory of Sabbath Observance Free E-booksabbathhistory.amazingdiscoveries.org
4482	DONATE
4488	DONATE
4494	DONATE
4500	DONATE
4506	m.egwwritings.org/en/book/11.875?hl=not+all+sabbath+seal&ss=eyJ0b3RhbCI6MjI3LCJwYXJhbXMiOnsicXVIcnkiOiJub3QgYWxsIHNhYmJh….Q103/137DONATEPreviousBack to searchNext resultNext188.2}Not allwho profess to keep theSabbathwill besealed. There are many even among those who teachthe truth to others who willnotreceive theGod in their foreheads. They had the light of truth, theyknew their Master's will, they understood every point of our faith, but they had not corresponding works.These who were so familiar with prophecy and the treasures of divine wisdom, should have acted their faith.They should have commanded their households after them. that by a well-ordered family they might presentto the world the influence of the truth upon the human heart. {CET 1891}Notone of us will ever receive thesealal of God while our characters have one spot or st*!is left with us to remedy the defects in our characters, to cleanse the soul-temple of every dr
4512	m.egwwritings.org/en/book/11.875?hl=not+all+sabbath+seal&ss=eyJ0b3RhbCI6MjI3LC/wYXJhbXMiOnsicXVIcnkiOiJub3QgYWxsIHNhYmJh…Q103/137DONATEPreviousBack to searchNext resultNext188.2}Not allwho profess to keep theSabbathwill besealedThere are many eyen among those who teachthe truth to others who will not receive the seal of God in their foreheads. They had the light of truth, theyknew their Master's will, they understood every point of our faith, but they had not corresponding works.These who were so familiar with prophecy and the treasures of divine wisdom, should have acted their faith.They should have commanded their households after them, that by a well-ordered family they might presentto the world the influence of the truth upon the human heart. {CET 189.1}Notone of us will ever receive thesealseal of God while our characters have one spot or st*!is left with us to remedy the defects in our characters, to cleanse the soul-temple of every dr
4518	m.egwwritings.org/en/book/11.875?hl=not+all+sabbath+seal&ss=eyJ0b3RhbCI6MjI3LCJwYXJhbXMiOnsicXVIcnkiOiJub3QgYWxsIHNhYmJh…Q103/137DONATEPreviousBack to searchNext resultNext188.2}Not all who profess to keep the Sabbath will be sealed. There are many even among those who teachthe truth to others who will not receive the seal of God in their foreheads. They had the light of truth, theyknew their Master's will, they understood every point of our faith, but they had not corresponding works.These who were so familiar with prophecy and the treasures of divine wisdom, should have acted their faith.They should have commanded their households after them, that by a well-ordered family they might presentto the world the influence of the truth upon the human heart. {CET 189.1}Notone of us will ever receive thesealsal of God while our characters have one spot or st*is left with us to remedy the defects in our characters, to cleanse the soul-temple of every drDS*C
4524	::m.egwwritings.org/en/book/11.875?hl=not+all+sabbath+seal&ss=eyJ0b3RhbCI6MjI3LCJwYXJhbXMiOnsicXVIcnkiOiJub3QgYWxsIHNhYmJh.Q103/137DONATEPreviousBack to searchNext resultNext188.2}Not all who profess to keep the Sabbath will be sealed. There are many even among those who teachthe truth to others who will not receive the seal of God in their foreheads. They had the light of truth. theyknew their Master's will, they understood every point of our faith, but they had not corresponding works.These who were so familiar with prophecy and the treasures of divine wisdom, should have acted their faith.They should have commanded their households after them, that by a well-ordered family they might presentto the world the influence of the truth upon the human heart. {CET 189.1}Notone of us will ever receive thesealal of God while our characters have one spot or st*!is left with us to remedy the defects in our characters, to cleanse the soul-temple of every drO SC
4530	m.egwwritings.org/en/book/11.875?hl=not+all+sabbath+seal&ss=eyJ0b3RhbCI6MjI3LCJwYXJhbXMiOnsicXVIcnkiOiJub3QgYWxsIHNhYmJh…103/137DONATEPreviousBack to searchNext resultNext188.2}Not all who profess to keep the Sabbath will be sealed. There are many even among those who teachthe truth to others who will not receive the seal of God in their foreheads. They had the light of truth, theyknew their Master's will, they understood every point of our faith, but they had not corresponding works. tThese who were so familiar with prophecy and the treasures of divine wisdom, should have acted their faith.They should have commanded their households after them, that by a well-ordered family they might presentto the world the influence of the truth upon the human heart. {CET 189.1}Notone of us will ever receive theseal of God while our characters have one spot or st*is left with us to remedy the defects in our characters, to cleanse the soul-temple of every dr
4536	m.egwwritings.org/en/book/11.875?hl=not+all+sabbath+seal&ss=eyJ0b3RhbCI6MjI3LC/wYXJhbXMiOnsicXVIcnkiOiJub3QgYWxsIHNhYmJh…Q103/137DONATEPreviousBack to searchNext resultNext188.2}Not all who profess to keep the Sabbath will be sealed. There are many even among those who teachthe truth to others who will not receive the seal of God in their foreheads. They had the light of truth. theyknew their Master's will, they understood every point of our faith, but they had not corresponding works.These who were so familiar with prophecy and the treasures of divine wisdom, should have acted their faith.They should have commanded their households after them, that by a well-ordered family they might presentto the world the influence of the truth upon the human heart. {CET 189.1}Notone of us will ever receive theseal of God while our characters have one spot or st* liis left with us to remedy the defects in our characters, to cleanse the soul-temple of every dr
4542	m.egwwritings.org/en/book/11.875?hl=not+all+sabbath+seal&ss=eyJ0b3RhbCI6MjI3LCJwYXJhbXMiOnsicXVIcnkiOiJub3QgYWxsIHNhYmJh…Q103/137DONATEPreviousBack to searchNext resultNext188.2}Not all who profess to keep the Sabbath will be sealed. There are many even among those who teachthe truth to others who will not receive the seal of God in their foreheads. They had the light of truth. theyknew their Master's will, they understood every point of our faith, but they had not corresponding works. tThese who were so familiar with prophecy and the treasures of divine wisdom, should have acted their faith.They should have commanded their households after them, that by a well-ordered family they might presentto the world the influence of the truth upon the human heart. {CET 189.1}Notone of us will ever receive theseal of God while our characters have one spot or st* liis left with us to remedy the defects in our characters, to cleanse the soul-temple of every dr
4548	DONATE
4554	DONATE
4560	DONATE
4566	DONATE
4572	DONATE
4578	DONATE
4584	DONATE
4590	DONATE
4596	DONATE
4602	DONATE
4608	DONATE
4614	DONATE
4620	DONATE
4626	DONATE
4632	DONATE
4638	DONATE
4644	DONATE
4650	
4656	DONATE
4662	DONATE
4668	DONATE
4674	DONATE
4680	DONATE
4686	DONATE
4692	DONATE
4698	DONATE
4704	DONATE
4710	DONATE
4716	DONATE
4722	DONATE
4728	DONATE
4734	DONATE
4740	DONATE
4746	DONATE
4752	DONATE
4758	DONATE
4764	DONATE
4770	DONATE
4776	DONATE
4782	DONATE
4788	DONATE
4794	DONATE
4800	DONATE
4806	DONATE
4812	DONATE
4818	DONATE
4824	DONATE
4830	DONATE
4836	DONATE
4842	DONATE
4848	DONATE
4854	DONATE
4860	DONATE
4866	DONATE
4872	DONATE
4878	DONATEIf you've been blessed, please support our work:https://amazingdiscoveries.org/explore-projects
4884	DONATEIf you've been blessed, please support our work:https://amazingdiscoveries.org/explore-projects
4890	DONATEIf you've been blessed, please support our work:https://amazingdiscoveries.org/explore-projects
4896	DONATE
4902	DONATE
4908	DONATE
4914	DONATE
4920	DONATE
4926	DONATE
4932	DONATE
4938	DONATE
4944	DONATE
4950	DONATE
4956	DONATE
4962	DONATE
4968	DONATE
4974	DONATE
4980	DONATE
4986	DONATE
4992	DONATE
4998	DONATE
5004	DONATE
5010	DONATE
5016	DONATE
5022	DONATE
5028	DONATE
5034	DONATE
5040	DONATE
5046	DONATE
5052	DONATE
5058	DONATE
5064	DONATE
5070	DONATE
5076	DONATE
5082	DONATE
5088	DONATE
5094	DONATE
5100	DONATE
5106	DONATE
5112	DONATE
5118	DONATE
5124	DONATE
5130	DONATE
5136	DONATE
5142	DONATE
5148	DONATE
5154	DONATE
5160	DONATE
5166	DONATE
5172	DONATE
5178	DONATE
5184	DONATE
5190	DONATE
5196	DONATE
5202	DONATE
5208	DONATEApply for our Farm Program and learn how to grow your own garden.farm.amazingdiscoveries.org
5214	DONATEApply for our Farm Program and learn how to grow your own garden.farm.amazingdiscoveries.org
5220	DONATEApply for our Farm Program and learn how to grow your own garden.farm.amazingdiscoveries.org
5226	DONATEApply for our Farm Program and learn how to grow your own garden.farm.amazingdiscoveries.org
5232	DONATEApply for our Farm Program and learn how to grow your own garden.farm.amazingdiscoveries.org
5238	DONATEApply for our Farm Program and learn how to grow your own garden.farm.amazingdiscoveries.org
5244	DONATEApply for our Farm Program and learn how to grow your own garden.farm.amazingdiscoveries.org
5250	DONATEApply for our Farm Program and learn how to grow your own garden.farm.amazingdiscoveries.org
5256	DONATE
5262	DONATE
5268	DONATE
5274	DONATE
5280	DONATE
5286	DONATE
5292	DONATE
5298	DONATE
5304	DONATE
5310	DONATE
5316	DONATE
5322	DONATE
5328	DONATE
5334	DONATE
5340	DONATE
5346	DONATE
5352	DONATE
5358	DONATE
5364	DONATE
5370	DONATE
5376	DONATE
5382	DONATE
5388	DONATE
5394	DONATE
5400	DONATE
5406	DONATE
5412	DONATE
5418	DONATE
5424	DONATE
5430	DONATE
5436	DONATE
5442	DONATE
5448	DONATE
5454	DONATE
5460	DONATE
5466	DONATE
5472	DONATE
5478	DONATE
5484	DONATE
5490	DONATE
5496	DONATE
5502	DONATE
5508	DONATE
5514	DONATE
5520	DONATE
5526	DONATE
5532	DONATE
5538	DONATE
5544	DONATE
5550	DONATE
5556	DONATE
5562	DONATE
5568	DONATE
5574	DONATE
5580	DONATE
5586	DONATE
5592	DONATE
5598	DONATE
5604	DONATE
5610	DONATE
5616	DONATE
5622	DONATE
5628	DONATE
5634	DONATE
5640	DONATE
5646	DONATE
5652	DONATE
5658	DONATE
5664	DONATE
5670	DONATE
