0	
6	Welcome! Thank You For Joining Us. Register here for study guides & future updates.finalcountdown.amazingdiscoveries.org
12	Welcome! Thank You For Joining Us. Register here for study guides & future updates.finalcountdown.amazingdiscoveries.org
18	Welcome! Thank You For Joining Us. Register here for study guides & future updates.finalcountdown.amazingdiscoveries.org
24	
30	MacKenzie DrebitVice President
36	MacKenzie DrebitVice President
42	MacKenzie DrebitVice President
48	MacKenzie DrebitVice President
54	MacKenzie DrebitVice President
60	
66	
72	
78	
84	
90	DONATE
96	
102	DONATE
108	DONATETIME OFTHE ENDOTTOMANEMPIREFALLSDAY OFATONEMENTfeTANGELSMESSAGERIGHTEOUSNESSIMAGE OFTHE BEASTSUNDAYLAWBY FAITHOUT OF THE CITIESSEALING OF 144,000SHAKINGANGELSMESSAGEMIDNIGHT4тHANGELSMESSAGESUNDAY1813Chart2NDANGELSMESSAGE19TSIEGE OFSUNDAYLAWNO-BUYNO-SELLCLOSE OFPROBATIONTIME OFTROUBLEGROW YOUR OWN FOODNEVWORORDIBATTLE OSATANAPPEARSAS CHRISTIMPRISONMENTLOUD CRY12|3|4|5|613AD WOE1837 184318501798 1840 1844JUDGMENT DAY STUDIES20**1888200120**20**
114	TIOTTOMANEMPIREDONATEFALLS DAY OFATONEMENT7STANGELSMESSAGE3RDANGELSMESSAGEMIDNIGHTCRYIMAGE OFRIGHTEOUSNESS THE BEASTSUNDAYBY FAITHLAWOUT OF THE CITIESSEALING OF 144,000SHAKING4THANGELSMESSAGE2NDSIEGE OFSUNDAYLAW1843Chart1850Chart2NDANGELSMESSAGE1STSIEGE OFSUNDAYLAWNO-BUYNO-SELLINDUCEMENTSIMPRISONMENTFINESCLOSE OFPROBATIONTIME OFTROUBLEGROW YOUR OWN FOODNEWWORLDORDERBATTLE OFARMAGEDDONSATANAPPEARSAS CHRISTTURKEYREMOVED FROMJACOBSTROUBLE/DEATHDECREELOUD CRY12|3|45|63RD WOE1837 1843 185017981840 1844JUDGMENT DAY STUDIES188820**200120**20
120	TIOTTOMANEMPIREDONATEFALLS DAY OFATONEMENT1STANGELSMESSAGE3RDANGELSMESSAGEMIDNIGHTCRYIMAGE OFRIGHTEOUSNESS THE BEASTSUNDAYBY FAITHLAWOUT OF THE CITIESSEALING OF 144,000SHAKING4THANGELSMESSAGE2NDSIEGE OFSUNDAYLAW1843Chart1850Chart2NDANGELSMESSAGEfsTSIEGE OFSUNDAYLAWNO-BUYNO-SELLINDUCEMENTSIMPRISONMENTFINESCLOSE OFPROBATIONTIME OFTROUBLEGROW YOUR OWN FOODNEWWORLDORDERBATTLE OFARMAGEDDONLOUD CRYSATANAPPEARSAS CHRISTTURKEYREMOVED FROMJACOBSTROUBLE/DEATHDECREEJERUSALEM1|2|3|4|5|63RD WOE1837 1843185017981840 1844JUDGMENT DAY STUDIES20**1888200120**20
126	THOTTOMANEMPIREDONATEFALLS DAY OFATONEMENT1STANGELSMESSAGE3RDANGELSMESSAGEMIDNIGHTCRYIMAGE OFRIGHTEOUSNESS THE BEASTSUNDAYBY FAITHLAWOUT OF THE CITIESSEALING OF 144,000SHAKING4THANGELSMESSAGE2NDSIEGE OFSUNDAYLAW1843Chart1850Chart2NDANGELSMESSAGEfsTSIEGE OFSUNDAYLAWNO-BUYNO-SELLINDUCEMENTSIMPRISONMENTFINESCLOSE OFPROBATIONTIME OFTROUBLEGROW YOUR OWN FOODNEWWORLDORDERBATTLE OFARMAGEDDONSATANAPPEARSAS CHRISTJACOBSTROUBLE/DEATHDECREELOUD CRYTURKEYREMOVED FROMJERUSALEM1|2|3|4|5|63RD WOE1837 1843185017981840 1844JUDGMENT DAY STUDIES20**1888200120**20
132	THOTTOMANEMPIREDONATEFALLS DAY OFATONEMENT1STANGELSMESSAGE3RDANGELSMESSAGEMIDNIGHTCRYIMAGE OFRIGHTEOUSNESS THE BEASTSUNDAYBY FAITHLAWOUT OF THE CITIÉSSEALING OF 144,000SHAKING4THANGELSMESSAGE2NDSIEGE OFSUNDAYLAW1843Chart1850Chart2NDANGELSMESSAGE1STSIEGE OFSUNDAYLAWNO-BUYNO-SELLINDUCEMENTSIMPRISONMENTFINESCLOSE OFPROBATIONTIME OFTROUBLEGROW YOUR OWN FOODNEWWORLDORDERBATTLE OFARMAGEDDONSATANAPPEARSAS CHRISTJACOBSTROUBLE/DEATHDECREELOUD CRYTURKEYREMOVED FROMJERUSALEM1|2|3|4|5|63RD WOE1837 18431850Tjudgmentdaydocumentary.com3JUDGMENT DAY STUDIES20**200120**20
138	THOTTOMANEMPIREDONATEFALLS DAY OFATONEMENT7STANGELSMESSAGE3RDANGELSMESSAGEMIDNIGHTCRYIMAGE OFRIGHTEOUSNESS THE BEASTSUNDAYBY FAITHLAWOUT OF THE CITIÉSSEALING OF 144,000SHAKING4THANGELSMESSAGE2NDSIEGE OFSUNDAYLAW1843Chart1850Chart2NDANGELSMESSAGEfSTSIEGE OFSUNDAYLAWNO-BUYNO-SELLINDUCEMENTSIMPRISONMENTFINESCLOSE OFPROBATIONTIME OFTROUBLEGROW YOUR OWN FOODNEWWORLDORDERBATTLE OFARMAGEDDONSATANAPPEARSAS CHRISTJACOBSTROUBLE/DEATHDECREELOUD CRYTURKEYREMOVED FROMJERUSALEM1|2|3|4|5|63RD WOE1837 18431850Tjudgmentdaydocumentary.com3JUDGMENT DAY STUDIES20**200120**20
144	EOUSNESSFAITHDONATEIMAGE OFSUNDAYTHE BEASTLAWOUT OF THE CITIESSEALING OF 144,000CLOSE OFPROBATIONTIME OFTROUBLEGROW YOUR OWN FOODSHAKING4THANGELSMESSAGE1STSIEGE OFSUNDAYLAW2NDSIEGE OFSUNDAYLAWNO-BUYNO-SELLINDUCEMENTSIMPRISONMENTFINESLOUD CRYNEWWORLDORDERBATTLE OFARMAGEDDONAPPEARSAS CHRISTTURKEYREMOVED FROMJACOBSTROUBLE/DEATHDECREEJERUSALEM12|3|4|5|63RD WOE1888200120**20**20
150	EOUSNESSFAITHDONATEIMAGE OFSUNDAYTHE BEASTLAWOUT OF THE CITIESSEALING OF 144,000CLOSE OFPROBATIONTIME OFTROUBLEGROW YOUR OWN FOODSHAKING4THANGELSMESSAGE1STSIEGE OFSUNDAYLAW2NDIMEOADASLAWNO-BUYNO-SELLINDUCEMENTSIMPRISONMENTFINESLOUD CRYNEWWORLDORDERBATTLE OFARMAGEDDONSATANAPPEARSAS CHRISTTURKEYREMOVED FROMJACOBSTROUBLE/DEATHDECREEJERUSALEM12|3|4|5|63RD WOE1888200120**20**20
156	EOUSNESSFAITHDONATEIMAGE OFSUNDAYTHE BEASTLAWOUT OF THE CITIESSEALING OF 144,000CLOSE OFPROBATIONTIME OFTROUBLEGROW YOUR OWN FOODSHAKING4тHANGELSMESSAGE1STSIEGE OFSUNDAYLAW2NDSIEGE OFSUNDAYLAWNO-BUYNO-SELLINDUCEMENTSIMPRISONMENTFINESLOUD CRYNEWWORLDORDERBATTLE OFARMAGEDDONSATANAPPEARSAS CHRISTTURKEYREMOVED FROMJACOBSTROUBLE/DEATHDECREEJERUSALEM|2|3|4|5|63RD WOE1888200120**20**20
162	EOUSNESSFAITHDONATEIMAGE OFSUNDAYTHE BEASTLAWOUT OF THE CITIESSEALING OF 144,000CLOSE OFPROBATIONTIME OFTROUBLEGROW YOUR OWN FOODSHAKING4THANGELSMESSAGE1STSIEGE OFSUNDAYLAW2NDSIEGE OFSUNDAYLAWNO-BUYNO-SELLINDUCEMENTSIMPRISONMENTFINESLOUD CRYNEWWORLDORDERBATTLE OFARMAGEDDONSAtANAPPEARSAS CHRISTTURKEYREMOVED FROMJACOBSTROUBLE/DEATHDECREE12|345|63RD WOE1888200120**20**20
168	DONATERIGHTEOUBNESSBY FAITHSIEGE OFSUNDAYLAW1888MAGE OFSUNDAYOUT OF THE CITIENO OF 144,000CLOSE OFPROBATIONTIME OFTROUBLEGROW YOUR OWN FOODSHAKING4тНANGELSMESSAGINEWWORLDORDERNO-BUYNO-SELIMATAN:JACOB!TROUBLEDEATHDECREE12345873° WOE200120**20**20**
174	DONATERIGHTEOUSNEBE3Y FAIT:1888IMAGE OFSUNDAYTHE BEASTLAWOUT OF THE CITIE!SEALING OF 144,000CLOSE OFPROBATIONTROUBLEGROW YOUR OWN FOODMESSAGENEWWORLDORDERSIEGE, OISUNDA +NO-BUYNO-SELLOUCEMONT12|3|45673RO WOE20**20**20**
180	DONATERIGHTEOUSNES!3Y FAIT:1888IMAGE OFSUNDAYTHE BEASTOUT OF THE CITIE!SEALING OF 144,000GROW VOICLOSE OFPROBATIONTIME OFTROUBLEOWN FOODMESSAGENEWWORLDORDERNO-BUYNOUCEMENTE12|3|4|5673h0 WOE200120**20**20**
186	DONATEIGHTEOUSNESY FAM19TSIEGE OFSUNDAYLAW188800000e0IMAGE OFSUNDAYTHE BEASTLAWOUT OF THE CITIESSEALING OF 144,000CLOSE OFPROBATIONTIME OFTROUBLEGROW YOUR OWN FOODSHAKINGANGELSMESSAGESIEGE OFUNDAYLAsTNO-BUYNO-SELLINDUCEMENTIIMPRISONMENTLOUD CRYNEVWORORDEBATTLE OARMAGEDDSATANAS CHRISTTROUBLIDEATHDECREEHOVER EROM12345613RD WOE200120**20**20**
192	DONATELIGHTEOUSNES:BY FAITHSIEGE OFSUNDAYLAW1888IMAGE OFSUNDAYTHE BEASTLAWOUT OF THE CITIESSEALING OF 144,000CLOSE OFPROBATIONTIME OFTROUBLEGROW YOUR OWN FOODSHAKINGANGELSMESSAGEBIEGE OFSUNDAYLAVINO-BUYNO-SELLINDUCEMENTSIMPRISONMENTLOUD CRYNEVWORORDEBATTLE OARMAGEDDSATANAPPEARSAS CHRISTTROUBLDEATHDECREEREMOVER FROM12|3|45613RD WOE200120**20**20**
198	DONATELIGHTEOUSNES:BY FAITI19TSIEGE OFSUNDAYLAW1888THE BEASTSUNDAYLAWOUT OF THE CITIESSEALING OF 144,000CLOSE OFPROBATIONTIME OFTROUBLEGROW YOUR OWN FOODSHAKINGANGELSMESSAGEBIEGE OFSUNDAYLAWNO-BUYNO-SELLINDUCEMENTSIMPRISONMENTLOUD CRYNEVWORORDE1 V.BATTLE OARMAGEDDSATANAPPEARSAS CHRISTTROUBLIDEATHDECREEMOVER ERO"12 3 45|613RD WOE200120**20**20**
204	DONATELIGHTEOUSNES:BY FAITI18TSIEGE OFSUNDAYLAW1888SHAKINGANGELSMESSAGE2001IMAGE OFSUNDAYTHE BEASTLAWOUT OF THE CITIESSEALING OF 144,000CLOSE OFPROBATIONTIME OFTROUBLEGROW YOUR OWN FOODBIEGE OFSUNDAYLAWVO-BUYNO-SELIINDUCEMENTSIMPRISONMENTLOUD CRYNEVWORORDEBATTLE OARMAGEODSATANAPPEARSAS CHRISTTROUBLDEATHDECREEMOVER EROM12|3|45|613RD WOE20**20**20**
210	DONATERIGHTEOUSNESSBY FAITHIMAGE OFTHE BEASTSUNDAYLAWOUT OF THE CITIESSEALING OF 144,000CLOSE OFPROBATIONTIME OFTROUBLEGROW YOUR OWN FOODSHAKINGANGELSMESSAGENEVWORORDIBATTLE OSUNDAYLAWNO-BUYNO-SELL18TSIEGE OFSUNDAYLAWIMPRISONMENTLOUD CRYSATANAPPEARSAS CHRISTTROUBLIDEATHDECREEEMOVER FRON12|3|4|5|613RO WOE1888200120**20**20**For more information on endtime events go to Bible studies under:judgmentdaydocumentary.com
216	DONATERIGHTEOUSNESSBY FAITHIMAGE OFTHE BEASTSUNDAYLAWOUT OF THE CITIESSEALING OF 144,000CLOSE OFPROBATIONTIME OFTROUBLEGROW YOUR OWN FOODSHAKINGANGELSMESSAGESIEGE OFSUNDAYLAW210SIEGE OFSUNDAYLAMINO-BUYNO-SELLINDUCEMENTSIMPRISONMENTNEVWORORDEBATTLE OARMAGEDDSATANAPPEARSAS CHRISTLOUD CRYTROUBLIDEATHDECREE12|345613RD WOE1888200120**20**20**For more information on endtime events go to Bible studies under:judgmentdaydocumentary.com
222	DONATERIGHT.EOUSNESSBY FAITHIMAGE OFTHE BEASTSUNDAYLAWOUT OF THE CITIESSEALING OF 144,000CLOSE OFPROBATIONTIME OFTROUBLEGROW YOUR OWN FOODSHAKINGANGELSMESSAGE210SIEGE OFSUNDAYLAMINO-BUYNO-SELLNEVWORORDEBATTLE OAPPEARSAS CHRIST18TSIEGE OFSUNDAYLAWIMPRISONMENTLOUD CRYTROUBLIDEATHDECREE12|3|4|5613RD WOE1888200120**20**20**For more information on endtime events go to Bible studies under:judgmentdaydocumentary.com
228	DONATEIGHTEOUSNESY FAM19TSIEGE OFSUNDAYLAW1888IMAGE OFSUNDAYTHE BEASTLAWOUT OF THE CITIESSEALING OF 144,000CLOSE OFPROBATIONTIME OFTROUBLEGROW YOUR OWN FOODSHAKINGANGELSMESSAGESIEGE OFSUNDAYLAWNO-BUYNO-SELLINDUCEMENTSIMPRISONMENTLOUD CRYNEVWORORDEBATTLE OARMAGEDDSATANAPPEARSAS CHRISTTROUBLDEATHDECREE"MOVER LEON1|2|3|4|5|613RD WOE200120**20**20**
234	DONATELIGHTEOUSNES:BY FAITI18TSIEGE OFSUNDAYLAW1888SHAKINGANGELSMESSAGE2001IMAGE OFSUNDAYTHE BEASTLAWOUT OF THE CITIESSEALING OF 144,000CLOSE OFPROBATIONTIME OFTROUBLEGROW YOUR OWN FOODSIEGE OFSUNDAYLAVINO-BUYNO-SELLINDUCEMENTSIMPRISONMENTNEVWORORDE1 V.BATTLE OARMAGEODSATANAPPEARSAS CHRISTLOUD CRYTROUBLDEATHDECREE12|345|613RD WOE20**20**20**
240	DONATE
246	DONATE
252	DONATE
258	
264	DONATELIGHTEOUSNES:BY FAITI19TSIEGE OFSUNDAYLAW18880020900SUNDAYTHE BEASTLAWOUT OF THE CITIESSEALING OF 144,000CLOSE OFPROBATIONTIME OFTROUBLEGROW YOUR OWN FOODSHAKINGANGELSMESSAGESIEGE OFSUNDAYLAWNO-BUYNO-SELLINDUCEMENTSIMPRISONMENTLOUD CRYNEVWORORDEBATTLE OARMAGEDDSATANAS CHRISTTrOUBLIDEATHDECREEOVER FROM12|3|45613RD WOE200120**20**20**
270	DONATELUKE 21:20-21• 20 And when ye shall seeJerusalem compassed with armies, thenknow that the desolation thereof is nigh.• 21 Then let them which are in Judaca flee to themountains; and let them which are in the midst of itdepart out; and let not them that are in the countriesenter thereinto.0005 9
276	DONATELUKE 21:20-21• 20 And when ye shall seeJerusalem compassed with armies, thenknow that the desolation thereof is nigh.• 21 Then let them which are in Judaea flee to themountains; and let them which are in the midst of itdepart out; and let not them that are in the countriesenter thereinto.You're Watching The Final CountdownEnd-Time Events Timeline | finalcountdown.amazingdiscoveries.org
282	DONATELUKE 21:20-21• 20 And when ye shall seeJerusalem compassed with armies, thenknow that the desolation thereof is nigh.• 21 Then let them which are in Judaca flee to themountains; and let them which are in the midst of itdepart out; and let not them that are in the countriesenter thereinto.You're Watching The Final CountdownEnd-Time Events Timeline | finalcountdown.amazingdiscoveries.org
288	DONATELUKE 21:20-21• 20 And when ye shall seeJerusalem compassed with armies, thenknow that the desolation thereof is nigh.• 21 Then let them which are in Judaea flee to themountains; and let them which are in the midst of itdepart out; and let not them that are in the countriesenter thereinto.You're Watching The Final CountdownEnd-Time Events Timeline | finalcountdown.amazingdiscoveries.org
294	DONATELUKE 21:20-21• 20 And when ye shall seeJerusalem compassed with armies, thenknow that the desolation thereof is nigh.• 21 Then let them which are in Judaea flee to themountains; and let them which are in the midst of itdepart out; and let not them that are in the countriesenter thereinto.You're Watching The Final CountdownEnd-Time Events Timeline | finalcountdown.amazingdiscoveries.org
300	DONATELUKE 21:20-21• 20 And when ye shall seeJerusalem compassed with armies, thenknow that the desolation thereof is nigh.• 21 Then let them which are in Judaca flee to themountains; and let them which are in the midst of itdepart out; and let not them that are in the countriesenter thereinto.
306	DONATELUKE 21:20-21• 20 And when ye shall seeJerusalem compassed with armies, thenknow that the desolation thereof is nigh.• 21 Then let them which are in Judaca flee to themountains; and let them which are in the midst of itdepart out; and let not them that are in the countriesenter thereinto.00209
312	DONATELUKE 21:20-21• 20 And when ye shall seeJerusalem compassed with armies, thenknow that the desolation thereof is nigh.• 21 Then let them which are in Judaea flee to themountains; and let them which are in the midst of itdepart out; and let not them that are in the countriesenter thereinto.
318	DONATELUKE 21:20-21• 20 And when ye shall seeJerusalem compassed with armies, thenknow that the desolation thereof is nigh. y• 21 Then let them which are in Judaea flee to themountains; and let them which are in the midst of itdepart out; and let not them that are in the countriesenter thereinto.00059
324	DONATELUKE 21:20-21• 20 And when ye shall seeJerusalem compassed with armies, thenknow that the desolation thereof is nigh.• 21 Then let them which are in Judaea flee to themountains; and let them which are in the midst of itdepart out; and let not them that are in the countriesenter thereinto.00059
330	DONATELUKE 21:20-21• 20 And when ye shall seeJerusalem compassed with armies, thenknow that the desolation thereof is nigh.• 21 Then let them which are in Judaea flee to themountains; and let them which are in the midst of itdepart out; and let not them that are in the countriesenter thereinto.00209
336	DONATECHRIST TRIUMPHANT, PAGE 353 PAR. 2-3CHRISTTRIUMPHANT• Christ warned His disciples of the destruction of Jerusalem aswell as of the temple. This event was foretold by Daniel. Theoblations and sacrilices were no more of value, for type hadreached anti-type in the one great oblation....• When Christ referred to the destruction of Jerusalem, His propheticwords reached beyond that event to the linal conflagration that will takeplace in that day when the Lord rises out of His place to punish the worldfor their iniquity, when the earth shall disclose her blood and shall nomore cover her slain. This entire chapter is a warning to those who shalllive in the last scenes of this earth's history.00209
342	DONATECHRIST TRIUMPHANT, PAGE 353 PAR. 2-3CHRISTTRIUMPHANT• Christ warned His disciples of the destruction of Jerusalem aswell as of the temple. This event was foretold by Daniel. Theoblations and sacrifices were no more of value, for type hadreached anti-type in the one great oblation....• When Christ referred to the destruction of Jerusalem, His propheticwords reached beyond that event to the linal conflagration that will takeplace in that day when the Lord rises out of His place to punish the worldfor their iniquity, when the earth shall disclose her blood and shall nomore cover her slain. This entire chapter is a warning to those who shalllive in the last scenes of this earth's history.
348	DONATECHRIST TRIUMPHANT, PAGE 353 PAR. 2-3CHRISTTRIUMPHANT• Christ warned His disciples of the destruction of Jerusalem aswell as of the temple. This event was foretold by Daniel. Theoblations and sacrifices were no more of value, for type hadreached anti-type in the one great oblation....• When Christ referred to the destruction of Jerusalem, His propheticwords reached beyond that event to the linal conflagration that will takeplace in that day when the Lord rises out of His place to punish the worldfor their iniquity, when the earth shall disclose her blood and shall nomore cover her slain. This entire chapter is a warning to those who shalllive in the last scenes of this earth's history.
354	DONATECHRIST TRIUMPHANT, PAGE 353 PAR. 2-3CHRISTTRIUMPHANT• Christ warned His disciples of the destruction of Jerusalem aswell as of the temple. This event was foretold by Daniel. Theoblations and sacrifices were no more of value, for type hadreached anti-type in the one great oblation....• When Christ referred to the destruction of Jerusalem, His propheticwords reached beyond that event to the linal conflagration that will takeplace in that day when the Lord rises out of His place to punish the worldfor their iniquity, when the earth shall disclose her blood and shall nomore cover her slain. This entire chapter is a warning to those who shalllive in the last scenes of this earth's history.
360	CHRIST TRIUMPHANT, PAGE 353 PAR. 2-3DONATECHRISTTRIUMPHANT• Christ warned His disciples of the destruction of Jerusalem aswell as of the temple. This event was foretold by Daniel. Theoblations and sacrifices were no more of value, for type hadreached anti-type in the one great oblation....• When Christ referred to the destruction of Jerusalem, His propheticwords reached beyond that event to the final conflagration that will takeplace in that day when the Lord rises out of His place to punish the worldfor their iniquity, when the earth shall disclose her blood and shall nomore cover her slain. This entire chapter is a warning to those wh.live in the last scenes of this earth's history.
366	CHRIST TRIUMPHANT, PAGE 353 PAR. 2-3DONATECHRISTTRIUMPHANT• Christ warned His disciples of the destruction of Jerusalem aswell as of the temple. This event was foretold by Daniel. Theoblations and sacrifices were no more of value, for type hadreached anti-type in the one great oblation....• When Christ referred to the destruction of Jerusalem, His propheticwords reached beyond that event to the final conflagration that will takeplace in that day when the Lord rises out of His place to punish the worldfor their iniquity, when the earth shall disclose her blood and shall nomore cover her slain. This entire chapter is a warning to those whlive in the last scenes of this earth's history.
372	CHRIST TRIUMPHANT, PAGE 353 PAR. 2-3DONATECHRISTTRIUMPHANT• Christ warned His disciples of the destruction of Jerusalem aswell as of the temple. This event was foretold by Daniel. Theoblations and sacrifices were no more of value, for type hadreached anti-y pe in the one great oblation....• When Christ referred to the destruction of Jerusalem, His propheticwords reached beyond that event to the final conflagration that will takeplace in that day when the Lord rises out of His place to punish the worldfor their iniquity, when the earth shall disclose her blood and shall nomore cover her slain. This entire chapter is a warning to those whlive in the last scenes of this earth's history.
378	CHRIST TRIUMPHANT, PAGE 353 PAR. 2-3DONATECHRISTTRIUMPHANT• Christ warned His disciples of the destruction of Jerusalem aswell as of the temple. This event was foretold by Daniel. Theoblations and sacrifices were no more of value, for type hadreached anti-type in the one great oblation....• When Christ referred to the destruction of Jerusalem, His propheticwords reached beyond that event to the final conflagration that will takeplace in that day when the Lord rises out of His place to punish the worldfor their iniquity, when the earth shall disclose her blood and shall nomore cover her slain. This entire chapter is a warning to those whlive in the last scenes of this earth's history.
384	DONATECHRIST TRIUMPHANT, PAGE 353 PAR. 2-3CHRISTTRIUMPHANT• Christ warned His disciples of the destruction of Jerusalem aswell as of the temple. This event was foretold by Daniel. Theoblations and sacrifices were no more of value, for type hadreached anti-type in the one great oblation....• When Christ referred to the destruction of Jerusalem, His propheticwords reached beyond that event to the final conflagration that will takeplace in that day when the Lord rises out of His place to punish the worldfor their iniquity, when the earth shall disclose her blood and shall nomore cover her slain. This entire chapter is a warning to those who shalllive in the last scenes of this earth's history.00400
390	DONATECHRIST TRIUMPHANT, PAGE 353 PAR. 2-3CHRISTTRIUMPHANT• Christ warned His disciples of the destruction of Jerusalem aswell as of the temple. This event was foretold by Daniel. Theoblations and sacrifices were no more of value, for type hadreached anti-type in the one great oblation....• When Christ referred to the destruction of Jerusalem, His propheticwords reached beyond that event to the final conflagration that will takeplace in that day when the Lord rises out of His place to punish the worldfor their iniquity, when the earth shall disclose her blood and shall nomore cover her slain. This entire chapter is a warning to those who shalllive in the last scenes of this earth's history.
396	DONATECHRIST TRIUMPHANT, PAGE 353 PAR. 2-3CHRISTTRIUMPHANT• Christ warned His disciples of the destruction of Jerusalem aswell as of the temple. This event was foretold by Daniel. Theoblations and sacrifices were no more of value, for type hadreached anti-type in the one great oblation....• When Christ referred to the destruction of Jerusalem, His propheticwords reached beyond that event to the fy al conflagration that will takeplace in that day when the Lord rises out of His place to punish the worldfor their iniquity, when the earth shall disclose her blood and shall nomore cover her slain. This entire chapter is a warning to those who shalllive in the last scenes of this earth's history.
402	DONATECHRIST TRIUMPHANT, PAGE 353 PAR. 2-3CHRISTTRIUMPHANT• Christ warned His disciples of the destruction of Jerusalem aswell as of the temple. This event was foretold by Daniel. Theoblations and sacrifices were no more of value, for type hadreached anti-type in the one great oblation....• When Christ referred to the destruction of Jerusalem, His propheticwords reached beyond that event to the final conflagration that will takeplace in that day when the Lord rises out of His place to punish the worldfor their iniquity, when the earth shall disclose her blood and shall nomore cover her slain. This entire chapter is a warning to those who shalllive in the last scenes of this earth's history.
408	DONATECHRIST TRIUMPHANT, PAGE 353 PAR. 2-3CHRISTTRIUMPHANT• Christ warned His disciples of the destruction of Jerusalem aswell as of the temple. This event was foretold by Daniel. Theoblations and sacrifices were no more of value, for type hadreached anti-type in the one great oblation....• When Christ referred to the destruction of Jerusalem, His propheticwords reached beyond that event to the final conflagration that will takeplace in that day when the Lord rises out of His place to punish the worldfor their iniquity, when the earth shall disclose her blood and shall nomore cover her slain. This entire chapter is a warning to those who shalllive in the last scenes of this earth's history.
414	DONATECHRIST TRIUMPHANT, PAGE 353 PAR. 2-3CHRISTTRIUMPHANT• Christ warned His disciples of the destruction of Jerusalem aswell as of the temple. This event was foretold by Daniel. Theoblations and sacrifices were no more of value, for type hadreached anti-type in the one great oblation....• When Christ referred to the destruction of Jerusalem, His propheticwords reached beyond that event to the final conflagration that will takeplace in that day when the Lord rises out of His place to punish the worldfor their iniquity, when the earth shall disclose her blood and shall nomore cover her slain. This entire chapter is a warning to those who shalllive in the last scenes of this earth's history.
420	DONATECHRIST TRIUMPHANT, PAGE 353 PAR. 2-3CHRISTTRIUMPHANT• Christ warned His disciples of the destruction of Jerusalem aswell as of the temple. This event was foretold by Daniel. Theoblations and sacrifices were no more of value, for type hadreached anti-type in the one great oblation....• When Christ referred to the destruction of Jerusalem, His propheticwords reached beyond that event to the final conflagration that will takeplace in that day when the Lord rises out of His place to punish the worldfor their iniquity, when the earth shall disclose her blood and shall nomore cover her slain. This entire chapter is a warning to those who shalllive in the last scenes of this earth's history.
426	Someone scanned the QR codeDONATECHRIST TRIUMPHANT, PAGE 353 PAR. 2-3CHRISTTRIUMPHANT• Christ warned His disciples of the destruction of Jerusalem aswell as of the temple. This event was foretold by Daniel. Theoblations and sacrifices were no more of value, for type hadreached anti-type in the one great oblation....• When Christ referred to the destruction of Jerusalem, His propheticwords reached beyond that event to the final conflagration that will takeplace in that day when the Lord rises out of His place to punish the worldfor their iniquity, when the earth shall disclose her blood and shall nomore cover her slain. This entire chapter is a warning to those who shalllive in the last scenes of this earth's history.
432	Someone scanned the QR codeDONATETHE GREAT CONTROVERSY, PAGE 25 PAR. 4• "...When the idolatrous standards of the Romans should be setup in the holy ground, which extended some furlongs outsideREATONTROVERSYthe ey walls, then the followers of Christ were to find safetyin flight. When the warning sign should be seen, those whowould escape must make no delay. Throughout the land ofWILL TWO FORMIK RIVALS UNITEJudea, as well as in Jerusalem itself, the signal for flight must beimmediately obeyed. He who chanced to be upon the housetop must notgo down into his house, even to save his most valued treasures. Those whowere working in the fields or vineyards must not take time to return for theouter garment laid aside while they should be toiling in the heat of the day.They must not hesitate a moment, lest they be involved in the generaldestruction."O0U0а
438	DONATETHE GREAT CONTROVERSY, PAGE 25 PAR. 4• "...When the idolatrous standards of the Romans should be setup in the holy ground, which extended some furlongs outsideFREA(ONTROVERthe city walls, then the followers of Christavere to find safetyin flight. When the warning sign should be seen, those whowould escape must make no delay. Throughout the land ofWILL TWO FORMER RIVALS UNITE?Judea, as well as in Jerusalem itself, the signal for flight must beimmediately obeyed. He who chanced to be upon the housetop must notgo down into his house, even to save his most valued treasures. Those whowere working in the fields or vineyards must not take time to return for theouter garment laid aside while they should be toiling in the heat of the day.They must not hesitate a moment, lest they be involved in the generaldestruction."00009
444	DONATETHE GREAT CONTROVERSY, PAGE 25 PAR. 4• «... When the idolatrous standards of the Romans should be setup in the holy ground, which extended some furlongs outsideZREAONTROVER®the city walls, then the followers of Christ were to find safetyin flight. When the warning sign should be seen, those whowould escape must make no delay. Throughout the land ofWILL TWO FORMER RIVALS UNITE?Judea, as well as in Jerusalem itself, the signal for flight must beimmediately obeyed. He who chanced to be upon the housetop must notgo down into his house, even to save his most valued treasures. Those whowere working in the fields or vineyards must not take time to return for theouter garment laid aside while they should be toiling in the heat of the day.They must not hesitate a moment, lest they be involved in the generaldestruction."0000908
450	DONATETHE GREAT CONTROVERSY, PAGE 25 PAR. 4• "...When the idolatrous standards of the Romans should be setup in the holy ground, which extended some furlongs outsideREATONTROVERSYthe city walls, then the followers of Christ were to find safetyin flight. When the warning sign should be seen, those whowould escape must make no delay. Throughout the land ofWILL TWO FORMER RIVALS UNITE?Judea, as well as in Jerusalem itself, the signal for flight must beimmediately obeyed. He who chanced to be upon the housetop must notgo down into his house, even to save his most valued treasures. Those whowere working in the fields or vineyards must not take time to return for theouter garment laid aside while they should be toiling in the heat of the day.They must not hesitate a moment, lest they be involved in the generaldestruction.'
456	DONATETHE GREAT CONTROVERSY, PAGE 25 PAR. 4• "...When the idolatrous standards of the Romans should be setup in the holy ground, which extended some furlongs outsideREATONTROVERSYthe city walls, then the followers of Christ were to find safetyin flight. When the warning sign should be seen, those whowould escape must make no delay. Throughout the land ofWILL TWO FORMER RIVALS UNITE?Judea, as well as in Jerusalem itself, the signal for flight must beimmediately obeyed. He who chanced to be upon the housetop must notgo down into his house, even to save his most valued treasures. Those whowere working in the fields or vineyards must not take time to return for theouter garment laid aside while they should be toiling in the heat of the day.They must not hesitate a moment, lest they be involved in the generaldestruction.'
462	DONATETHE GREAT CONTROVERSY, PAGE 25 PAR. 4• "...When the idolatrous standards of the Romans should be setup in the holy ground, which extended some furlongs outsideFREATONTROVERSYthe city walls, then the followers of Christ were to find safetyin flight. When the warning sign should be seen, those whowould escape must make no delay. Throughout the land ofWILL TWO FORMER RIVALS UNITE?Judea, as well as in Jerusalem itself, the signal for flight must beimmediately obeyed. He who chanced to be upon the housetop must notgo down into his house, even to save his most valued treasures. Those whowere working in the fields or vineyards must not take time to return for theouter garment laid aside while they should be toiling in the heat of the day.They must not hesitate a moment, lest they be involved in the generaldestruction.'
468	DONATETHE GREAT CONTROVERSY, PAGE 25 PAR. 4• "...When the idolatrous standards of the Romans should be setup in the holy ground, which extended some furlongs outsideREATONTROVERSYthe city walls, then the followers of Christ were to find safetyin flight. When the warning sign should be seen, those whowould escape must make no delay. Throughout the land ofWILL TWO FORMER RIVALS UNITE?Judea, as well as in Jerusalem itself, the signal for flight must beimmediately obeyed. He who chanced to be upon the housetop must notgo down into his house, even to save his most valued treasures. Those whowere working in the fields or vineyards must not take time to return for theouter garment laid aside while they should be toiling in the heat of the day.They must not hesitate a moment, lest they be involved in the generaldestruction."
474	DONATETHE GREAT CONTROVERSY, PAGE 25 PAR. 4• "...When the idolatrous standards of the Romans should be setup in the holy ground, which extended some furlongs outsideZREAONTROVERthe city walls, then the followers of Christ were to find safetyin flight. When the warning sign should be seen, those whowould escape must make no delay. Throughout the land ofsignal for flight must beJudea, as well as in Jerusalem itself, the signal for flight must beimmediately obeyed. He who chanced to be upon the housetop must notgo down into his house, even to save his most valued treasures. Those whowere working in the fields or vineyards must not take time to return for theouter garment laid aside while they should be toiling in the heat of the day.They must not hesitate a moment, lest they be involved in the generaldestruction."800000
480	DONATETHE GREAT CONTROVERSY, PAGE 25 PAR. 4• "...When the idolatrous standards of the Romans should be setup in the holy ground, which extended some furlongs outsideREATONTROVERSYthe city walls, then the followers of Christ were to find safetyin flight. When the warning sign should be seen, those whowould escape must make no delay. Throughout the land ofWILL TWO FORMER RIVALS UNITE?Judea, as well as in Jerusalem itself, the signal for flight must beimmediately obeyed. He who chanced to be upon the housetop must notgo down into his house, even to save his most valued treasures. Those whowere working in the fields or vineyards must not take time to return for theouter garment laid aside while they should be toiling in the heat of the day.They must not hesitate a moment, lest they be involved in the generaldestruction."0020Q
486	DONATETHE GREAT CONTROVERSY, PAGE 25 PAR. 4• "...When the idolatrous standards of the Romans should be setup in the holy ground, which extended some furlongs outsideREATONTROVERSYthe city walls, then the followers of Christ were to find safetyin flight. When the warning sign should be seen, those whowould escape must make no delay. Throughout the land ofWILL TWO FORMER RIVALS UNITE?Judea, as well as in Jerusalem itself, the signal for flight must beimmediately obeyed. He who chanced to be upon the housetop must notgo down into his house, even to save his most valued treasures. Those whowere working in the fields or vineyards must not take time to return for theouter garment laid aside while they should be toiling in the heat of the day.They must not hesitate a moment, lest they be involved in the generaldestruction.'
492	DONATETHE GREAT CONTROVERSY, PAGE 25 PAR. 4• "...When the idolatrous standards of the Romans should be setup in the holy ground, which extended some furlongs outside#REATONTROVERSYthe city walls, then the followers of Christ were to find safetyin flight. When the warning sign should be seen, those whowould escape must make no delay. Throughout the land ofWILL TWO FORMER RIVALS UNITE?Judea, as well as in Jerusalem itself, the signal for flight must beimmediately obeyed. He who chanced to be upon the housetop must notgo down into his house, even to save his most valued treasures. Those whowere working in the fields or vineyards must not take time to return for theouter garment laid aside while they should be toiling in the heat of the day.They must not hesitate a moment, lest they be involved in the generaldestruction."
498	DONATETHE GREAT CONTROVERSY, PAGE 25 PAR. 4• "...When the idolatrous standards of the Romans should be setup in the holy ground, which extended some furlongs outsideFREAONTROVERSthe city walls, then the followers of Christ were to find safetyin flight. When the warning sign should be seen, those whowould escape must make no delay. Throughout the land ofJudea, as well as in Jerusalem itself, the signal for flight must beimmediately obeyed. He who chanced to be upon the housetop must notgo down into his house, even to save his most valued treasures. Those whowere working in the fields or vineyards must not take time to return for theouter garment laid aside while they should be toiling in the heat of the day.They must not hesitate a moment, lest they be involved in the generaldestruction.'
504	DONATETHE GREAT CONTROVERSY, PAGE 25 PAR. 4• "...When the idolatrous standards of the Romans should be setup in the holy ground, which extended some furlongs outsideGREATERSYthe city walls, then the followers of Christ were to find safetyin flight. When the warning sign should be seen, those whowould escape must make no delay. Throughout the land ofWILL TWO FORMER RIVALS UNITE?Judea, as well as in Jerusalem itself, the signal for flight must beimmediately obeyed. He who chanced to be upon the housetop must notgo down into his house, even to save his most valued treasures. Those whowere working in the fields or vineyards must not take time to return for theouter garment laid aside while they should be toiling in the heat of the day.They must not hesitate a moment, lest they be involved in the generaldestruction."00009
510	THE GREAT CONTROVERSY, PAGE 30 PAR. 2• "Christ had given His disciples warning, and all who believedHis words watched for the promised sign. "When ye shall seeREATCONTROVERSYJerusalem compassed with armies," said Jesus, "then knowthat the desolation thereof is nigh. Then let them which are inJudea flee to the mountains; and let them which are in themidst of it depart out." Luke 21:20, 21. After the Romansunder Cestius had surrounded the city, they unexpectedly abandoned thesiege when everything seemed favorable for an immediate attack. Thebesieged, despairing of successful resistance, were on the point ofsurrender, when the Roman general withdrew his forces without the leastapparent reason. But God's merciful providence was directing events forthe good of His own people....000Đ9
516	DONATE THE GREAT CONTROVERSY, PAGE 30 PAR. 2• "Christ had given His disciples warning, and all who believedHis words watched for the promised sign. "When ye shall seeREATCONTROVERSYJerusalem compassed with armies," said Jesus, "then knowthat the desolation thereof is nigh. Then let them which are inJudea flee to the mountains; and let them which are in themidst of it depart out." Luke 21:20, 21. After the Romansunder Cestius had surrounded the city, they unexpectedly abandoned thesiege when everything seemed favorable for an immediate attack. Thebesieged, despairing of successful resistance, were on the point ofsurrender, when the Roman general withdrew his forces without the leastapparent reason. But God's merciful providence was directing events forthe good of His own people....
522	DONATE THE GREAT CONTROVERSY, PAGE 30 PAR. 2• "Christ had given His disciples warning, and all who believedHis words watched for the promised sign. "When ye shall seeER EATIONTROVERSYJerusalem compassed with armies," said Jesus, "then knowthat the desolation thereof is nigh. Then let them which are inJudea flee to the mountains; and let them which are in themidst of it depart out." Luke 21:20, 21. After the Romansunder Cestius had surrounded the city, they unexpectedly abandoned thesiege when everything seemed favorable for an immediate attack. Thebesieged, despairing of successful resistance, were on the point ofsurrender, when the Roman general withdrew his forces without the leastapparent reason. But God's merciful providence was directing events forthe good of His own people....
528	DONATE THE GREAT CONTROVERSY, PAGE 30 PAR. 2• "Christ had given His disciples warning, and all who believedHis words watched for the promised sign. "When ye shall seeREATONTROVERSYJerusalem compassed with armies," said Jesus, "then knowthat the desolation thereof is nigh. Then let them which are inJudea flee to the mountains; and let them which are in themidst of it depart out." Luke 21:20, 21. After the Romansunder Cestius had surrounded the city, they unexpectedly abandoned thesiege when everything seemed favorable for an immediate attack. Thebesieged, despairing of successful resistance, were on the point ofsurrender, when the Roman general withdrew his forces without the leastapparent reason. But God's merciful providence was directing events forthe good of His own people....
534	DONATE THE GREAT CONTROVERSY, PAGE 30 PAR. 2• "Christ had given His disciples warning, and all who believedHis words watched for the promised sign. "When ye shall see¿REATIONTROVERSYJerusalem compassed with armies," said Jesus, "then knowthat the desolation thereof is nigh. Then let them which are inJudea flee to the mountains; and let them which are in themidst of it depart out." Luke 21:20, 21. After the Romansunder Cestius had surrounded the city, they unexpectedly abandoned thesiege when everything seemed favorable for an immediate attack. Thebesieged, despairing of successful resistance, were on the point ofsurrender, when the Roman general withdrew his forces without the leastapparent reason. But God's merciful providence was directing events forthe good of His own people....
540	DONATETHE GREAT CONTROVERSY, PAGE 30 PAR. 2• "Christ had given His disciples warning, and all who believedHis words watched for the promised sign. "When ye shall seeREATIONTROVERSYJerusalem compassed with armies," said Jesus, "then knowthat the desolation thereof is nigh. Then let them which are inJudea flee to the mountains; and let them which are in themidst of it depart out." Luke 21:20, 21. After the Romansunder Cestius had surrounded the city, they unexpectedly abandoned thesiege when everything seemed favorable for an immediate attack. Thebesieged, despairing of successful resistance, were on the point ofsurrender, when the Roman general withdrew his forces without the leastapparent reason. But God's merciful providence was directing events forthe good of His own people....
546	DONATE THE GREAT CONTROVERSY, PAGE 30 PAR. 2• "Christ had given His disciples warning, and all who believedHis words watched for the promised sign. "When ye shall see¿REATIONTROVERSYJerusalem compassed with armies," said Jesus, "then knowthat the desolation thereof is nigh. Then let them which are inJudea flee to the mountains; and let them which are in themidst of it depart out." Luke 21:20, 21. After the Romansunder Cestius had surrounded the city, they unexpectedly abandoned thesiege when everything seemed favorable for an immediate attack. Thebesieged, despairing of successful resistance, were on the point ofsurrender, when the Roman general withdrew his forces without the leastapparent reason. But God's merciful providence was directing events forthe good of His own people....
552	DONATETHE GREAT CONTROVERSY, PAGE 30 PAR. 2• "Christ had given His disciples warning, and all who believedHis words watched for the promised sign. "When ye shall seeREATCONTROVERSYJerusalem compassed with armies," said Jesus, "then knowthat the desolation thereof is nigh. Then let them which are inJudea flee to the mountains; and let them which are in themidst of it depart out." Luke 21:20, 21. After the Romansunder Cestius had surrounded the city, they unexpectedly abandoned thesiege when everything seemed favorable for an immediate attack. Thebesieged, despairing of successful resistance, were on the point ofsurrender, when the Roman general withdrew his forces without the leastapparent reason. But God's merciful providence was directing events forthe good of His own people....
558	DONATE THE GREAT CONTROVERSY, PAGE 30 PAR. 2• "Christ had given His disciples warning, and all who believedHis words watched for the promised sign. "When ye shall seeREATCONTROVERSYJerusalem compassed with armies," said Jesus, "then knowthat the desolation thereof is nigh. Then let them which are inJudea flee to the mountains; and let them which are in themidst of it depart out." Luke 21:20, 21. After the Romansunder Cestius had surrounded the city, they unexpectedly abandoned thesiege when everything seemed favorable for an immediate attack. Thebesieged, despairing of successful resistance, were on the point ofsurrender, when the Roman general withdrew his forces without the leastapparent reason. But God's merciful providence was directing events forthe good of His own people....
564	DONATE THE GREAT CONTROVERSY, PAGE 30 PAR. 2• "Christ had given His disciples warning, and all who believedHis words watched for the promised sign. "When ye shall see¿REATIONTROVERSYJerusalem compassed with armies," said Jesus, "then knowthat the desolation thereof is nigh. Then let them which are inJudea flee to the mountains; and let them which are in themidst of it depart out." Luke 21:20, 21. After the Romansunder Cestius had surrounded the city, they unexpectedly abandoned thesiege when everything seemed favorable for an immediate attack. Thebesieged, despairing of successful resistance, were on the point ofsurrender, when the Roman general withdrew his forces without the leastapparent reason. But God's merciful providence was directing events forthe good of His own people....
570	DONATETHE GREAT CONTROVERSY, PAGE 30 PAR. 2• "Christ had given His disciples warning, and all who believedHis words watched for the promised sign. "When ye shall seeREATCONTROVERSYJerusalem compassed with armies," said Jesus, "then knowthat the desolation thereof is nigh. Then let them which are inJudea flee to the mountains; and let them which are in themidst of it depart out." Luke 21:20, 21. After the Romansunder Cestius had surrounded the city, they unexpectedly abandoned thesiege when everything seemed favorable for an immediate attack. Thebesieged, despairing of successful resistance, were on the point ofsurrender, when the Roman general withdrew his forces without the leastapparent reason. But God's merciful providence was directing events forthe good of His own people....
576	DONATETHE GREAT CONTROVERSY, PAGE 30 PAR. 2• "Christ had given His disciples warning, and all who believedHis words watched for the promised sign. "When ye shall seeTHEREATCONTROVERSYJerusalem compassed with armies," said Jesus, "then knowthat the desolation thereof is nigh. Then let them which are inJudea flee to the mountains; and let them which are in themidst of it depart out." Luke 21:20, 21. After the Romansunder Cestius had surrounded the city, they unexpectedly abandoned thesiege when everything seemed favorable for an immediate attack. Thebesieged, despairing of successful resistance, were on the point ofsurrender, when the Roman general withdrew his forces without the leastapparent reason. But God's merciful providence was directing events forthe good of His own people....00405
582	DONATE THE GREAT CONTROVERSY, PAGE 30 PAR. 2• "Christ had given His disciples warning, and all who believedHis words watched for the promised sign. "When ye shall seeREATCONTROVERSYJerusalem compassed with armies," said Jesus, "then knowthat the desolation thereof is nigh. Then let them which are inJudea flee to the mountains; and let them which are in themidst of it depart out." Luke 21:20, 21. After the Romansunder Cestius had surrounded the city, they unexpectedly abandoned thesiege when everything seemed favorable for an immediate attack. Thebesieged, despairing of successful resistance, were on the point ofsurrender, when the Roman general withdrew his forces without the leastapparent reason. But God's merciful providence was directing events forthe good of His own people....00000
588	DONATETHE GREAT CONTROVERSY, PAGE 30 PAR. 2• "Christ had given His disciples warning, and all who believedHis words watched for the promised sign. "When ye shall seeREATCONTROVERSYJerusalem compassed with armies," said Jesus, "then knowthat the desolation thereof is nigh. Then let them which are inJudea flee to the mountains; and let them which are in themidst of it depart out." Luke 21:20, 21. After the Romansunder Cestius had surrounded the city, they unexpectedly abandoned thesiege when everything seemed favorable for an immediate attack. Thebesieged, despairing of successful resistance, were on the point ofsurrender, wien the Roman general withdrew his forces without the leastapparent reason. But God's merciful providence was directing events forthe good of His own people....
594	DONATETHE GREAT CONTROVERSY, PAGE 30 PAR. 2• "Christ had given His disciples warning, and all who believedHis words watched for the promised sign. "When ye shall seeFREATCONTROVERSYJerusalem compassed with armies," said Jesus, "then knowthat the desolation thereof is nigh. Then let them which are inJudea flee to the mountains; and let them which are in themidst of it depart out." Luke 21:20, 21. After the Romansunder Cestius had surrounded the city, they unexpectedly abandoned thesiege when everything seemed favorable for an immediate attack. Thebesieged, despairing of successful resistance, were on the point ofsurrender. when the Roman general withdrew his forces without the leastapparent teason. But God's merciful providence was directing events forthe good of His own people....00009
600	DONATETHE GREAT CONTROVERSY, PAGE 30 PAR. 2• "Christ had given His disciples warning, and all who believedHis words watched for the promised sign. "When ye shall seeREATCONTROVERSYJerusalem compassed with armies," said Jesus, "then knowthat the desolation thereof is nigh. Then let them which are inJudea flee to the mountains; and let them which are in themidst of it depart out." Luke 21:20, 21. After the Romansunder Cestius had surrounded the city, they unexpectedly abandoned thesiege when everything seemed favorable for an immediate attack. Thebesieged, despairing of successful resistance, were on the point ofsurrender, when the Roman general withdrew his forces without the leastapparent reason. But God's mexiful providence was directing events forthe good of His own people....0020Q
606	DONATETHE GREAT CONTROVERSY, PAGE 30 PAR. 2• "Christ had given His disciples warning, and all who believedHis words watched for the promised sign. "When ye shall seeREATONTROVERSYJerusalem compassed with armies," said Jesus, "then knowthat the desolation thereof is nigh. Then let them which are inJudea flee to the mountains; and let them which are in themidst of it depart out." Luke 21:20, 21. After the Romansunder Cestius had surrounded the city, they unexpectedly abandoned thesiege when everything seemed favorable for an immediate attack. Thebesieged, despairing of successful resistance, were on the point ofsurrender, when the Roman general withdrew his forces without the leastapparent reason. But God's merciful providence was directing events forthe good of His own people....002
612	DONATETHE GREAT CONTROVERSY, PAGE 30 PAR. 2• "Christ had given His disciples warning, and all who believedHis words watched for the promised sign. "When ye shall seeREATCONTROVERSYJerusalem compassed with armies," said Jesus, "then knowthat the desolation thereof is nigh. Then let them which are inJudea flee to the mountains; and let them which are in themidst of it depart out." Luke 21:20, 21. After the Romansunder Cestius had surrounded the city, they unexpectedly abandoned thesiege when everything seemed favorable for an immediate attack. Thebesieged, despairing of successful resistance, were on the point ofsurrender, when the Roman general withdrew his forces without the leastapparent reason. But God's merciful providence was directing events forthe good of His own people....
618	DONATE THE GREAT CONTROVERSY, PAGE 30 PAR. 2• "Christ had given His disciples warning, and all who believedHis words watched for the promised sign. "When ye shall see¿REATIONTROVERSYJerusalem compassed with armies," said Jesus, "then knowthat the desolation thereof is nigh. Then let them which are inJudea flee to the mountains; and let them which are in themidst of it depart out." Luke 21:20, 21. After the Romansunder Cestius had surrounded the city, they unexpectedly abandoned thesiege when everything seemed favorable for an immediate attack. Thebesieged, despairing of successful resistance, were on the point ofsultender, when the Roman general withdrew his forces without the leastapparent reason. But God's merciful providence was directing events forthe good of His own people....
624	DONATE THE GREAT CONTROVERSY, PAGE 30 PAR. 2"Christ had given His disciples warning, and all who believedHis words watched for the promised sign. "When ye shall seeREATCONTROVERSYJerusalem compassed with armies," said Jesus, "then knowthat the desolation thereof is nigh. Then let them which are inJudea flee to the mountains; and let them which are in themidst of it depart out." Luke 21:20, 21. After the Romansunder Cestius had surrounded the city, they unexpectedly abandoned thesiege when everything seemed favorable for an immediate attack. Thebesieged, despairing of successful resistance, were on the point ofsurrender, when the Roman general withdrew his forces without the leastapparent reason. But God's merciful providence was directing events forthe good of His own people....
630	THE GREAT CONTROVERSY, PAGE 30 PAR. 2• "Christ had given His disciples warning, and all who believedHis words watched for the promised sign. "When ye shall seeREATCONTROVERSYJerusalem compassed with armies," said Jesus, "then knowthat the desolation thereof is nigh. Then let them which are inJudea flee to the mountains; and let them which are in themidst of it depart out." Luke 21:20, 21. After the Romansunder Cestius had surrounded the city, they unexpectedly abandoned thesiege when everything seemed favorable for an immediate attack. Thebesieged, despairing of successful resistance, were on the point ofsurrender, when the Roman general withdrew his forces without the leastapparent reason. But God's merciful providence was directing events forthe good of His own people....
636	DONATE THE GREAT CONTROVERSY, PAGE 30 PAR. 2• "Christ had given His disciples warning, and all who believedHis words watched for the promised sign. "When ye shall see≥R EATIONTROVERSYJerusalem compassed with armies," said Jesus, "then knowthat the desolation thereof is nigh. Then let them which are inJudea flee to the mountains; and let them which are in themidst of it depart out." Luke 21:20, 21. After the Romansunder Cestius had surrounded the city, they unexpectedly abandoned thesiege when everything seemed favorable for an immediate attack. Thebesieged, despairing of successful resistance, were on the point ofsurrender, when the Roman general withdrew his forces without the leastapparent reason. But God's merciful providence was directing events forthe good of His own people....
642	DONATETHE GREAT CONTROVERSY, PAGE 30 PAR. 2• ...The promised sign had been given to the waiting Christians,and now an opportunity was offered for all who would, to obeythe Savior's warning. Events were so overruled that neitherREATCONTROVERSYJews nor Romans should hinder the flight of the Christians.Upon the retreat of Cestius, the Jews, sallying from Jerusalem,pursued after his retiring army; and while both forces were thusfully engaged, the Christians had an opportunity to leave the city. At this timethe country also had been cleared of enemies who might have endeavored tointercept them. At the time of the siege, the Jews were assembled at Jerusalemto keep the Feast of Tabernacles, and thus the Christians throughout the landwere able to make their escape unmolested. Without delay they fled to aplace of safety-the city of Pella, in the land of Perea, beyond Jordan."
648	DONATETHE GREAT CONTROVERSY, PAGE 30 PAR. 2• ...The promised sign had been given to the waiting Christians,and now an opportunity was offered for all who would, to obey¿REATIONTROVERSYthe Savior's warning. Events were so overruled that neitherJews nor Romans should hinder the flight of the Christians.Upon the reti at of Cestius, the Jews, sallying from Jerusalem,pursued after his retiring army; and while both forces were thusfully engaged, the Christians had an opportunity to leave the city. At this timethe country also had been cleared of enemies who might have endeavored tointercept them. At the time of the siege, the Jews were assembled at Jerusalemto keep the Feast of Tabernacles, and thus the Christians throughout the landwere able to make their escape unmolested. Without delay they fled to aplace of safety-the city of Pella, in the land of Perea, beyond Jordan."00009
654	DONATE THE GREAT CONTROVERSY, PAGE 30 PAR. 2• ...The promised sign had been given to the waiting Christians,and now an opportunity was offered for all who would, to obey¿REATIONTROVERSYthe Savior's warning. Events were so overruled that neitherJews nor Romans should hinder the flight of the Christians.Upon the retreat of Cestius, the Jews, sallying from Jerusalem,pursued after his retiring army; and while both forces were thusfully engaged, the Christians had an opportunity to leave the city. At this timethe country also had been cleared of enemies who might have endeavored tointercept them. At the time of the siege, the Jews were assembled at Jerusalemto keep the Feast of Tabernacles, and thus the Christians throughout the landwere able to make their escape unmolested. Without delay they fled to aplace of safety-the city of Pella, in the land of Perea, beyond Jordan."
660	DONATETHE GREAT CONTROVERSY, PAGE 30 PAR. 2• ...The promised sign had been given to the waiting Christians,and now an opportunity was offered for all who would, to obeyREATIONTROVERSYthe Savior's warning. Events were so overruled that neitherJews nor Romans should hinder the flight of the Christians.Upon the retreat of Cestius, the Jews, sallying from Jerusalem,pursued after his retiring army; and while both forces were thusfully engaged, the Christians had an opportunity to leave the city. At this timethe country also had been cleared of Jaemies who might have endeavored tointercept them. At the time of the siege, the Jews were assembled at Jerusalemto keep the Feast of Tabernacles, and thus the Christians throughout the landwere able to make their escape unmolested. Without delay they fled to aplace of safety-the city of Pella, in the land of Perea, beyond Jordan."0000
666	DONATETHE GREAT CONTROVERSY, PAGE 30 PAR. 2• ...The promised sign had been given to the waiting Christians,and now an opportunity was offered for all who would, to obeythe Savior's warning. Events were so overruled that neitherREATCONTROVERSYJews nor Romans should hinder the flight of the Christians.Upon the retreat of Cestius, the Jews, sallying from Jerusalem,pursued after his retiring army; and while both forces were thusfully engaged, the Christians had an opportunity to leave the city. At this timethe country also had been cleared of enemies who might have endeavored tointercept them. At the time of the siege, the Jews were assembled at Jerusalemto keep the Feast of Tabernacles, and thus the Christians throughout the landwere able to make their escape unmolested. Without delay they fled to aplace of safety-the city of Pella, in the laid of Perea, beyond Jordan."00009
672	DONATETHE GREAT CONTROVERSY, PAGE 30 PAR. 2• ...The promised sign had been given to the waiting Christians,and now an opportunity was offered for all who would, to obeyZREATONTROVERSYthe Savior's warning. Events were so overruled that neitherJews nor Romans should hinder the flight of the Christians.Upon the retreat of Cestius, the Jews, sallying from Jerusalem,pursued after his retiring army; and while both forces were thusfully engaged, the Christians had an opportunity to leave the city. At this timethe country also had been cleared of enemies who might have endeavored tointercept them. At the time of the siege, the Jews were assembled at Jerusalemto keep the Feast of Tabernacles, and thus the Christians throughout the landwere able to make their escape unmolested. Without delay they fled to aplace of safety-the city of Pella, in the land of Perea, beyond Jordan."
678	DONATE THE GREAT CONTROVERSY, PAGE 30 PAR. 2• ...The promised sign had been given to the waiting Christians,and now an opportunity was offered for all who would, to obeythe Savior's warning. Events were so overruled that neitherREATCONTROVERSYJews nor Romans should hinder the flight of the Christians.Upon the retreat of Cestius, the Jews, sallying from Jerusalem,pursued after his retiring army; and while both forces were thusfully engaged, the Christians had an opportunity to leave the city. At this timethe country also had been cleared of enemies who might have endeavored tointercept them. At the time of the siege, the Jews were assembled at Jerusalemto keep the Feast of Tabernacles, and thus the Christians throughout the landwere able to make their escape unmolested. Without delay they fled to aplace of safety-the city of Pella, in the land of Perea, beyond Jordan."
684	DONATETHE GREAT CONTROVERSY, PAGE 30 PAR. 2• ...The promised sign had been given to the waiting Christians,and now an opportunity was offered for all who would, to obeythe Savior's warning. Events were so overruled that neitherREATCONTROVERSYJews nor Romans should hinder the flight of the Christians.Upon the retreat of Cestius, the Jews, sallying from Jerusalem,pursued after his retiring army; and while both forces were thusTWO ORMENATORfully engaged, the Christians had an opportunity to leave the city. At this timethe country also had been cleared of enemies who might have endeavored tointercept them. At the time of the siege, the Jews were assembled at Jerusalemto keep the Feast of Tabernacles, and thus the Christians throughout the landwere able to make their escape unmolested. Without delay they fled to aplace of safety-the city of Pella, in the land of Perea, beyond Jordan."
690	DONATETHE GREAT CONTROVERSY, PAGE 30 PAR. 2• ...The promised sign had been given to the waiting Christians,and now an opportunity was offered for all who would, to obeyREATCONTROVERSYthe Savior's warning. Events were so overruled that neitherJews nor Romans should hinder the flight of the Christians.Upon the retreat of Cestius, the Jews, sallying from Jerusalem,pursued after his retiring army; and while both forces were thusfully engaged, the Christians had an opportunity to leave the city. At this timethe country also had been cleared of enemies who might have endeavored tointercept them. At the time of the siege, the Jews were assembled at Jerusalemto keep the Feast of Tabernacles, and thus the Christians throughout the landwere able to make their escape unmolested. Without delay they fled to aplace of safety-the city of Pella, in the land of Perea, beyond Jordan."
696	DONATETHE GREAT CONTROVERSY, PAGE 30 PAR. 2• ...The promised sign had been given to the waiting Christians,and now an opportunity was offered for all who would, to obeythe Savior's warning. Events were so overruled that neitherREATCONTROVERSYJews nor Romans should hinder the flight of the Christians.Upon the retreat of Cestius, the Jews, sallying from Jerusalem,pursued after his retiring army; and while both forces were thusfully engaged, the Christians had an opportunity to leave the city. At this timethe country also had been cleared of enemies who might have endeavored tointercept them. At the time of the siege, the Jews were assembled at Jerusalemto keep the Feast of Tabernacles, and thus the Christians throughout the landwere able to make their escape unmolested. Without delay they fled to aplace of safety-the city of Pella, in the land of Perea, beyond Jordan."
702	DONATE THE GREAT CONTROVERSY, PAGE 30 PAR. 2• ...The promised sign had been given to the waiting Christians,and now an opportunity was offered for all who would, to obeythe Savior's warning. Events were so overruled that neitherREATCONTROVERSYJews nor Romans should hinder the flight of the Christians.Upon the retreat of Cestius, the Jews, sallying from Jerusalem,pursued after his retiring army; and while both forces were thusfully engaged, the Christians had an opportunity to leave the city. At this timethe country also had been cleared of enemies who might have endeavored tointercept them. At the time of the siege, the Jews were assembled at Jerusalemto keep the Feast of Tabernacles, and thus the Christians throughout the landwere able to make their escape unmolested. Without delay they fled to aplace of safety-the city of Pella, in the land of Perea, beyond Jordan."
708	DONATETHE GREAT CONTROVERSY, PAGE 30 PAR. 2• "Not one Christian perished inthe destruction of Jerusalem...."
714	Someone scanned the QR codeDONATETHE GREAT CONTROVERSY, PAGE 30 PAR. 2GREATCONTROVERSY• "Not one Christian perished inthe destruction of Jerusalem...."0000000
720	WIKIPEDIAhe Free EncyclopediaSiege of Jerusalem (70 CE)• "Wikipedia: "During the siege of Jerusalem and itsaftermath, the population was subjected to massexterminatioti-an event that Shawn J. Kelleycharacterizes as genocide. Josephus wrote that 1.1 million people,the majority of them Jewish, were killed during the siege - a deathtoll he attributes to the celebration of Passover. It has also beennoted that the revolt had not deterred pilgrims from visitingJerusalem, and a large number became trapped in the city andperished during the siege."HTTPS://EN.WIKIPEDIA.ORG/WIKI/SIEGE_OF_JERUSALEM_(70_CE)00 039
726	WIKIPEDIAThe Free EncyclopediaSiege of Jerusalem (70 CE)• "Wikipedia: "During the siege of Jerusalem and itsaftermath, the population was subjected to massextermination-an event that Shawn J. Kelleycharacterizes as genocide. Josephus wrote that 1.1 million people,the majority of them Jewish, were killed during the siege - a deathtoll he attributes to the celebration of Passover. It has also beennoted that the revolt had not deterred pilgrims from visitingJerusalem, and a large number became trapped in the city andperished during the siege."HTTPS://EN.WIKIPEDIA.ORG/WIKI/SIEGE_OF_JERUSALEM_(70_CE)
732	WIKIPEDIAThe Free EncyclopediaSiege of Jerusalem (70 CE)• "Wikipedia: "During the siege of Jerusalem and itsaftermath, the population was subjected to massextermination-an event that Shawn J. Kelleycharacterizes as genocide. Josephus wrote that 1.1 million people,the majority of them Jewish, were killed during the siege - a deathtoll he attributes to the celebration of Passover. It has also beennoted that the revolt had not deterred pilgrims from visitingJerusalem, and a large number became trapped in the city andperished during the siege."HTTPS://EN.WIKIPEDIA.ORG/WIKI/SIEGE_OF_JERUSALEM_(70_CE)
738	WIKIPEDIAThe Free EncyclopediaSiege of Jerusalem (70 CE)• "Wikipedia: "During the siege of Jerusalem and itsaftermath, the population was subjected to massextermination-an event that Shawn J. Kelleycharacterizes as genocide. Josephus wrote that 1.1 million people,the majority of them Jewish, were killed during the siege - a deathtoll he attributes to the celebration of Passover. It has also beennoted that the revolt had not deterred pilgrims from visitingJerusalem, and a large number became trapped in the city andperished during the siege."HTTPS://EN.WIKIPEDIA.ORG/WIKI/SIEGE_OF_JERUSALEM_(70_CE)
744	WIKIPEDIAThe Free EncyclopediaSiege of Jerusalem (70 CE)• "Wikipedia: "During the siege of Jerusalem and itsaftermath, the population was subjected to massextermination-an event that Shawn J. Kelleycharacterizes as genocide. Josephus wrote that 1.1 million people,the majority of them Jewish, were killed during the siege - a deathtoll he attributes to the celebration of Passover. It has also beennoted that the revolt had not deterred pilgrims from visitingJerusalem, and a large number became trapped in the city andperished during the siege."HTTPS://EN.WIKIPEDIA.ORG/WIKI/SIEGE_OF_JERUSALEM_(70_CE)
750	Someone scanned the QR codeWIKIPEDIAThe Free EncyclopediaSiege of Jerusalem (70 CE)• "Wikipedia: "During the siege of Jerusalem and itsaftermath, the population was subjected to massextermination-an event that Shawn J. Kelleycharacterizes as genocide. Josephus wrote that 1.1 million people,the majority of them Jewish, were killed during the siege - a deathtoll he attributes to the celebration of Passover. It has also beennoted that the revolt had not deterred pilgrims from visitingJerusalem, and a large number became trapped in the city andperished during the siege."HTTPS://EN.WIKIPEDIA.ORG/WIKI/SIEGE_OF_ JERUSALEM_(70_CE)
756	WIKIPEDIAThe Free EncyclopediaSiege of Jerusalem (70 CE)• "Wikipedia: "During the siege of Jerusalem and itsaftermath, the population was subjected to massextermination-an event that Shawn J. Kelleycharacterizes as genocide. Josephus wrote that 1.1 million people,the majority of them Jewish, were killed during the siege - a deathtoll he attributes to the celebration of Passover. It has also beennoted that the revolt had not deterred pilgrims from visitingJerusalem, and a large number became trapped in the city andperished during the siege."HTTPS://EN.WIKIPEDIA.ORG/WIKI/SIEGE_OF_JERUSALEM_(70_CE)
762	WIKIPEDIAThe Free EscyclopediaSiege of Jerusalem (70 CE)• "Wikipedia: "During the siege of Jerusalem and itsaftermath, the population was subjected to massextermination-an event that Shawn J. Kelleycharacterizes as genocide. Josephus wrote that 1.1 million people,the majority of them Jewish, were killed during the siege - a deathtoll he attributes to the celebration of Passover. It has also beennoted that the revolt had not deterred pilgrims from visitingJerusalem, and a large number became trapped in the city andperished during the siege."HTTPS://EN.WIKIPEDIA.ORG/WIKI/SIEGE_OF_JERUSALEM_(70_CE)
768	WIKIPEDIAThe Free EncyclopediaSiege of Jerusalem (70 CE)• "Wikipedia: "During the siege of Jerusalem and itsaftermath, the population was subjected to massextermination-an event that Shawn J. Kelleycharacterizes as genocide. Josephus wrote that 1.1 million people,the majority of them Jewish, were killed during the siege - a deathtoll he attributes to the celebration of Passover. It has also beennoted that the revolt had not deterred pilgrims from visitingJerusalem, and a large number became trapped in the city andperished during the siege."HTTPS://EN.WIKIPEDIA.ORG/WIKI/SIEGE_OF_JERUSALEM_(70_CE)
774	DONATECOUNTRY LIVING, PAGE 32 (1885)CountryLiving• "The time is not far distant, when, like the earlydisciples, we shan be forced to seck a refuge indesolate and solitary places. As the siege ofJerusalem by the Roman armies was the signalEllen G. Whitefor flight to the Judean Christians, so the assumption ofpower on the part of our nation, in the decree enforcing thepapal Sabbath, will be a warning to us. It will then be time toleave the large cities, preparatory to leaving the smaller onesfor retired homes in secluded places among the mountains."075 9
780	DONATECOUNTRY LIVING, PAGE 32 (1885)CountryLiving• "The time is not far distant, when, like the earlydisciples, we shall be forced to seck a refuge indesolate and solitary places. As the siege ofJerusalem by the Roman armies was the signalEllen G. Whitefor flight to the Judean Christians, so the assumption ofpower on the part of our nation, in the decree enforcing thepapal Sabbath, will be a warning to us. It will then be time toleave the large cities, preparatory to leaving the smaller onesfor retired homes in secluded places among the mountains."0 0 05 9
786	DONATECOUNTRY LIVING, PAGE 32 (1885)CountryLiving• "The time is not far distant, when, like the earlydisciples, we shall be forced to seck a refuge indesolate and solitary places. As the siege ofJerusalem by the Roman armies was the signalEllen G. Whitefor flight to the Judean Christians, so the assumption ofpower on the part of our nation, in the decree enforcing thepapal Sabbath, will be a warning to us. It will then be time toleave the large cities, preparatory to leaving the smaller onesfor retired homes in secluded places among the mountains."00059
792	DONATECOUNTRY LIVING, PAGE 32 (1885)CountryLiving• "The time is not far distant, when, like the earlydisciples, we shall be forced to seek a refuge indesolate and solitary places. As the siege oliJerusalem by the Roman armies was the signalEllen G. Whitefor flight to the Judean Christians, so the assumption ofpower on the part of our nation, in the decree enforcing thepapal Sabbath, will be a warning to us. It will then be time toleave the large cities, preparatory to leaving the smaller onesfor retired homes in secluded places among the mountains."00009
798	DONATECOUNTRY LIVING, PAGE 32 (1885)CountryLiving• "The time is not far distant, when, like the earlydisciples, we shall be forced to seck a refuge indesolate and solitary places. As the siege ofJerusalem by the Roman armies was the signalEllen G. Whitefor flight to the Judean Christians, so the assumption ofpower on the part of our nation, in the decree enforcing thepapal Sabbath, will be a warning to us. It will then be time toleave the large cities, preparatory to leaving the smaller onesfor retired homes in secluded places among the mountains."00009
804	DONATECOUNTRY LIVING, PAGE 32 (1885)CountryLiving• "The time is not far distant, when, like the earlydisciples, we shall be forced to seck a refuge indesolate and solitary places. As the siege ofJerusalem by the Roman armies was the signalEllen G. Whitefor flight to the Judean Christians, so the assumption ofpower on the part of our nation, in the deerce enforcing thepapal Sabbath, will be a warning to us. It will then be time toleave the large cities, preparatory to leaving the smaller onesfor retired homes in secluded places among the mountains."00009
810	DONATECOUNTRY LIVING, PAGE 32 (1885)CountryLiving• "The time is not far distant, when, like the earlydisciples, we shall be forced to seck a refuge indesolate and solitary places. As the siege ofJerusalem by the Roman armies was the signalEllen G. Whitefor flight to the Judean Christians, so the assumption ofpower on the part of our nation, in the decree enforcing thepapal Sabbath, will be a warning to us. It will then be time toleave the large cities, preparatory to leaving the smaller onesfor retired homes in secluded places among the mountains."00009
816	Someone scanned the QR codeDONATECOUNTRY LIVING, PAGE 32 (1885)CountryLiving• "The time is not far distant, when, like the earlydisciples, we shall be forced to seck a refuge indesolate and solitary places. As the siege ofJerusalem by the Roman armies was the signalEllen G. Whitefor flight to the Judean Christians, so the assumption ofpower on the part of our nation, in the decree enforcing thepapal Sabbath, will be a warning to us. It will then be time toleave the large cities, preparatory to leaving the smaller onesfor retired homes in secluded places among the mountains."0 059
822	DONATECOUNTRY LIVING, PAGE 32 (1885)Country,Living• "The time is not far distant, when, like the earlydisciples, we shall be forced to seck a refuge indesolate and solitary places. As the siege ofJerusalem by the Roman armies was the signalEllen G. Whitefor flight to the Judean Christians, so the assumption ofpower on the part of our nation, in the decree enforcing thepapal Sabbath, will be a warning to us. It will then be time toleave the large cities, preparatory to leaving the smaller onesfor retired homes in secluded places among the mountains."00009
828	DONATECOUNTRY LIVING, PAGE 32 (1885)CountryLiving• "The time is not far distant, when, like the earlydisciples, we shall be forced to seck a reluge indesolate and solitary places. As the siege ofJerusalem by the Roman armies was the signalEllen G. Whitefor flight to the Judean Christians, so the assumption ofpower on the part of our nation, in the decree enforcing thepapal Sabbath, will be a warning to us. It will then be time toleave the large cities, preparatory to leaving the smaller onesfor retired homes in secluded places among the mountains."00009
834	DONATECOUNTRY LIVING, PAGE 32 (1885)CountryLiving• "The time is not far distant, when, like the earlydisciples, we shall be forced to seck a refuge indesolate and solitary places. As the siege ofJerusalem by the Roman armies was the signalEllen G. Whitefor flight to the Judean Christians, so the assumption ofpower on the part of our nation, in the decree enforcing thepapal Sabbath, will be a warning to us. It will then be time toleave the large cities, preparatory to leaving the smaller onesfor retired homes in secluded places among the mountains."
840	DONATECOUNTRY LIVING, PAGE 32(1885)CountryLiving• "The time is not far distant, when, like the earlydisciples, we shall be forced to seek a refuge indesolate and solitary places. As the siege ofJerusalem by the Roman armies was the signalEllen G. Whitefor flight to the Judean Christians, so the assumption ofpower on the part of our nation, in the decree enforcing thepapal Sabbath, will be a warning to us. It will then be time toleave the large cities, preparatory to leaving the smaller onesfor retired homes in secluded places among the mountains."
846	DONATECOUNTRY LIVING, PAGE 32 (1885)CountryLiving• "The time is not far distant, when, like the earlydisciples, we shall be forced to seck a refuge indesolate and solitary places. As the siege ofJerusalem by the Roman armies was the signalEllen G. Whitefor flight to the Judean Christians, so the assumption ofpower on the part of our nation, in the decree enforcing thepapal Sabbath, will be a warning to us. It will then be time toleave the large cities, preparatory to leaving the smaller onesfor retired homes in secluded places among the mountains."
852	Someone scanned the QR codeDONATECOUNTRY LIVING, PAGE 32 (1885)CountryLiving• "The time is not far distant, when, like the earlydisciples, we shall be forced to seck a refuge indesolate and solitary places. As the siege ofJerusalem by the Roman armies was the signalEllen G. Whitefor flight to the Judean Christians, so the assumption ofpower on the part of our nation, in the decree enforcing thepapal Sabbath, will be a warning to us. It will then be time toleave the large cities, preparatory to leaving the smaller onesfor retired homes in secluded places among the mountains."
858	DONATECOUNTRY LIVING, PAGE 32 (1885)CountryLiving• "The time is not far distant, when, like the earlydisciples, we shall be forced to seek a refuge indesolate and solitary places. As the siege ofJerusalem by the Roman armies was the signalEllen G. Whitefor flight to the Judean Christians, so the assumption ofpower on the part of our nation, in the decree enforcing thepapal Sabbath, will be a warning to us. It will then be time toleave the large cities, preparatory to leaving the smaller onesfor retired homes in secluded places among the mountains."
864	DONATECOUNTRY LIVING, PAGE 32 (1885)CountryLiving• "The time is not far distant, when, like the earlydisciples, we shall be forced to seck a refuge indesolate and solitary places. As the siege ofJerusalem by the Roman armies was the signalEllen G. Whitefor flight to the Judean Christians, so the assumption ofpower on the part of our nation, in the decree enforcing thepapal Sabbath, will be a warning to us. It will then be time toleave the large cities, preparatory to leaving the smaller onesfor retired homes in secluded places among the mountains."
870	DONATECOUNTRY LIVING, PAGE 32 (1885)CountryLiving• "The time is not far distant, when, like the earlydisciples, we shall be forced to seck a reluge indesolate and solitary places. As the siege ofJerusalem by the Roman armies was the signalEllen G. Whitefor flight to the Judean Christians, so the assumption ofpower on the part of our nation, in the decree enforcing thepapal Sabbath, will be a warning to us. It will then be time toleave the large cities, preparatory to leaving the smaller onesfor retired homes in secluded places among the mountains."
876	DONATECOUNTRY LIVING, PAGE 32 (1885)CountryLiving• "The time is not far distant, when, like the earlydisciples, we shall be forced to seek a reluge indesolate and solitary places. As the siege ofJerusalem by the Roman armies was the signalEllen G. Whitefor flight to the Judean Christians, so the assumption ofpower on the part of our nation, in the decree enforcing thepapal Sabbath, will be a warning to us. It will then be time toleave the large cities, preparatory to leaving the smaller onesfor retired homes in secluded places among the mountains."
882	DONATECOUNTRY LIVING, PAGE 32 (1885)CountryLiving• "The time is not far distant, when, like the earlydisciples, we shall be forced to seck a refuge indesolate and solitary places. As the siege ofJerusalem by the Roman armies was the signalEllen G. Whitefor flight to the Judean Christians, so the assumption ofpower on the part of our nation, in the decree enforcing thepapal Sabbath, will be a warning to us. It will then be time toleave the large cities, preparatory to leaving the smaller onesfor retired homes in secluded places among the mountains."
888	DONATECOUNTRY LIVING, PAGE 32 (1885)CountryLiving• "The time is not far distant, when, like the earlydisciples, we shall be forced to seck a refuge indesolate and solitary places. As the siege ofJerusalem by the Roman armies was the signalEllen G. Whitefor flight to the Judean Christians, so the assumption ofpower on the part of our nation, in the decree enforcing thepapal Sabbath, will be a warning to us. It will then be time toleave the large cities, preparatory to leaving the smaller onesfor retired homes in secluded places among the mountains."
894	DONATECOUNTRY LIVING, PAGE 32 (1885)CountryLiving• "The time is not far distant, when, like the earlydisciples, we shall be forced to seck a refuge indesolate and solitary places. As the siege ofJerusalem by the Roman armies was the signalEllen G. Whitefor flight to the Judean Christians, so the assumption ofpower on the part of our nation, in the decree enforcing thepapal Sabbath, will be a warning to us. It will then be time toleave the large cities, preparatory to leaving the smaller onesfor retired homes in secluded places among the mountains."
900	DONATECOUNTRY LIVING, PAGE 32 (1885)CountryLiving• "The time is not far distant, when, like the earlydisciples, we shall be forced to seek a refuge indesolate and solitary places. As the siege ofJerusalem by the Roman armies was the signalEllen G. Whitefor flight to the Judean Christians, so the assumption ofpower on the part of our nation, in the decree enforcing thepapal Sabbath, will be a warning to us. It will then be time toleave the large cities, preparatory to leaving the smaller onesfor retired homes in secluded places among the mountains."
906	DONATECOUNTRY LIVING, PAGE 32 (1885)CountryLiving• "The time is not far distant, when, like the earlydisciples, we shall be forced to seck a refuge indesolate and solitary places. As the siege ofJerusalem by the Roman armies was the signalEllen G. Whitefor flight to the Judean Christians, so the assumption ofpower on the part of our nation, in the decree enforcing thepapal Sabbath, will be a warning to us. It will then be time toleave the large cities, preparatory to leaving the smaller onesfor retired homes in secluded places among the mountains."
912	DONATE
918	DONATE
924	DONATE
930	DONATE
936	DONATE
942	DONATE
948	DONATE
954	DONATE
960	DONATE
966	DONATE
972	DONATE
978	DONATE
984	DONATE
990	DONATE
996	DONATE
1002	DONATE
1008	DONATE
1014	DONATE
1020	DONATE
1026	
1032	DONATE
1038	
1044	DONATE
1050	DONATE
1056	DONATE
1062	DONATE
1068	DONATE
1074	DONATE
1080	DONATE
1086	DONATECOUNTRY LIVING, PAGE 32 (1885)CountryLiving• "The time is not far distant, when, like the earlydisciples, we shall be forced to seck a reluge indesolate and solitary places. As the siege ofJerusalem by the Roman armies was the signalEllen G. Whitefor flight to the Judean Christians, so the assumption ofpower on the part of our nation, in the decree enforcing thepapal Sabbath, will be a warning to us. It will then be time toleave the large cities, preparatory to leaving the smaller onesfor retired homes in secluded places among the mountains."
1092	DONATECOUNTRY LIVING, PAGE 32 (1885)CountryLiving• "The time is not far distant, when, like the earlydisciples, we shall be forced to seek a reluge indesolate and solitary places. As the siege ofJerusalem by the Roman armies was the signalEllen G. Whitefor flight to the Judean Christians, so the assumption ofpower on the part of our nation, in the decree enforcing thepapal Sabbath, will be a warning to us. It will then be time toleave the large cities, preparatory to leaving the smaller onesfor retired homes in secluded places among the mountains."
1098	DONATE
1104	DONATE
1110	
1116	DONATE
1122	DONATE
1128	
1134	DONATE1 Someone scanned the QR code
1140	DONATE< Someone scanned the QR code
1146	DONATE
1152	DONATE
1158	
1164	DONATE
1170	DONATE* Someone scanned the QR code
1176	DONATE1 Someone scanned the QR code
1182	DONATE
1188	DONATE
1194	DONATE
1200	
1206	DONATE
1212	DONATE
1218	DONATE
1224	
1230	DONATE* Someone scanned the QR code
1236	DONATE
1242	DONATE
1248	DONATE
1254	DONATE
1260	
1266	DONATE
1272	DONATE
1278	DONATE
1284	
1290	DONATETHE LONELY YEARS,VOLUME 3, PAGE 395NATIONAL SUNDAY-REST BILLSENATE BILL Na. 2904 TRODUCED IN FIRST SESSION OF FIFTIETHCONGRESSEXATOR I W. BLAIR, MAY 21, 183.• "The routine business ofTHE FIRST DAY OF THE WEEK, COMMONLY KNOWNthe session (GeneralAS THE LORDS DAY, AS A DAY OF REST, AND TOPROMOTE ITS OBSERVANCE AS A DAY OF RELIGIOUS WORSHIP.Conference), while vitally important, presented only afew features of unusual interest. Steps were taken toplace in operation a missionary ship to serve the workfor the church in the South Pacific; there was alsoconsideration of measures to counter the Blair Sundaybill before the United States Congress."002091
1296	DONATETHE LONELY YEARS,OLUME 3, PAGE 395NATIONAL SUNDAY-REST BILLSENATE BILL No. 2983, INTRODUCED IN FIRST SESSION OF FIFTIETHCONGRESS,BY SENATOR H. W. BLAIR, MAY 21, 1888.BILL TO SECURE TO THE PEOPLE THE ENJOYMENT OF• "The routine business ofTHE FIRST DAY OF THE WEEK, COMMONLY KNOWNAS THE LORD'S DAY, AS A DAY OF REST, AND TOPROMOTE ITS OBSERVANCE AS A DAY OF RELIGIOUS WORSHIP.the session (GeneralConference), while vitally important, presented only afew features of unusual interest. Steps were taken toplace in operation a missionary ship to serve the workfor the church in the South Pacific; there was alsoconsideration of measures to counter the Blair Sundaybill before the United States Congress."
1302	A.T. JONES, ADVENT REVIEW AND SABBATHHERALD, 6/26/1900, PAGE 408 PAR. 6-7• "... When the United States government incorporated thefourth commandment of the law of God in its legislation, andthen in its legislation deliberately changed the Sabbath of thatcommandment to Sunday-in that thing the government ofthe United States asserted its independence of the power andgovernment of God, in the very likeness of the papacy. Itwould be impossible for any power more certainly to changethe Sabbath, so far as any power can change it, than theUnited States government has done in the exact likenthe papacy before it.
1308	A.T. JONES, ADVENT REVIEW AND SABBATHHERALD, 6/26/1900, PAGE 408 PAR. 6-7• "... When the United States government incorporated thefourth commandment of the law of God in its legislation, andthen in its legislation deliberately changed the Sabbath of thatcommandment to Sunday-in that thing the government ofthe United States asserted its independence of the power andgovernment of God, in the very likeness of the papacy. Itwould be impossible for any power more certainly to changethe Sabbath, so far as any power can change it, than theUnited States government has done in the exact likenthe papacy before it.
1314	A.T. JONES, ADVENT REVIEW AND SABBATHHERALD, 6/26/1900, PAGE 408 PAR. 6-7• "... When the United States government incorporated thefourth commandment of the law of God in its legislation, andthen in its legislation deliberately changed the Sabbath of thatcommandment to Sunday-in that thing the government of*the United States asserted its independence of the power andgovernment of God, in the very likeness of the papacy. Itwould be impossible for any power more certainly to changethe Sabbath, so far as any power can change it, than theUnited States government has done in the exact likenthe papacy before it.• C
1320	A.T. JONES, ADVENT REVIEW AND SABBATHHERALD, 6/26/1900, PAGE 408 PAR. 6-7• "... When the United States government incorporated thefourth commandment of the law of God in its legislation, andthen in its legislation deliberately changed the Sabbath of thatcommandment to Sunday-in that thing the government ofthe United States asserted its independence of the Power andgovernment of God, in the very likeness of the papacy. Itwould be impossible for any power more certainly to changethe Sabbath, so far as any power can change it, than theUnited States government has done in the exact likenthe papacy before it.
1326	A.T. JONES, ADVENT REVIEW AND SABBATHHERALD, 6/26/1900, PAGE 408 PAR. 6-7• "... When the United States government incorporated thefourth commandment of the law of God in its legislation, andthen in its legislation deliberately changed the Sabbath of thatcommandment to Sunday-in that thing the government ofthe United States asserted its independence of the power andgovernment of God, in the very likeness of the papacy. Itwould be impossible for any power more certainly to changethe Sabbath, so far as any power can change it, than theUnited States government has done in the exact likenthe papacy before it.
1332	•A.T. JONES, ADVENT REVIEW AND SABBATHHERALD, 6/26/1900, PAGE 408 PAR. 6-7... When the United States government incorporated thefourth commandment of the law of God in its legislation, andthen in its legislation deliberately changed the Sabbath of thatcommandment to Sunday-in that thing the government ofthe United States asserted its independence of the power andgovernment of God, in the very likeness of the papacy. Itwould be impossible for any power more certainly to changethe Sabbath, so far as any power can change it, than theUnited States government has done in the exact likenthe papacy before it.
1338	A.T. JONES, ADVENT REVIEW AND SABBATHHERALD, 6/26/1900, PAGE 408 PAR. 6-7• "... When the United States government incorporated thefourth commandment of the law of God in its legislation, andthen in its legislation deliberately changed the Sabbath of thatcommandment to Sunday-in that thing the government ofthe United States asserted its independence of the power andgovernment of God, in the very likeness of the papacy. Itwould be impossible for any power more certainly to changethe Sabbath, so far as any power can change it, than theUnited States government has done in the exact likenthe papacy before it.00e
1344	A.T. JONES, ADVENT REVIEW AND SABBATHHERALD, 6/26/1900, PAGE 408 PAR. 6-7• "... When the United States government incorporated thefourth commandment of the law of God in its legislation, andthen in its legislation deliberately changed the Sabbath of thatcommandment to Sunday-in that thing the government ofthe United States asserted its independence of the power andgovernment of God, in the very likeness of the papacy. Itwould be impossible for any power more certainly to changethe Sabbath, so far as any power can change it, than theUnited States government has done in the exact likenthe papat y before it.0 C
1350	DONATEA.T. JONES, ADVENT REVIEW AND SABBATHHERALD, 6/26/1900, PAGE 408 PAR. 6-7• And this action of the United States was performed at thebidding of an apostate church, just as the change wasoriginally made in the Roman Empire. From 1888 until1892 the whole National Reform combination tried its bestto get Congress and the whole government of the UnitedStates to do what the leaders of that combination knew to bean unconstitutional thing; that is, for the government of theUnited States to decide the Sabbath question by law, and fixit to Sunday as the American sabbath."
1356	DONATEA.T. JONES, ADVENT REVIEW AND SABBATHHERALD, 6/26/1900, PAGE 408 PAR. 6-7• And this action of the United States was performed at thebidding of an apostate church, just as the change wasoriginally made in the Roman Empire. From 1888 until1892, the whole National Reform combination tried its bestto get Congress and the whole government of the UnitedStates to do what the leaders of that combination knew to bean unconstitutional thing; that is, for the government of theUnited States to decide the Sabbath question by law, and fivit to Sunday as the American sabbath."
1362	DONATEA.T. JONES, ADVENT REVIEW AND SABBATHHERALD, 6/26/1900, PAGE 408 PAR. 6-7• And this action of the United States was performed at thebidding of an apostate church, just as the change wasoriginally made in the Roman Empire. From 1888 until1892, the whole National Reform combination tried its bestto get Congress and the whole government of the UnitedStates to do what the leaders of that cor bination knew to bean unconstitutional thing; that is, for the government of theUnited States to decide the Sabbath question by law, and fixit to Sunday as the American sabbath."
1368	DONATEA.T. JONES, ADVENT REVIEW AND SABBATHHERALD, 6/26/1900, PAGE 408 PAR. 6-7• And this action of the United States was performed at thebidding of an apostate church, just as the change wasoriginally made in the Roman Empire. From 1888 until1892, the whole National Reform combination tried its bestto get Congress and the whole government of the UnitedStates to do what the leaders of that combination knew to bean unconstitutional thing; that is, for the government of theUnited States to decide the Sabbath question by law, And fixit to Sunday as the American sabbath."
1374	DONATEA.T. JONES, ADVENT REVIEW AND SABBATHHERALD, 6/26/1900, PAGE 408 PAR. 6-7• And this action of the United States was performed at thebidding of an apostate church, just as the change wasoriginally made in the Roman Empire. From 1888 until1892, the whole National Reform combination tried its bestto get Congress and the whole government of the UnitedStates to do what the leaders of that combination knew to bean unconstitutional thing; that is, for the government of theUnited States to decide the Sabbath question by law, and fivit to Sunday as the American sabbath."
1380	DONATEA.T. JONES, THE AMERICAN SENTINEL,3/5/1891, PAGE 73 PAR. 2, 4• "There is another singular thing about this inquiry. In 1888, theAmerican Sabbath Union was organized. It did its very best in thatyear and all through 1889, and the greater part of 1890, to have anational law enacted to compel everybody to keep Sunday as theSabbath...Even though the American Sabbath Union shouldpursue this inquiry and come to the conclusion already decidedupon, that Sunday is the Sabbath, there is beyond this still, thatother question upon which THE SENTINEL has always insisted,and always shall insist,-Has the State or a majority of any kright to enforce upon anybody the observance of a day of r
1386	DONATEA.T. JONES, THE AMERICAN SENTINEL,3/5/1891, PAGE 73 PAR. 2, 4• "There is another singular thing about this inquiry. In 1888, theAmerican Sabbath Union was organized. It did its very best in thatyear and all through 1889, and the greater part of 1890, to have anational law enacted to compel everybody to keep Sunday as theSabbath...Even though the American Sabbath Union shouldpursue this inquiry and come to the conclusion already decidedupon, that Sunday is the Sabbath, there is beyond this still, thatother question upon which THE SENTINEL has always insisted,and always shall insist,-Has the State or a majority of any k-right to enforce upon anybody the observance of a day of r
1392	DONATEA.T. JONES, THE AMERICAN SENTINEL,3/5/1891, PAGE 73 PAR. 2, 4• "There is another singular thing about this inquiry. In 1888, theAmerican Sabbath Union was organized. It did its very best in thatyear and all through 1889, and the greater part of 1890, to have anational law enacted to compel everybody to keep Sunday as theSabbath...Even though the American Sabbath Union shouldpursue this inquiry and come to the conclusion already decidedupon, that Sunday is the Sabbath, there is beyond this still, thatother question upon which THE SENTINEL has always insisted,and always shall insist,-Has the State or a majority of any k-right to enforce upon anybody the observance of a day of r
1398	DONATEA.T. JONES, THE AMERICAN SENTINEL,3/5/1891, PAGE 73 PAR. 2, 4• "There is another singular thing about this inquiry. In 1888, theAmerican Sabbath Union was organized. It did its very best in thatyear and all through 1889, and the greater part of 1890, to have anational law enacted to compely verybody to keep Sunday as theSabbath...Even though the American Sabbath Union shouldpursue this inquiry and come to the conclusion already decidedupon, that Sunday is the Sabbath, there is beyond this still, thatother question upon which THE SENTINEL has always insisted,and always shall insist,-Has the State or a majority of any k-right to enforce upon anybody the observance of a day of r
1404	A.T. JONES, THE AMERICAN SENTINEL,3/5/1891, PAGE 73 PAR. 2, 4DONATE• "There is another singular thing about this inquiry. In 1888, theAmerican Sabbath Union was organized. It did its very best in thatyear and all through 1889, and the greater part of 1890, to have anational law enacted to compel everybody to keep Sunday as theSabbath...Even though the American Sabbath Union shouldpursue this inquiry and come to the conclusion already decidedupon, that Sunday is the Sabbath, there is beyond this still, thatother question upon which THE SENTINEL has always insisted,and always shall insist,-Has the State or a majority of any k-right to enforce upon anybody the observance of a day of r00€
1410	DONATEA.T. JONES, THE AMERICAN SENTINEL,3/5/1891, PAGE 73 PAR. 2, 4• "There is another singular thing about this inquiry. In 1888, theAmerican Sabbath Union was organized. It did its very best in thatyear and all through 1889, and the greater part of 1890, to have anational law enacted to compel everybody to keep Sunday as theSabbath...Even though the American Sabbath Union shouldpursue this inquiry and come to the conclusion already decidedupon, that Sunday is the Sabbath, there is beyond this still, thatother question upon which THE SENTINEL has always insisted,and always shall insist,-Has the State or a majority of any k-right to enforce upon anybody the observance of a day of r
1416	DONATEA.T. JONES, THE AMERICAN SENTINEL,3/5/1891, PAGE 73 PAR. 2, 4• "There is another singular thing about this inquiry. In 1888, theAmerican Sabbath Union was organized. It did its very best in thatyear and all through 1889, and the greater part of 1890, to have anational law enacted to compel everybody to keep Sunday as theSabbath...Even though the American Sabbath Union shouldpursue this inquiry and come to the conclusion already decidedupon, that Sunday is the Sabbath, there is beyond this still, thatother question upon which THE SENTINEL has always insisted,and always shall msist.- las the State or a iajority of any kind thenight to enforce upon anybody the observance of a day of rest?"
1422	A.T. JONES, THE AMERICAN SENTINEL,DONATE3/5/1891, PAGE 73 PAR. 2, 4• "There is another singular thing about this inquiry. In 1888, theAmerican Sabbath Union was organized. It did its very best in thatyear and all through 1889, and the greater part of 1890, to have anational law enacted to compel everybody to keep Sunday as theSabbath...Even though the American Sabbath Union shouldpursue this inquiry and come to the conclusion already decidedupon, that Sunday is the Sabbath, there is beyond this still, thatother question upon which THE SENTINEL has always insisted,and always shall insist,— Has the State or a majority of any kind theright to enforce upon anybody the observance of a day of rest?"00009
1428	A.T. JONES, THE AMERICAN SENTINEL,DONATE3/5/1891, PAGE 73 PAR. 2, 4• "There is another singular thing about this inquiry. In 1888, theAmerican Sabbath Union was organized. It did its very best in thatyear and all through 1889, and the greater part of 1890, to have anational law enacted to compel everybody to keep Sunday as theSabbath...Even though the American Sabbath Union shouldpursue this inquiry and come to the conclusion already decidedupon, that Sunday is the Sabbath, there is beyond this still, thatother question upon which THE SENTINEL has always insisted,and always shall insist,-Has the State or a majority of any kind theright to enforce upon anybody the observance of a day of rest?"00009
1434	DONATEA.T. JONES, THE AMERICAN SENTINEL,3/5/1891, PAGE 73 PAR. 2, 4• "There is another singular thing about this inquiry. In 1888, theAmerican Sabbath Union was organized. It did its very best in thatyear and all through 1889, and the greater part of 1890, to have anational law enacted to compel everybody to keep Sunday as theSabbath...Even though the American Sabbath Union shouldpursue this inquiry and come to the conclusion already decidedupon, that Sunday is the Sabbath, there is beyond this still, thatother question upon which THE SENTINEL has always insisted,and always shall insist,-Has the State or a majority of any kind theright to enforce upon anybody the observance of a day of rest?"
1440	DONATEA.T. JONES, THE AMERICAN SENTINEL,3/5/1891, PAGE 73 PAR. 2, 4• "There is another singular thing about this inquiry. In 1888, theAmerican Sabbath Union was organized. It did its very best in thatyear and all through 1889, and the greater part of 1890, to have anational law enacted to compel everybody to keep Sunday as theSabbath...Even though the American Sabbath Union shouldpursue this inquiry and come to the conclusion already decidedupon, that Sunday is the Sabbath, there is beyond this still, thatother question upon which THE SENTINEL has always insisted,and always shall insist,-Has the State or a majority of any kind theright to enforce upon anybody the observance of a day of rest?"
1446	DONATEA.T. JONES, THE AMERICAN SENTINEL,3/5/1891, PAGE 73 PAR. 2, 4• "There is another singular thing about this inquiry. In 1888, theAmerican Sabbath Union was organized. It did its very best in thatyear and all through 1889, and the greater part of 1890, to have anational law enacted to compel everybody to keep Sunday as theSabbath...Even though the American Sabbath Union shouldpursue this inquiry and come to the conclusion already decidedupon, that Sunday is the Sabbath, there is beyond this still, thatother question upon which THE SENTINEL has always insisted,and always shall insist,-Has the State or a majority of any kind theright to enforce upon anybody the observance of a day of rest?"
1452	DONATEA.T. JONES, THE AMERICAN SENTINEL,3/5/1891, PAGE 73 PAR. 2, 4• "There is another singular thing about this inquiry. In 1888, theAmerican Sabbath Union was organized. It did its very best in thatyear and all through 1889, and the greater part of 1890, to have anational law enacted to compel everybody to keep Sunday as theSabbath...Even though the American Sabbath Union shouldpursue this inquiry and come to the conclusion already decidedupon, that Sunday is the Sabbath, there is beyond this still, thatother question upon which THE SENTINEL has always instited,and always shall insist,—Has the State or a majority of any kind theright to enforce upon anybody the observance of a day of rest?"
1458	DONATEA.T. JONES, THE AMERICAN SENTINEL,3/5/1891, PAGE 73 PAR. 2, 4• "There is another singular thing about this inquiry. In 1888, theAmerican Sabbath Union was organized. It did its very best in thatyear and all through 1889, and the greater part of 1890, to have anational law enacted to compel everybody to keep Sunday as theSabbath...Even though the American Sabbath Union shouldpursue this inquiry and come to the conclusion already decidedupon, that Sunday is the Sabbath, there is beyond this still, thatother question upon which THE SENTINEL has always insisted,and always shall insist,— Has the State or a majority of any kind theright to enforce upon anybody the observance of a day of rest?"
1464	A.T. JONES, THE AMERICAN SENTINEL,DONATE3/5/1891, PAGE 73 PAR. 2, 4• "There is another singular thing about this inquiry. In 1888, theAmerican Sabbath Union was organized. It did its very best in thatyear and all through 1889, and the greater part of 1890, to have anational law enacted to compel everybody to keep Sunday as theSabbath...Even though the American Sabbath Union shouldpursue this inquiry and come to the conclusion already decidedupon, that Sunday is the Sabbath, there is beyond this still, thatother question upon which THE SENTINEL has always insisted,and always shall insist,-Has the State or a majority of any kind theright to enforce upon anybody the observance of a day of rest?"00000
1470	Flee to the Country / MountainsFirst Siege of JerusalemA.D. 6600009Second AntitypicalSiege of JerusalemSunday LawSecond Siege of JerusalemA.D. 70
1476	First AntitypicalDONATE Siege of Jerusalem+Flee to the Country / MountainsFirst Siege of JerusalemA.D. 66Second AntitypicalSiege of JerusalemSunday LawSecond Siege of JerusalemA.D. 70
1482	First AntitypicalDONATE Siege of Jerusalem+First Siege of JerusalemA.D. 66Flee to the Country / MountainsSecond AntitypicalSiege of JerusalemSunday LawSecond Siege of JerusalemA.D. 70
1488	First AntitypicalDONATE Siege of Jerusalem+Elce to the Country / MountainsFirst Siege of JerusalemA.D. 66Second AntitypicalSiege of JerusalemSunday LawSecond Siege of JerusalemA.D. 70
1494	First AntitypicalDONAl Siege oft erusalem+First Siege of JerusalemA.D. 6600009Flee to the Country / MountainsSecond AntitypicalSiege of JerusalemSunday LawSecond Siege of JerusalemA.D. 70
1500	First AntitypicalDONATE Siege of JerusalenFirst Siege of JerusglemA.D. 6600009Flee to the Country / MountainsSecond AntitypicalSiege of JerusalemSunday LawSecond Siege of JerusalemA.D. 70
1506	First AntitypicalDoNal Siege of JerusalenFirst Siege of JerusalemA.D. 6600009Flee to the Country / MountainsFlee to the Country / MountsyasSecond AntitypicalSiege of JerusalemSunday LawSecond Siege of JerusalemA.D. 70
1512	First AntitypicalDONATE Siege of Jerusalem+Flee to the Country / MountainsFirst Siege of JerusalemA.D. 66000090Second AntitypicalSiege of JerusalemSunday LawSecond Siege of JerusalemA.D. 70g
1518	Flee to the Country / MountainsFirst Siege of JerusalemA.D. 66Second AntitypicalSiege of JerusalemSunday LawSecond Siege of JerusalemA.D. 70
1524	First AntitypicalDONATE Siege of Jerusalem+Flee to the Country / MountainsFirst Siege of JerusalemA.D. 66000000Second AntitypicalSiege of JerusalemSunday LawSecond Siege of JerusalemA.D. 70
1530	Flee to the Country / MountainsFirst Siege of JerusalemA.D. 6600009Second AntitypicalSiege of JerusalemSunday LawSecond Siege of JerusalemA.D. 70
1536	Flee to the Country / MountainsFirst Siege of JerusalemFlee to the Country /MountainsA.D. 66Second AntitypicalSiege of JerusalemSunday LawSecond Siege of JerusalemA.D. 70
1542	First AntitypicalDONATE Siege of Jerusalem+First Siege of JerusalemA.D. 66Flee to the Country / MountainsSecond AntitypicalSiege of JerusalemSunday LawSecond Siege of JerusalemA.D. 70
1548	First AntitypicalDONATE Siege of Jerusalem+First Siege of JerusalemA.D. 66Flee to the Country / MountainsSecond AntitypicalSiege of JerusalemSunday LawSecond Siege of JerusalemA.D. 70
1554	Flee to the Country / MountainsFirst Siege of JerusalemA.D. 66Second AntitypicalSiege of JerusalemSunday LawSecond Siege of JerusalemA.D. 70
1560	First AntitypicalDONATE Siege of Jerusalem+Flee to the Country / MountainsFirst Siege of JerusalemA.D. 66Second AntitypicalSiege of JerusalemSunday LawSecond Siege of JerusalemA.D. 70
1566	DONATETHE GREAT CONTROVERSY, PAGE 445 PAR. 1-2• "... When the leading churches of the United States,REATONTROVERSYuniting upon such points of doctrine as are held bythem in common, Shall influence the state to enforcetheir decrees and to sustain their institutions, thenProtestant America will have formed an image of theWILL THO FORMER KAALS UNITE?Roman hierarchy, and the infliction of civil penalties upondissenters will inevitably result....The "image to the beast"represents that form of apostate Protestantism which will bedeveloped when the Protestant churches shall seek the aid of thecivil power for the enforcement of their dogmas....00009
1572	DONATETHE GREAT CONTROVERSY, PAGE 445 PAR. 1-2• "... When the leading churches of the United States,uniting upon such points of doctrine as are held byREATONTROVERSYthem in common, shall influence the state to enforcetheir decrees and to sustain their institutions, thenProtestant America will have formed an image of theWILL TWO FORMER KAALS UNITE?Roman hierarchy, and the infliction of civil penalties upondissenters will inevitably result....The "image to the beast"represents that form of apostate Protestantism which will bedeveloped when the Protestant churches shall seek the aid of thecivil power for the enforcement of their dogmas....002000
1578	DONATETHE GREAT CONTROVERSY, PAGE 445 PAR. 1-2• "... When the leading churches of the United States,uniting upon such points of doctrine as are held byREATONTROVERSYthem in common, shall influence the state to enforcetheir decrees and to sustain their institutions, thenProtestant America will have formed an image of theWILL TWO FORMER RIVALS LINITE?Roman hierarchy, and the infliction of civil penalties upondissenters willi inevitably result....The "image to the beast"represents that form of apostate Protestantism which will bedeveloped when the Protestant churches shall seek the aid of thecivil power for the enforcement of their dogmas....00009
1584	DONATETHE GREAT CONTROVERSY, PAGE 445 PAR. 1-2• "... When the leading churches of the United States,uniting upon such points of doctrine as are held byREATONTROVERSYthem in common, shall influence the state to enforcetheir decrees and to sustain their institutions, thenProtestant America will have formed an image of theWILL TWO FORMER RIALS UNITE?Roman hierarchy, and the infliction of civil penalties upondissenters will inevitably result....The "image to the beast"represents that form of apostate Protestantism which will bedeveloped when the Protestant churches shall seek the aid of thecivil power for the enforcement of their dogmas....'
1590	DONATEGlobal >NEWSHTTPS:///WW.YOUTUBE.COM/WATCHPV=2-1KGKXYoVS002090
1596	DONATEGlobal>NEWSHTTPS://WW.YOUTUBE.COM/WATCH?V=2-1KGKXYOVS00209009
1602	DONATEWASHINGTON, D.C.FEB. 6,2025GlobalNEWSHTTPS://WWW.YOUTUBE.COM/WATCHPV=2-1KGKXYoVS
1608	DONATEGlobalNEWSHTTPS://WWW.YOuTUBE.com/WATCH?V=z-1KGKXY
1614	DONATE•******GlobalNEWSHTTPS:///wW.YOUTUBE.com/WATCH?V=z-1KGKXY
1620	DONATE*******Global-NEWSHTTPS://WWW.YOUTUBE.COM/WATCHPV=Z-1KGKXY
1626	DOINAITEclloballHTTPS://WWW.VOUTUBE.COM/WATCHPV*Z-1KGKXYOVS
1632	DONATEGlobalNEWSHTTPS://WWW.YOUTUBE.COM/WATCH?V=Z-IKGKXYoVS
1638	DONATEGlobalNEWSHTTPS://WWW.YOUTUBE.COM/WATCH?V=Z-1KGKXYOVS
1644	DONATEGlobalNEWSHTTPS://WWW.YOUTUBE.COM/WATCHPV=Z-1KGKXYoVS
1650	DONATEGlobalNEWSHTTPS://WWW.YOUTUBE.COM/WATCH?V=Z-1KGKXYoVS
1656	DONATEGlobalNEWSHTTPS://WWW.YOUTUBE.COM/WATCH?V=Z-1KGKXYoVS
1662	DONATEGlobalNEWSHTTPS://WWW.YOUTUBE.COM/WATCHPV=Z-1KGKXYOVS
1668	DONATEGlobalNEWSHTTPS://WWW.VOUTUBE.CoM/WATCH?V=2-1KGKXYoVS
1674	DONATEBEELITTLE ROCKDALLASHUCKAISTHTTPS://Ww.YOUTUBE.COM/WATCHPV=U9LMR3XEUJS00059
1680	DONATEBELITTLE ROCKDALLASHTTPS://WWW.YOUTUBE.COM/WATCH?V=U9LMR3XI
1686	DONATEBELITTLE ROCKDALLASHTTPS://WW.YOUTUBE.COM/WATCH?V=U9LMR3XI
1692	DONATEBELITTLE ROCKDALLASHUCKABI I* TODAY *HTTPS://WWW.YOUTUBE.COM/WATCH?V=U9LMR3X
1698	DONATEBELITTLE ROCKDALLASIL CKABEE* TODAY*HTTPS:///WW.YOUTUBE.COM/WATCH?V=U9LMR3XI
1704	DONATEIt CKABEETODAY*HTTPS://WWW.YOUTUBE.COM/WATCH?V=U9LMR3X
1710	DONATEDr. Robert JeffressSr Pastor, First Baptist DallasНескаві!* TODAYHTTPS://WWW.YOUTUBE.COM/WATCH?V=U9LMR3XI
1716	DONATEBELITTLE ROCKDALLASHTTPS://WWW.YOUTUBE.COM/WATCH?V=U9LMR3XI
1722	DONATEBELITTLE ROCKDALLASUNABEE* TODAY *HTTPS://WWW.YOUTUBE.COM/WATCH?V=U9LMR3XI
1728	DONATEBELITTLE ROCKDALLASHTTPS://WWW.YOUTUBE.COM/WATCH?V=U9LMR3XI
1734	DONATEBELITTLE ROCKDALLASHTTPS://WWW.YOUTUBE.COM/WATCH?V=U9LMR3XI
1740	DONATEBELITTLE ROCKDALLASHUCKABEE* TODAY *HTTPS://WWW.YOUTUBE.COM/WATCH?V=U9LMR3X
1746	DONATEBELITTLE ROCKDALLASI CKABEETODAY *HTTPS://WWW.YOUTUBE.COM/WATCH?V=U9LMR3XI
1752	DONATEBELITTLE ROCKDALLASНГСКАВІHTTPS://WWW.YOUTUBE.COM/WATCH?V=U9LMR3XI
1758	DONATEBELITTLE ROCKDALLAS* товHTTPS://WWW.YOUTUBE.COM/WATCH?V=U9LMR3XI
1764	DONATEBELITTLE ROCKDALLASHUCKABEL* TODAY *HTTPS:///WW.YOUTUBE.COM/WATCH?V=U9LMR3X
1770	DONATEBELITTLE ROCKDALLASIL CKABEEODAY *HTTPS://WWW.YOUTUBE.COM/WATCH?V=U9LMR3XI
1776	DONATE* TODAYSr Pastor, First Baptist DallasHTTPS://WWW.YOUTUBE.COM/WATCH?V=U9LMR3XI
1782	DONATEDr. Robert JeffressSr Pastor, First Baptist DallasHUCKABEl* TODAY *HTTPS://WWW.YOUTUBE.COM/WATCH?V=U9LMR3XI00e
1788	DONATEЛІ СКАВЕЕ* TODAY*HTTPS://WWW.YOUTUBE.COM/WATCH?V=U9LMR3X
1794	DONATEHECKABEE* TODAY *HTTPS://WWW.YOUTUBE.COM/WATCHPV=U9LMR3XI
1800	DONATEBEELITTLE ROCKDALLASHTTPS://WWW.YOUTUBE.COM/WATCH?V=U9LMR3XI
1806	DONATEBELITTLE ROCKDALLASHUCKABEE* TODAY*HTTPS://WWW.YOUTUBE.COM/WATCH?V=U9LMR3XI
1812	DONATEBEELITTLE ROCKDALLASHTTPS://WWW.YOUTUBE.COM/WATCH?V=U9LMR3XI
1818	DONATEBEELITTLE ROCKDALLASHI FOLAHTTPS://WWW.YOUTUBE.COM/WATCH?V=U9LMR3XI
1824	DONATEBEELITTLE ROCKDALLASHUCKABL* TODAS.HTTPS:///WW.YOUTUBE.COM/WATCH?V=U9LMR3XI
1830	DONATEMI CKABIETODAY iHTTPS://WWW.YOUTUBE.COM/WATCH?V=U9LMR3XI
1836	COUNTRY LIVING, PAGE 21 PAR. 1(1897)CountryLivingA Little Piece of HeavenDONATE66...The Protestant world have set up an idolsabbath in the place where God's Sabbathshould be, and they are treading in thefootsteps of the Papacy. For this reasonI see the necessity of the people of GodEllen G. Whitemoving out of the cities into retired country places, wherethey may cultivate the land and raise their own produce.Thus they may bring their children up with simple, healthfulhabits. I see the necessity of making haste to get all thinready for the crisis."
1842	DONATEBEELITTLE ROCKHECKARL,HTTP:://WWW.YOUTUBE.COM/WATCHPV-UBLMR3XEU3S
1848	DONATEBEEНесклві !HTTPS://WWW.YOUTUBE.COM/WATCHPV«U9LMR3XEUJS
1854	DONATEBEELITTLE ROCKНЕскАві іHTTPS://WWW.YOUTUBE.COM/WATCHPV«U9LMR3XEUJS
1860	DONATEBEEНЕскАве!HTTPS://WW.YOUTUBE.COM/WATCHPV-U9LMR3XEUJS
1866	DONATEBEEHECKABE!HTTPS://WWW.YOUTUBE.COM/WATCHPV=U9LMR3XEUJS
1872	DONATEBEEНесклві!HTTPS://WWW.YOUTUBE.COM/WATCHPV«U9LMR3XEUJS
1878	DONATEBEEDALLASНесклві ]HTTPS://WWW.YOUTUBE.COM/WATCH?V«U9LMR3XEUJS
1884	DONATEBEEНескли !HTTPS://WWW.YOUTUBE.COM/WATCHPV<U9LMR3XEUJS
1890	COUNTRY LIVING, PAGE 21 PAR. 1(1897)CountryLivingA Little Piece of HeavenDONATE66...The Protestant world have set up an idolsabbath in the place where God's Sabbathshould be, and they are treading in thefootsteps of the Papacy. For this reasonI see the necessity of the people of GodEllen G. Whitemoving out of the cities into retired country places, wherethey may cultivate the land and raise their own produce.Thus they may bring their children up with simple, healthfulhabits. I see the necessity of making haste to get all thready for the crisis."
1896	COUNTRY LIVING, PAGE 21 PAR. 1(1897)CountryLivingA Little Piece of HeavenDONATE66...The Protestant world have set up an idolsabbath in the place where God's Sabbathshould be, and they are treading in thefootsteps of the Papacy. For this reasonI see the necessity of the people of GodEllen G. Whitemoving out of the cities into retired country places, wherethey may cultivate the land and raise their own produce.Thus they may bring their children up with simple, healthfulhabits. I see the necessity of making haste to get all thready for the crisis."
1902	COUNTRY LIVING, PAGE 21 PAR. 1 (1897)CountryLivingA Little Piece of HeavenDONATE66...The Protestant world have set up an idolsabbath in the place where God's Sabbathshould be, and they are treading in thefootsteps of the Papacy. For this reasonI see the necessity of the people of GoaEllen G. Whitemoving out of the cities into retired country places, wherethey may cultivate the land and raise their own produce.Thus they may bring their children up with simple, healthfulhabits. I see the necessity of making haste to get all thready for the crisis."
1908	COUNTRY LIVING, PAGE 21 PAR. 1(1897)CountryLivingA Little Piece of HeavenDONATE66...The Protestant world have set up an idolsabbath in the place where God's Sabbathshould be, and they are treading in thefootsteps of the Papacy. For this reasonI see the necessity of the people of GodEllen G. Whitemoving out of the cities into retired country places, wherethey may cultivate the land and raise their own produce.Thus they may bring their children up with simple, healthfulhabits. I see the necessity of making haste to get all thready for the crisis."
1914	COUNTRY LIVING, PAGE 21 PAR. 1(1897)CountryLivingA Little Piece of HeavenDONATE66...The Protestant world have set up an idolsabbath in the place where God's Sabbathshould be, and they are treading in thefootsteps of the Papacy. For this reasonI see the necessity of the people of GodEllen G. Whitemoving out of the cities into retired country places, wherethey may cultivate the land and raise their own produce.Thus they may bring their children up with simple, healthfulhabits. I see the necessity of making haste to get all thready for the crisis."
1920	COUNTRY LIVING, PAGE 21 PAR. 1(1897)CountryLivingA Little Piece of HeavenDONATE66...The Protestant world have set up an idolsabbath in the place where God's Sabbathshould be, and they are treading in thefootsteps of the Papacy. For this reasonI see the necessity of the people of GodEllen G. Whitemoving out of the cities into retired country places, wherethey may cultivate the land and raise their own produce.Thus they may bring their children up with simple, healthfulhabits. I see the necessity of making haste to get all thready for the crisis."
1926	COUNTRY LIVING, PAGE 21 PAR. 1(1897)CountryLivingA Little Piece of HeavenDONATE66...The Protestant world have set up an idolsabbath in the place where God's Sabbathshould be, and they are treading in thefootsteps of the Papacy. For this reasonI see the necessity of the people of GodEllen G. Whitemoving out of the cities into retired country places, wherethey may cultivate the land and raise their own produce.Thus they may bring their children up with simple, healthfulhabits. I see the necessity of making haste to get all thiready for the crisis."
1932	COUNTRY LIVING, PAGE 21 PAR. 1(1897)CountryLivingA Little Piece of HeavenDONATE66...The Protestant world have set up an idolsabbath in the place where God's Sabbathshould be, and they are treading in thefootsteps of the Papacy. For this reasonI see the necessity of the people of GodEllen G. Whitemoving out of the cities into retired country places, wherethey may cultivate the land and raise their own produce.Thus they may bring their children up with simple, healthfulhabits. I see the necessity of making haste to get all thready for the crisis."
1938	COUNTRY LIVING, PAGE 21 PAR. 1(1897)CountryLivingA Little Piece of HeavenDONATE66...The Protestant world have set up an idolsabbath in the place where God's Sabbathshould be, and they are treading in thefootsteps of the Papacy. For this reasonI see the necessity of the people of GodEllen G. Whitemoving out of the cities into retired country places, wherethey may cultivate the land and raise their own produce.Thus they may bring their children up with simple, healthfulhabits. I see the necessity of making haste to get all thaready for the crisis."
1944	NOW IS THE TIME TO GET OUT!CountryLivinaA Little Piece of HeavenDONATE• ""...Get out of the cities as soon as possible, andpurchase a little piece of land, where you can havea garden, where your children can watch the flowersgrowing, and learn from them lessons of simplicityand purity." CL 17.3 - [1903]Ellen G. White"The time has come, when, as God opens the way, families shouldmove out of the cities. The children should be taken into the country.The parents should get as suitable a place as their means will allow.Though the dwelling may be small, yet there should be land ir.connection with it, that may be cultivated." CL 24.2 - [1903)
1950	DONATENOW IS THE TIME TO GET OUT!CountryLivingA Little Piece of Heaven...Get out of the cities as soon as possible, andpurchase a little piece of land, where you can havea garden, where your children can watch the flowersgrowing, and learn from them lessons of simplicityand purity." CL 17.3 - [1903]Ellen G. White"The time has come, when, as God opens the way, families shouldmove out of the cities. The children should be taken into the country.The parents should get as suitable a place as their means will allow.Though the dwelling may be small, yet there should be land irconnection with it, that may be cultivated." CL 24.2 - [1903]
1956	NOW IS THE TIME TO GET OUT!CountryLivingA Little Piece of HeavenDONATE•6...Get out of the cities as soon as possible, andpurchase a little piece of land, where you can havea garden, where your children can watch the flowersgrowing, and learn from them lessons of simplicityand purity." CL 17.3 - [1903]Ellen G. White"The time has come, when, as God opens the way, families shouldmove out of the cities. The children should be taken into the country.The parents should get as suitable a place as their means will allow.Though the dwelling may be small, yet there should be land irconnection with it, that may be cultivated." CL 24.2 - [1903]
1962	NOW IS THE TIME TO GET OUT!CountryLivinaA Little Piece of HeavenDONATE• "...Get out of the cities as soon as possible, andpurchase a little piece of land, where you can havea garden, where your children can watch the flowersgrowing, and learn from them lessons of simplicityand purity." CL 17.3 - [1903]Ellen G. White"The time has come, when, as God opens the way, families shouldmove out of the cities. The children should be taken into the country.The parents should get as suitable a place as their means will allow.Though the dwelling may be small, yet there should be land ir.connection with it, that may be cultivated." CL 24.2 - [1903]
1968	NOW IS THE TIME TO GET OUT!CountryLivinaA Little Piece of HeavenDONATE• "...Get out of the cities as soon as possible, andpurchase a little piece of land, where you can havea garden, where your children can watch the flowersgrowing, and learn from them lessons of simplicityand purity." CL 17.3 - [1903]Ellen G. White"The time has come, when, as God opens the way, families shouldmove out of the cities. The children should be taken into the country.The parents should get as suitable a place as their means will allow.Though the dwelling may be small, yet there should be land ir.connection with it, that may be cultivated." CL 24.2 - [1903]
1974	DONATENOW IS THE TIME TO GET OUT!CountryLivingA Little Piece of Heaven...Get out of the cities as soon as possible, andpurchase a little piece of land, where you can havea garden, where your children can watch the flowersgrowing, and learn from them lessons of simplicityand purity." CL 17.3 - [1903]Ellen G. White"The time has come, when, as God opens the way, families shouldmove out of the cities. The chiren should be taken into the country.The parents should get as suitable a place as their means will allow.Though the dwelling may be small, yet there should be land ir.connection with it, that may be cultivated." CL 24.2 - [1903]
1980	DONATENOW IS THE TIME TO GET OUT!CountryLivingA Little Piece of Heaven...Get out of the cities as soon as possible, andpurchase a little piece of land, where you can havea garden, where your children can watch the flowersgrowing, and learn from them lessons of simplicityand purity." CL 17.3 - [1903]Ellen G. White"The time has come, when, as God opens the way, families shouldmove out of the cities. The children should be taken into the country.The parents should get as suitable a place as their means will allow.Though the dwelling may be small, yet there should be land irconnection with it, that may be cultivated." CL 24.2 - [1903]
1986	DONATENOW IS THE TIME TO GET OUT!CountryLivingA Little Piece of Heaven...Get out of the cities as soon as possible, andpurchase a little piece of land, where you can havea garden, where your children can watch the flowersgrowing, and learn from them lessons of simplicityand purity." CL 17.3 - [1903]Ellen G. White"The time has come, when, as God opens the way, families shouldmove out of the cities. The children should be taken into the country.The parents should get as suitable a place as their means will allow.Though the dwelling may be small, yet there should be land irconnection with it, that may be cultivated." CL 24.2 - [1493]
1992	: NBC NEWS29, 2025Shutdown pain intensifies as air trafficcontrollers lose pay, and food assistance isdrying up• "SNAP benefits, formerly known as food stamps, are slatedto dry up on Nov. 1 without congressional action, impactingan estimated 40 million low-income Americans across redand blue states.• New York, Texas and Florida are each home to about 3million SNAP beneficiaries, according to KFF, a nonpartisanresearch group."HTTPS://WWW.NBCNEWS.COM/POLITICS/CONGRESS/GOVERNMESHUTDOWN-PAIN-AIR-TRAFFIC-CONTROL-SNAP-WIC-BENEFITS-TSA-RCNA24024
1998	: NBC NEWS29, 2025Shutdown pain intensifies as air trafficcontrollers lose pay, and food assistance isdrying up• "SNAP benefits, formerly known as food stamps, are slatedto dry up on Nov. 1 without congressional action, impactingan estimated 40 million low-income Americans across redand blue states.• New York, Texas and Florida are each home to about 3million SNAP beneficiaries, according to KFF, a nonpartisanresearch group."HTTPS://wwW.NBCNEWS.com/polItics/conGrEss/govERNMESHUTDOWN-PAIN-AIR-TRAFFIC-CONTROL-SNAP-WIC-BENEFITS-TSA-RCNA24024
2004	: NBC NEWS29, 2025Shutdown pain intensifies as air trafficcontrollers lose pay, and food assistance isdrying up• "SNAP benefits, formerly known as food stamps, are slatedto dry up on Nov. 1 without congressional action, impactingan estimated 40 million low-income Americans across redand blue states.• New York, Texas and Florida are each home to about 3million SNAP beneficiaries, according to KFF, a nonpartisanresearch group."HTTPS://WWW.NBCNEWS.COM/POLITICS/CONGRESS/GOVERNMESHUTDOWN-PAIN-AIR-TRAFFIC-CONTROL-SNAP-WIC-BENEFITS-TSA-RCNA24024
2010	: NBC NEWS29, 2025Shutdown pain intensifies as air trafficcontrollers lose pay, and food assistance isdrying up• "SNAP benefits, formerly known as food stamps, are slatedto dry up on Nov. 1 without congressional action, impactingan estimated 40 million low-income Americans across redand blue states.• New York, Texas and Florida are each home to about 3million SNAP beneficiaries, according to KFF, a nonpartisanresearch group."HUTPS/MMAW.NBCNEWS.COM/POLITICS/CONGRESS/GOVERNMESHUTDOWN-PAIN-AIR-TRAFFIC-CONTROL-SNAP-WIC-BENEFITS-TSA-RCNA24024
2016	: NBC NEWS29, 2025Shutdown pain intensifies as air trafficcontrollers lose pay, and food assistance isdrying up• "SNAP benefits, formerly known as food stamps, are slatedto dry up on Nov. 1 without congressional action, impactingan estimated 40 million low-income Americans across redand blue states.• New York, Texas and Florida are each home to about 3million SNAP beneficiaries, according to KFF, a nonpartisanresearch group."HTTPS:/WWW.NBCNEWS.COM/POLITICS/CONGRESS/GOVERNMESHUTDOWN-PAIN-AIR-TRAFFIC-CONTROL-SNAP-WIC-BENEFITS-TSA-RCNA24024
2022	: NBC NEWS29, 2025Shutdown pain intensifies as air trafficcontrollers lose pay, and food assistance isdrying up• "SNAP benefits, formerly known as food stamps, are slatedto dry up on Nov. 1 without congressional action, impactingan estimated 40 million low-income Americans across redand blue states.• New York, Texas and Florida are each home to about 3million SNAP beneficiaries, according to KFF, a nonpartisanresearch group."HTTPS://WWW.NBCNEWS.COM/POLITICS/CONGRESS/GOVERNMESHUTDOWN-PAIN-AIR-TRAFFIC-CONTROL-SNAP-WIC-BENEFITS-TSA-RCNA24024
2028	: NBC NEWS29, 2025Shutdown pain intensifies as air trafficcontrollers lose pay, and food assistance isdrying up• "SNAP benefits, formerly known as food stamps, are slatedto dry up on Nov. 1 without congressional action, impactingan estimated 40 million low-income Americans across redand blue states.• New York, Texas and Florida are each home to about 3million SNAP beneficiaries, according to KFF, a nonpartisanresearch group."HTTPS://WWW.NBCNEWS.COM/POLITICS/CONGRESS/GOVERNMESHUTDOWN-PAIN-AIR-TRAFFIC-CONTROL-SNAP-WIC-BENEFITS-TSA-RCNA24024
2034	: NBC NEWS29, 2025Shutdown pain intensifies as air trafficcontrollers lose pay, and food assistance isdrying up• "SNAP benefits, formerly known as food stamps, are slatedto dry up on Nov. 1 without congressional action, impactingan estimated 40 million low-income Americans across redand blue states.• New York, Texas and Florida are each home to about 3million SNAP beneficiaries, according to KFF, a nonpartisanresearch group."HTTPS://WWW.NBCNEWS.COM/POLITICS/CONGRESS/GOVERNMESHUTDOWN-PAIN-AIR-TRAFFIC-CONTROL-SNAP-WIC-BENEFITS-TSA-RCNA24024
2040	DONATE: NBC NEWS29, 2025Shutdown pain intensifies as air trafficcontrollers lose pay, and food assistance isdrying up• "SNAP benefits, formerly known as food stamps, are slatedto dry up on Nov. 1 without congressional action, impactingan estimated 40 million low-income Americans across redand blue states.• New York, Texas and Florida are each home to about 3million SNAP beneficiaries, according to KFF, a nonpartisanresearch group."HTTPS://WWW.NBCNEW/S.COM/POLITICS/CONGRESS/GOVERNME-TRAFFIC CONTRO SHUTDOWN RAIN ITS-TEA-BENARA026AIR-TRAFFIC-CONTROL-SNAP-WIC-BENEFITS-TSA-RCNA24024000
2046	DONATE: NBC NEWS29, 2025Shutdown pain intensifies as air trafficcontrollers lose pay, and food assistance isdrying up• "SNAP benefits, formerly known as food stamps, are slatedto dry up on Nov. 1 without congressional action, impactingan estimated 40 million low-income Americans across redand blue states.• New York, Texas and Florida are each home to about 3million SNAP beneficiaries, according to KFF, a nonpartisanresearch group."HUTPS:/MMAV.NBCNEWS.COM/POLITICS/CONGRESS/GOVERNMESHUTDOWN-PAIN-AIR-TRAFFIC-CONTROL-SNAP-WIC-BENEFITS-TSA-RCNA24024OOO
2052	: NBC NEWS29, 2025Shutdown pain intensifies as air trafficcontrollers lose pay, and food assistance isdrying up• "SNAP benefits, formerly known as food stamps, are slatedto dry up on Nov. 1 without congressional action, impactingan estimated 40 milion low-income Americans across redand blue states.• New York, Texas and Florida are each home to about 3million SNAP beneficiaries, according to KFF, a nonpartisanresearch group."HTTPS://WWW.NBCNEWS.COM/POLITICS/CONGRESS/GOVERNMESHUTDOWN-PAIN-AIR-TRAFFIC-CONTROL-SNAP-WIC-BENEFITS-TSA-RCNA2402400e
2058	: NBC NEWS29, 2025Shutdown pain intensifies as air trafficcontrollers lose pay, and food assistance isdrying up• "SNAP benefits, formerly known as food stamps, are slatedto dry up on Nov. 1 without congressional action, impactingan estimated 40 million low-income Americans across redand blue states.• New York, Texas and Florida are each home to about 3million SNAP beneficiaries, according to KFF, a nonpartisanresearch group."HTTPS://WWW.NBCNEWS.COM/POLITICS/CONGRESS/GOVERNMESHUTDOWN-PAIN-AIR-TRAFFIC-CONTROL-SNAP-WIC-BENEFITS-TSA-RCNA24024
2064	ONEWSDON Ictober 26. 2025USDA says SNAP benefits won't be issued onNov. 1"The Department of Agriculture has posted a notice on its website warningthat Supplemental Nutrition Assistance Program (SNAP) benefits won't beissued on Nov. 1. "Bottom line, the well has run dry," reads the notice,which also blames Democrats for the second-longest shutdown in U.S.history. Republican and Democratic lawmakers remain at a stalemate onfinding a government funding solution. The Senate has continued to fail toadvance bill that would reopen the government until Nov. 21. The Houseremains out of session next week."HTTPS://ABCNEWS.GO.COM/POLITICS/LIVE-UPDATES/GOVERNMENT-SHUTDCLIVE-UPDATESPID:1262425878ENTRVID=1268834658 USERAB-KFSN_WEB_PLI447 VARIANT_A_KFSN_CONTROL-1860
2070	ONEWSDONAectober 26. 2025USDA says SNAP benefits won't be issued onNov. 1"The Department of Agriculture has posted a notice on its website warningthat Supplemental Nutrition Assistance Program (SNAP) benefits won't beissued on No#. 1. "Bottom line, the well has run dry," reads the notice,which also blames Democrats for the second-longest shutdown in U.S.history. Republican and Democratic lawmakers remain at a stalemate onfinding a government funding solution. The Senate has continued to fail toadvance bill that would reopen the government until Nov. 21. The Houseremains out of session next week."HTTPS://ABCNEWS.GO.COM/POLITICS/LIVE-UPDATES/GOVERNMENT-SHUTDOLIVE-UPDATES?ID=1262425878ENTRYID=126883465&USERAB=KFSN_WEB_PL447*VARIANT_A_KFSN_CONTROL-1860
2076	ONEWSDONA ctober 26, 2025USDA says SNAP benefits won't be issued onNov. 1"The Department of Agriculture has posted a notice on its website warningthat Supplemental Nutrition Assistance Program (SNAP) benefits won't beissued on Nov. 1. "Bottom line, the well has run dry," reads the notice,which also blames Democrats for the second-longest shutdown in U.S.history. Republican and Democratic lawmakers remain at a stalemate onfinding a government funding solution. The Senate has continued to fail toadvance bill that would reopen the government until Nov. 21. The Houseremains out of session next week."HTTPs://ABCNEWs.Go.COM/POLITICS/LIVE-UPDATES/GOVERNMENT-SHUTD.LIVE-UPDATES?ID=126242587&ENTRVID=126883465&USERAB=KFSN_WEB_PL447*VARIANT_A_KFSN_CONTROL-1860
2082	ONEWSDON October 26, 2025USDA says SNAP benefits won't be issued onNov. 1"The Department of Agriculture has posted a notice on its website warningthat Supplemental Nutrition Assistance Program (SNAP) benefits won't beissued on Nov. 1. "Bottom line, the well has run dry," reads the notice,which also blames Democrats for the second-loggest shutdown in U.S.history. Republican and Democratic lawmakers remain at a stalemate onfinding a government funding solution. The Senate has continued to fail toadvance bill that would reopen the government until Nov. 21. The Houseremains out of session next week."HTTPS://ABCNEWS.GO.COM/POLITICS/LIVE-UPDATES/GOVERNMENT-SHUTDCLIVE-UPDATESPID:126242587&ENTR VID:126883465&USERAB-KFSN_WEB_PLI447 VARIANT_A_KFSN_CONTROL-1860000OC
2088	ONEWSDON October 26. 2025USDA says SNAP benefits won't be issued onNov. 1"The Department of Agriculture has posted a notice on its website warningthat Supplemental Nutrition Assistance Program (SNAP) benefits won't beissued on Nov. 1. "Bottom line, the well has run dry," reads the notice,which also blames Democrats for the second-longest shutdown in U.S.history. Republican and Democratic lawmakers remain at a stalemate onfinding a government funding solution. The Senate has continued to fail toadvance bill that would reopen the government until Nov. 21. The Houseremains out of session next week."HTTPS://ABCNEWS.GO.COM/POLITICS/LIVE-UPDATES/GOVERNMENT-SHUTDCLIVE-UPDATES?ID-1262425878ENTRVID=1268834658USERAB-KFSN_WEB_PL.447 VARIANT_A_KFSN_CONTROL-1860000
2094	ONEWSDONActober 26. 2025USDA says SNAP benefits won't be issued onNov. 1"The Department of Agriculture has posted a notice on its website warningthat Supplemental Nutrition Assistance Program (SNAP) benefits won't beissued on Nov. 1. "Bottom line, the well has run dry," reads the notice,which also blames Democrats for the second-longest shutdown in U.S.history. Republican and Democratic lawmakers remain at a stalemate onfinding a government funding solution. The Senate has continued to fail toadvance bill that would reopen the government until Nov. 21. The Houseremains out of session next week."HTTPS://ABCNEWS.GO.COM/POLITICS/LIVE-UPDATES/GOVERNMENT-SHUTDCLIVE-UPDATESPID:1262425878 ENTRVID=126883465&USERAB=KFSN_WEB_PLI447 VARIANT_A_KFSN_CONTROL-1860
2100	ONEWSDONActober 26. 2025USDA says SNAP benefits won't be issued onNov. 1"The Department of Agriculture has posted a notice on its website warningthat Supplemental Nutrition Assistance Program (SNAP) benefits won't beissued on Nov. 1. "Bottom line, the well has run dry," reads the notice,which also blames Democrats for the second-longest shutdown in U.S.history. Republican and Democratic lawmakers remain at a stalemate onfinding a government funding solution. The Senate has continued to fail toadvance bill that would reopen the government until Nov. 21. The Houseremains out of session next week."HTTPS://ABCNEWS.GO.COM/POL/TICS/LIVE-UPDATES/GOVERNMENT-SHUTDCLIVE-UPDATES?ID=1262425878ENTRVID:126883465&USERAB=KFSN_WEB_PLI447 VARIANT_A_KFSN_CONTROL-1860
2106	ONEWSDONActober 26. 2025USDA says SNAP benefits won't be issued onNov. 1"The Department of Agriculture has posted a notice on its website warningthat Supplemental Nutrition Assistance Program (SNAP) benefits won't beissued on Nov. 1. "Bottom line, the well has run dry," reads the notice,which also blames Democrats for the second-longest shutdown in U.S.history. Republican and Democratic lawmakers remain at a stalemate onfinding a government funding solution. The Senate has continued to fail toadvance bill that would reopen the government until Nov. 21. The Houseremains out of session next week."HTTPS://ABCNEWS.GO.COM/POLITICS/LIVE-UPDATES/GOVERNMENT-SHUTDGLIVE-UPDATES?ID=1262425878ENTRVID=1268834658USERAB=KFSN_WEB_PLI447 VARIANT_A_KFSN_CONTROL-1860
2112	17LTMS, MS. 233, 1902, PAR. 4DONATE"We are living amid the perils of the last days. The wrath of God ispreparing to come upon all the cities-not all at once but one after another.And if the terrible punishment in one city does not cause the inhabitants ofother cities to be afraid and seek repentance, their time will come. Whenthe Lord ariseth to shake terribly the earth, He will not cease until Hiswork in punishment is done. The destruction will begin in certain places,and the destruction of life will be sudden and but few will escape. There isnot to be given an encouraging thought that the gospel of Jesus Christ willbe accepted by the large majority of men prior to His coming again thesecond time with power and great glory. I am instructed by revelation tosay that most solemn and overwhelming judgments are determined unonall people who have the light before them in the Word of God, bdo not follow it."
2118	17LTMS, MS. 233, 1902, PAR. 4DONATE*We are living amid the perils of the last daye The wrath of God ispreparing to come upon all the cities-not all at once but one after another.And if the terrible punishment in one city does not cause the inhabitants ofother cities to be afraid and seek repentance, their time will come. Whenthe Lord ariseth to shake terribly the earth, He will not cease until Hiswork in punishment is done. The destruction will begin in certain places,and the destruction of life will be sudden and but few will escape. There isnot to be given an encouraging thought that the gospel of Jesus Christ willbe accepted by the large majority of men prior to His coming again thesecond time with power and great glory. I am instructed by revelation tosay that most solemn and overwhelming judgments are determined unonall people who have the light before them in the Word of God, b'do not follow it."
2124	17LTMS, MS. 233, 1902, PAR. 4DONATE"We are living amid the perils of the last days. The wrath of God ispreparing to come upon all the cities-not all at once but one after another.And if the terrible punishment in one city does not cause the inhabitants ofother cities to be afraid and seek repentance, their time will come. Whenthe Lord ariseth to shake terribly the earth, He will not cease until Hiswork in punishment is done. The destruction will begin in certain places,and the destruction of life will be sudden and but few will escape. There isnot to be given an encouraging thought that the gospel of Jesus Christ willbe accepted by the large majority of men prior to His coming again thesecond time with power and great glory. I am instructed by revelation tosay that most solemn and overwhelming judgments are determined unonall people who have the light before them in the Word of God, b'do not follow it."
2130	17LTMS, MS. 233, 1902, PAR. 4DONATE"We are living amid the perils of the last days. The wrath of God ispreparing to come upon all the cities-not all at once but one after another.And if the terrible punishment in one city does not cause tie inhabitants ofother cities to be afraid and seek repentance, their time will come. Whenthe Lord ariseth to shake terribly the earth, He will not cease until Hiswork in punishment is done. The destruction will begin in certain places,and the destruction of life will be sudden and but few will escape. There isnot to be given an encouraging thought that the gospel of Jesus Christ willbe accepted by the large majority of men prior to His coming again thesecond time with power and great glory. I am instructed by revelation tosay that most solemn and overwhelming judgments are determined unonall people who have the light before them in the Word of God, b'do not follow it."
2136	17LTMS, MS. 233, 1902, PAR. 4DONATE"We are living amid the perils of the last days. The wrath of God ispreparing to come upon all the cities-not all at once but one after another.And if the terrible punishment in one city does not cause the inhabitants ofother cities to be afraid and seek repentance, their time will come. Whenthe Lord ariseth to shake terribly the earth, He will not cease until Hiswork in punishment is done. The destruction will begin in certain places,and the destruction of life will be sudden and but few will escape. There isnot to be given an encouraging thought that the gospel of Jesus Christ willbe accepted by the large majority of men prior to His coming again thesecond time with power and great glory. I am instructed by revelation tosay that most solemn and overwhelming judgments are determined unonall people who have the light before them in the Word of God, b'do not follow it."
2142	17LTMS, MS. 233, 1902, PAR. 4DONATE"We are living amid the perils of the last days. The wrath of God ispreparing to come upon all the cities-not all at once but one alter another.And if the terrible punishment in one city does not cause the inhabitants ofother cities to be afraid and seek repentance, their time will come. Whenhe Lord ariseth to shake terribly the earth. He will not cease umtil Hiswork in punishment is done. The destruction will begin in certain places,and the destruction of life will be sudden and but few will escape. There isnot to be given an encouraging thought that the gospel of Jesus Christ willbe accepted by the large majority of men prior to His coming again thesecond time with power and great glory. I am instructed by revelation tosay that most solemn and overwhelming judgments are determined unonall people who have the light before them in the Word of God, b'do not follow it."
2148	17LTMS, MS. 233, 1902, PAR. 4DONATE"We are living amid the perils of the last days. The wrath of God ispreparing to come upon all the cities-not all at once but one after another.And if the terrible punishment in one city does not cause the inhabitants ofother cities to be afraid and seek repentance, their time will come. Whenthe Lord ariseth to shake terribly the earth, He will not cease until Hiswork in punishment is done. The destruction will begin in certain places,and the destruction of life will be sudden and but few will escape. There isnot to be given an encouraging thought that the gospel of Jesus Christ willbe accepted by the large majority of men prior to His coming again thesecond time with power and great glory. I am instructed by revelation tosay that most solemn and overwhelming judgments are determined monall people who have the light before them in the Word of God, b'do not follow it."
2154	17LTMS, MS. 233, 1902, PAR. 4DONATE"We are living amid the perils of the last days. The wrath of God ispreparing to come upon all the cities-not all at once but one after another.And if the terrible punishment in one city does not cause the inhabitants ofother cities to be afraid and seek repentance, their time will come. Whenthe Lord ariseth to shake terribly the earth, He will not cease until Hiswork in punishment is done. The destruction will begin in certain places,and the destruction of life will be sudden and but few will escape. There isnot to be given an encouraging thought that the gospel of Jesus Christ willbe accepted by the large majority of men prior to His coming again thesecond time with power and great glory. I am instructed by revelation tosay that most solemn and overwhelming judgments are determined monall people who have the light before them in the Word of God, b'do not follow it."
2160	17LTMS, MS. 233, 1902, PAR. 4DONATE"We are living amid the perils of the last days. The wrath of God ispreparing to come upon all the cities-not all at once but one after another.And if the terrible punishment in one city does not cause the inhabitants ofother cities to be afraid and seek repentance, their time will come. Whenthe Lord ariseth to shake terribly the earth, He will not cease until Hiswork in punishment is done. The destruction will begin in certain places,and the destruction of life will be sudden and but few will escape. There isnot to be given an encouraging thought that the gospel of Jesus Christ willbe accepted by the large majority of men prior to His coming again thesecond time with power and great glory. I am instructed by revelation tosay that most solemn and overwhelming judgments are determined unonall people who have the light before them in the Word of God, b'do not follow it."
2166	17LTMS, MS. 233, 1902, PAR. 4DONATE"We are living amid the perils of the last days. The wrath of God ispreparing to come upon all the cities-not all at once but one after another.And if the terrible punishment in one city does not cause the inhabitants ofother cities to be afraid and seek repentance, their time will come. Whenthe Lord ariseth to shake terribly the earth, He will not cease until Hiswork in punishment is done. The destruction will begin in certain places,and the destruction of life will be sudden and but few will escape. There isnot to be given an encouraging thought that the gospel of Jesus Christ willbe accepted by the large majority of men prior to His coming again thesecond time with power and great glory. I am instructed by revelation tosay that most solemn and overwhelming judgments are determined unonall people who have the light before them in the Word of God, b'do not follow it."
2172	17LTMS, MS. 233, 1902, PAR. 4DONATE"We are living amid the perils of the last days. The wrath of God ispreparing to come upon all the cities-not all at once but one after another.And if the terrible punishment in one city does not cause the inhabitants ofother cities to be afraid and seek repentance, their time will come. Whenthe Lord ariseth to shake terribly the earth, He will not cease until Hiswork in punishment is done. The destruction will begin in certain places,and the destruction of life will be sudden and but few will escape. There isnot to be given an encouraging thought that the gospel of Jesus Christ willbe accepted by the large majority of men prior to His coming again thesecond time with power and great glory. I am instructed by revelation tosay that most solemn and overwhelming judgments are determined unonall people who have the light before them in the Word of God, b'do not follow it."
2178	17LTMS, MS. 233, 1902, PAR. 4DONATE"We are living amid the perils of the last days. The wrath of God ispreparing to come upon all the cities-not all at once but one after another.And if the terrible punishment in one city does not cause the inhabitants ofother cities to be afraid and seek repentance, their time will come. Whenthe Lord ariseth to shake terribly the earth, He will not cease until Hiswork in punishment is done. The destruction will begin in certain places,and the destruction of life will be sudden and but few will escape. There isnot to be given an encouraging thought that the gospel of Jesus Christ willbe accepted by the large majority of men prior to His coming again thesecond time with power and great glory. I am instructed by revelation tosay that most solemn and overwhelming judgments are determined monall people who have the light before them in the Word of God, b'do not follow it."
2184	17LTMS, MS. 233, 1902, PAR. 4DONATE"We are living amid the perils of the last days. The wrath of God ispreparing to come upon all the cities-not all at once but one after another.And if the terrible punishment in one city does not cause the inhabitants ofother cities to be afraid and seek repentance, their time will come. Whenthe Lord ariseth to shake terribly the earth, He will not cease until Hiswork in punishment is done. The destruction will begin in certain places,and the destruction of life will be sudden and but few will escape. There isnot to be given an encouraging thought that the gospel of Jesus Christ willbe accepted by the large majority of men prior to His coming again thesecond time with power and great glory. I am instructed by revelation tosay that most solemn and overwhelming judgments are determined unonall people who have the light before them in the Word of God, b'do not follow it."
2190	17LTMS, MS. 233, 1902, PAR. 4DONATE"We are living amid the perils of the last days. The wrath of God ispreparing to come upon all the cities-not all at once but one after another.And if the terrible punishment in one city does not cause the inhabitants ofother cities to be afraid and seek repentance, their time will come. Whenthe Lord ariseth to shake terribly the eart!, He will not cease until Hiswork in punishment is done. The destruction will begin in certain places,and the destruction of life will be sudden and but few will escape. There isnot to be given an encouraging thought that the gospel of Jesus Christ willbe accepted by the large majority of men prior to His coming again thesecond time with power and great glory. I am instructed by revelation tosay that most solemn and overwhelming judgments are determined unonall people who have the light before them in the Word of God, b'do not follow it."
2196	17LTMS, MS. 233, 1902, PAR. 4DONATE"We are living amid the perils of the last days. The wrath of God ispreparing to come upon all the cities-not all at once but one alter another.And if the terrible punishment in one city does not cause the inhabitants ofother cities to be afraid and seek repentance, their time will come. Whenthe Lord ariseth to shake terribly the earth, He will not cease until Hiswork in punishment is done. The destruction will begin in certain places,and the destruction of life will be sudden and but few will escape. There isnot to be given an encouraging thought that the gospel of Jesus Christ willbe accepted by the large majority of men prior to His coming again thesecond time with power and great glory. I am instructed by revelation tosay that most solemn and overwhelming judgments are determined unonall people who have the light before them in the Word of God, bdo not follow it."
2202	17LTMS, MS. 233, 1902, PAR. 4DONATE"We are living amid the perils of the last days. The wrath of God ispreparing to come upon all the cities-not all at once but one after another.And if the terrible punishment in one city does not cause the inhabitants ofother cities to be afraid and seek repentance, their time will come. Whenthe Lord ariseth to shake terribly the earth, He will not cease until Hiswork in punishment is done. The destruction will begin in certain places,and the destruction of life will be sudden and but few will escape. There isnot to be given an encouraging thought that the gospel of Jesus Christ willbe accepted by the large majority of men prior to His coming again thesecond time with power and great glory. I am instructed by revelation tosay that most solemn and overwhelming judgments are determined unonall people who have the light before them in the Word of God, b'do not follow it."
2208	17LTMS, MS. 233, 1902, PAR. 4DONATE"We are living amid the perils of the last days. The wrath of God ispreparing to come upon all the cities-not all at once but one after another.And if the terrible punishment in one city does not cause the inhabitants ofother cities to be afraid and seek repentance, their time will come. Whenthe Lord ariseth to shake terribly the earth, He will not cease until Hiswork in punishment is done. The destruction will begin in certain places,and the destruction of life will be sudden and but few will escape. There isnot to be given an encouraging thought that the gospel of Jesus Christ willbe accepted by the large majority of men prior to His coming again thesecond time with power and great glory. I am instructed by revelation tosay that most solemn and overwhelming judgments are determined unonall people who have the light before them in the Word of God, bdo not follow it."
2214	17LTMS, MS. 233, 1902, PAR. 4DONATE"We are living amid the perils of the last days. The wrath of God ispreparing to come upon all the cities-not all at once but one after another.And if the terrible punishment in one city does not cause the inhabitants ofother cities to be afraid and seek repentance, their time will come. Whenthe Lord ariseth to shake terribly the earth, He will not cease until Hiswork in punishment is done. The destruction will begin in certain places,and the destruction of life will be sudden and but few will escape. There isnot to be given an encouraging thought that the gospel of Jesus Christ willbe accepted by the large majority of men prior to His coming again thesecond time with power and great glory. I am instructed by revelation tosay that most solemn and overwhelming judgments are determined nonall people who have the light before them in the Word of God, b'do not follow it."
2220	17LTMS, MS. 233, 1902, PAR. 4DONATE"We are living amid the perils of the last days. The wrath of God ispreparing to come upon all the cities-not all at once but one after another.And if the terrible punishment in one city does not cause the inhabitants ofother cities to be afraid and seek repentance, their time will come. Wrenthe Lord ariseth to shake terribly the earth, He will not cease until Hiswork in punishment is done. The destruction will begin in certain places,and the destruction of life will be sudden and but few will escape. There isnot to be given an encouraging thought that the gospel of Jesus Christ willbe accepted by the large majority of men prior to His coming again thesecond time with power and great glory. I am instructed by revelation tosay that most solemn and overwhelming judgments are determined unonall people who have the light before them in the Word of God, b'do not follow it."000Q
2226	17LTMS, MS. 233, 1902, PAR. 4DONATE"We are living amid the perils of the last days. The wrath of God ispreparing to come upon all the cities-not all at once but one after another.And if the terrible punishment in one city does not cause the inhabitants ofother cities to be afraid and seck repentance, their time will come. Whenthe Lord ariseth to shake terribly the earth, He will not cease until Hiswork in punishment is done. The destruction will begin in certain places,and the destruction of life will be sudden and but few will escape. There isnot to be given an encouraging thought that the gospel of Jesus Christ willbe accepted by the large majority of men prior to His coming again thesecond time with power and great glory. I am instructed by revelation tosay that most solemn and overwhelming judgments are determined unonall people who have the light before them in the Word of God, b'do not follow it."
2232	17LTMS, MS. 233, 1902, PAR. 4DONATE"We are living amid the perils of the last days. The wrath of God ispreparing to come upon all the cities-not all at once but one after another.And if the terrible punishment in one city does not cause the inhabitants ofother cities to be afraid and seek repentance, their time will come. Whenthe Lord ariseth to shake terribly the earth, He will not cease until Hiswork in punishment is done. The destruction will begin in certain places,and the destruction of life will be sudden and but few will escape. There isnot to be given an encouraging thought that the gospel of Jesus Christ willbe accepted by the large majority of men prior to His coming again thesecond time with power and great glory. I am instructed by revelation tosay that most solemn and overwhelming judgments are determined nonall people who have the light before them in the Word of God, b'do not follow it."
2238	17LTMS, MS. 233, 1902, PAR. 4DONATE"We are living amid the perils of the last days. The wrath of God ispreparing to come upon all the cities-not all at once but one after another.And if the terrible punishment in one city does not cause the inhabitants ofother cities to be afraid and seek repentance, their time will come. Whenthe Lord ariseth to shake terribly the earth, He will not cease until Hiswork in punishment is done. The destructich will begin in certain places,and the destruction of life will be sudden and but few will escape. There isnot to be given an encouraging thought that the gospel of Jesus Christ willbe accepted by the large majority of men prior to His coming again thesecond time with power and great glory. I am instructed by revelation tosay that most solemn and overwhelming judgments are determined unonall people who have the light before them in the Word of God, b'do not follow it."
2244	17LTMS, MS. 233, 1902, PAR. 4DONATE"We are living amid the perils of the last days. The wrath of God ispreparing to come upon all the cities-not all at once but one after another.And if the terrible punishment in one city does not cause the inhabitants ofother cities to be afraid and seek repentance, their time will come. Whenthe Lord ariseth to shake terribly the earth, He will not cease until Hiswork in punishment is done. The destruction will begin in certain places,and the destruction of life will be sudden and but lew will escape. There isnot to be given an encouraging thought that the gospel of Jesus Christ willbe accepted by the large majority of men prior to His coming again thesecond time with power and great glory. I am instructed by revelation tosay that most solemn and overwhelming judgments are determined unonall people who have the light before them in the Word of God, b'do not follow it."
2250	17LTMS, MS. 233, 1902, PAR. 4DONATE"We are living amid the perils of the last days. The wrath of God ispreparing to come upon all the cities-not all at once but one after another.And if the terrible punishment in one city does not cause the inhabitants ofother cities to be afraid and seek repentance, their time will come. Whenthe Lord ariseth to shake terribly the earth, He will not cease until Hiswork in punishment is done. The destruction will begin in certain places,and the destruction of life will be sudden and but few will escape. There isnot to be given an encouraging thought that the gospel of Jesus Christ willbe accepted by the large majority of men prior to His coming again thesecond time with power and great glory. I am instructed by revelation tosay that most solemn and overwhelming judgments are determined unonall people who have the light before them in the Word of God, b' Wdo not follow it."
2256	17LTMS, MS. 233, 1902, PAR. 4DONATE"We are living amid the perils of the last days. The wrath of God ispreparing to come upon all the cities-not all at once but one after another.And if the terrible punishment in one city does not cause the inhabitants ofother cities to be afraid and seek repentance, their time will come. Whenthe Lord ariseth to shake terribly the earth, He will not cease until Hiswork in punishment is done. The destruction will begin in certain places,and the destruction of life will be sudden and but few will escape. There isnot to be given an encouraging thought that the gospel of Jesus Christ willbe accepted by the large majority of men prior to His coming again Inesecond time with power and great glory. I am instructed by revelation tosay that most solemn and overwhelming judgments are determined unonall people who have the light before them in the Word of God, b'do not follow it."
2262	17LTMS, MS. 233, 1902, PAR. 4DONATE"We are living amid the perils of the last days. The wrath of God ispreparing to come upon all the cities-not all at once but one after another.And if the terrible punishment in one city does not cause the inhabitants ofother cities to be afraid and seek repentance, their time will come. Whenthe Lord ariseth to shake terribly the earth, He will not cease until Hiswork in punishment is done. The destruction will begin in certain places,and the destruction of life will be sudden and but few will escape. There isnot to be given an encouraging thought that the gospel of Jesus Christ willbe accepted by the large majority of men prior to His coming again thesecond time with power and great glory. I am instructed by revelation tosay that most solEnn and overwhelming judgments are determined unonall people who have the light before them in the Word of God, b'do not follow it."
2268	17LTMS, MS. 233, 1902, PAR. 4DONATE"We are living amid the perils of the last days. The wrath of God ispreparing to come upon all the cities-not all at once but one after another.And if the terrible punishment in one city does not cause the inhabitants ofother cities to be afraid and seek repentance, their time will come. Whenthe Lord ariseth to shake terribly the earth, He will not cease until Hiswork in punishment is done. The destruction will begin in certain places,and the destruction of life will be sudden and but few will escape. There isnot to be given an encouraging thought that the gospel of Jesus Christ willbe accepted by the large majority of men prior to His coming again thesecond time with power and great glory. I am instructed by revelation tosay that most solemn and overwhelming judgments are determined unonall people who have the light before them in the Word of God, bdo not follow it."
2274	17LTMS, MS. 233, 1902, PAR. 4DONATE"We are living amid the perils of the last days. The wrath of God ispreparing to come upon all the cities-not all at once but one after another.And if the terrible punishment in one city does not cause the inhabitants ofother cities to be afraid and seek repentance, their time will come. Whenthe Lord ariseth to shake terribly the earth, He will not cease until Hiswork in punishment is done. The destruction will begin in certain places,and the destruction of life will be sudden and but few will escape. There isnot to be given an encouraging thought that the gospel of Jesus Christ willbe accepted by the large majority of men prior to His coming again thesecond time with power and great glory. I am instructed by revelation tosay that most solemn and overwhelming judgments are determined unonall people who have the light before them in the Word of God, b*do not follow it."
2280	17LTMS, MS. 233, 1902, PAR. 4DONATE"We are living amid the perils of the last days. The wrath of God ispreparing to come upon all the cities-not all at once but one after another.And if the terrible punishment in one city does not cause the inhabitants ofother cities to be afraid and seek repentance, their time will come. Whenthe Lord ariseth to shake terribly the earth, He will not cease until Hiswork in punishment is done. The destruction will begin in certain places,and the destruction of life will be sudden and but few will escape. There isnot to be given an encouraging thought that the gospel of Jesus Christ willbe accepted by the large majority of men prior to His coming again thesecond time with power and great glory. I am instructed by revelation tosay that most solemn and overwhelming judgments are determined unonall people who have the light before them in the Word of God, bdo not follow it."
2286	17LTMS, MS. 233, 1902, PAR. 4DONATE"We are living amid the perils of the last days. The wrath of God ispreparing to come upon all the cities-not all at once but one after another.And if the terrible punishment in one city does not cause the inhabitants ofother cities to be afraid and seek repentance, their time will come. Whenthe Lord ariseth to shake terribly the earth, He will not cease until Hiswork in punishment is done. The destruction will begin in certain places,and the destruction of life will be sudden and but few will escape. There isnot to be given an encouraging thought that the gospel of Jesus Christ willbe accepted by the large majority of men prior to His coming again thesecond time with power and great glory. I am instructed by revelation tosay that most solemn and overwhelming judgments are determined unonall people who have the light before them in the Word of God, b'do not follow it."
2292	17LTMS, MS. 233, 1902, PAR. 4DONATE"We are living amid the perils of the last days. The wrath of God ispreparing to come upon all the cities-not all at once but one alter another.And if the terrible punishment in one city does not cause the inhabitants ofother cities to be afraid and seek repentance, their time will come. Whenthe Lord ariseth to shake terribly the earth, He will not cease until Hiswork in punishment is done. The destruction will begin in certain places,and the destruction of life will be sudden and but few will escape. There isnot to be given an encouraging thought that the gospel of Jesus Christ willbe accepted by the large majority of men prior to His coming again thesecond time with power and great glory. I am instructed by revelation tosay that most solemn and overwhelming judgments are determined monall people who have the light before them in the Word of God, b'do not follow it."
2298	17LTMS, MS. 233, 1902, PAR. 4DONATE"We are living amid the perils of the last days. The wrath of God ispreparing to come upon all the cities-not all at once but one after another.And if the terrible punishment in one city does not cause the inhabitants ofother cities to be afraid and seek repentance, their time will come. Whenthe Lord ariseth to shake terribly the earth, He will not cease until Hiswork in punishment is done. The destruction will begin in certain places,and the destruction of life will be sudden and but few will escape. There isnot to be given an encouraging thought that the gospel of Jesus Christ willbe accepted by the large majority of men prior to His coming again thesecond time with power and great glory. I am instructed by revelation tosay that most solemn and overwhelming judgments are determined unonall people who have the light before them in the Word of God, b'do not follow it."
2304	17LTMS, MS. 233, 1902, PAR. 4DONATE"We are living amid the perils of the last days. The wrath of God ispreparing to come upon all the cities-not all at once but one alter another.And if the terrible punishment in one city does not cause the inhabitants ofother cities to be afraid and seek repentance, their time will come. Whenthe Lord ariseth to shake terribly the earth, He will not cease until Hiswork in punishment is done. The destruction will begin in certain places,and the destruction of life will be sudden and but few will escape. There isnot to be given an encouraging thought that the gospel of Jesus Christ willbe accepted by the large majority of men prior to His coming again thesecond time with power and great glory. I am instructed by revelation tosay that most solemn and overwhelming judgments are determined unonall people who have the light before them in the Word of God, b'do not follow it."
2310	17LTMS, MS. 233, 1902, PAR. 4DONATE"We are living amid the perils of the last days. The wrath of God ispreparing to come upon all the cities-not all at once but one after another.And if the terrible punishment in one city does not cause the inhabitants ofother cities to be afraid and seek repentance, their time will come. Whenthe Lord ariseth to shake terribly the earth, He will not cease until Hiswork in punishment is done. The destruction will begin in certain places,and the destruction of life will be sudden and but few will escape. There isnot to be given an encouraging thought that the gospel of Jesus Christ willbe accepted by the large majority of men prior to His coming again thesecond time with power and great glory. I am instructed by revelation tosay that most solemn and overwhelming judgments are determined unonall people who have the light before them in the Word of God, b'do not follow it."
2316	17LTMS, MS. 233, 1902, PAR. 4DONATE"We are living amid the perils of the last days. The wrath of God ispreparing to come upon all the cities-not all at once but one after another.And if the terrible punishment in one city does not cause the inhabitants ofother cities to be afraid and seek repentance, their time will come. Whenthe Lord ariseth to shake terribly the earth, He will not cease until Hiswork in punishment is done. The destruction will begin in certain places,and the destruction of life will be sudden and but few will escape. There isnot to be given an encouraging thought that the gospel of Jesus Christ willbe accepted by the large majority of men prior to His coming again thesecond time with power and great glory. I am instructed by revelation tosay that most solemn and overwhelming judgments are determined unonall people who have the light before them in the Word of God, b'do not follow it."
2322	17LTMS, MS. 233, 1902, PAR. 4DONATE"We are living amid the perils of the last days. The wrath of God ispreparing to come upon all the cities-not all at once but one after another.And if the terrible punishment in one city does not cause the inhabitants ofother cities to be afraid and seek repentance, their time will come. Whenthe Lord ariseth to shake terribly the earth, He will not cease until Hiswork in punishment is done. The destruction will begin in certain places,and the destruction of life will be sudden and but few will escape. There isnot to be given an encouraging thought that the gospel of Jesus Christ willbe accepted by the large majority of men prior to His coming again thesecond time with power and great glory. I am instructed by revelation tosay that most solemn and overwhelming judgments are determined unonall people who have the light before them in the Word of God, b'1do not follow it."
2328	17LTMS, MS. 233, 1902, PAR. 4DONATE"We are living amid the perils of the last days. The wrath of God ispreparing to come upon all the cities-not all at once but one after another.And if the terrible punishment in one city does not cause the inhabitants ofother cities to be afraid and seek repentance, their time will come. Whenthe Lord ariseth to shake terribly the earth, He will not cease until Hiswork in punishment is done. The destruction will begin in certain places,and the destruction of life will be sudden and but few will escape. There isnot to be given an encouraging thought that the gospel of Jesus Christ willbe accepted by the large majority of men prior to His coming again thesecond time with power and great glory. I am instructed by revelation tosay that most solemn and overwhelming judgments are determined monall people who have the light before them in the Word of God, b'do not follow it."
2334	17LTMS, MS. 233, 1902, PAR. 4DONATE"We are living amid the perils of the last days. The wrath of God ispreparing to come upon all the cities-not all at once but one after another.And if the terrible punishment in one city does not cause the inhabitants ofother cities to be afraid and seek repentance, their time will come. Whenthe Lord ariseth to shake terribly the earth, He will not cease until Hiswork in punishment is done. The destruction will begin in certain places,and the destruction of life will be sudden and but few will escape. There isnot to be given an encouraging thought that the gospel of Jesus Christ willbe accepted by the large majority of men prior to His coming again thesecond time with power and great glory. I am instructed by revelation tosay that most solemn and overwhelming judgments are determined unonall people who have the light before them in the Word of God, b'do not follow it."
2340	17LTMS, MS. 233, 1902, PAR. 4DONATE"We are living amid the perils of the last days. The wrath of God ispreparing to come upon all the cities-not all at once but one after another.And if the terrible punishment in one city does not cause the inhabitants ofother cities to be afraid and seek repentance, their time will come. Whenthe Lord ariseth to shake terribly the earth, He will not cease until Hiswork in punishment is done. The destruction will begin in certain places,and the destruction of life will be sudden and but few will escape. There isnot to be given an encouraging thought that the gospel of Jesus Christ willbe accepted by the large majority of men prior to His coming again thesecond time with power and great glory. I am instructed by revelation tosay that most solemn and overwhelming judgments are determined unonall people who have the light before them in the Word of God, b'do not follow it."
2346	17LTMS, MS. 233, 1902, PAR. 4DONATE"We are living amid the perils of the last days. The wrath of God ispreparing to come upon all the cities-not all at once but one alter another.And if the terrible punishment in one city does not cause the inhabitants ofother cities to be afraid and seek repentance, their time will come. Whenthe Lord ariseth to shake terribly the earth, He will not cease until Hiswork in punishment is done. The destruction will begin in certain places,and the destruction of life will be sudden and but few will escape. There isnot to be given an encouraging thought that the gospel of Jesus Christ willbe accepted by the large majority of men prior to His coming again thesecond time with power and great glory. I am instructed by revelation tosay that most solemn and overwhelming judgments are determined monall people who have the light before them in the Word of God, b'do not follow it."
2352	17LTMS, MS. 233, 1902, PAR. 4DONATE"We are living amid the perils of the last days. The wrath of God ispreparing to come upon all the cities-not all at once but one after another.And if the terrible punishment in one city does not cause the inhabitants ofother cities to be afraid and seek repentance, their time will come. Whenthe Lord ariseth to shake terribly the earth, He will not cease until Hiswork in punishment is done. The destruction will begin in certain places,and the destruction of life will be sudden and but few will escape. There isnot to be given an encouraging thought that the gospel of Jesus Christ willbe accepted by the large majority of men prior to His coming again thesecond time with power and great glory. I am instructed by revelation tosay that most solemn and overwhelming judgments are determined unonall people who have the light before them in the Word of God, bdo not follow it."
2358	17LTMS, MS. 233, 1902, PAR. 4DONATE"We are living amid the perils of the last days. The wrath of God ispreparing to come upon all the cities-not all at once but one alter another.And if the terrible punishment in one city does not cause the inhabitants ofother cities to be afraid and seek repentance, their time will come. Whenthe Lord ariseth to shake terribly the earth, He will not cease until Hiswork in punishment is done. The destruction will begin in certain places,and the destruction of life will be sudden and but few will escape. There isnot to be given an encouraging thought that the gospel of Jesus Christ willbe accepted by the large majority of men prior to His coming again thesecond time with power and great glory. I am instructed by revelation tosay that most solemn and overwhelming judgments are determined unonall people who have the light before them in the Word of God, b'do not follow it."
2364	17LTMS, MS. 233, 1902, PAR. 4DONATE"We are living amid the perils of the last days. The wrath of God ispreparing to come upon all the cities-not all at once but one after another.And if the terrible punishment in one city does not cause the inhabitants ofother cities to be afraid and seek repentance, their time will come. Whenthe Lord ariseth to shake terribly the earth, He will not cease until Hiswork in punishment is done. The destruction will begin in certain places,and the destruction of life will be sudden and but few will escape. There isnot to be given an encouraging thought that the gospel of Jesus Christ willbe accepted by the large majority of men prior to His coming again thesecond time with power and great glory. I am instructed by revelation tosay that most solemn and overwhelming judgments are determined unonall people who have the light before them in the Word of God, b'do not follow it."
2370	17LTMS, MS. 233, 1902, PAR. 4DONATE"We are living amid the perils of the last days. The wrath of God ispreparing to come upon all the cities-not all at once but one after another.And if the terrible punishment in one city does not cause the inhabitants ofother cities to be afraid and seek repentance, their time will come. Whenthe Lord ariseth to shake terribly the earth, He will not cease until Hiswork in punishment is done. The destruction will begin in certain places,and the destruction of life will be sudden and but few will escape. There isnot to be given an encouraging thought that the gospel of Jesus Christ willbe accepted by the large majority of men prior to His coming again thesecond time with power and great glory. I am instructed by revelation tosay that most solemn and overwhelming judgments are determined unonall people who have the light before them in the Word of God, bdo not follow it."
2376	17LTMS, MS. 233, 1902, PAR. 4DONATE"We are living amid the perils of the last days. The wrath of God ispreparing to come upon all the cities-not all at once but one after another.And if the terrible punishment in one city does not cause the inhabitants ofother cities to be afraid and seek repentance, their time will come. Whenthe Lord ariseth to shake terribly the earth, He will not cease until Hiswork in punishment is done. The destruction will begin in certain places,and the destruction of life will be sudden and but few will escape. There isnot to be given an encouraging thought that the gospel of Jesus Christ willbe accepted by the large majority of men prior to His coming again thesecond time with power and great glory. I am instructed by revelation tosay that most solemn and overwhelming judgments are determined unonall people who have the light before them in the Word of God, bdo not follow it."
2382	17LTMS, MS. 233, 1902, PAR. 4DONATE"We are living amid the perils of the last days. The wrath of God ispreparing to come upon all the cities-not all at once but one after another.And if the terrible punishment in one city does not cause the inhabitants ofother cities to be afraid and seek repentance, their time will come. Whenthe Lord ariseth to shake terribly the earth, He will not cease until Hiswork in punishment is done. The destruction will begin in certain places,and the destruction of life will be sudden and but few will escape. There isnot to be given an encouraging thought that the gospel of Jesus Christ willbe accepted by the large majority of men prior to His coming again thesecond time with power and great glory. I am instructed by revelation tosay that most solemn and overwhelming judgments are determined unonall people who have the light before them in the Word of God, bdo not follow it."
2388	17LTMS, MS. 233, 1902, PAR. 4DONATE"We are living amid the perils of the last days. The wrath of God ispreparing to come upon all the cities-not all at once but one after another.And if the terrible punishment in one city does not cause the inhabitants ofother cities to be afraid and seek repentance, their time will come. Whenthe Lord ariseth to shake terribly the earth, He will not cease until Hiswork in punishment is done. The destruction will begin in certain places,and the destruction of life will be sudden and but few will escape. There isnot to be given an encouraging thought that the gospel of Jesus Christ willbe accepted by the large majority of men prior to His coming again thesecond time with power and great glory. I am instructed by revelation tosay that most solemn and overwhelming judgments are determined unonall people who have the light before them in the Word of God, b'do not follow it."
2394	17LTMS, MS. 233, 1902, PAR. 4DONATE"We are living amid the perils of the last days. The wrath of God ispreparing to come upon all the cities-not all at once but one after another.And if the terrible punishment in one city does not cause the inhabitants ofother cities to be afraid and seek repentance, their time will come. Whenthe Lord ariseth to shake terribly the earth, He will not cease until Hiswork in punishment is done. The destruction will begin in certain places,and the destruction of life will be sudden and but few will escape. There isnot to be given an encouraging thought that the gospel of Jesus Christ willbe accepted by the large majority of men prior to His coming again thesecond time with power and great glory. I am instructed by revelation tosay that most solemn and overwhelming judgments are determined unonall people who have the light before them in the Word of God, b'do not follow it."
2400	17LTMS, MS. 233, 1902, PAR. 4DONATE"We are living amid the perils of the last days. The wrath of God ispreparing to come upon all the cities-not all at once but one after another.And if the terrible punishment in one city does not cause the inhabitants ofother cities to be afraid and seek repentance, their time will come. Whenthe Lord ariseth to shake terribly the earth, He will not cease until Hiswork in punishment is done. The destruction will begin in certain places,and the destruction of life will be sudden and but few will escape. There isnot to be given an encouraging thought that the gospel of Jesus Christ willbe accepted by the large majority of men prior to His coming again thesecond time with power and great glory. I am instructed by revelation tosay that most solemn and overwhelming judgments are determined unonall people who have the light before them in the Word of God, b'do not follow it."
2406	17LTMS, MS. 233, 1902, PAR. 4DONATE"We are living amid the perils of the last days. The wrath of God ispreparing to come upon all the cities-not all at once but one after another.And if the terrible punishment in one city does not cause the inhabitants ofother cities to be afraid and seek repentance, their time will come. Whenthe Lord ariseth to shake terribly the earth, He will not cease until Hiswork in punishment is done. The destruction will begin in certain places,and the destruction of life will be sudden and but few will escape. There isnot to be given an encouraging thought that the gospel of Jesus Christ willbe accepted by the large majority of men prior to His coming again thesecond time with power and great glory. I am instructed by revelation tosay that most solemn and overwhelming judgments are determined unonall people who have the light before them in the Word of God, b'do not follow it."
2412	17LTMS, MS. 233, 1902, PAR. 4DONATE"We are living amid the perils of the last days. The wrath of God ispreparing to come upon all the cities-not all at once but one after another.And if the terrible punishment in one city does not cause the inhabitants ofother cities to be afraid and seek repentance, their time will come. Whenthe Lord ariseth to shake terribly the earth, He will not cease until Hiswork in punishment is done. The destruction will begin in certain places,and the destruction of life will be sudden and but few will escape. There isnot to be given an encouraging thought that the gospel of Jesus Christ willbe accepted by the large majority of men prior to His coming again thesecond time with power and great glory. I am instructed by revelation tosay that most solemn and overwhelming judgments are determined monall people who have the light before them in the Word of God, b'do not follow it."
2418	17LTMS, MS. 233, 1902, PAR. 4DONATE"We are living amid the perils of the last days. The wrath of God ispreparing to come upon all the cities-not all at once but one after another.And if the terrible punishment in one city does not cause the inhabitants ofother cities to be afraid and seek repentance, their time will come. Whenthe Lord ariseth to shake terribly the earth, He will not cease until Hiswork in punishment is done. The destruction will begin in certain places,and the destruction of life will be sudden and but few will escape. There isnot to be given an encouraging thought that the gospel of Jesus Christ willbe accepted by the large majority of men prior to His coming again thesecond time with power and great glory. I am instructed by revelation tosay that most solemn and overwhelming judgments are determined unonall people who have the light before them in the Word of God, b'do not follow it."
2424	17LTMS, MS. 233, 1902, PAR. 4DONATE"We are living amid the perils of the last days. The wrath of God ispreparing to come upon all the cities-not all at once but one after another.And if the terrible punishment in one city does not cause the inhabitants ofother cities to be afraid and seek repentance, their time will come. Whenthe Lord ariseth to shake terribly the earth, He will not cease until Hiswork in punishment is done. The destruction will begin in certain places,and the destruction of life will be sudden and but few will escape. There isnot to be given an encouraging thought that the gospel of Jesus Christ willbe accepted by the large majority of men prior to His coming again thesecond time with power and great glory. I am instructed by revelation tosay that most solemn and overwhelming judgments are determined monall people who have the light before them in the Word of God, bdo not follow it."
2430	17LTMS, MS. 233, 1902, PAR. 4DONATE"We are living amid the perils of the last days. The wrath of God ispreparing to come upon all the cities-not all at once but one after another.And if the terrible punishment in one city does not cause the inhabitants ofother cities to be afraid and seek repentance, their time will come. Whenthe Lord ariseth to shake terribly the earth, He will not cease until Hiswork in punishment is done. The destruction will begin in certain places,and the destruction of life will be sudden and but few will escape. There isnot to be given an encouraging thought that the gospel of Jesus Christ willbe accepted by the large majority of men prior to His coming again thesecond time with power and great glory. I am instructed by revelation tosay that most solemn and overwhelming judgments are determined unonall people who have the light before them in the Word of God, b'do not follow it."
2436	17LTMS, MS. 233, 1902, PAR. 4DONATE"We are living amid the perils of the last days. The wrath of God ispreparing to come upon all the cities-not all at once but one after another.And if the terrible punishment in one city does not cause the inhabitants ofother cities to be afraid and seek repentance, their time will come. Whenthe Lord ariseth to shake terribly the earth, He will not cease until Hiswork in punishment is done. The destruction will begin in certain places,and the destruction of life will be sudden and but few will escape. There isnot to be given an encouraging thought that the gospel of Jesus Christ willbe accepted by the large majority of men prior to His coming again thesecond time with power and great glory. I am instructed by revelation tosay that most solemn and overwhelming judgments are determined unonall people who have the light before them in the Word of God, b'Ido not follow it."
2442	17LTMS, MS. 233, 1902, PAR. 4DONATE"We are living amid the perils of the last days. The wrath of God ispreparing to come upon all the cities-not all at once but one after another.And if the terrible punishment in one city does not cause the inhabitants ofother cities to be afraid and seek repentance, their time will come. Whenthe Lord ariseth to shake terribly the earth, He will not cease until Hiswork in punishment is done. The destruction will begin in certain places,and the destruction of life will be sudden and but few will escape. There isnot to be given an encouraging thought that the gospel of Jesus Christ willbe accepted by the large majority of men prior to His coming again thesecond time with power and great glory. I am instructed by revelation tosay that most solemn and overwhelming judgments are determined unonall people who have the light before them in the Word of God, bdo not follow it."
2448	17LTMS, MS. 233, 1902, PAR. 4DONATE"We are living amid the perils of the last days. The wrath of God ispreparing to come upon all the cities-not all at once but one after another.And if the terrible punishment in one city does not cause the inhabitants ofother cities to be afraid and seek repentance, their time will come. Whenthe Lord ariseth to shake terribly the earth, He will not cease until Hiswork in punishment is done. The destruction will begin in certain places,and the destruction of life will be sudden and but few will escape. There isnot to be given an encouraging thought that the gospel of Jesus Christ willbe accepted by the large majority of men prior to His coming again thesecond time with power and great glory. I am instructed by revelation tosay that most solemn and overwhelming judgments are determined unonall people who have the light before them in the Word of God, b'Ido not follow it."
2454	17LTMS, MS. 233, 1902, PAR. 4DONATE"We are living amid the perils of the last days. The wrath of God ispreparing to come upon all the cities-not all at once but one after another.And if the terrible punishment in one city does not cause the inhabitants ofother cities to be afraid and seek repentance, their time will come. Whenthe Lord ariseth to shake terribly the earth, He will not cease until Hiswork in punishment is done. The destruction will begin in certain places,and the destruction of life will be sudden and but few will escape. There isnot to be given an encouraging thought that the gospel of Jesus Christ willbe accepted by the large majority of men prior to His coming again thesecond time with power and great glory. I am instructed by revelation tosay that most solemn and overwhelming judgments are determined unonall people who have the light before them in the Word of God, b'do not follow it."
2460	17LTMS, M< Someone scanned the QR codeP2, PAR. 4DONATE"We are living amid the perils of the last days. The wrath of God ispreparing to come upon all the cities-not all at once but one alter another.And if the terrible punishment in one city does not cause the inhabitants ofother cities to be afraid and seek repentance, their time will come. Whenthe Lord ariseth to shake terribly the earth, He will not cease until Hiswork in punishment is done. The destruction will begin in certain places,and the destruction of life will be sudden and but few will escape. There isnot to be given an encouraging thought that the gospel of Jesus Christ willbe accepted by the large majority of men prior to His coming again thesecond time with power and great glory. I am instructed by revelation tosay that most solemn and overwhelming judgments are determined unonall people who have the light before them in the Word of God, b'do not follow it."
2466	17LTMS, MS. 233, 1902, PAR. 4DONATE"We are living amid the perils of the last days. The wrath of God ispreparing to come upon all the cities-not all at once but one after another.And if the terrible punishment in one city does not cause the inhabitants ofother cities to be afraid and seek repentance, their time will come. Whenthe Lord ariseth to shake terribly the earth, He will not cease until Hiswork in punishment is done. The destruction will begin in certain places,and the destruction of life will be sudden and but few will escape. There isnot to be given an encouraging thought that the gospel of Jesus Christ willbe accepted by the large majority of men prior to His coming again thesecond time with power and great glory. I am instructed by revelation tosay that most solemn and overwhelming judgments are determined unonall people who have the light before them in the Word of God, bdo not follow it."
2472	17LTMS, MS. 233, 1902, PAR. 4DONATE"We are living amid the perils of the last days. The wrath of God ispreparing to come upon all the cities-not all at once but one after another.And if the terrible punishment in one city does not cause the inhabitants ofother cities to be afraid and seek repentance, their time will come. Whenthe Lord ariseth to shake terribly the earth, He will not cease until Hiswork in punishment is done. The destruction will begin in certain places,and the destruction of life will be sudden and but few will escape. There isnot to be given an encouraging thought that the gospel of Jesus Christ willbe accepted by the large majority of men prior to His coming again thesecond time with power and great glory. I am instructed by revelation tosay that most solemn and overwhelming judgments are determined unonall people who have the light before them in the Word of God, bdo not follow it."
2478	17LTMS, MS. 233, 1902, PAR. 4DONATE"We are living amid the perils of the last days. The wrath of God ispreparing to come upon all the cities-not all at once but one after another.And if the terrible punishment in one city does not cause the inhabitants ofother cities to be afraid and seek repentance, their time will come. Whenthe Lord ariseth to shake terribly the earth, He will not cease until Hiswork in punishment is done. The destruction will begin in certain places,and the destruction of life will be sudden and but few will escape. There isnot to be given an encouraging thought that the gospel of Jesus Christ willbe accepted by the large majority of men prior to His coming again thesecond time with power and great glory. I am instructed by revelation tosay that most solemn and overwhelming judgments are determined unonall people who have the light before them in the Word of God, b'do not follow it."
2484	17LTMS, MS. 233, 1902, PAR. 4DONATE"We are living amid the perils of the last days. The wrath of God ispreparing to come upon all the cities-not all at once but one after another.And if the terrible punishment in one city does not cause the inhabitants ofother cities to be afraid and seek repentance, their time will come. Whenthe Lord ariseth to shake terribly the earth, He will not cease until Hiswork in punishment is done. The destruction will begin in certain places,and the destruction of life will be sudden and but few will escape. There isnot to be given an encouraging thought that the gospel of Jesus Christ willbe accepted by the large majority of men prior to His coming again thesecond time with power and great glory. I am instructed by revelation tosay that most solemn and overwhelming judgments are determined unonall people who have the light before them in the Word of God, bdo not follow it."
2490	17LTMS, MS. 233, 1902, PAR. 4DONATE"We are living amid the perils of the last days. The wrath of God ispreparing to come upon all the cities-not all at once but one after another.And if the terrible punishment in one city does not cause the inhabitants ofother cities to be afraid and seek repentance, their time will come. Whenthe Lord ariseth to shake terribly the earth, He will not cease until Hiswork in punishment is done. The destruction will begin in certain places,and the destruction of life will be sudden and but few will escape. There isnot to be given an encouraging thought that the gospel of Jesus Christ willbe accepted by the large majority of men prior to His coming again thesecond time with power and great glory. I am instructed by revelation tosay that most solemn and overwhelming judgments are determined unonall people who have the light before them in the Word of God, b'Ido not follow it."
2496	DONATE5MR 305.4• In India, China, Russia, and the cities of America,thousands of men and women are dying of starvation.The monied men, because they have the power, controlthe market. They purchase at low rates all they canobtain, and then sell at greatly increased prices. Thismeans starvation to the poorer classes, and will resultin a civil war.
2502	DONATE5MR 305.4• In India, China, Russia, and the cities of America,thousands of men and women are dying of starvation.The monied men, because they have the power, controlthe market. They purchase at low rates all they canobtain, and then sell at greatly increased prices. Thismeans starvation to the poorer classes, and will resultin a civil war.
2508	DONATE5MR 305.4• In India, China, Russia, and the cities of America,thousands of men and women are dying of starvation.The monied men, because they have the power, controlthe market. They purchase at low rates all they canobtain, and then sell at greatly increased prices. Thismeans starvation to the poorer classes, and will resultin a civil war.
2514	DONATE5MR 305.4• In India, China, Russia, and the cities of America,thousands of men and women are dying of starvation.The monied men, because they have the power, controlthe market. They purchase at low rates all they canobtain, and then sell at greatly increased prices. Thismeans starvation to the poorer classes, and will resultin a civil war.
2520	DONATE5MR 305.4• In India, China, Russia, and the cities of America,thousands of men and women are dying of starvation.The monied men, because they have the power, controlthe market. They purchase at low rates all they canobtain, and then sell at greatly increased prices. Thismeans starvation to the poorer classes, and will resultin a civil war.
2526	DONATE5MR 305.4• In India, China, Russia, and the cities of America,thousands of men and women are dying of starvation.The monied men, because they have the power, controlthe market. They purchase at low rates all they canobtain, and then sell at greatly increased prices. Thismeans starvation to the poorer classes, and will resultin a civil war.
2532	DONATE5MR 305.4• In India, China, Russia, and the cities of America,thousands of men and women are dying of starvation.The monied men, because they have the power, controlthe market. They purchase at low rates all they canobtain, and then sell at greatly increased prices. Thismeans starvation to the poorer classes, and will resultin a civil war.
2538	DONATE5MR 305.4• In India, China, Russia, and the cities of America,thousands of men and women are dying of starvation.The monied men, because they have the power, controlthe market. They purchase at low rates all they canobtain, and then sell at greatly increased prices. Thismeans starvation to the poorer classes, and will resultin a civil war.
2544	DONATE5MR 305.4• In India, China, Russia, and the cities of America,thousands of men and women are dying of starvation.The monied men, because they have the power, controlthe market. They purchase at low rates all they canobtain, and then sell at greatly increased prices. Thismeans starvation to the poorer classes, and will resultin a civil war.
2550	DONATE5MR 305.4• In India, China, Russia, and the cities of America,thousands of men and women are dying of starvation.The monied men, because they have the power, controlthe market. They purchase at low rates all they canobtain, and then sell at greatly increased prices. Thismeans starvation to the poorer classes, and will resultin a civil war.
2556	DONATE5MR 305.4• In India, China, Russia, and the cities of America,thousands of men and women are dying of starvation.The monied men, because they have the power, controlthe market. They purchase at low rates all they canobtain, and then sell at greatly increased prices. Thismeans starvation to the poorer classes, and will resultin a civil war.
2562	1Y Someone scanned the QR codeDONATE• In India, China, Russia, and the cities of America,thousands of men and women are dying of starvation.The monied men, because they have the power, controlthe market. They purchase at low rates all they canobtain, and then sell at greatly increased prices. Thismeans starvation to the poorer classes, and will resultin a civil war.
2568	DONATE5MR 305.4• In India, China, Russia, and the cities of America,thousands of men and women are dying of starvation.The monied men, because they have the power, controlthe market. They purchase at low rates all they canobtain, and then sell at greatly increased prices. Thismeans starvation to the poorer classes, and will resultin a civil war.
2574	DONATE5MR 305.4• In India, China, Russia, and the cities of America,thousands of men and women are dying of starvation.The monied men, because they have the power, controlthe market. They purchase at low rates all they canobtain, and then sell at greatly increased prices. Thismeans starvation to the poorer classes, and will resultin a civil war.
2580	DONATE5MR 305.4• In India, China, Russia, and the cities of America,thousands of men and women are dying of starvation.The monied men, because they have the power, controlthe market. They purchase at low rates all they canobtain, and then sell at greatly increased prices. Thismeans starvation to the poorer classes, and will resultin a civil war.
2586	DONATE5MR 305.4• In India, China, Russia, and the cities of America,thousands of men and women are dying of starvation.The monied men, because they have the power, controlthe market. They purchase at low rates all they canobtain, and then sell at greatly increased prices. Thismeans starvation to the poorer classes, and will resultin a civil war.
2592	DONATE5MR 305.4• In India, China, Russia, and the cities of America,thousands of men and women are dying of starvation.The monied men, because they have the power, controlthe market. They purchase at low rates all they canobtain, and then sell at greatly increased prices. Thismeans starvation to the poorer classes, and will resultin a civil war.
2598	DONATE5MR 305.4• In India, China, Russia, and the cities of America,thousands of men and women are dying of starvation.The monied men, because they have the power, controlthe market. They purchase at low rates all they canobtain, and then sell at greatly increased prices. Thismeans starvation to the poorer classes, and will resultin a civil war.
2604	DONATE5MR 305.4• In India, China, Russia, and the cities of America,thousands of men and women are dying of starvation.The monied men, because they have the power, controlthe market. They purchase at low rates all they canobtain, and then sell at greatly increased prices. Thismeans starvation to the poorer classes, and will resultin a civil war.
2610	DONATE5MR 305.4• In India, China, Russia, and the cities of America,thousands of men and women are dying of starvation.The monied men, because they have the power, controlthe market. They purchase at low rates all they canobtain, and then sell at greatly increased prices. Thismeans starvation to the poorer classes, and will resultin a civil war.
2616	DONATE5MR 305.4• In India, China, Russia, and the cities of America,thousands of men and women are dying of starvation.The monied men, because they have the power, controlthe market. They purchase at low rates all they canobtain, and then sell at greatly increased prices. Thismeans starvation to the poorer classes, and will resultin a civil war.
2622	DONATE5MR 305.4• In India, China, Russia, and the cities of America,thousands of men and women are dying of starvation.The monied men, because they have the power, controlthe market. They purchase at low rates all they canobtain, and then sell at greatly increased prices. Thismeans starvation to the poorer classes, and will resultin a civil war.
2628	DONATE5MR 305.4• In India, China, Russia, and the cities of America,thousands of men and women are dying of starvation.The monied men, because they have the power, controlthe market. They purchase at low rates all they canobtain, and then sell at greatly increased prices. Thismeans starvation to the poorer classes, and will resultin a civil war.
2634	DONATE5MR 305.4• In India, China, Russia, and the cities of America,thousands of men and women are dying of starvation.The monied men, because they have the power, controlthe market. They purchase at low rates all they canobtain, and then sell at greatly increased prices. Thismeans starvation to the poorer classes, and will resultin a civil war.
2640	DONATE5MR 305.4• In India, China, Russia, and the cities of America,thousands of men and women are dying of starvation.The monied men, because they have the power, controlthe market. They purchase at low rates all they canobtain, and then sell at greatly increased prices. Thismeans starvation to the poorer classes, and will resultin a civil war.
2646	DONATE
2652	
2658	DONATE
2664	DONATEFirst AntitypicalSiege of JerusalemPreparaion TimeFlee to the Country / Mountains1888Second AntitypicalSiege of JerusalemSunday LawFirst Siege of JerusalemSecond Siege of JerusalemFlee to the Country / MountainsA.D. 66A.D. 70
2670	DONATEFirst AntitypicalSiege of Jerusalem+ Pianion timeFlce to the Country / Mountains1888Second AntitypicalSiege of JerusalemSunday LawFirst Siege of JerusalemSecond Siege of JerusalemFlee to the Country / MountainsA..D.6600009009A.D. 70
2676	DONATEFirst AntitypicalSiege of Jerusalem+ Preparin timeFlee to the Country / Mountains1888Second AntitypicalSiege of JerusalemSunday LawFirst Siege of JerusalemSecond Siege of JerusalemFlee to the Country / MountainsA.D. 66A.D. 70
2682	DONATESOUP COFFEE& DOUGHNOR THE UNEMPLOVEWANTEDJOBSANTEDJOB
2688	DONATESOUP COFFEEORTHE UNEMDLOVE& DOUGINUTSWAM TEDJOBJOB
2694	DONATEOUD COFFEE & 000G-ORTHE UNEMPLOVEWANTEDJOBJOB
2700	DONATEECOFFEE & DOUGHNUTSHE UNEMPLOVEDWANTEDDECENTJOBAGE DECENT MANWANTEDA DECENTJOBFAMILY MANBEST REFERENCLERICASANDAL EXAR3 ms. F0%l CO
2706	DONATECOFFEE & DOUGHNUTSHE UNEMPLOVEDWANTEDDECENTJOBNGE DECENT MUANTEDA DECENTJOBFAMILY MANAGE 44OSEST REFERENCLERICA,ANUAL EXAR3 ms. 50%l CO
2712	DONATECOFFEE & DOUGIINUTSHE UNEMPLOVEDWANTEDDECENTJOBNAR VETERANANTEDA DECENTJOBFAMILY MANACE 40DEST REFERENMEAL ENS13 mas. 902l CO
2718	DONATECOFFEE & DOUGHNUTSHE UNEMPLOVEDWANTEDDECENTJOBAGE DECENT MUANTEDA DECENTJOBFAMILY MANAGE 44DEST REFERENMERLA EN13 vas. 702l CO
2724	DONATESOUp
2730	DONATELSOUP COFFEE& DOUGHNIORTHE UNEMPLOVEWANTEDJOBJOB
2736	DONATESOUP COFFEEOR THE UNLOVEVAM TEDJOBSANTEDJOB
2742	DONATESOUP COFFEE& DOUGHNUTSOR THE UNEMPLOVEVAM TEDJORSANTEDJOB
2748	DONATESOUP COFFEEORTHE UNEMPLOVEWAM TEDJOBJOB
2754	DONATESO UP COFFEE& DOUGHNUOR THE UNEMPLOVEVAN TEDJOBSANTEDJOB
2760	DONATESOUP COFFEE& DOUGHNEOR THE UNEMPLOVEWANTEDJOBSANTEDJOB
2766	DONATESOUP COFFEE& DOUGHNIOR THE UNEMPLOVEWANTEDJOBSANTEDJOB
2772	DONATE
2778	
2784	DONATE
2790	DONATE
2796	DONATE
2802	D00DONATE
2808	9000DONATE
2814	DONATE
2820	000DONATE
2826	DONATE
2832	DONATE
2838	DONATE
2844	DONATE
2850	60000DONATE
2856	DONATE
2862	DONATE
2868	DONATE
2874	DONATE
2880	DONATE
2886	DONATE
2892	DONATE0000
2898	DONATE
2904	DONATE
2910	DONATE
2916	DONATE
2922	DONATE
2928	DONATE
2934	DONATE
2940	DONATEO0C1090
2946	DONATE002
2952	DONATE
2958	DONATE
2964	DONATE
2970	DONATE I
2976	DONATE
2982	DONATE
2988	DONATE N
2994	DONATEФ000
3000	DONATE
3006	DONATE
3012	DONATE
3018	DONATE
3024	DONATE
3030	DONATE
3036	DONATE
3042	DONATE
3048	
3054	DONATE
3060	DONATE
3066	DONATE
3072	DONATE
3078	DONATE
3084	DONATE I
3090	DONATE09000
3096	DONATE@000
3102	DONATE
3108	DONATE
3114	DONATE
3120	DONATE N
3126	200DONATE
3132	DONATESORRY, FUEL ISTEMPORARILYUNAVAILABLER SHONAS TISTo 17OUTOFFUELSORRPNO FUEL
3138	DONATESORRY, FUEL ISTEMPORARILYUNAVAILABLEOR ROAOUTOFFUELWasSORRPINO FUEL
3144	OUTOFFUELSORRYNO FUELво-інод
3150	OUTOFFUELSORRYNO FUEL16-1-08
3156	OUTOFFUELSORRYNO FUEL1o-17-1
3162	
3168	
3174	
3180	
3186	
3192	
3198	
3204	
3210	
3216	
3222	
3228	DONATE
3234	DONATE
3240	DONATE
3246	DONATE
3252	
3258	DONATE
3264	DONATEMODERN FARMING WITH FUEL
3270	MODERN FARMING WITH FUELDONATE
3276	MODERN FARMING WITH FUELDONATE
3282	MODERN FARMING WITH FUELDONATE
3288	MODERN FARMING WITH FUELDONATE
3294	MODERN FARMING WITH FUELDONATE
3300	MODERN FARMING WITH FUELDONATE
3306	MODERN FARMING WITH FUELDONATE
3312	MODERN FARMING WITH FUELDONATE0000900
3318	MODERN FARMING WITH FUELDONATE
3324	MODERN FARMING WITH FUELDONATE
3330	DONATEMEASUREMENTS• Bushel - 18.5 x 8 inch basket - 8 gallons or 36litres | Oats 32lb., Wheat 60lb.• Acre - 43,560 square feet or 4,000m' or 660x66ftor roughly 209x209ft (Amount of land a yoke ofoxen could plough in one day)
3336	DONATEMEASUREMENTS• Bushel - 18.5 x 8 inch basket - 8 gallons or 36litres | Oats 32lb., Wheat 60lb.• Acre - 48,560 square feet or 4,000m' or 660x66ftor roughly 209x209ft (Amount of land a yoke ofoxen could plough in one day)
3342	DONATEMEASUREMENTS• Bushel - 18.5 x 8 inch basket - 8 gallons or 36litres | Oats 32lb., Wheat 60lb.• Acre - 43,560 square feet or 4,000m' or 660x66ftor roughly 209x209ft (Amount of land a yoke ofoxen could plough in one day)
3348	DONATEMEASUREMENTS• Bushel - 18.5 x 8 inch basket - 8 gallons or 36litres | Oats 32lb., Wheat 60lb.• Acre - 43,560 square feet or 4,000m' or 660x66ftor roughly 209x209ft (Amount of land a yoke ofoxen could plough in one day)
3354	DONATEMEASUREMENTS• Bushel - 18.5 x 8 inch basket - 8 gallons or 36litres | Oats 32lb., Wheat 60lb.• Acre - 43,560 square feet or 4,000m' or 660x66ftor toughly 209x209ft (Amount of land a yoke ofoxen could plough in one day)90009000
3360	DONATEMEASUREMENTS• Bushel - 18.5 x 8 inch basket - 8 gallons or 36litres | Oats 32lb., Wheat 60lb.• Acre - 43,560 square feet or 4,000m' or 660x66ftor roughly 209x209ft (Amount of land a yoke ofoxen could plough in one day)0009900e
3366	DONATEMEASUREMENTS• Bushel - 18.5 x 8 inch basket - 8 gallons or 36litres | Oats 32lb., Wheat 60lb.• Acre - 43,560 square feet or 4,000m? or 660x66ftor roughly 209x209ft (Amount of land a yoke ofoxen could plough in one day)0000980
3372	DONATEMEASUREMENTS• Bushel - 18.5 x 8 inch basket - 8 gallons or 36litres | Oats 32lb., Wheat 60lb.• Acre - 43,560 square feet or 4,000m? or 660x66ftor roughly 209x209ft (Amount of land a yoke otoxen could plough in one day)DO0DBEO
3378	DONATEMEASUREMENTS• Bushel - 18.5 x 8 inch basket - 8 gallons or 36litres | Oats 32lb., Wheat 60lb.• Acre - 43,560 square feet or 4,000m? or 660x66ftor roughly 209x209ft (Amount of land a yoke ofoxen could plough in one day)
3384	DONATEMEASUREMENTS• Bushel - 18.5 x 8 inch basket - 8 gallons or 36litres | Oats 32lb., Wheat 60lb.• Acre - 43,560 square feet or 4,000m' or 660x66ftor roughly 209x209ft (Amount of land a yoke ofoxen could plough in one day)0005800
3390	DONATEFARMING IN THE 1850S• By 1850, about 75-90 labor-hours were required toproduce 100 bushels of corn (2-1/2 acres) with walkingplow, harrow, and hand planting.• 64% of labor force were farmers• Average acres 203000093MOPHREE
3396	DONATEFARMING IN THE 1850S• By 1850, about $5-90 labor-hours were required toproduce 100 bushels of corn (2-1/2 acres) with walkingplow, harrow, and hand planting.• 64% of labor force were farmers• Average acres 203htps:/www.tholaco.com listory-of-amercanagniculturesur-nuclmerv:-107438590038
3402	DONATEFARMING IN THE 1850S• By 1850, about 75-90 labor-hours were required toproduce 100 bushels of corn (2-1/2 acres) with walkingplow, harrow, and hand planting.• 64% of labor force were farmers• Average acres 203https://www.thorglaco.comu/listorvol-american:agriculture farm-machinery-107138500009009
3408	DONATEFARMING IN THE 1850S• By 1850, about 75-90 labor-hours were required toproduce 100 bushels of corn (2-1/2 acres) with walkingplow, harrow, and hand planting.• 64% of labor force were farmers• Average acres 203https:///www.thougitco.com/listorvol-apxen.canagriculure farm-machmerv-107.138500059009
3414	DONATEFARMING IN THE 1850S• By 1850, about 75-90 labor-hours were required toproduce 100 bushels of corn (2-1/2 acres) with walkingplow, harrow, and hand planting.• 64% of labor force were farmers• Average acres 203https://www.thouglaco.coug/lustory-olsamcncauagricalure-farm-machnery: 107 1385
3420	DONATEFARMING IN THE 1850S• By 1850, about 75-90 labor-hours were required toproduce 100 bushels of corn (2-1/2 acres) with walkingplow, harrow, and hand planting.• 64% of labor force were farmers• Average acres 203htps://www.thouglaco.com/listorv-o/sanoricanazriculture-larm-maehinery-1074385
3426	DONATEFARMING IN THE 1850S• By 1850, about 75-90 labor-hours were required toproduce 100 bushels of corn (2-1/2 acres) with walkingplow, harrow, and hand planting.• 64% of labor force were farmers• Average acres 203https://www.thouglitco.com/listory-ul-aquer.canamriculune-armmaelinery-1071386
3432	DONATEFARMING IN THE 1850S• By 1850, about 75-90 labor-hours were required toproduce 100 bushels of corn (2-1/2 acres) with walkingplow, harrow, and hand planting.• 64% of labor force were farmers• Average acres 203htps//www.througluco.com/listorvo/-amoxcanagnenlure farm-mmelaxer-107 138.5
3438	DONATEFARMING IN THE 1850S• By 1850, about 75-90 labor-hours were required toproduce 100 bushels of corn (2-1/2 acres) with walkingplow, harrow, and hand planting.• 64% of labor force were farmers• Average acres 203htps://www.thouginco.com/listoryo/amenican-asclue am-mmchinery- 107 1385
3444	DONATEFARMING IN THE 1850S• By 1850, about 75-90 labor-hours were required toproduce 100 bushels of corn (2-1/2 acres) with walkingplow, harrow, and hand planting.• 64% of labor force were farmers• Average acres 203https//www.thonghtco.com/lastorvol-amuncanapriculue lam-nachinen: 1071385
3450	DONATEFARMING IN THE 1850S• By 1850, about 75-90 labor-hours were required toproduce 100 bushels of corn (2-1/2 acres) with walkingplow, harrow, and hand planting.• 64% of labor force were farmers• Average acres 203https//www.thoughsco.com/lastoryo/americanaeneule lamm-maclaner: 107 1385
3456	DONATEFARMING IN THE 1890S• 43% of labor force were farmers• 35-40 labor-hours required to produce 100 bushels (2-1/2acres) of corn, with advance of 2 bottom gang plow, diskand peg-tooth harrow• 40-50 labor-hours required to produce 100 bushels (5acres) of wheathtps//www.througlaco.com/listorv-of amen.can-agiculine-amenaclavers:1071885
3462	DONATEFARMING IN THE 1890S• 43% of labor force were farmers• 35-40 labor-hours required to produce 100 bushels (2-1/2acres) of corn, with advance of 2 bottom gang plow, diskand peg-tooth harrow• 40-50 labor-hours required to produce 100 bushels (5acres) of wheathttps://www.thouixco.com/instors-okamcncuraziculuure-tarm-machmerv:107138500 05 9
3468	DONATEFARMING IN THE 1890S• 43% of labor force were farmers• 35-40 labor-hours required to produce 100 bushels (2-1/2acres) of corn, with advance of 2 bottom gang plow, diskand peg-tooth harrow• 40-50 labor-hours required to produce 100 bushels (5acres) of wheathttps://www.thoughtco.com/inston-ol-amen.canscasriculture-arm-nuchmcry:-1074385
3474	DONATEFARMING IN THE 1890S• 43% of labor force were farmers• 35-40 labor-hours required to produce 100 bushels (2-1/2acres) of corn, with advance of 2 bottom gang plow, diskand peg-tooth harrow• 40-50 labor-hours required to produce 100 bushels (5acres) of wheathtps://www.thouixco.com/listorvof-amencanagriculunesarmenachinery: 107 188.700258go e
3480	DONATEFARMING IN THE 1890S• 43% of labor force were farmers• 35-40 labor-hours required to produce 100 bushels (2-1/2acres) of corn, with advance of 2 bottom gang plow, diskand peg-tooth harrow• 40-50 labor-hours required to produce 100 bushels (5acres) of wheathtps://www.hougiuco.couchistorvof.amcr.causagriculume arm-machmerv: 107138590009009
3486	DONATEFARMING IN THE 1890S• 43% of labor force were farmers• 35-40 labor-hours required to produce 100 bushels (2-1/2acres) of corn, with advance of 2 bottom gang plow, diskand peg-tooth harrow• 40-50 labor-hours required to produce 100 bughels (5acres) of wheathtps://www.thouglxco.com/listory.of-ansox.canazuculuresam-nuchinery-107198500009000
3492	DONATEFARMING IN THE 1890S• 43% of labor force were farmers• 35-40 labor-hours required to produce 100 bushels (2-1/2acres) of corn, with advance of 2 bottom gang plow, diskand peg-tooth harrow• 40-50 labor-hours required to produce 100 bushels (5acres) of wheathttps//www.thouglaco.com/listorvof-aner.canagricalowredarmemactmerv-107188500059009
3498	DONATEFARMING IN THE 1890S• 43% of labor force were farmers• 35-40 labor-hours required to produce 100 bushels (2-1/2acres) of corn, with advance of 2 bottom gang plow, diskand peg-tooth harrow• 40-50 labor-hours required to produce 100 bushels (5acres) of wheathtps:/www.thongixco.cor history-of-americanaxrrcnlture-lcm-macimers-1074885
3504	DONATEFARMING IN THE 1890S• 43% of labor force were farmers• 35-40 labor-hours required to produce 100 bushels (2-1/2acres) of corn, with advance of 2 bottom gang plow, diskand peg-tooth harrow• 40-50 labor-hours required to produce 100 bushels (5acres) of wheathttps//www.throaghtco.com/listorvofamencan-agncule-arm-macismers-107 1885
3510	DONATEFARMING IN THE 1890S• 43% of labor force were farmers• 35-40 labor-hours required to produce 100 bushels (2-1/2acres) of corn, with advance of 2 bottom gang plow, diskand peg-tooth harrow• 40-50 labor-hours required to produce 100 bushels (5acres) of wheathtps://www.thonglaco.com/lustory-of-amucricauwenculue fum-machmers 1071885
3516	DONATEFARMING IN THE 1890S• 43% of labor force were farmers• 35-40 labor-hours required to produce 100 bushels (2-1/2acres) of corn, with advance of 2 bottom gang plow, diskand peg-tooth harrow• 40-50 labor-hours required to produce 100 bushels (5acres) of wheathttps://www.thouginco.comjuston-nl-amcricauagenine tarn-naclimen: 107 1385
3522	DONATEFARMING IN THE 1890S• 43% of labor force were farmers• 35-40 labor-hours required to produce 100 bushels (2-1/2acres) of corn, with advance of 2 bottom gang plow, diskand peg-tooth harrow• 40-50 labor-hours required to produce 100 bushels (5acres) of wheathtps:/www.thouglaco.com/lastorvofsugcn.canagriculnue-orm-une havery: 107 1385
3528	DONATEFARMING IN THE 1890S• 43% of labor force were farmers• 35-40 labor-hours required to produce 100 bushels (2-1/2acres) of corn, with advance of 2 bottom gang plow, diskand peg-tooth harrow• 40-50 labor-hours required to produce 100 bushels (5acres) of wheathttps://www.thongbtco.com/history-ol-amencan-ugriculure-hrm-nachmery-1071885For more information on endtime events go to Bible studies under:judgmentdaydocumentary.com
3534	DONATEFARMING IN THE 1890S• 43% of labor force were farmers• 35-40 labor-hours required to produce 100 bushels (2-1/2acres) of corn, with advance of 2 bottom gang plow, diskand peg-tooth harrow• 40-50 labor-hours required to produce 100 bushels (5acres) of wheathttps://www.thouglaco.com/history-of-amer.can-agrienluure-funm-machmery-1071385For more information on endtime events go to Bible studies under:judgmentdaydocumentary.com
3540	DONATEFARMING IN THE 1890S• 43% of labor force were farmers• 35-40 labor-hours required to produce 100 bushels (2-1/2acres) of corn, with advance of 2 bottom gang plow, diskand peg-tooth harrow• 40-50 labor-hours required to produce 100 bushels (5acres) of wheathttps://www.thouglaco.con/listonvaf-amucncan
3546	DONATEFARMING IN THE 1890S• 43% of labor force were farmers• 35-40 labor-hours required to produce 100 bushels (2-1/2acres) of corn, with advance of 2 bottom gang plow, diskand peg-tooth harrow• 40-50 labor-hours required to produce 100 bushels (5acres) of wheathttps:/www.thouglnco.com/lustory-ofcamencurazriculure-ann-machiners: 4071385
3552	DONATEFARMING IN THE 1890S• 43% of labor force were farmers• 35-40 labor-hours required to produce 100 bushels (2-1/2acres) of corn, with advance of 2 bottom gang plow, diskand peg-tooth harrow• 40-50 labor-hours required to produce 100 bushels (5acres) of wheathtps://www.thoughtco.com/listoryol-amcrican-agticulue-farm-machiner-1071385
3558	DONATEFARMING IN THE 1890S• 43% of labor force were farmers• 35-40 labor-hours required to produce 100 bushels (2-1/2acres) of corn, with advance of 2 bottom gang plow, diskand peg-tooth harrow• 40-50 labor-hours required to produce 100 bushels (5acres) of wheathtps://www.thouglaco.com/lustorvol-amcricanagriculture lazu-naclaner: 107 1385MacKenzie DrebitVice President
3564	DONATEFARMING IN THE 1890S• 43% of labor force were farmers• 35-40 labor-hours required to produce 100 bushels (2-1/2acres) of corn, with advance of 2 bottom gang plow, diskand peg-tooth harrow• 40-50 labor-hours required to produce 100 bushels (5acres) of wheathttps:/www.thouglaco.com/instory-of-amucncanMacKenzie DrebitVice President
3570	DONATE
3576	
3582	DONATE
3588	DONATE
3594	
3600	DONATE
3606	DONATE
3612	
3618	
3624	DONATE
3630	
3636	DONATE
3642	DONATE
3648	DONATE
3654	DONATE
3660	DONATE
3666	DONATE
3672	
3678	DONATE
3684	DONATE
3690	
3696	
3702	DONATE
3708	DONATE
3714	DONATE
3720	DONATE
3726	DONATE
3732	DONATE
3738	DONATE
3744	DONATE
3750	
3756	DONATEPEG/SPIKE TOOTH HARROW
3762	PEG/SPIKE TOOTH HARROWDONATE
3768	DONATESINGLE BOTTOM PLOW
3774	DONATESINGLE BOTTOM PLOW
3780	DONATE2 BOTTOM PLOW
3786	HORSE DRAWN DISC
3792	HORSE DRAWN DISC
3798	O000900HORSE DRAWN DISC
3804	HORSE DRAWN DISC
3810	DONATEGROWNUTRITION• Carbohydrates: PumpkinWhat, Potatoes, Corn, Squash,• Fats:Sunflower, Pumpkin Seeds,Flaxseed, Soybean, Brassica Seed oil• Proteins:Peas, Beans, Lentils, Soybeans
3816	DONATEGROWNUTRITION• Carbohydrates: PumpkinWhat, Potatoes, Corn, Squash,• Fats:Sunflower, Pumpkin Seeds,Flaxseed, Soybean, Brassica Seed oil• Proteins:Peas, Beans, Lentils, Soybeans
3822	DONATEGROWNUTRITION• Carbohydrates: PumpkinWhat, Potatoes, Corn, Squash,• Fats:Sunflower, Pumpkin Seeds,Flaxseed, Soybean, Brassica Seed oil• Proteins:Peas, Beans, Lentils, Soybeans
3828	DONATEGROWNUTRITION• Carbohydrates: PumpkinWhat, Potatoes, Corn, Squash,• Fats:Sunflower, Pumpkin Seeds,Flaxseed, Soybean, Brassica Seed oil• Proteins:Peas, Beans, Lentils, Soybeans
3834	DONATEGROWNUTRITION• Carbohydrates: PumpkinWhat, Potatoes, Corn, Squash,• Fats:Sunflower, Pumpkin Seeds,Flaxseed, Soybean, Brassica Seed oil• Proteins:Peas, Beans, Lentils, Soybeans
3840	DONATEGROWNUTRITION• Carbohydrates: PumpkinWhat, Potatoes, Corn, Squash,• Fats:Sunflower, Pumpkin Seeds,Flaxseed, Soybean, Brassica Seed oil• Proteins:Peas, Beans, Lentils, Soybeans
3846	DONATEGROWNUTRITION• Carbohydrates: PumpkinWhat, Potatoes, Corn, Squash,• Fats:Sunflower, Pumpkin Seeds,Flaxseed, Soybean, Brassica Seed oil• Proteins:Peas, Beans, Lentils, Soybeans
3852	DONATEGROWNUTRITION• Carbohydrates: PumpkinWhat, Potatoes, Corn, Squash,• Fats:Sunflower, Pumpkin Seeds,Flaxseed, Soybean, Brassica Seed oil• Proteins:Peas, Beans, Lentils, Soybeans
3858	DONATEGROWNUTRITION• Carbohydrates: PumpkinWhat, Potatoes, Corn, Squash,• Fats:Sunflower, Pumpkin Seeds,Flaxseed, Soybean, Brassica Seed oil• Proteins:Peas, Beans, Lentils, Soybeans
3864	DONATEGROWNUTRITION• Carbohydrates: PumpkinWhat, Potatoes, Corn, Squash,• Fats:Sunflower, Pumpkin Seeds,Flaxseed, Soybean, Brassica Seed oil• Proteins:Peas, Beans, Lentils, Soybeans
3870	DONATEGROWNUTRITION• Carbohydrates: PumpkinWhat, Potatoes, Corn, Squash,• Fats:Sunflower, Pumpkin Seeds,Flaxseed, Soybean, Brassica Seed oil• Proteins:Peas, Beans, Lentils, Soybeans
3876	DONATEGROWNUTRITION• Carbohydrates: PumpkinWhat, Potatoes, Corn, Squash,• Fats:Sunflower, Pumpkin Seeds,Flaxseed, Soybean, Brassica Seed oil• Proteins:Peas, Beans, Lentils, Soybeans00009
3882	DONATEGROWNUTRITION• Carbohydrates: PumpkinWhat, Potatoes, Corn, Squash,• Fats:Sunflower, Pumpkin Seeds,Flaxseed, Soybean, Brassica Seed oil• Proteins:Peas, Beans, Lentils, Soybeans
3888	DONATEGROWNUTRITION• Carbohydrates: PumpkinWhat, Potatoes, Corn, Squash,• Fats:Sunflower, Pumpkin Seeds,Flaxseed, Soybean, Brassica Seed oil• Proteins:Peas, Beans, Lentils, Soybeans
3894	DONATEGROWNUTRITION• Carbohydrates: PumpkinWhat, Potatoes, Corn, Squash,• Fats:Sunflower, Pumpkin Seeds,Flaxseed, Soybean, Brassica Seed oil• Proteins:Peas, Beans, Lentils, Soybeans00 05 9
3900	DONATEGROWNUTRITION• Carbohydrates: PumpkinWhat, Potatoes, Corn, Squash,• Fats:Sunflower, Pumpkin Seeds,Flaxseed, Soybean, Brassica Seed oil• Proteins:Peas, Beans, Lentils, Soybeans
3906	DONATEGROWNUTRITION• Carbohydrates: PumpkinWhat, Potatoes, Corn, Squash,• Fats:Sunflower, Pumpkin Seeds,Flaxseed, Soybean, Brassica Seed oil• Proteins:Peas, Beans, Lentils, Soybeans
3912	DONATEGROWNUTRITION• Carbohydrates: PumpkinWhat, Potatoes, Corn, Squash,• Fats:Sunflower, Pumpkin Seeds,Flaxseed, Soybean, Brassica Seed oil• Proteins:Peas, Beans, Lentils, Soybeans
3918	DONATEGROWNUTRITION• Carbohydrates: PumpkinWhat, Potatoes, Corn, Squash,• Fats:Sunflower, Pumpkin Seeds,Flaxseed, Soybean, Brassica Seed oil• Proteins:Peas, Beans, Lentils, Soybeans
3924	DONATEGROWNUTRITION• Carbohydrates: PumpkinWhat, Potatoes, Corn, Squash,• Fats:Sunflower, Pumpkin Seeds,Flaxseed, Soybean, Brassica Seed oil• Proteins:Peas, Beans, Lentils, Soybeans
3930	DONATE
3936	DONATE
3942	DONATE
3948	
3954	DONATE
3960	DONATE
3966	
3972	DONATE
3978	DONATE
3984	
3990	DONATE
3996	DONATE
4002	DONATEGROWNUTRITION• Carbohydrates: PumpkinWhat, Potatoes, Corn, Squash,• Fats:• Proteins:Sunflower, Pumpkin Seeds,Flaxseed, Soybean, Brassica Seed oilPeas, Beans, Lentils, Soybeans
4008	DONATEGROWNUTRITION• Carbohydrates: PumpkinWhat, Potatoes, Corn, Squash,• Fats:Sunflower, Pumpkin Seeds,Flaxseed, Soybean, Brassica Seed oil• Proteins:Peas, Beans, Lentils, Soybeans00009
4014	DONATEGROWNUTRITION• Carbohydrates: PumpkinWhat, Potatoes, Corn, Squash,• Fats:Sunflower, Pumpkin Seeds,Flaxseed, Soybean, Brassica Seed oil• Proteins:Peas, Beans, Lentils, Soybeans00059
4020	DONATEGROWNUTRITION• Carbohydrates: PumpkinWhat, Potatoes, Corn, Squash,• Fats:Sunflower, Pumpkin Seeds,Flaxseed, Soybean, Brassica Seed oil• Proteins:00099009Peas, Beans, Lentils, Soybeans
4026	DONATEGROWNUTRITION• Carbohydrates: PumpkinWhat, Potatoes, Corn, Squash,• Fats:Sunflower, Pumpkin Seeds,Flaxseed, Soybean, Brassica Seed oil• Proteins:Peas, Beans, Lentils, Soybeans
4032	DONATEGROWNUTRITION• Carbohydrates: PumpkinWhat, Potatoes, Corn, Squash,• Fats:Sunflower, Pumpkin Seeds,Flaxseed, Soybean, Brassica Seed oil• Proteins:Peas, Beans, Lentils, Soybeans
4038	DONATEGROWNUTRITION• Carbohydrates: PumpkinWhat, Potatoes, Corn, Squash,• Fats:Sunflower, Pumpkin Seeds,Flaxseed, Soybean, Brassica Seed oil• Proteins:Peas, Beans, Lentils, Soybeans
4044	DONATEGROWNUTRITION• Carbohydrates: PumpkinWhat, Potatoes, Corn, Squash,• Fats:Sunflower, Pumpkin Seeds,Flaxseed, Soybean, Brassica Seed oil• Proteins:Peas, Beans, Lentils, Soybeans
4050	DONATEGROWNUTRITION• Carbohydrates: PumpkinWhat, Potatoes, Corn, Squash,• Fats:Sunflower, Pumpkin Seeds,Flaxseed, Soybean, Brassica Seed oil• Proteins:Peas, Beans, Lentils, Soybeans
4056	DONATEGROWNUTRITION• Carbohydrates: PumpkinWhat, Potatoes, Corn, Squash,• Fats:Sunflower, Pumpkin Seeds,Flaxseed, Soybean, Brassica Seed oil• Proteins:Peas, Beans, Lentils, Soybeans
4062	DONATEGROWNUTRITION• Carbohydrates: PumpkinWhat, Potatoes, Corn, Squash,• Fats:Sunflower, Pumpkin Seeds,Flaxseed, Soybean, Brassica Seed oil• Proteins:Peas, Beans, Lentils, Soybeans
4068	DONATEGROWNUTRITION• Carbohydrates: PumpkinWhat, Potatoes, Corn, Squash,• Fats:Sunflower, Pumpkin Seeds,Flaxseed, Soybean, Brassica Seed oil• Proteins:Peas, Beans, Lentils, Soybeans
4074	DONATEGROWNUTRITION• Carbohydrates: PumpkinWhat, Potatoes, Corn, Squash,• Fats:Sunflower, Pumpkin Seeds,Flaxseed, Soybean, Brassica Seed oil• Proteins:Peas, Beans, Lentils, Soybeans
4080	DONATEGROWNUTRITION• Carbohydrates: PumpkinWhat, Potatoes, Corn, Squash,• Fats:Sunflower, Pumpkin Seeds,Flaxseed, Soybean, Brassica Seed oil• Proteins:Peas, Beans, Lentils, Soybeans
4086	DONATEGROWNUTRITION• Carbohydrates: PumpkinWhat, Potatoes, Corn, Squash,• Fats:Sunflower, Pumpkin Seeds,Flaxseed, Soybean, Brassica Seed oil• Proteins:Peas, Beans, Lentils, Soybeans
4092	DONATEGROWNUTRITION• Carbohydrates: PumpkinWhat, Potatoes, Corn, Squash,• Fats:Sunflower, Pumpkin Seeds,Flaxseed, Soybean, Brassica Seed oil• Proteins:Peas, Beans, Lentils, Soybeans
4098	DONATEGROWNUTRITION• Carbohydrates: PumpkinWhat, Potatoes, Corn, Squash,• Fats:Sunflower, Pumpkin Seeds,Flaxseed, Soybean, Brassica Seed oil• Proteins:Peas, Beans, Lentils, Soybeans
4104	DONATE
4110	DONATE
4116	
4122	DONATE
4128	DONATE
4134	DONATE
4140	DONATE
4146	
4152	DONATE
4158	DONATE
4164	
4170	000DONATE
4176	0O0DONATE
4182	
4188	
4194	
4200	
4206	
4212	000DONATE
4218	000DONATE
4224	000DONATE
4230	
4236	000DONATE
4242	0000DONATE
4248	00000DONATE
4254	DONATE
4260	
4266	
4272	
4278	
4284	
4290	DONATE000Đ
4296	DONATEO00G
4302	DONATE
4308	0000DONATE
4314	DONATE
4320	1 CORINTHIANS 10:13DONATE• There hath no temptation taken you but such as iscommon to man: but God is faithful, who will notsuffer you to be tempted above that ye are able;but will with the temptation also make a way toescape, that ye may be able to bear it.
4326	1 CORINTHIANS 10:13DONATE• There hath no temptation taken you but such as iscommon to man: but God is faithful, who will notsuffer you to be tempted above that ye are able;but will with the temptation also make a way toescape, that ye may be able to bear it.
4332	1 CORINTHIANS 10:13DONATE• There hath no temptation taken you but such as iscommon to man: but God is faithful, who will notsuffer you to be tempted above that ye are able;but will with the temptation also make a way toescape, that ye may be able to bear it.O0C
4338	1 CORINTHIANS 10:13DONATE• There hath no temptation taken you but such as iscommon to man: but God is faithful, who will notsuffer you to be tempted above that ye are able;but will with the temptation also make a way toescape, that ye may be able to bear it.
4344	1 CORINTHIANS 10:13DONATE• There hath no temptation taken you but such as iscommon to man: but God is faithful, who will notsuffer you to be tempted above that ye are able;but will with the temptation also make a way toescape, that ye may be able to bear it.
4350	
4356	
4362	DONATE
4368	
4374	DONATE
4380	DONATE
4386	DONATE
4392	DONATE
4398	DONATE
4404	
4410	DONATE
4416	DONATE
4422	DONATE
4428	DONATE
4434	DONATE
4440	
4446	DONATE
4452	
4458	DONATE
4464	DONATE
4470	DONATE
4476	DONATE
4482	DONATE
4488	DONATE
4494	DONATE
4500	DONATE
4506	DONATE
4512	
4518	DONATE
4524	DONATE
4530	
4536	DONATE
4542	
4548	
4554	DONATE
4560	DONATE
4566	DONATE
4572	
4578	DONATE
4584	DONATE
4590	DONATE
4596	DONATE
4602	DONATE
4608	DONATE
4614	DONATE
4620	DONATE
4626	DONATE
4632	DONATE
4638	
4644	DONATE
4650	DONATE
4656	DONATEin@inthegarden6556how about those that are already out there in the country with the means like heavy equipmentand time to help those that need the help to build infrastructure and a simple home to get outthere quick
4662	DONATEEngage With Us.Write your questions in the chat.
4668	DONATE
4674	DONATE
4680	DONATE
4686	DONATE
4692	DONATE
4698	DONATE
4704	
4710	
4716	DONATE
4722	DONATE
4728	DONATE
4734	DONATE
4740	DONATE
4746	DONATE
4752	DONATE
4758	DONATE
4764	DONATE
4770	DONATE
4776	DONATE
4782	DONATE
4788	DONATEK@karlenejohnson9968What about the insects? This year was really bad, caterpillars t very bad they destroyed much
4794	DONATEK@karlenejohnson9968What about the insects? This year was really bad, caterpillars very bad they destroyed much
4800	DONATEK@karlenejohnson9968What about the insects? This year was really bad, caterpillars t very bad they destroyed much
4806	DONATEK@karlenejohnson9968What about the insects? This year was really bad, caterpillars very bad they destroyed much
4812	DONATEK@karlenejohnson9968What about the insects? This year was really bad, caterpillars very bad they destroyed much
4818	DONATEK@karlenejohnson9968What about the insects? This year was really bad, caterpillars & very bad they destroyed much
4824	DONATEK@karlenejohnson9968What about the insects? This year was really bad, caterpillars & very bad they destroyed much
4830	DONATEK@karlenejohnson9968What about the insects? This year was really bad, caterpillars very bad they destroyed much
4836	DONATEK@karlenejohnson9968What about the insects? This year was really bad, caterpillars very bad they destroyed much
4842	DONATEK@karlenejohnson9968What about the insects? This year was really bad, caterpillars very bad they destroyed much
4848	DONATEK@karlenejohnson9968What about the insects? This year was really bad, caterpillars very bad they destroyed much
4854	DONATEK@karlenejohnson9968What about the insects? This year was really bad, caterpillars very bad they destroyed much
4860	DONATEK@karlenejohnson9968What about the insects? This year was really bad, caterpillars very bad they destroyed much
4866	DONATEK@karlenejohnson9968What about the insects? This year was really bad, caterpillars very bad they destroyed much
4872	DONATEK@karlenejohnson9968What about the insects? This year was really bad, caterpillars very bad they destroyed much
4878	DONATEK@karlenejohnson9968What about the insects? This year was really bad, caterpillars very bad they destroyed much
4884	DONATEK@karlenejohnson9968What about the insects? This year was really bad, caterpillars very bad they destroyed much
4890	DONATEK@karlenejohnson9968What about the insects? This year was really bad, caterpillars very bad they destroyed much
4896	DONATEK@karlenejohnson9968What about the insects? This year was really bad, caterpillars very bad they destroyed much
4902	DONATEK@karlenejohnson9968What about the insects? This year was really bad, caterpillars very bad they destroyed much
4908	DONATEK@karlenejohnson9968What about the insects? This year was really bad, caterpillars t very bad they destroyed much
4914	DONATEAmazing DiscoveriesE: support@amazingdiscoveries.org P: 1-866-572-9457
4920	DONATEAmazing DiscoveriesE: support@amazingdiscoveries.org P: 1-866-572-9457
4926	DONATEAmazing DiscoveriesE: support@amazingdiscoveries.org P: 1-866-572-9457
4932	DONATEAmazing DiscoveriesE: support@amazingdiscoveries.org P: 1-866-572-9457
4938	DONATEAmazing DiscoveriesE: support@amazingdiscoveries.org P: 1-866-572-9457
4944	DONATEAmazing DiscoveriesE: support@amazingdiscoveries.org P: 1-866-572-9457
4950	DONATEAmazing DiscoveriesE: support@amazingdiscoveries.org P: 1-866-572-9457
4956	DONATEAmazing DiscoveriesE: support@amazingdiscoveries.org P: 1-866-572-9457
4962	DONATEAmazing DiscoveriesE: support@amazingdiscoveries.org P: 1-866-572-9457
4968	DONATE
4974	DONATE
4980	DONATE
4986	DONATEHow to Country YouTubeLook for the channel!
4992	DONATEFollow us on How to Country YouTube for gardening tipshttps://www.youtube.com/@howtocountry
4998	DONATEFollow us on How to Country YouTube for gardening tipshttps://www.youtube.com/@howtocountry
5004	DONATEFollow us on How to Country YouTube for gardening tipshttps://www.youtube.com/@howtocountry
5010	DONATESign up to our newsletters here:welcome.amazingdiscoveries.org
5016	DONATESign up to our newsletters here:welcome.amazingdiscoveries.org
5022	DONATESign up to our newsletters here:welcome.amazingdiscoveries.org
5028	DONATESign up to our newsletters here:welcome.amazingdiscoveries.org
5034	DONATE@mandyhowe6312Thank you Mackenzie! What sort of training programs are available in countries further awayfrom you? As in Australia... What should I bd looking for?
5040	DONATE@mandyhowe6312Thank you Mackenzie! What sort of training programs are available in countries further awayfrom you? As in Australia... What should I bd looking for?
5046	DONATE@mandyhowe6312Thank you Mackenzie! What sort of training programs are available in countries further awayfrom you? As in Australia... What should I bd looking for?
5052	DONATE@mandyhowe6312Thank you Mackenzie! What sort of training programs are available in countries further awayfrom you? As in Australia... What should I bd looking for?
5058	DONATE@mandyhowe6312Thank you Mackenzie! What sort of training programs are available in countries further awayfrom you? As in Australia... What should I bd looking for?
5064	DONATE@mandyhowe6312Thank you Mackenzie! What sort of training programs are available in countries further awayfrom you? As in Australia... What should I bd looking for?
5070	DONATE@mandyhowe6312Thank you Mackenzie! What sort of training programs are available in countries further awayfrom you? As in Australia... What should I bd looking for?
5076	DONATE@mandyhowe6312Thank you Mackenzie! What sort of training programs are available in countries further awayfrom you? As in Australia... What should I bd looking for?
5082	DONATELUT LAN"y here n@mandyhowe6312Thank you Mackenzie! What sort of training programs are available in countries further awayfrom you? As in Australia... What should I bd looking for?
5088	DONATETOL CAN@mandyhowe6312Thank you Mackenzie! What sort of training programs are available in countries further awayfrom you? As in Australia... What should I bd looking for?
5094	DONATEYOU LA@mandyhowe6312Thank you Mackenzie! What sort of training programs are available in countries further awayfrom you? As in Australia... What should I bd looking for?
5100	DONATE@mandyhowe6312Thank you Mackenzie! What sort of training programs are available in countries further awayfrom you? As in Australia... What should I bd looking for?
5106	DONATEIDE CANSUDANET@mandyhowe6312Thank you Mackenzie! What sort of training programs are available in countries further awayfrom you? As in Australia... What should I bd looking for?
5112	DONATEYOU CAN@mandyhowe6312Thank you Mackenzie! What sort of training programs are available in countries further awayfrom you? As in Australia... What should I bd looking for?
5118	DONATETOU CANJustin@mandyhowe6312Thank you Mackenzie! What sort of training programs are available in countries further awayfrom you? As in Australia... What should I bd looking for?
5124	DONATE@mandyhowe6312Thank you Mackenzie! What sort of training programs are available in countries further awayfrom you? As in Australia... What should I bd looking for?
5130	DONATE@mandyhowe6312Thank you Mackenzie! What sort of training programs are available in countries further awayfrom you? As in Australia... What should I bd looking for?
5136	DONATE@mandyhowe6312Thank you Mackenzie! What sort of training programs are available in countries further awayfrom you? As in Australia... What should I bd looking for?
5142	DONATE@mandyhowe6312Thank you Mackenzie! What sort of training programs are available in countries further awayfrom you? As in Australia... What should I bd looking for?
5148	DONATELIVINCApply for our Farm Program and learn how to grow your own garden.farm.amazingdiscoveries.org
5154	DONATERooTCELLARINGApply for our Farm Program and learn how to grow your own garden.farm.amazingdiscoveries.org
5160	DONATEROOTCELLARINGMANGA CORESEEApply for our Farm Program and learn how to grow your own garden.farm.amazingdiscoveries.org
5166	DONATEROOTVisit our storehttps://store-us.amazingdiscoveries.org/
5172	DONATEGROWSOIL!SVisit our storehttps://store-us.amazingdiscoveries.org/
5178	DONATEGROWSOIL!Visit our storehttps://store-us.amazingdiscoveries.org/
5184	DONATEGROWSOiL!Visit our storehttps://store-us.amazingdiscoveries.org/
5190	DONATEGROWSOIL!Visit our storehttps://store-us.amazingdiscoveries.org/
5196	DONATEGROWSOIL!MARES TIL PONCECAN CAtAVisit our storehttps://store-us.amazingdiscoveries.org/
5202	DONATEVisit our storehttps://store-us.amazingdiscoveries.org/
5208	DONATEVisit our storehttps://store-us.amazingdiscoveries.org/
5214	DONATEBLUEPRINTVisit our storehttps://store-us.amazingdiscoveries.org/
5220	DONATEBROKENYBLUE PRINTVisit our store for great products to help you get started!https://store-us.amazingdiscoveries.org/
5226	DONATEBROKENBLUEPRINTVisit our store for great products to help you get started!https://store-us.amazingdiscoveries.org/
5232	DONATEVisit our store for great products to help you get started!https://store-us.amazingdiscoveries.org/
5238	DONATEVisit our store for great products to help you get started!https://store-us.amazingdiscoveries.org/
5244	DONATEVisit our store for great products to help you get started!https://store-us.amazingdiscoveries.org/
5250	DONATEVisit our store for great products to help you get started!https://store-us.amazingdiscoveries.org/
5256	DONATEVisit our store for great products to help you get started!https://store-us.amazingdiscoveries.org/
5262	DONATEVisit our store for great products to help you get started!https://store-us.amazingdiscoveries.org/
5268	DONATEIf you've been blessed, please support our work:https://amazingdiscoveries.org/explore-projects
5274	DONATEIf you've been blessed, please support our work:https://amazingdiscoveries.org/explore-projects
5280	DONATEIf you've been blessed, please support our work:https://amazingdiscoveries.org/explore-projects
5286	DONATEIf you've been blessed, please support our work:https://amazingdiscoveries.org/explore-projects
5292	DONATEIf you've been blessed, please support our work:https://amazingdiscoveries.org/explore-projects
5298	DONATEIf you've been blessed, please support our work:https://amazingdiscoveries.org/explore-projects
5304	DONATEIf you've been blessed, please support our work:https://amazingdiscoveries.org/explore-projectsDANIEL I
5310	DONATEIf you've been blessed, please support our work:https://amazingdiscoveries.org/explore-projectsDANIELA
5316	DONATEOur Daniel Study Guides are now available!Check out: https://danielstudies.amazingdiscoveries.org/
5322	DONATEOur Daniel Study Guides are now available!Check out: https://danielstudies.amazingdiscoveries.org/SHANTEL 12.
5328	DONATEOur Daniel Study Guides are now available!Check out: https://danielstudies.amazingdiscoveries.org/DANIEL 6
5334	DONATEOur Daniel Study Guides are now available!Check out: https://danielstudies.amazingdiscoveries.org/DANIEL S
5340	DONATEOur Daniel Study Guides are now available!Check out: https://danielstudies.amazingdiscoveries.org/DANIEL I
5346	DONATEOur Daniel Study Guides are now available!Check out: https://danielstudies.amazingdiscoveries.org/
5352	DONATEOur Daniel Study Guides are now available!Check out: https://danielstudies.amazingdiscoveries.org/
5358	DONATEOur Daniel Study Guides are now available!Check out: https://danielstudies.amazingdiscoveries.org/
5364	DONATEOur Daniel Study Guides are now available!Check out: https://danielstudies.amazingdiscoveries.org/DANIEL &
5370	DONATEOur Daniel Study Guides are now available!Check out: https://danielstudies.amazingdiscoveries.org/
5376	DONATEOur Daniel Study Guides are now available!Check out: https://danielstudies.amazingdiscoveries.org/
5382	DONATE
5388	DONATEIf you've been blessed, please support our work:https://amazingdiscoveries.org/explore-projects
5394	DONATEIf you've been blessed, please support our work:https://amazingdiscoveries.org/explore-projects
5400	DONATEIf you've been blessed, please support our work:https://amazingdiscoveries.org/explore-projects
5406	DONATEIf you've been blessed, please support our work:https://amazingdiscoveries.org/explore-projects
5412	DONATEIf you've been blessed, please support our work:https://amazingdiscoveries.org/explore-projects
5418	DONATEIf you've been blessed, please support our work:https://amazingdiscoveries.org/explore-projects
5424	DONATEIf you've been blessed, please support our work:https://amazingdiscoveries.org/explore-projects
5430	DONATEIf you've been blessed, please support our work:https://amazingdiscoveries.org/explore-projects
5436	DONATEIf you've been blessed, please support our work:https://amazingdiscoveries.org/explore-projects
5442	DONATEIf you've been blessed, please support our work:https://amazingdiscoveries.org/explore-projects
5448	DONATEIf you've been blessed, please support our work:https://amazingdiscoveries.org/explore-projects
5454	DONATEIf you've been blessed, please support our work:https://amazingdiscoveries.org/explore-projects
5460	DONATEIf you've been blessed, please support our work:https://amazingdiscoveries.org/explore-projects
5466	DONATEIf you've been blessed, please support our work:https://amazingdiscoveries.org/explore-projects
5472	DONATEIf you've been blessed, please support our work:https://amazingdiscoveries.org/explore-projects
5478	DONATEIf you've been blessed, please support our work:https://amazingdiscoveries.org/explore-projects
5484	DONATEIf you've been blessed, please support our work:https://amazingdiscoveries.org/explore-projects
5490	DONATEIf you've been blessed, please support our work:https://amazingdiscoveries.org/explore-projects
5496	DONATEIf you've been blessed, please support our work:https://amazingdiscoveries.org/explore-projects
5502	DONATEIf you've been blessed, please support our work:https://amazingdiscoveries.org/explore-projects
5508	DONATEIf you've been blessed, please support our work:https://amazingdiscoveries.org/explore-projects
5514	DONATEIf you've been blessed, please support our work:https://amazingdiscoveries.org/explore-projects
5520	DONATEIf you've been blessed, please support our work:https://amazingdiscoveries.org/explore-projects
5526	
5532	
5538	
5544	
5550	
5556	DONATE
5562	DONATE
5568	DONATEBe sure to get our free resources:finalcountdown.amazingdiscoveries.org
5574	DONATEBe sure to get our free resources:finalcountdown.amazingdiscoveries.org
5580	DONATEBe sure to get our free resources:finalcountdown.amazingdiscoveries.org
5586	DONATEBe sure to get our free resources:finalcountdown.amazingdiscoveries.org
5592	
5598	DONATEHave a blessed new week!Thank you for watching! Join us again in 2 weeks at 5:30pm PST
5604	DONATEHave a blessed new week!Thank you for watching! Join us again in 2 weeks at 5:30pm PST
5610	DONATE
5616	DONATESign up to our newsletters here:welcome.amazingdiscoveries.org
5622	DONATESign up to our newsletters here:welcome.amazingdiscoveries.org
5628	DONATESign up to our newsletters here:welcome.amazingdiscoveries.org
5634	DONATESign up to our newsletters here:welcome.amazingdiscoveries.org
5640	DONATETHEFINALCOUNTDOWNEND - TIMEEVENTSTIMELINELIVE STUDY SERIESNext Bible Study:November 15th at 5:30pm PSTSign-upfinalcountdown.amazingdiscoveries.org
