0	
6	Welcome! Thank You For Joining Us.
12	
18	DONATECatch up on previous episodes at:finalcountdown.amazingdiscoveries.org
24	DONATECatch up on previous episodes at:finalcountdown.amazingdiscoveries.org
30	DONATECatch up on previous episodes at:finalcountdown.amazingdiscoveries.org
36	DONATECatch up on previous episodes at:finalcountdown.amazingdiscoveries.org
42	DONATECatch up on previous episodes at:finalcountdown.amazingdiscoveries.org
48	DONATECatch up on previous episodes at:finalcountdown.amazingdiscoveries.org
54	DONATE
60	DONATE
66	DONATE
72	DONATE
78	DONATE I
84	DONATEMacKenzie DrebitVice President
90	DONATEMacKenzie DrebitVice President
96	DONATE
102	DONATE
108	DONATE N
114	DONATE N
120	DONATE
126	DONATEYou're Watching The Final CountdownEnd-Time Events Timeline | finalcountdown.amazingdiscoveries.org
132	DONATEYou're Watching The Final CountdownEnd-Time Events Timeline | finalcountdown.amazingdiscoveries.org
138	DONATEYou're Watching The Final CountdownEnd-Time Events Timeline | finalcountdown.amazingdiscoveries.org
144	DONATE N
150	DONATEREVELATION 15:1, 5, 6, 8• 1 And I saw another sign in heaven, great and marvellous, seven angelshaving the seven last plagues; for in them is filled up the wrath of God.• 5 And after that I looked, and, behold, the temple of the tabemacle of thetestimony in heaven was opened:• 6 And the seven angels came out of the temple, having the seven plagues,clothed in pure and white linen, and having their breasts girded withgolden girdles.• 8 And the temple was filled with smoke from the glory of God, and fromhis power; and no man was able to enter into the temple, till the sevenplagues of the seven angels were fulfilled.
156	DONATEREVELATION 15:1, 5, 6, 8• 1 And I saw another sign in heaven, great and marvellous, seven angelshaving the seven last plagues; for in them is filled up the wrath of God.• 5 And after that I looked, and, behold, the temple of the tabernacle of thetestimony in heaven was opened:• 6 And the seven angels came out of the temple, having the seven plagues,clothed in pure and white linen, and having their breasts girded withgolden girdles.• 8 And the temple was filled with smoke from the glory of God, and fromhis power; and no man was able to enter into the temple, till the sevenplagues of the seven angels were fulfilled.
162	DONATEREVELATION 15:1, 5, 6, 8• 1 And I saw another sign in heaven, great and marvellous, seven angelshaving the seven last plagues; for in them is filled up the wrath of God.• 5 And after that I looked, and, behold, the temple of the tabernacle of thetestimony in heaven was opened:• 6 And the seven angels came out of the temple, having the seven plagues,clothed in pure and white linen, and having their breasts girded withgolden girdles.• 8 And the temple was filled with smoke from the glory of God, and fromhis power; and no man was able to enter into the temple, till the sevenplagues of the seven angels were fulfilled.
168	DONATEREVELATION 15:1, 5, 6, 8• 1 And I saw another sign in heaven, great and marvellous, seven angelshaving the seven last plagues; for in them is filled up the wrath of God.• 5 And after that I looked, and, behold, the temple of the tabernacle of thetestimony in heaven was opened:• 6 And the seven angels came out of the temple, having the seven plagues,clothed in pure and white linen, and having their breasts girded withgolden girdles.• 8 And the temple was filled with smoke from the glory of God, and fromhis power; and no man was able to enter into the temple, till the sevenplagues of the seven angels were fulfilled.
174	DONATEREVELATION 15:1, 5, 6, 8• 1 And I saw another sign in heaven, great and marvellous, seven angelshaving the seven last plagues; for in them is filled up the wrath of God.• 5 And after that I looked, and, behold, the temple of the tabernacle of thetestimony in heaven was opened:• 6 And the seven angels came out of the temple, having the seven plagues,clothed in pure and white linen, and having their breasts girded withgolden girdles.• 8 And the temple was filled with smoke from the glory of God, and fromhis power; and no man was able to enter into the temple, till the sevenplagues of the seven angels were fulfilled.
180	DONATEREVELATION 15:1, 5, 6, 8• 1 And I saw another sign in heaven, great and marvellous, seven angelshaving the seven last plagues; for in them is filled up the wrath of God.• 5 And after that I looked, and, behold, the temple of the tabernacle of thetestimony in heaven was opened:• 6 And the seven angels came out of the temple, having the seven plagues,clothed in pure and white linen, and having their breasts girded withgolden girdles.• 8 And the temple was filled with smoke from the glory of God, and fromhis power; and no man was able to enter into the temple, till the sevenplagues of the seven angels were fulfilled.
186	REVELATION 15:1, 5, 6, 8DONATE1 And I saw another sign in heaven, great and marvellous, seven angelshaving the seven last plagues; for in them is filled up the wrath of God.• 5 And alter that I looked, and, behold, the temple of the tabernacle of thetestimony in heaven was opened:• 6 And the seven angels came out of the temple, having the seven plagues,clothed in pure and white linen, and having their breasts girded withgolden girdles.• 8 And the temple was filled with smoke from the glory of God, and fromhis power; and no man was able to enter into the temple, till the sHplagues of the seven angels were fulfilled.
192	REVELATION 15:1, 5, 6, 8DONATE1 And I saw another sign in heaven, great and marvellous, seven angelshaving the seven last plagues; for in them is filled up the wrath of God.• 5 And alter that I looked, and, behold, the temple of the tabernacle of thetestimony in heaven was opened:• 6 And the seven angels came out of the temple, having the seven plagues,clothed in pure and white linen, and having their breasts girded withgolden girdles.• 8 And the temple was filled with smoke from the glory of God, and fromhis power; and no man was able to enter into the temple, till the slplagues of the seven angels were fulfilled.
198	REVELATION 15:1, 5, 6, 8DONATE1 And I saw another sign in heaven, great and marvellous, seven angelshaving the seven last plagues; for in them is filled up the wrath of God.• 5 And after that I looked, and, behold, the temple of the tabernacle of thetestimony in heaven was opened:• 6 And the seven angels came out of the temple, having the seven plagues,clothed in pure and white linen, and having their breasts girded withgolden girdles.• 8 And the temple was filled with smoke from the glory of God, and fromhis power; and no man was able to enter into the temple, till the sulplagues of the seven angels were fulfilled.
204	REVELATION 15:1, 5, 6, 8DONATE1 And I saw another sign in heaven, great and marvellous, seven angelshaving the seven last plagues; for in them is filled up the wrath of God.• 5 And after that I looked, and, behold, the temple of the tabernacle of thetestimony in heaven was opened:• 6 And the seven angels came out of the temple, having the seven plagues,clothed in pure and white linen, and having their breasts girded withgolden girdles.• 8 And the temple was filled with smoke from the glory of God, and from.his power; and no man was able to enter into the temple, till the slplagues of the seven angels were fulfilled.
210	REVELATION 15:1, 5, 6, 8DONATE1 And I saw another sign in heaven, great and marvellous, seven angelshaving the seven last plagues; for in them is filled up the wrath of God.• 5 And alter that I looked, and, behold, the temple of the tabernacle of thetestimony in heaven was opened:• 6 And the seven angels came out of the temple, having the seven plagues,clothed in pure and white linen, and having their breasts girded withgolden girdles.• 8 And the temple was filled with smoke from the glory of God, and fromhis power; and no man was able to enter into the temple, till the suplagues of the seven angels were fulfilled.
216	REVEL1 Someone scanned the QR code5, 6, 8DONATE1 And I saw another sign in heaven, great and marvellous, seven angelshaving the seven last plagues; for in them is filled up the wrath of God.• 5 And alter that I looked, and, behold, the temple of the tabernacle of thetestimony in heaven was opened:• 6 And the seven angels came out of the temple, having the seven plagues,clothed in pure and white linen, and having their breasts girded withgolden girdles.• 8 And the temple was filled with smoke from the glory of God, and fromhis power; and no man was able to enter into the temple, till the suplagues of the seven angels were fulfilled.
222	REVELATION 15:1, 5, 6, 8DONATE1 And I saw another sign in heaven, great and marvellous, seven angelshaving the seven last plagues; for in them is filled up the wrath of God.• 5 And alter that I looked, and, behold, the temple of the tabernacle of thetestimony in heaven was opened:• 6 And the seven angels came out of the temple, having the seven plagues,clothed in pure and white linen, and having their breasts girded withgolden girdles.• 8 And the temple was filled with smoke from the glory of God, and fromhis power; and no man was able to enter into the temple, till the suplagues of the seven angels were fulfilled.
228	REVELATION 15:1, 5, 6, 8DONATE1 And I saw another sign in heaven, great and marvellous, seven angelshaving the seven last plagues; for in them is filled up the wrath of God.• 5 And alter that I looked, and, behold, the temple of the tabernacle of thetestimony in heaven was opened:• 6 And the seven angels came out of the temple, having the seven plagues,clothed in pure and white linen, and having their breasts girded withgolden girdles.• 8 And the temple was filled with smoke from the glory of God, and fromhis power; and no man was able to enter into the temple, till the suplagues of the seven angels were fulfilled.
234	REVELATION 15:1, 5, 6, 8DONATE1 And I saw another sign in heaven, great and marvellous, seven angelshaving the seven last plagues; for in them is filled up the wrath of God.• 5 And alter that I looked, and, behold, the temple of the tabernacle of thetestimony in heaven was opened:• 6 And the seven angels came out of the temple, having the seven plagues,clothed in pure and white linen, and having their breasts girded withgolden girdles.• 8 And the temple was filled with smoke from the glory of God, and fromhis power; and no man was able to enter into the temple, till the suplagues of the seven angels were fulfilled.
240	REVELATION 15:1, 5, 6, 8DONATE1 And I saw another sign in heaven, great and marvellous, seven angelshaving the seven last plagues; for in them is filled up the wrath of God.• 5 And alter that I looked, and, behold, the temple of the tabernacle of thetestimony in heaven was opened:• 6 And the seven angels came out of the temple, having the seven plagues,clothed in pure and white linen, and having their breasts girded withgolden girdles.• 8 And the temple was filled with smoke from the glory of God, and fromhis power; and no man was able to enter into the temple, till the su!plagues of the seven angels were fulfilled.00000C
246	REVELATION 15:1, 5, 6, 8DONATE1 And I saw another sign in heaven, great and marvellous, seven angelshaving the seven last plagues; for in them is filled up the wrath of God.• 5 And after that I looked, and, behold, the temple of the tabernacle of thetestimony in heaven was opened:• 6 And the seven angels came out of the temple, having the seven plagues,clothed in pure and white linen, and having their breasts girded withgolden girdles.• 8 And the temple was filled with smoke from the glory of God, and fromhis power; and no man was able to enter into the temple, till the sulplagues of the seven angels were fulfilled.O00GQ
252	REVELATION 15:1, 5, 6, 8DONATE1 And I saw another sign in heaven, great and marvellous, seven angelshaving the seven last plagues; for in them is filled up the wrath of God.• 5 And alter that I looked, and, behold, the temple of the tabernacle of thetestimony in heaven was opened:• 6 And the seven angels came out of the temple, having the seven plagues,clothed in pure and white linen, and having their breasts girded withgolden girdles.• 8 And the temple was filled with smoke from the glory of God, and fromhis power; and no man was able to enter into the temple, till the sWplagues of the seven angels were fulfilled.000G@
258	REVELATION 15:1, 5, 6, 8DONATE1 And I saw another sign in heaven, great and marvellous, seven angelshaving the seven last plagues; for in them is filled up the wrath of God.• 5 And alter that I looked, and, behold, the temple of the tabernacle of thetestimony in heaven was opened:• 6 And the seven angels came out of the temple, having the seven plagues,clothed in pure and white linen, and having their breasts girded withgolden girdles.• 8 And the temple was filled with smoke from the glory of God, and fromhis power; and no man was able to enter into the temple, till the suplagues of the seven angels were fulfilled.
264	REVELATION 15:1, 5, 6, 8DONATE1 And I saw another sign in heaven, great and marvellous, seven angelshaving the seven last plagues; for in them is filled up the wrath of God.• 5 And alter that I looked, and, behold, the temple of the tabernacle of thetestimony in heaven was opened:• 6 And the seven angels came out of the temple, having the seven plagues,clothed in pure and white linen, and having their breasts girded withgolden girdles.• 8 And the temple was filled with smoke from the glory of God, and fromhis power; and no man was able to enter into the temple, till the suplagues of the seven angels were fulfilled.
270	REVELATION 15:1, 5, 6, 8DONATE1 And I saw another sign in heaven, great and marvellous, seven angelshaving the seven last plagues; for in them is filled up the wrath of God.• 5 And alter that I looked, and, behold, the temple of the tabernacle of thetestimony in heaven was opened:• 6 And the seven angels came out of the temple, having the seven plagues,clothed in pure and white linen, and having their breasts girded withgolden girdles.• 8 And the temple was filled with smoke from the glory of God, and fromhis power; and no man was able to enter into the temple, till the slplagues of the seven angels were fulfilled.
276	DONATEREVELATION 15:1, 5, 6, 8• 1 And I saw another sign in heaven, great and marvellous, seven angelshaving the seven last plagues; for in them is filled up the wrath of God.• 5 And after that I looked, and, behold, the temple of the tabernacle of thetestimony in heaven was opened:• 6 And the seven angels came out of the temple, having the seven plagues,clothed in pure and white linen, and having their breasts girded withgolden girdles.• 8 And the temple was filled with smoke from the glory of God, and fromhis power; and no man was able to enter into the temple, till the sevenplagues of the seven angels were fulfilled.
282	DONATEREVELATION 15:1, 5, 6, 8• 1 And I saw another sign in heaven, great and marvellous, seven angelshaving the seven last plagues; for in them is filled up the wrath of God.• 5 And after that I looked, and, behold, the temple of the tabernacle of thetestimony in heaven was opened:• 6 And the seven angels came out of the temple, having the seven plagues,clothed in pure and white linen, and having their breasts girded withgolden girdles.• 8 And the temple was filled with smoke from the glory of God, and fromhis power; and no man was able to enter into the temple, till the sevenplagues of the seven angels were fulfilled.Watch til the end for a special announcement!
288	DONATEREVELATION 15:1, 5, 6, 8• 1 And I saw another sign in heaven, great and marvellous, seven angelshaving the seven last plagues; for in them is filled up the wrath of God.• 5 And after that I looked, and, behold, the temple of the tabernacle of thetestimony in heaven was opened:• 6 And the seven angels came out of the temple, having the seven plagues,clothed in pure and white linen, and having their breasts girded withgolden girdles.• 8 And the temple was filled with smoke from the glory of God, and fromhis power; and no man was able to enter into the temple, till the sevenplagues of the seven angels were fulfilled.
294	DONATEREVELATION 15:1, 5, 6, 8• 1 And I saw another sign in heaven, great and marvellous, seven angelshaving the seven last plagues; for in them is filled up the wrath of God.• 5 And after that I looked, and, behold, the temple of the tabernacle of thetestimony in heaven was opened:• 6 And the seven angels came out of the temple, having the seven plagues,clothed in pure and white linen, and having their breasts girded withgolden girdles.• 8 And the temple was filled with smoke from the glory of God, and fromhis power; and no man was able to enter into the temple, till the sevenplagues of the seven angels were fulfilled.
300	REVELATION 15:1, 5, 6, 8DONATE1 And I saw another sign in heaven, great and marvellous, seven angelshaving the seven last plagues; for in them is filled up the wrath of God.• 5 And after that I looked, and, behold, the temple of the tabernacle of thetestimony in heaven was opened:• 6 And the seven angels came out of the temple, having the seven plagues,clothed in pure and white linen, and having their breasts girded withgolden girdles.• 8 And the temple was filled with smoke from the glory of God, and fromhis power; and no man was able to enter into the temple, till the sevenplagues of the seven angels were fulfilled.
306	REVELATION 15:1, 5, 6, 8DONATE1 And I saw another sign in heaven, great and marvellous, seven angelshaving the seven last plagues; for in them is filled up the wrath of God.• 5 And alter that I looked, and, behold, the temple of the tabernacle of thetestimony in heaven was opened:• 6 And the seven angels came out of the temple, having the seven plagues,clothed in pure and white linen, and having their breasts girded withgolden girdles.• 8 And the temple was filled with smoke from the glory of God, and fromhis power; and no man was able to enter into the temple, till the suplagues of the seven angels were fulfilled.
312	REVELATION 15:1, 5, 6, 8DONATE1 And I saw another sign in heaven, great and marvellous, seven angelshaving the seven last plagues; for in them is filled up the wrath of God.• 5 And alter that I looked, and, behold, the temple of the tabernacle of thetestimony in heaven was opened:• 6 And the seve. angels came out of the temple, having the seven plagues,clothed in pure and white linen, and having their breasts girded withgolden girdles.• 8 And the temple was filled with smoke from the glory of God, and fromhis power; and no man was able to enter into the temple, till the suplagues of the seven angels were fulfilledO00G@
318	REVELATION 15:1, 5, 6, 8DONATE1 And I saw another sign in heaven, great and marvellous, seven angelshaving the seven last plagues; for in them is filled up the wrath of God.• 5 And alter that I looked, and, behold, the temple of the tabernacle of thetestimony in heaven was opened:• 6 And the seven angels came out of the temple, having the seven plagues,clothed in pure and white linen, and having their breasts girded withgolden girdles.• 8 And the temple was filled with smoke from the glory of God, and fromhis power; and no man was able to enter into the temple, till the suplagues of the seven angels were fulfilledO00G@
324	REVELATION 15:1, 5, 6, 8DONATE1 And I saw another sign in heaven, great and marvellous, seven angelshaving the seven last plagues; for in them is filled up the wrath of God.• 5 And alter that I looked, and, behold, the temple of the tabernacle of thetestimony in heaven was opened:• 6 And the seven angels came out of the temple, having the seven plagues,clothed in pure and white linen, and having their breasts girded withgolden girdles.• 8 And the temple was filled with smoke from the glory of God, and fromhis power; and no man was able to enter into the temple, till the sWplagues of the seven angels were fulfilledO00GOC
330	REVELATION 15:1, 5, 6, 8DONATE1 And I saw another sign in heaven, great and marvellous, seven angelshaving the seven last plagues; for in them is filled up the wrath of God.• 5 And alter that I looked, and, behold, the temple of the tabernacle of thetestimony in heaven was opened:• 6 And the seven angels came out of the temple, having the seven plagues,clothed in pure and white linen, and having their breasts girded withgolden girdles.• 8 And the temple was filled with smoke from the glory of God, and fromhis power; and no man was able to enter into the temple, till the suplagues of the seven angels were fulfilledOОOEQ
336	REVELATION 15:1, 5, 6, 8DONATE1 And I saw another sign in heaven, great and marvellous, seven angelshaving the seven last plagues; for in them is filled up the wrath of God.• 5 And alter that I looked, and, behold, the temple of the tabernacle of thetestimony in heaven was opened:• 6 And the seven angels came out of the temple, having the seven plagues,clothed in pure and white linen, and having their breasts girded withgolden girdles.• 8 And the temple was filled with smoke from the glory of God, and fromhis power; and no man was able to enter into the temple, till the suplagues of the seven angels were fulfilled.
342	REVELATION 15:1, 5, 6, 8DONATE1 And I saw another sign in heaven, great and marvellous, seven angelshaving the seven last plagues; for in them is filled up the wrath of God.• 5 And alter that I looked, and, behold, the temple of the tabernacle of thetestimony in heaven was opened:• 6 And the seven angels came out of the temple, having the seven plagues,clothed in pure and white linen, and having their breasts girded withgolden girdles.• 8 And the temple was filled with smoke from the glory of God, and fromhis power; and no man was able to enter into the temple, till the sulplagues of the seven angels were fulfilled.000ĐOC
348	REVELATION 15:1, 5, 6, 8DONATE1 And I saw another sign in heaven, great and marvellous, seven angelshaving the seven last plagues; for in them is filled up the wrath of God.• 5 And alter that I looked, and, behold, the temple of the tabernacle of thetestimony in heaven was opened:• 6 And the seven angels came out of the temple, having the seven plagues,clothed in pure and white linen, and having their breasts girded withgolden girdles.• 8 And the temple was filled with smoke from the glory of God, and fromhis power; and no man was able to enter into the temple, till the suplagues of the seven angels were fulfilled
354	REVELATION 15:1, 5, 6, 8DONATE1 And I saw another sign in heaven, great and marvellous, seven angelshaving the seven last plagues; for in them is filled up the wrath of God.• 5 And alter that I looked, and, behold, the temple of the tabernacle of thetestimony in heaven was opened:• 6 And the seven angels came out of the temple, having the seven plagues,clothed in pure and white linen, and having their breasts girded withgolden girdles.• 8 And the temple was filled with smoke from the glory of God, and fromhis power; and no man was able to enter into the temple, till the suplagues of the seven angels were fulfilled00009€
360	REVELATION 15:1, 5, 6, 8DONATE1 And I saw another sign in heaven, great and marvellous, seven angelshaving the seven last plagues; for in them is filled up the wrath of God.• 5 And alter that I looked, and, behold, the temple of the tabernacle of thetestimony in heaven was opened:• 6 And the seven angels came out of the temple, having the seven plagues,clothed in pure and white linen, and having their breasts girded withgolden girdles.• 8 And the temple was filled with smoke from the glory of God, and fromhis power; and no man was able to enter into the temple, till the suplagues of the seven angels were fulfilled.
366	EXODUS 40:33-35DONATE• 33 And he reared up the court round about the tabernacle and the altar,and set up the hanging of the court gate. So Moses finished the work.• 34 Then a cloud covered the tent of the congregation, and the glory of theLord filled the tabernacle.• 35 And Moses was not able to enter into the tent of the congregation,because the cloud abode thereon, and the glory of the Lord filled thetabernacle.• 36 And when the cloud was taken up from over the tabernacle, th,children of Israel went onward in all their journeys:
372	EXODUS 40:33-35DONATE• 33 And he reared up the court round about the tabernacle and the altar,and set up the hanging or the court gate. So Moses finished the work.• 34 Then a cloud covered the tent of the congregation, and the glory of theLord filled the tabernacle.• 35 And Moses was not able to enter into the tent of the congregation,because the cloud abode thereon, and the glory of the Lord filled thetabernacle.• 36 And when the cloud was taken up from over the tabernacle, th,children of Israel went onward in all their journeys:
378	EXODUS 40:33-35DONATE• 33 And he reared up the court round about the tabernacle and the altar,and set up the hanging of the court gate. So Moses finished the work.• 34 Then a cloud covered the tent of the congregation, and the glory of theLord filled the tabernacle.• 35 And Moses was not able to enter into the tent of the congregation,because the cloud abode thereon, and the glory of the Lord filled thetabernacle.• 36 And when the cloud was taken up from over the tabernacle, th,children of Israel went onward in all their journeys:
384	EXODUS 40:33-35DONATE• 33 And he reared up the court round about the tabernacle and the altar,and set up the hanging of the court gate. So Moses finished the work.• 34 Then a cloud covered the tent of the congregation, and the glory of theLord filled the tabernacle.• 35 And Moses was not able to enter into the tent of the congregation,because the cloud abode thereon, and the glory of the Lord filled thetabernacle.• 36 And when the cloud was taken up from over the tabernacle, th.children of Israel went onward in all their journeys:
390	EXODUS 40:33-35DONATE• 33 And he reared up the court round about the tabernacle and the altar,and set up the hanging of the court gate. So Moses finished the work.• 34 Then a cloud covered the tent of the congregation, and the glory of theLord filled the tabernacle.• 35 And Moses was not able to enter into the tent of the congregation,because the cloud abode thereon, and the glory of the Lord filled thetabernacle.• 36 And when the cloud was taken up from over the tabernacle, th,children of Israel went onward in all their journeys:
396	EXODUS 40:33-35DONATE• 33 And he reared up the court round about the tabernacle and the altar,and set up the hanging of the court gate. So Moses finished the work.• 34 Then a cloud covered the tent of the congregation, and the glory of theLord filled the tabernacle.• 35 And Moses was not able to enter into the tent of the congregation,because the cloud abode thereon, and the glory of the Lord filled thetabernacle.• 36 And when the cloud was taken up from over the tabernacle, th,children of Israel went onward in all their journeys:
402	EXODUS 40:33-35DONATE• 33 And he reared up the court round about the tabernacle and the altar,and set up the hanging of the court gate. So Moses finished the work.• 34 Then a cloud covered the tent of the congregation, and the glory of theLord filled the tabernacle.• 35 And Moses was not able to enter into the tent of the congregation,because the cloud abode thereon, and the glory of the Lord filled thetabernacle.• 36 And when the cloud was taken up from over the tabernacle, tl..children of Israel went onward in all their journeys:
408	EXODUS 40:33-35DONATE• 33 And he reared up the court round about the tabernacle and the altar,and set up the hanging of the court gate. So Moses finished the work.• 34 Then a cloud covered the tent of the congregation, and the glory of theLord filled the tabernacle.• 35 And Moses was not able to enter into the tent of the congregation,because the cloud abode thereon, and the glory of the Lord filled thetabernacle.• 36 And when the cloud was taken up from over the tabernacle, th,children of Israel went onward in all their journeys:
414	EXODUS 40:33-35DONATE• 33 And he reared up the court round about the tabernacle and the altar,and set up the hanging of the court gate. So Moses finished the work.• 34 Then a cloud covered the tent of the congregation, and the glory of theLord filled the tabernacle.• 35 And Moses was not able to enter into the tent of the congregation,because the cloud abode thereon, and the glory of the Lord filled thetabernacle.• 36 And when the cloud was taken up from over the tabernacle, th,children of Israel went onward in all their journeys:
420	EXODUS 40:33-35DONATE• 33 And he reared up the court round about the tabernacle and the altar,and set up the hanging of the court gate. So Moses finished the work.• 34 Then a cloud covered the tent of the congregation, and the glory of theLord filled the tabernacle.• 35 And Moses was not able to enter into the tent of the congregation,because the cloud abode thereon, and the glory of the Lord filled thetabernacle.• 36 And when the cloud was taken up from over the tabernacle, th,children of Israel went onward in all their journeys:
426	EXODUS 40:33-35DONATE• 33 And he reared up the court round about the tabernacle and the altar,and set up the hanging of the court gate. So Moses finished the work.• 34 Then a cloud covered the tent of the congregation, and the glory of theLord filled the tabernacle.• 35 And Moses was not able to enter into the tent of the congregation,because the cloud abode thereon, and the glory of the Lord filled thetabernacle.• 36 And when the cloud was taken up from over the tabernacle, th,children of Israel went onward in all their journeys:
432	EXODUS 40:33-35DONATE• 33 And he reared up the court round about the tabernacle and the altar,and set up the hanging of the court gate. So Moses finished the work.• 34 Then a cloud covered the tent of the congregation, and the glory of theLord filled the tabernacle.• 35 And Moses was not able to enter into the tent of the congregation,because the cloud abode thereon, and the glory of the Lord filled thetabernacle.• 36 And when the cloud was taken up from over the tabernacle, th,children of Israel went onward in all their journeys:
438	EXODUS 40:33-35DONATE• 33 And he reared up the court round about the tabernacle and the altar,and set up the hanging of the court gate. So Moses finished the work.• 34 Then a cloud covered the tent of the congregation, and the glory of theLord filled the tabernacle.• 35 And Moses was not able to enter into the tent of the congregation,because the cloud abode thereon, and the glory of the Lord filled thetabernacle.• 36 And when the cloud was taken up from over the tabernacle, thchildren of Israel went onward in all their journeys:
444	EXODUS 40:33-35DONATE• 33 And he reared up the court round about the tabernacle and the altar,and set up the hanging of the court gate. So Moses finished the work.• 34 Then a cloud covered the tent of the congregation, and the glory of theLord filled the tabernacle.• 35 And Moses was not able to enter into the tent of the congregation,because the cloud abod, thereon, and the glory of the Lord filled thetabernacle.• 36 And when the cloud was taken up from over the tabernacle, th,children of Israel went onward in all their journeys:
450	EXODUS 40:33-35DONATE• 33 And he reared up the court round about the tabernacle and the altar,and set up the hanging of the court gate. So Moses finished the work.• 34 Then a cloud covered the tent of the congregation, and the glory of theLord filled the tabernacle.• 35 And Moses was not able to enter into the tent of the congregation,because the cloud abode thereon, and the glory of the Lord filled thetabernacle.• 36 And when the cloud was taken up from over the tabernacle, thchildin of Israel went onward in all their journeys:
456	EXC & Someone scanned the OR codeB-35DONATE• 33 And he reared up the court round about the tabernacle and the altar,and set up the hanging of the court gate. So Moses finished the work.• 34 Then a cloud covered the tent of the congregation, and the glory of theLord filled the tabernacle.• 35 And Moses was not able to enter into the tent of the congregation,because the cloud abode thereon, and the glory of the Lord filled thetabernacle.• 36 And when the cloud was taken up from over the tabernacle, th,children of Israel went onward in all their journeys:
462	EXODUS 40:33-35DONATE• 33 And he reared up the court round about the tabernacle and the altar,and set up the hanging of the court gate. So Moses finished the work.• 34 Then a cloud covered the tent of the congregation, and the glory of theLord filled the tabernacle.• 35 And Moses was not able to enter into the tent of the congregation,because the cloud abode thereon, and the glory of the Lord filled thetabernacle.• 36 And when the cloud was taken up from over the tabernacle, th,children of Israel went onward in all their journeys:
468	EXODUS 40:33-35DONATE• 33 And he reared up the court round about the tabernacle and the altar,and set up the hanging of the court gate. So Moses finished the work.• 34 Then a cloud covered the tent of the congregation, and the glory of theLord filled the tabernacle.• 35 And Moses was not able to enter into the tent of the congregation,because the cloud abode thereon, and the glory of the Lord filled thetabernacle.• 36 And when the cloud was taken up from over the tabernacle, th,children of Israel went onward in all their journeys:
474	DONATEEXODUS 40:33-35• 38 And he reared up the court round about the tabernacle and the altar,and set up the hanging of the court gate. So Moses finished the work.• 34 Then a cloud covered the tent of the congregation, and the glory of theLord filled the tabernacle.• 35 And Moses was not able to enter into the tent of the congregation,because the cloud abode thereon, and the glory of the Lord filled thetabernacle.• 36 And when the cloud was taken up from over the tabernacle, thechildren of Israel went onward in all their journeys:
480	DONATEEXODUS 40:33-35• 33 And he reared up the court round about the tabernacle and the altar,and set up the hanging of the court gate. So Moses finished the work.• 34 Then a cloud covered the tent of the congregation, and the glory of theLord filled the tabernacle.• 35 And Moses was not able to enter into the tent of the congregation,because the cloud abode thereon, and the glory of the Lord filled thetabernacle.• 36 And when the cloud was taken up from over the tabernacle, thechildren of Israel went onward in all their journeys:
486	DONATE T
492	DONATE
498	DONATEWatch to the end for a special announcement!
504	DONATEWatch to the end for a special announcement!
510	DONATEWatch to the end for a special announcement!
516	DONATE
522	DONATE
528	
534	DONATE
540	DONATEREVELATION 15:1, 5, 6, 8• 1 And I saw another sign in heaven, great and marvellous, seven angelshaving the seven last plagues; for in them is filled up the wrath of God.• 5 And after that I looked, and, behold, the temple of the tabernacle of thetestimony in heaven was opened:• 6 And the seven angels came out of the temple, having the seven plagues,clothed in pure and white linen, and having their breasts girded withgolden girdles.• 8 And the temple was filled with smoke from the glory of God, and fromhis power; and no man was able to enter into the temple, till the sevenplagues of the seven angels were fulfilled.0005S00
546	00eREVELATION 15:1, 5, 6, 8DONATE1 And I saw another sign in heaven, great and marvellous, seven angelshaving the seven last plagues; for in them is filled up the wrath of God.• 5 And after that I looked, and, behold, the temple of the tabernacle of thetestimony in heaven was opened:• 6 And the seven angels came out of the temple, having the seven plagues,clothed in pure and white linen, and having their breasts girded withgolden girdles.• 8 And the temple was filled with smoke from the glory of God, and fromhis power; and no man was able to enter into the temple, till the suplagues of the seven angels were fulfilled40) 0
552	REVELATION 15:1, 5, 6, 8DONATE1 And I saw another sign in heaven, great and marvellous, seven angelshaving the seven last plagues; for in them is filled up the wrath of God.• 5 And after that I looked, and, behold, the temple of the tabernacle of thetestimony in heaven was opened:• 6 And the seven angels came out of the temple, having the seven plagues,clothed in pure and white linen, and having their breasts girded withgolden girdles.• 8 And the temple was filled with smoke from the glory of God, and fromhis power; and no man was able to enter into the temple, till the suplagues of the seven angels were fulfilled0000O0
558	REVELATION 15:1, 5, 6, 8DONATE1 And I saw another sign in heaven, great and marvellous, seven angelshaving the seven last plagues; for in them is filled up the wrath of God.• 5 And after that I looked, and, behold, the temple of the tabernacle of thetestimony in heaven was opened:• 6 And the seven angels came out of the temple, having the seven plagues,clothed in pure and white linen, and having their breasts girded withgolden girdles.• 8 And the temple was filled with smoke from the glory of God, and fromhis power; and no man was able to enter into the temple, till the suplagues of the seven angels were fulfilledO000O0
564	DONATEEXODUS 40:33-35• 38 And he reared up the court round about the tabernacle and the altar,and set up the hanging of the court gate. So Moses finished the wok.• 34 Then a cloud covered the tent of the congregation, and the glory of theLord filled the tabernacle.• 35 And Moses was not able to enter into the tent of the congregation,because the cloud abode thercon, and the glory of the Lord filled thetabernacle.• 36 And when the cloud was taken up from over the tabernacle, thechildren of Israel went onward in all their joumevs:
570	DONATEEXODUS 40:33-35• 33 And he reared up the court round about the tabernacle and the altar,and set up the hanging of the court gate. So Moses finished the work.• 34 Then a cloud covered the tent of the congregation, and the glory of theLord filled the tabernacle.• 35 And Moses was not able to enter into the tent of the congregation,because the cloud abode thereon, and the glory of the Lord filled thetabernacle.• 36 And when the cloud was taken up from over the tabernacle, thechildren of Israel went onward in all their journeys:
576	DONATEEXODUS 40:33-35• 33 And he reared up the court round about the tabernacle and the altar,and set up the hanging of the court gate. So Moses finished the work.• 34 Then a cloud covered the tent of the congregation, and the glory of theLord filled the tabernacle.• 85 And Moses was not able to enter into the tent of the congregation,because the cloud abode thereon, and the glory of the Lord filled thetabernacle.• 36 And when the cloud was taken up from over the tabernacle, thechildren of Israel went onward in all their jouneys:
582	DONATEEXODUS 40:33-35• 33 And he reared up the court round about the tabernacle and the altar,and set up the hanging of the court gate. So Moses finished the work.• 34 Then a cloud covered the tent of the congregation, and the glory of theLord filled the tabernacle.• 85 And Moses was not able to enter into the tent of the congregation,because the cloud abode thereon, and the glory of the Lord filled thetabernacle.• 36 And when the cloud was taken up from over the tabernacle, thechildren of Israel went onward in all their journeys:
588	DONATEEXODUS 40:33-35• 33 And he reared up the court round about the tabernacle and the altar,and set up the hanging of the court gate. So Moses finished the work.• 34 Then a cloud covered the tent of the congregation, and the glory of theLord filled the tabernacle.• 35 And Moses was not able to enter into the tent of the congregation,because the cloud abode thereon, and the glory of the Lord filled thetabernacle.• 36 And when the cloud was taken up from over the tabernacle, thechildren of Israel went onward in all their jouneys:
594	DONATEEXODUS 40:33-35• 33 And he reared up the court round about the tabernacle and the altar,and set up the hanging of the court gate. So Moses finished the work.• 34 Then a cloud covered the tent of the congregation, and the glory of theLord filled the tabernacle.• 85 And Moses was not able to enter into the tent of the congregation,because the cloud abode thereon, and the glory of the Lord filled thetabernacle.• 36 And when the cloud was taken up from over the tabernacle, thechildren of Israel went onward in all their jouneys:
600	DONATE2 CHRONICLES 5:14• 14 So that the priests could not stand tominister by reason of the cloud: for the gloryof the Lord had filled the house of God.OO0S0000
606	DONATE2 CHRONICLES 5:14• 14 So that the priests could not stand tominister by reason of the cloud: for the gloryof the Lord had filled the house of God.00009000
612	DONATE2 CHRONICLES 5:14• 14 So that the priests could not stand tominister by reason of the cloud: for the gloryof the Lord had filled the house of God.000S0000
618	DONATE2 CHRONICLES 5:14• 14 So that the priests could not stand tominister by reason of the cloud: for the gloryof the Lord had filled the house of God.
624	DONATE2 CHRONICLES 5:14• 14 So that the priests could not stand tominister by reason of the cloud: for the gloryof the Lord had filled the house of God.
630	DONATE2 CHRONICLES 5:14• 14 So that the priests could not stand tominister by reason of the cloud: for the gloryof the Lord had filled the house of God.
636	DONATE2 CHRONICLES 5:14• 14 So that the priests could not stand tominister by reason of the cloud: for the gloryof the Lord had filled the house of God.
642	DONATE2 CHRONICLES 5:14• 14 So that the priests could not stand tominister by reason of the cloud: for the gloryof the Lord had filled the house of God.
648	DONATEREVELATION 14:9-11• 9 And the third angel followed them, saying with a loud voice, Ifany man worship the beast and his image, and receive his mark inhis forehead, or in his hand,• 10 The same shall drink of the wine of the wrath of God, which ispoured out without mixture into the cup of his indignation; and heshall be tormented with fire and brimstone in the presence of theholy angels, and in the presence of the Lamb:• 11 And the smoke of their torment ascendeth up for ever and ever:and they have no rest day nor night, who worship the beast and hisimage, and whosoever receiveth the mark of his name.
654	REVELATION 14:9-11DONATE*° 9 And the third angel followed them, saying with a loud voice, Ifany man worship the beast and his image, and receive his mark inhis forehead, or in his hand,• 10 The same shall drink of the wine of the wrath of God, which ispoured out without mixture into the cup of his indignation; and heshall be tormented with fire and brimstone in the presence of theholy angels, and in the presence of the Lamb:• 11 And the smoke of their torment ascendeth up for ever and ever:and they have no rest day nor night, who worship the beast and hisimage, and whosoever receiveth the mark of his name.
660	REVELATION 14:9-11DONATE9 And the third angel followed them, saying with a loud voice, Ifany man worship the beast and his image, and receive his mark inhis forehead, or in his hand,• 10 The same shall drink of the wine of the wrath of God, which ispoured out without mixture into the cup of his indignation; and heshall be tormented with fire and brimstone in the presence of theholy angels, and in the presence of the Lamb:• 11 And the smoke of their torment ascendeth up for ever and ever:and they have no rest day nor night, who worship the beastimage, and whosoever receiveth the mark of his name.
666	REVELATION 14:9-11DONATE9 And the third angel followed them, saying with a loud voice, Ifany man worship the beast and his image, and receive his mark inhis forehead, or in his hand,• 10 The same shall drink of the wine of the wrath of God, which ispoured out without mixture into the cup of his indignation; and heshall be tormented with fire and brimstone in the presence of theholy angels, and in the presence of the Lamb:• 11 And the smoke of their torment ascendeth up for ever and ever:and they have no rest day nor night, who worship the beastiimage, and whosoever receiveth the mark of his name.
672	REVELATION 14:9-11DONATE9 And the third angel followed them, saying with a loud voice, Ifany man worship the beast and his image, and receive his mark inhis forehead, or in his hand,• 10 The same shall drink of the wine of the wrath of God, which ispoured out without mixture into the cup of his indignation; and heshall be tormented with fire and brimstone in the presence of theholy angels, and in the presence of the Lamb:• 11 And the smoke of their torment ascendeth up for ever and ever:and they have no rest day nor night, who worship the beastimage, and whosoever receiveth the mark of his name.
678	REVELATION 14:9-11DONATE9 And the third angel followed them, saying with a loud voice, Ifany man worship the beast and his image, and receive his mark inhis forehead, or in his hand,• 10 The same shall drink of the wine of the wrath of God, which ispoured out without mixture into the cup of his indignation; and heshall be tormented with fire and brimstone in the presence of theholy angels, and in the presence of the Lamb:• 11 And the smoke of their torment ascendeth up for ever and ever:and they have no rest day nor night, who worship the beast!image, and whosoever receiveth the mark of his name.
684	REVELATION 14:9-11DONATE9 And the third angel followed them, saying with a loud voice, Ifany man worship the beast and his image, and receive his mark inhis forehead, or in his hand,• 10 The same shall drink of the wine of the wrath of God, which ispoured out without mixture into the cup of his indignation; and heshall be tormented with fire and brimstone in the presence of theholy angels, and in the presence of the Lamb:• 11 And the smoke of their torment ascendeth up for ever and ever:and they have no rest day nor night, who worship the beast!!image, and whosoever receiveth the mark of his name.
690	REVELATION 14:9-11DONATE9 And the third angel followed them, saying with a loud voice, Ifany man worship the beast and his image, and receive his mark inhis forehead, or in his hand,• 10 The same shall drink of the wine of the wrath of God, which ispoured out without mixture into the cup of his indignation; and heshall be tormented with fire and brimstone in the presence of theholy angels, and in the presence of the Lamb:• 11 And the smoke of their torment ascendeth up for ever and ever:and they have no rest day nor night, who worship the beast!image, and whosoever receiveth the mark of his name.
696	REVELATION 14:9-11DONATE9 And the third angel followed them, saying with a loud voice, Ifany man worship the beast and his image, and receive his mark inhis forehead, or in his hand,• 10 The same shall drink of the wine of the wrath of God, which ispoured out without mixture into the cup of his indignation; and heshall be tormented with fire and brimstone in the presence of theholy angels, and in the presence of the Lamb:• 11 And the smoke of their torment ascendeth up for ever and ever:and they have no rest day nor night, who worship the beastimage, and whosoever receiveth the mark of his name.
702	REVELATION 14:9-11DONATE9 And the third angel followed them, saying with a loud voice, Ifany man worship the beast and his image, and receive his mark inhis forehead, or in his hand,• 10 The same shall drink of the wine of the wrath of God, which ispoured out without mixture into the cup of his indignation; and heshall be tormented with fire and brimstone in the presence of theholy angels, and in the presence of the Lamb:• 11 And the smoke of their torment ascendeth up for ever and ever:and they have no rest day nor night, who worship the beastimage, and whosoever receiveth the mark of his name.
708	REVELATION 14:9-11DONATE9 And the third angel followed them, saying with a loud voice, Ifany man worship the beast and his image, and receive his mark inhis forehead, or in his hand,• 10 The same shall drink of the wine of the wrath of God, which ispoured out without mixture into the cup of his indignation; and heshall be tormented with fire and brimstone in the presence of theholy angels, and in the presence of the Lamb:• 11 And the smoke of their torment ascendeth up for ever and ever:and they have no rest day nor night, who worship the beastimage, and whosoever receiveth the mark of his name.
714	REVELATION 14:9-11DONATE9 And the third angel followed them, saying with a loud voice, Ifany man worship the beast and his image, and receive his mark inhis forehead, or in his hand,• 10 The same shall drink of the wine of the wrath of God, which ispoured out without mixture into the cup of his indignation; and heshall be tormented with fire and brimstone in the presence of theholy angels, and in the presence of the Lamb:• 11 And the smoke of their torment ascendeth up for ever and ever:and they have no rest day nor night, who worship the beastiimage, and whosoever receiveth the mark of his name.
720	REVELATION 14:9-11DONATE9 And the third angel followed them, saying with a loud voice, Ifany man worship the beast and his image, and receive his mark inhis forehead, or in his hand,• 10 The same shall drink of the wine of the wrath of God, which ispoured out without mixture into the cup of his indignation; and heshall be tormented with fire and brimstone in the presence of theholy angels, and in the presence of the Lamb:• 11 And the smoke of their torment ascendeth up for ever and ever:and they have no rest day nor night, who worship the beastimage, and whosoever receiveth the mark of his name.
726	REVELATION 14:9-11DONATE9 And the third angel followed them, saying with a loud voice, Ifany man worship the beast and his image, and receive his mark inhis forehead, or in his hand,• 10 The same shall drink of the wine of the wrath of God, which ispoured out without mixture into the cup of his indignation; and heshall be tormented with fire and brimstone in the presence of theholy angels, and in the presence of the Lamb:• 11 And the smoke of their torment ascendeth up for ever and ever:and they have no rest day nor night, who worship the beastimage, and whosoever receiveth the mark of his name.
732	REVELATION 14:9-11DONATE9 And the third angel followed them, saying with a loud voice, Ifany man worship the beast and his image, and receive his mark inhis forehead, or in his hand,• 10 The same shall drink of the wine of the wrath of God, which ispoured out without mixture into the cup of his indignation; and heshall be tormented with fire and brimstone in the presence of theholy angels, and in the presence of the Lamb:• 11 And the smoke of their torment ascendeth up for ever and ever:and they have no rest day nor night, who worship the beastimage, and whosoever receiveth the mark of his name.
738	REVELATION 14:9-11DONATE9 And the third angel followed them, saying with a loud voice, Ifany man worship the beast and his image, and receive his mark inhis forehead, or in his hand,• 10 The same shall drink of the wine of the wrath of God, which ispoured out without mixture into the cup of his indignation; and heshall be tormented with fire and brimstone in the presence of theholy angels, and in the presence of the Lamb:• 11 And the smoke of their torment ascendeth up for ever and ever:and they have no rest day nor night, who worship the beast:image, and whosoever receiveth the mark of his name.
744	REVELATION 14:9-11DONATE9 And the third angel followed them, saying with a loud voice, Ifany man worship the beast and his image, and receive his mark inhis forehead, or in his hand,• 10 The same shall drink of the wine of the wrath of God, which ispoured out without mixture into the cup of his indignation; and heshall be tormented with fire and brimstone in the presence of theholy angels, and in the presence of the Lamb:• 11 And the smoke of their torment ascendeth up for ever and ever:and they have no rest day nor night, who worship the beastimage, and whosoever receiveth the mark of his name.
750	REVELATION 14:9-11DONATE9 And the third angel followed them, saying with a loud voice, Ifany man worship the beast and his image, and receive his mark inhis forehead, or in his hand,• 10 The same shall drink of the wine of the wrath of God, which ispoured out without mixture into the cup of his indignation; and heshall be tormented with fire and brimstone in the presence of theholy angels, and in the presence of the Lamb:• 11 And the smoke of their torment ascendeth up for ever and ever:and they have no rest day nor night, who worship the beastimage, and whosoever receiveth the mark of his name.
756	REVELATION 14:9-11DONATE9 And the third angel followed them, saying with a loud voice, Ifany man worship the beast and his image, and receive his mark inhis forehead, or in his hand,• 10 The same shall drink of the wine of the wrath of God, which ispoured out without mixture into the cup of his indignation; and heshall be tormented with fire and brimstone in the presence of theholy angels, and in the presence of the Lamb:• 11 And the smoke of their torment ascendeth up for ever and ever:and they have no rest day nor night, who worship the beastimage, and whosoever receiveth the mark of his name.
762	REVELATION 14:9-11DONATE9 And the third angel followed them, saying with a loud voice, Ifany man worship the beast and his image, and receive his mark inhis forehead, or in his hand,• 10 The same shall drink of the wine of the wrath of God, which ispoured out without mixture into the cup of his indignation; and heshall be tormented with fire and brimstone in the presence of theholy angels, and in the presence of the Lamb:• 11 And the smoke of their torment ascendeth up for ever and ever:and they have no rest day nor night, who worship the beastiimage, and whosoever receiveth the mark of his name.
768	REVELATION 14:9-11DONATE9 And the third angel followed them, saying with a loud voice, Ifany man worship the beast and his image, and receive his mark inhis forehead, or in his hand,• 10 The same shall drink of the wine of the wrath of God, which ispoured out without mixture into the cup of his indignation; and heshall be tormented with fire and brimstone in the presence of theholy angels, and in the presence of the Lamb:• 11 And the smoke of their torment ascendeth up for ever and ever:and they have no rest day nor night, who worship the beastimage, and whosoever receiveth the mark of his name.
774	REVELATION 14:9-11DONATE9 And the third angel followed them, saying with a loud voice, Ifany man worship the beast and his image, and receive his mark inhis forehead, or in his hand,• 10 The same shall drink of the wine of the wrath of God, which ispoured out without mixture into the cup of his indignation; and heshall be tormented with fire and brimstone in the presence of theholy angels, and in the presence of the Lamb:• 11 And the smoke of their torment ascendeth up for ever and ever:and they have no rest day nor night, who worship the beastimage, and whosoever receiveth the mark of his name.
780	REVELATION 14:9-11DONATE9 And the third angel followed them, saying with a loud voice, Ifany man worship the beast and his image, and receive his mark inhis forehead, or in his hand,• 10 The same shall drink of the wine of the wrath of God, which ispoured out without mixture into the cup of his indignation; and heshall be tormented with fire and brimstone in the presence of theholy angels, and in the presence of the Lamb:• 11 And the smoke of their torment ascendeth up for ever and ever:and they have no rest day nor night, who worship the beast!!image, and whosoever receiveth the mark of his name.
786	REVELATION 14:9-11DONATE9 And the third angel followed them, saying with a loud voice, Ifany man worship the beast and his image, and receive his mark inhis forehead, or in his hand,• 10 The same shall drink of the wine of the wrath of God, which ispoured out without mixture into the cup of his indignation; and heshall be tormented with fire and brimstone in the presence of theholy angels, and in the presence of the Lamb:• 11 And the smoke of their torment ascendeth up for ever and ever:and they have no rest day nor night, who worship the beastimage, and whosoever receiveth the mark of his name.
792	REVELATION 14:9-11DONATEa 9 And the third angel followed them, saying with a loud voice, Ifany man worship the beast and his image, and receive his mark inhis forehead, or in his hand,• 10 The same shall drink of the wine of the wrath of God, which ispoured out without mixture into the cup of his indignation; and heshall be tormented with fire and brimstone in the presence of theholy angels, and in the presence of the Lamb:• 11 And the smoke of their torment ascendeth up for ever and ever:and they have no rest day nor night, who worship the beastimage, and whosoever receiveth the mark of his name.
798	REVELATION 14:9-11DONATE9 And the third angel followed them, saying with a loud voice, Ifany man worship the beast and his image, and receive his mark inhis forehead, or in his hand,• 10 The same shall drink of the wine of the wrath of God, which ispoured out without mixture into the cup of his indignation; and heshall be tormented with fire and brimstone in the presence of theholy angels, and in the presence of the Lamb:• 11 And the smoke of their torment ascendeth up for ever and ever:and they have no rest day nor night, who worship the beastimage, and whosoever receiveth the mark of his name.
804	REVELATION 14:9-11DONATE9 And the third angel followed them, saying with a loud voice, Ifany man worship the beast and his image, and receive his mark inhis forehead, or in his hand,• 10 The same shall drink of the wine of the wrath of God, which ispoured out without mixture into the cup of his indignation; and heshall be tormented with fire and brimstone in the presence of theholy angels, and in the presence of the Lamb:• 11 And the smoke of their torment ascendeth up for ever and ever:and they have no rest day nor night, who worship the beast!!image, and whosoever receiveth the mark of his name.
810	REVELATION 14:9-11DONATE9 And the third angel followed them, saying with a loud voice, Ifany man worship the beast and his image, and receive his mark inhis forehead, or in his hand,• 10 The same shall drink of the wine of the wrath of God, which ispoured out without mixture into the cup of his indignation; and heshall be tormented with fire and brimstone in the presence of theholy angels, and in the presence of the Lamb:• 11 And the smoke of their torment ascendeth up for ever and ever:and they have no rest day nor night, who worship the beastimage, and whosoever receiveth the mark of his name.
816	REVELATION 14:9-11DONATE9 And the third angel followed them, saying with a loud voice, Ifany man worship the beast and his image, and receive his mark inhis forehead, or in his hand,• 10 The same shall drink of the wine of the wrath of God, which ispoured out without mixture into the cup of his indignation; and heshall be tormented with fire and brimstone in the presence of theholy angels, and in the presence of the Lamb:• 11 And the smoke of their torment ascendeth up for ever and ever:and they have no rest day nor night, who worship the beast!!image, and whosoever receiveth the mark of his name.
822	REVELATION 14:9-11DONATE9 And the third angel followed them, saying with a loud voice, Ifany man worship the beast and his image, and receive his mark inhis forehead, or in his hand,• 10 The same shall drink of the wine of the wrath of God, which ispoured out without mixture into the cup of his indignation; and heshall be tormented with fire and brimstone in the presence of theholy angels, and in the presence of the Lamb:• 11 And the smoke of their torment ascendeth up for ever and ever:and they have no rest day nor night, who worship the beast!image, and whosoever receiveth the mark of his name.
828	REVELATION 14:9-11DONATE9 And the third angel followed them, saying with a loud voice, Ifany man worship the beast and his image, and receive his mark inhis forehead, or in his hand,• 10 The same shall drink of the wine of the wrath of God, which ispoured out without mixture into the cup of his indignation; and heshall be tormented with fire and brimstone in the presence of theholy angels, and in the presence of the Lamb:• 11 And the smoke of their torment ascendeth up for ever and ever:and they have no rest day nor night, who worship the beast!!image, and whosoever receiveth the mark of his name.
834	REVELATION 14:9-11DONATE9 And the third angel followed them, saying with a loud voice, Ifany man worship the beast and his image, and receive his mark inhis forehead, or in his hand,• 10 The same shall drink of the wine of the wrath of God, which ispoured out without mixture into the cup of his indignation; and heshall be tormented with fire and brimstone in the presence of theholy angels, and in the presence of the Lamb:• 11 And the smoke of their torment ascendeth up for ever and ever:and they have no rest day nor night, who worship the beastimage, and whosoever receiveth the mark of his name.
840	REVELATION 14:9-11DONATE9 And the third angel followed them, saying with a loud voice, Ifany man worship the beast and his image, and receive his mark inhis forehead, or in his hand,• 10 The same shall drink of the wine of the wrath of God, which ispoured out without mixture into the cup of his indignation; and heshall be tormented with fire and brimstone in the presence of theholy angels, and in the presence of the Lamb:• 11 And the smoke of their torment ascendeth up for ever and ever:and they have no rest day nor night, who worship the beast!image, and whosoever receiveth the mark of his name.
846	REVELATION 14:9-11DONATE9 And the third angel followed them, saying with a loud voice, Ifany man worship the beast and his image, and receive his mark inhis forehead, or in his hand,• 10 The same shall drink of the wine of the wrath of God, which ispoured out without mixture into the cup of his indignation; and heshall be tormented with fire and brimstone in the presence of theholy angels, and in the presence of the Lamb:• 11 And the smoke of their torment ascendeth up for ever and ever:and they have no rest day nor night, who worship the beast!image, and whosoever receiveth the mark of his name.
852	DONATEREVELATION 14:9-11• 9 And the third angel followed them, saying with a loud voice, Ifany man worship the beast and his image, and receive his mark inhis forchead, or in his hand,• 10 The same shall drink of the wine of the wrath of God, which ispoured out without mixture into the cup of his indignation; and heshall be tormented with fire and brimstone in the presence of theholy angels, and in the presence of the Lamb:• 11 And the smoke of their torment ascendeth up for ever and ever:and they have no rest day nor night, who worship the beast and hisimage, and whosoever receiveth the mark of his name.
858	
864	DONATEJEREMIAH 25:15, 16• 15 For thus saith the Lord God of Israel unto me; Takethe wine cup of this fury at my hand, and cause all thenations, to whom I send thee, to drink it.• 16 And they shall drink, and be moved, and be mad,because of the sword that I will send among them.0005в00s
870	DONATEJEREMIAH 25:15, 16• 15 For thus saith the Lord God of Israel unto me; Takethe wine cup of this fury at my hand, and cause all thenations, to whom I send thee, to drink it.• 16 And they shall drink, and be moved, and be mad,because of the sword that I will send among them.0000900
876	DONATEJEREMIAH 25:15, 16• 15 For thus saith the Lord God of Israel unto me; Takethe wine cup of this fury at my hand, and cause all thenations, to whom I send thee, to drink it.• 16 And they shall drink, and be moved, and be mad,because of the sword that I will send among them.
882	DONATEJEREMIAH 25:15, 16• 15 For thus saith the Lord God of Israel unto me; Takethe wine cup of this fury at my hand, and cause all thenations, to whom I send thee, to drink it.• 16 And they shall drink, and be moved, and be mad,because of the sword that I will send among them.
888	DONATEJEREMIAH 25:15, 16• 15 For thus saith the Lord God of Israel unto me; Takethe wine cup of this fury at my hand, and cause all thenations, to whom I send thee, to drink it.• 16 And they shall drink, and be moved, and be mad,because of the sword that I will send among them.
894	DONATEJEREMIAH 25:15, 16• 15 For thus saith the Lord God of Israel unto me; Takethe wine cup of this fury at my hand, and cause all thenations, to whom I send thee, to drink it.• 16 And they shall drink, and be moved, and be mad,because of the sword that I will send among them.
900	DONATEJEREMIAH 25:15, 16• 15 For thus saith the Lord God of Israel unto me; Takethe wine cup of this fury at my hand, and cause all thenations, to whom I send thee, to drink it.• 16 And they shall drink, and be moved, and be mad,because of the sword that I will send among them.
906	DONATEJEREMIAH 25:15, 16• 15 For thus saith the Lord God of Israel unto me; Takethe wige cup of this fury at my hand, and cause all thenations, to whom I send thee, to drink it.• 16 And they shall drink, and be moved, and be mad,because of the sword that I will send among them.00009000
912	DONATEJEREMIAH 25:15, 16• 15 For thus saith the Lord God of Israel unto me; Takethe wine cup of this fury at my hand, and cause all thenations, to whom I send thee, to drink it.• 16 And they shall drink, and be moved, and be mad,because of the sword that I will send among them.0005890
918	DONATEJEREMIAH 25:15, 16• 15 For thus saith the Lord God of Israel unto me; Takethe wine cup of this fury at my hand, and cause all thenations, to whom I send thee, to drink it.• 16 And they shall drink, and be moved, and be mad,because of the sword that I will send among them.0010900-
924	DONATEJEREMIAH 25:15, 16• 15 For thus saith the Lord God of Israel unto me; Takethe wine cup of this fury at my hand, and cause all thenations, to whom I send thee, to drink it.• 16 And they shall drink, and be moved, and be mad,because of the sword that I will send among them.00059009
930	DONATEJEREMIAH 25:15, 16• 15 For thus saith the Lord God of Israel unto me; Takethe wine cup of this fury at my hand, and cause all thenations, to whom I send thee, to drink it.• 16 And they shall drink, and be moved, and be mad,because of the sword that I will send among them.0000900-
936	DONATEJEREMIAH 25:15, 16• 15 For thus saith the Lord God of Israel unto me; Takethe wine cup of this fury at my hand, and cause all thenations, to whom I send thee, to drink it.• 16 And they shall drink, and be moved, and be mad,because of the sword that I will send among them.
942	DONATEJEREMIAH 25:15, 16• 15 For thus saith the Lord God of Israel unto me; Takethe wine cup of this fury at my hand, and cause all thenations, to whom I send thee, to drink it.• 16 And they shall drink, and be moved, and be mad,because of the sword that I will send among them.
948	DONATEJEREMIAH 25:15, 16• 15 For thus saith the Lord God of Israel unto me; Takethe wine cup of this fury at my hand, and cause all thenations, to whom I send thee, to drink it.• 16 And they shall drink, and be moved, and be mad,because of the sword that I will send among them.00009000
954	DONATEJEREMIAH 25:15, 16• 15 For thus saith the Lord God of Israel unto me; Takethe wine cup of this fury at my hand, and cause all thenations, to whom I send thee, to drink it.• 16 And they shall drink, and be moved, and be mad,because of the sword that I will send among them.00 059
960	DONATEJEREMIAH 25:15, 16• 15 For thus saith the Lord God of Israel unto me; Takethe wine cup of this fury at my hand, and cause all thenations, to whom I send thee, to drink it.• 16 And they shall drink, and be moved, and be mad,because of the sword that I will send among them.0000900-
966	DONATEJEREMIAH 25:15, 16• 15 For thus saith the Lord God of Israel unto me; Takethe wine cup of this fury at my hand, and cause all thenations, to whom I send thee, to drink it.• 16 And they shall drink, and be moved, and be mad,because of the sword that I will send among them.
972	DONATEJEREMIAH 25:15, 16• 15 For thus saith the Lord God of Israel unto me; Takethe wine cup of this fury at my hand, and cause all thenations, to whom I send thee, to drink it.• 16 And they shall drink, and be moved, and be mad,because of the sword that I will send among them.
978	DONATEJEREMIAH 25:15, 16• 15 For thus saith the Lord God of Israel unto me; Takethe wine cup of this fury at my hand, and cause all thenations, to whom I send thee, to drink it.• 16 And they shall drink, and be moved, and be mad,because of the sword that I will send among them.
984	DONATEJEREMIAH 25:15, 16• 15 For thus saith the Lord God of Israel unto me; Takethe wine cup of this fury at my hand, and cause all thenations, to whom I send thee, to drink it.• 16 And they shall drink, and be moved, and be mad,because of the sword that I will send among them.
990	DONATEJEREMIAH 25:15, 16• 15 For thus saith the Lord God of Israel unto me; Takethe wine cup of this fury at my hand, and cause all thenations, to whom I send thee, to drink it.• 16 And they shall drink, and be moved, and be mad,because of the sword that I will send among them.
996	DONATEJEREMIAH 25:15, 16• 15 For thus saith the Lord God of Israel unto me; Takethe wine cup of this fury at my hand, and cause all thenations, to whom I send thee, to drink it.• 16 And they shall drink, and be moved, and be mad,because of the sword that I will send among them.
1002	DONATEJEREMIAH 25:15, 16• 15 For thus saith the Lord God of Israel unto me; Takethe wine cup of this fury at my hand, and cause all thenations, to whom I send thee, to drink it.• 16 And they shall drink, and be moved, and be mad,because of the sword that I will send among them.
1008	DONATEJEREMIAH 25:15, 16• 15 For thus saith the Lord God of Israel unto me; Takethe wine cup of this fury at my hand, and cause all thenations, to whom I send thee, to drink it.• 16 And they shall drink, and be moved, and be mad,because of the sword that I will send among them.
1014	DONATEJEREMIAH 25:15, 16• 15 For thus saith the Lord God of Israel unto me; Takethe wine cup of this fury at my hand, and cause all thenations, to whom I send thee, to drink it.• 16 And they shall drink, and be moved, and be mad,because of the sword that I will send among them.
1020	DONATEJEREMIAH 25:15, 16• 15 For thus saith the Lord God of Israel unto me; Takethe wine cup of this fury at my hand, and cause all thenations, to whom I send thee, to drink it.• 16 And they shall drink, and be moved, and be mad,because of the sword that I will send among them.
1026	DONATEJEREMIAH 25:15, 16• 15 For thus saith the Lord God of Israel unto me; Takethe wine cup of this fury at my hand, and cause all thenations, to whom I send thee, to drink it.• 16 And they shall drink, and be moved, and be mad,because of the sword that I will send among them.
1032	DONATEJEREMIAH 25:15, 16• 15 For thus saith the Lord God of Israel unto me; Takethe wine cup of this fury at my hand, and cause all thenations, to whom I send thee, to drink it.• 16 And they shall drink, and be moved, and be mad,because of the sword that I will send among them.
1038	DONATEJEREMIAH 25:15, 16• 15 For thus saith the Lord God of Israel unto me; Takethe wine cup of this fury at my hand, and cause all thenations, to whom I send thee, to drink it.• 16 And they shall drink, and be moved, and be mad,because of the sword that I will send among them.
1044	DONATEJEREMIAH 25:15, 16• 15 For thus saith the Lord God of Israel unto me; Takethe wine cup of this fury at my hand, and cause all thenations, to whom I send thee, to drink it.• 16 And they shall drink, and be moved, and be mad,because of the sword that I will send among them.
1050	DONATEJEREMIAH 25:15, 16• 15 For thus saith the Lord God of Israel unto me; Takethe wine cup of this fury at my hand, and cause all thenations, to whom I send thee, to drink it.• 16 And they shall drink, and be moved, and be mad,because of the sword that I will send among them.
1056	DONATEREVELATION 18:6, 8, 11• 6 Reward her even as she rewarded you, and double untoher double according to her works: in the cup which shehath filled fill to her double.• 8 Therefore shall her plagues come in one day, death, andmourning, and lamine; and she shall be utterly burned withfire: for strong is the Lord God who judgeth her.• 11 And the merchants of the earth shall weep and mournover her; for no man buyeth their merchandise any more:00009
1062	DONATEREVELATION 18:6, 8, 11• 6 Reward her even as she rewarded you, and double untoher double according to her works: in the cup which shehath filled fill to her double.• 8 Therefore shall her plagues come in one day, death, andmourning, and famine; and she shall be utterly burned withfire: for strong is the Lord God who judgeth her.• 11 And the merchants of the earth shall weep and mournover her; for no man buyeth their merchandise any more:
1068	DONATEREVELATION 18:6, 8, 11• 6 Reward her even as she rewarded you, and double untoher double according to her works: in the cup which shehath filled fill to her double.• 8 Therefore shall her plagues come in one day, death, andmourning, and famine; and she shall be utterly burned withfire: for strong is the Lord God who judgeth her.• 11 And the merchants of the earth shall weep and mournover her; for no man buyeth their merchandise any more:
1074	DONATEREVELATION 18:6, 8, 11• 6 Reward her even as she rewarded you, and double untoher double according to her works: in the cup which shehath filled fill to her double.• 8 Therefore shall her plagues come in one day, death, andmourning, and famine; and she shall be utterly burned withfire: for strong is the Lord God who judgeth her.• 11 And the merchants of the earth shall weep and mournover her; for no man buyeth their merchandise any more:
1080	DONATEREVELATION 18:6, 8, 11• 6 Reward her even as she rewarded you, and double untoher double according to her works: in the cup which shehath filled fill to her double.• 8 Therefore shall her plagues come in one day, death, andmourning, and famine; and she shall be utterly burned withfire: for strong is the Lord God who judgeth her.• 11 And the merchants of the earth shall weep and mournover her; for no man buyeth their merchandise any more:
1086	DONATEREVELATION 18:6, 8, 11• 6 Reward her even as she rewarded you, and double untoher double according to her works: in the cup which shehath filled fill to her double.• 8 Therefore shall her plagues come in one day, death, andmourning, and famine; and she shall be utterly burned withfire: for strong is the Lord God who judgeth her.• 11 And the merchants of the earth shall weep and mournover her; for no man buyeth their merchandise any more:
1092	DONATEREVELATION 18:6, 8, 11• 6 Reward her even as she rewarded you, and double untoher double according to her works: in the cup which shehath filled fill to her double.• 8 Therefore shall her plagues come in one day, death, andmourning, and lamine; and she shall be utterly burned withfire: for strong is the Lord God who judgeth her.• 11 And the merchants of the earth shall weep and mournover her; for no man buyeth their merchandise any more:
1098	DONATEREVELATION 18:6, 8, 11• 6 Reward her even as she rewarded you, and double untoher double according to her works: in the cup which shehath filled fill to her double.• 8 Therefore shall her plagues come in one day, death, andmourning, and lamine; and she shall be utterly burned withfire: for strong is the Lord God who judgeth her.• 11 And the merchants of the earth shall weep and mournover her; for no man buyeth their merchandise any more:00009
1104	DONATEREVELATION 18:6, 8, 11• 6 Reward her even as she rewarded you, and double untoher double according to her works: in the cup which shehath filled fill to her double.• 8 Therefore shall her plagues come in one day, death, andmourning, and famine; and she shall be utterly burned withfire: for strong is the Lord God who judgeth her.• 11 And the merchants of the earth shall weep and mournover her; for no man buyeth their merchandise any more:
1110	DONATEREVELATION 18:6, 8, 11• 6 Reward her even as she rewarded you, and double untoher double according to her works: in the cup which shehath filled fill to her double.• 8 Therefore shall her plagues come in one day, death, andmourning, and famine; and she shall be utterly burned withfire: for strong is the Lord God who judgeth her.• 11 And the merchants of the earth shall weep and mournover her; for no man buyeth their merchandise any more:00009
1116	DONATEREVELATION 18:6, 8, 11• 6 Reward her even as she rewarded you, and double untoher double according to her works: in the cup which shehath filled fill to her double.• 8 Therefore shall her plagues come in one day, death, andmourning, and famine; and she shall be utterly burned withfire: for strong is the Lord God who judgeth her.• 11 And the merchants of the earth shall weep and mournover her; for no man buyeth their merchandise any more:
1122	DONATEREVELATION 18:6, 8, 11• 6 Reward her even as she rewarded you, and double untoher double according to her works: in the cup which shehath filled fill to her double.• 8 Therefore shall her plagues come in one day, death, andmourning, and famine; and she shall be utterly burned withfire: for strong is the Lord God who judgeth her.• 11 And the merchants of the earth shall weep and mournover her; for no man buyeth their merchandise any more:
1128	DONATEREVELATION 18:6, 8, 11• 6 Reward her even as she rewarded you, and double untoher double according to her works: in the cup which shehath filled fill to her double.• 8 Therefore shall her plagues come in one day, death, andmourning, and famine; and she shall be utterly burned withfire: for strong is the Lord God who judgeth her.• 11 And the merchants of the earth shall weep and mournover her; for no man buyeth their merchandise any more:
1134	DONATEREVELATION 18:6, 8, 11• 6 Reward her even as she rewarded you, and double untoher double according to her works: in the cup which shehath filled fill to her double.• 8 Therefore shall her plagues come in one day, death, andmourning, and lamine; and she shall be utterly burned withfire: for strong is the Lord God who judgeth her.• 11 And the merchants of the earth shall weep and mournover her; for no man buyeth their merchandise any more:
1140	DONATEREVELATION 18:6, 8, 17• 6 Reward her even as she rewarded you, and double untoher double according to her works: in the cup which shehath filled fill to her double.• 8 Therefore shall her plagues come in one day, death, andmourning, and lamine; and she shall be utterly burned withfire: for strong is the Lord God who judgeth her.• 11 And the merchants of the earth shall weep and mournover her; for no man buyeth their merchandise any more:
1146	DONATEREVELATION 18:6, 8, 11• 6 Reward her even as she rewarded you, and double untoher double according to her works: in the cup which shehath filled fill to her double.• 8 Therefore shall her plagues come in one day, death, andmourning, and famine; and she shall be utterly burned withfire: for strong is the Lord God who judgeth her.• 11 And the merchants of the earth shall weep and mournover her; for no man buyeth their merchandise any more:
1152	DONATEREVELATION 18:6, 8, 11• 6 Reward her even as she rewarded you, and double untoher double according to her works: in the cup which shehath filled fill to her double.• 8 Therefore shall her plagues come in one day, death, andmourning, and famine; and she shall be utterly burned withfire: for strong is the Lord God who judgeth her.• 11 And the merchants of the earth shall weep and mournover her; for no man buyeth their merchandise any more:
1158	DONATEREVELATION 18:6, 8, 11• 6 Reward her even as she rewarded you, and double untoher double according to her works: in the cup which shehath filled fill to her double.• 8 Therefore shall her plagues come in one day, death, andmourning, and famine; and she shall be utterly burned withfire: for strong is the Lord God who judgeth her.• 11 And the merchants of the earth shall weep and mournover her; for no man buyeth their merchandise any more:
1164	DONATEREVELATION 18:6, 8, 11• 6 Reward her even as she rewarded you, and double untoher double according to her works: in the cup which shehath filled fill to her double.• 8 Therefore shall her plagues come in one day, death, andmourning, and famine; and she shall be utterly burned withfire: for strong is the Lord God who judgeth her.• 11 And the merchants of the earth shall weep and mournover her; for no man buyeth their merchandise any more:00 05 9
1170	DONATEREVELATION 18:6, 8, 11• 6 Reward her even as she rewarded you, and double untoher double according to her works: in the cup which shehath filled fill to her double.• 8 Therefore shall her plagues come in one day, death, andmouning, and famine; and she shall be utterly burned withfire: for strong is the Lord God who judgeth her.• 11 And the merchants of the earth shall weep and mournover her; for no man buyeth their merchandise any more:00059
1176	DONATEREVELATION 18:6, 8, 11• 6 Reward her even as she rewarded you, and double untoher double according to her works: in the cup which shehath filled fill to her double.• 8 Therefore shall her plagues come in one day, death, andmourning, and famine; and she shall be utterly burned withfire: for strong is the Lord God who judgeth her.• 11 And the merchants of the earth shall weep and mournover her; for no man buyeth their merchandise any more:00009
1182	DONATEREVELATION 18:6, 8, 11• 6 Reward her even as she rewarded you, and double untoher double according to her works: in the cup which shehath filled fill to her double.• 8 Therefore shall her plagues come in one day, death, andmourning, and famine; and she shall be utterly burned withfire: for strong is the Lord God who judgeth her.• 11 And the merchants of the earth shall weep and mournover her; for no man buyeth their merchandise any more:
1188	DONATEREVELATION 18:6, 8, 11• 6 Reward her even as she rewarded you, and double untoher double according to her works: in the cup which shehath filled fill to her double.• 8 Therefore shall her plagues come in one day, death, andmourning, and famine; and she shall be utterly burned withfire: for strong is the Lord God who judgeth her.• 11 And the merchants of the earth shall weep and mournover her; for no man buyeth their merchandise any more:
1194	DONATEREVELATION 18:6, 8, 11• 6 Reward her even as she rewarded you, and double untoher double according to her works: in the cup which shehath filled fill to her double.• 8 Therefore shall her plagues come in one day, death, andmourning, and famine; and she shall be utterly burned withfire: for strong is the Lord God who judgeth her.• 11 And the merchants of the earth shall weep and mournover her; for no man buyeth their merchandise any more:
1200	DONATEREVELATION 18:6, 8, 11• 6 Reward her even as she rewarded you, and double untoher double according to her works: in the cup which shehath filled fill to her double.• 8 Therefore shall her plagues come in one day, death, andmouning, and famine; and she shall be utterly burned withfire: for strong is the Lord God who judgeth her.• Il And the merchants of the carth shall weep and mournover her; for no man buyeth their merchandise any more:00009G
1206	DONATEREVELATION 18:6, 8, 11• 6 Reward her even as she rewarded you, and double untoher double according to her works: in the cup which shehath filled fill to her double.• 8 Therefore shall her plagues come in one day, death, andmourning, and famine; and she shall be utterly burned withfire: for strong is the Lord God who judgeth her.• 11 And the merchants of the earth shall weep and mournover her; for no man buyeth their merchandise any more:
1212	DONATEREVELATION 18:6, 8, 11• 6 Reward her even as she rewarded you, and double untoher double according to her works: in the cup which shehath filled fill to her double.• 8 Therefore shall her plagues come in one day, death, andmourning, and lamine; and she shall be utterly burned withfire: for strong is the Lord God who judgeth her.• 11 And the merchants of the earth shall weep and mournover her; for no man buyeth their merchandise any more:
1218	DONATEREVELATION 18:6, 8, 11• 6 Reward her even as she rewarded you, and double untoher double according to her works: in the cup which shehath filled fill to her double.• 8 Therefore shall her plagues come in one day, death, andmourning, and famine; and she shall be utterly burned withfire: for strong is the Lord God who judgeth her.• 11 And the merchants of the earth shall weep and mournover her; for no man buyeth their merchandise any more:
1224	DONATEREVELATION 18:6, 8, 11• 6 Reward her even as she rewarded you, and double untoher double according to her works: in the cup which shehath filled fill to her double.• 8 Therefore shall her plagues come in one day, death, andmourning, and famine; and she shall be utterly burned withfire: for strong is the Lord God who judgeth her.• 11 And the merchants of the earth shall weep and mournover her; for no man buyeth their merchandise any more:000090
1230	DONATEREVELATION 18:6, 8, 11• 6 Reward her even as she rewarded you, and double untoher double according to her works: in the cup which shehath filled fill to her double.• 8 Therefore shall her plagues come in one day, death, andmourning, and famine; and she shall be utterly burned withfire: for strong is the Lord God who judgeth her.• 11 And the merchants of the earth shall weep and mournover her; for no man buyeth their merchandise any more:00A0Q0
1236	DONATEREVELATION 18:6, 8, 11• 6 Reward her even as she rewarded you, and double untoher double according to her works: in the cup which shehath filled fill to her double.• 8 Therefore shall her plagues come in one day, death, andmourning, and famine; and she shall be utterly burned withfire: for strong is the Lord God who judgeth her.• 11 And the merchants of the earth shall weep and mournover her; for no man buyeth their merchandise any more:
1242	DONATEREVELATION 18:6, 8, 11• 6 Reward her even as she rewarded you, and double untoher double according to her works: in the cup which shehath filled fill to her double.• 8 Therefore shall her plagues come in one day, death, andmourning, and famine; and she shall be utterly burned withfire: for strong is the Lord God who judgeth her.• 11 And the merchants of the earth shall weep and mournover her; for no man buyeth their merchandise any more:
1248	DONATEREVELATION 18:6, 8, 11• 6 Reward her even as she rewarded you, and double untoher double according to her works: in the cup which shehath filled fill to her double.• 8 Therefore shall her plagues come in one day, death, andmourning, and famine; and she shall be utterly burned withfire: for strong is the Lord God who judgeth her.• 11 And the merchants of the earth shall weep and mournover her; for no man buyeth their merchandise any more:
1254	DONATEREVELATION 18:6, 8, 11• 6 Reward her even as she rewarded you, and double untoher double according to her works: in the cup which shehath filled fill to her double.• 8 Therefore shall her plagues come in one day, death, andmourning, and famine; and she shall be utterly burned withfire: for strong is the Lord God who judgeth her.• 11 And the merchants of the earth shall weep and mournover her; for no man buyeth their merchandise any more:
1260	DONATEREVELATION 18:6, 8, 11• 6 Reward her even as she rewarded you, and double untoher double according to her works: in the cup which shehath filled fill to her double.• 8 Therefore shall her plagues come in one day, death, andmourning, and famine; and she shall be utterly burned withfire: for strong is the Lord God who judgeth her.• 11 And the merchants of the earth shall weep and mournover her; for no man buyeth their merchandise any more:
1266	DONATEREVELATION 18:6, 8, 11• 6 Reward her even as she rewarded you, and double untoher double according to her works: in the cup which shehath filled fill to her double.• 8 Therefore shall her plagues come in one day, death, andmourning, and famine; and she shall be utterly burned withfire: for strong is the Lord God who judgeth her.• 11 And the merchants of the earth shall weep and mournover her; for no man buyeth their merchandise any more:
1272	DONATEREVELATION 18:6, 8, 11• 6 Reward her even as she rewarded you, and double untoher double according to her works: in the cup which shehath filled fill to her double.• 8 Therefore shall her plagues come in one day, death, andmourning, and famine; and she shall be utterly burned withfire: for strong is the Lord God who judgeth her.• 11 And the merchants of the earth shall weep and mournover her; for no man buyeth their merchandise any more:
1278	DONATEREVELATION 18:6, 8, 11• 6 Reward her even as she rewarded you, and double untoher double according to her works: in the cup which shehath filled fill to her double.• 8 Therefore shall her plagues come in one day, death, andmourning, and famine; and she shall be utterly burned withfire: for strong is the Lord God who judgeth her.• 11 And the merchants of the earth shall weep and mournover her; for no man buyeth their merchandise any more:
1284	DONATEREVELATION 18:6, 8, 11• 6 Reward her even as she rewarded you, and double untoher double according to her works: in the cup which shehath filled fill to her double.• 8 Therefore shall her plagues come in one day, death, andmourning, and famine; and she shall be utterly burned withfire: for strong is the Lord God who judgeth her.• 11 And the merchants of the earth shall weep and mournover her; for no man buyeth their merchandise any more:
1290	DONATEREVELATION 18:6, 8, 11• 6 Reward her even as she rewarded you, and double untoher double according to her works: in the cup which shehath filled fill to her double.• 8 Therefore shall her plagues come in one day, death, andmourning, and famine; and she shall be utterly burned withfire: for strong is the Lord God who judgeth her.• 11 And the merchants of the earth shall weep and mournover her; for no man buyeth their merchandise any more:
1296	DONATEREVELATION 18:6, 8, 11• 6 Reward her even as she rewarded you, and double untoher double according to her works: in the cup which shehath filled fill to her double.• 8 Therefore shall her plagues come in one day, death, andmourning, and famine; and she shall be utterly burned withfire: for strong is the Lord God who judgeth her.• 11 And the merchants of the earth shall weep and mournover her; for no man buyeth their merchandise any more:
1302	DONATEREVELATION 18:6, 8, 11• 6 Reward her even as she rewarded you, and double untoher double according to her works: in the cup which shehath filled fill to her double.• 8 Therefore shall her plagues come in one day, death, andmourning, and famine; and she shall be utterly burned withfire: for strong is the Lord God who judgeth her.• 11 And the merchants of the earth shall weep and mournover her; for no man buyeth their merchandise any more:
1308	DONATEREVELATION 18:6, 8, 11• 6 Reward her even as she rewarded you, and double untoher double according to her works: in the cup which shehath filled fill to her double.• 8 Therefore shall her plagues come in one day, death, andmourning, and famine; and she shall be utterly burned withfire: for strong is the Lord God who judgeth her.• 11 And the merchants of the earth shall weep and mournover her; for no man buyeth their merchandise any more:
1314	DONATEEZEKIEL 33:1-6• 1 Again the word of the Lord came unto me, saying,• 2 Son of man, speak to the children of thy people, and sayunto them, When I bring the sword upon a land, if thepeople of the land take a man of their coasts, and set him fortheir watchman:• 3 If when he seeth the sword come upon the land, he blowthe trumpet, and warn the people;00059000
1320	DONATEEZEKIEL 33:1-6• 1 Again the word of the Lord came unto me, saying,• 2 Son of man, speak to the children of thy people, and sayunto them, When I bring the sword upon a land, if thepeople of the land take a man of their coasts, and set him fortheir watchman:• 3 If when he seeth the sword come upon the land, he blowthe trumpet, and warn the people;
1326	DONATEEZEKIEL 33:1-6• 1 Again the word of the Lord came unto me, saying,• 2 Son of man, speak to the children of thy people, and sayunto them, When I bring the sword upon a land, if thepeople of the land take a man of their coasts, and set him fortheir watchman:• 3 If when he seeth the sword come upon the land, he blowthe trumpet, and warn the people;
1332	DONATEEZEKIEL 33:1-6• 1 Again the word of the Lord came unto me, saying,• 2 Son of man, speak to the children of thy people, and sayunto them, When I bring the sword upon a land, if thepeople of the land take a man of their coasts, and set him fortheir watchman:• 3 If when he seeth the sword come upon the land, he blowthe trumpet, and warn the people;90059009
1338	DONATEEZEKIEL 33:1-6• 1 Again the word of the Lord came unto me, saying,• 2 Son of man, speak to the children of thy people, and sayunto them, When I bring the sword upon a land, if thepeople of the land take a Man of their coasts, and set him fortheir watchman:• 3 If when he seeth the sword come upon the land, he blowthe trumpet, and warn the people;00009e
1344	DONATEEZEKIEL 33:1-6• 1 Again the word of the Lord came unto me, saying,• 2 Son of man, speak to the children of thy people, and sayunto them, When I bring the sword upon a land, if thepeople of the land take a man of their coasts, and set him fortheir watchman:• 3 If when he seeth the sword come upon the land, he blowthe trumpet, and warn the people;
1350	DONATEEZEKIEL 33:1-6• 1 Again the word of the Lord came unto me, saying,• 2 Son of man, speak to the children of thy people, and sayunto them, When I bring the sword upon a land, if thepeople of the land take a man of their coasts, and set him fortheir watchman:• 3 If when he seeth the sword come upon the land, he blowthe trumpet, and warn the people;
1356	DONATEEZEKIEL 33:1-6• 1 Again the word of the Lord came unto me, saying,• 2 Son of man, speak to the children of thy people, and sayunto them, When I bring the sword upon a land, if thepeople of the land take a man of their coasts, and set him fortheir watchman:• 3 If when he seeth the sword come upon the land, he blowthe trumpet, and warn the people;00058
1362	DONATEEZEKIEL 33:1-6• 1 Again the word of the Lord came unto me, saying,• 2 Son of man, speak to the children of thy people, and sayunto them, When I bring the sword upon a land, if thepeople of the land take a man of their coasts, and set him fortheir watchman:• 3 If when he seeth the sword come upon the land, he blowthe trumpet, and warn the people;
1368	DONATEEZEKIEL 33:1-6• 1 Again the word of the Lord came unto me, saying,• 2 Son of man, speak to the children of thy people, and sayunto them, When I bring the sword upon a land, if thepeople of the land take a man of their coasts, and set him fortheir watchman:• 3 If when he seeth the sword come upon the land, he blowthe trumpet, and warn the people;
1374	DONATEEZEKIEL 33:1-6• 1 Again the word of the Lord came unto me, saying,• 2 Son of man, speak to the children of thy people, and sayunto them, When I bring the sword upon a land, if thepeople of the land take a man of their coasts, and set him fortheir watchman:• 3 If when he seeth the sword come upon the land, he blowthe trumpet, and warn the people;
1380	DONATEEZEKIEL 33:1-6• 1 Again the word of the Lord came unto me, saying,• 2 Son of man, speak to the children of thy people, and sayunto them, When I bring the sword upon a land, if thepeople of the land take a man of their coasts, and set him fortheir watchman:• 3 If when he seeth the sword come upon the land, he blowthe trumpet, and warn the people;00009000
1386	DONATEEZEKIEL 33:1-6• 1 Again the word of the Lord came unto me, saying,• 2 Son of man, speak to the children of thy people, and sayunto them, When I bring the sword upon a land, if thepeople of the land take a man of their coasts, and set him fortheir watchman:• 3 If when he seeth the sword come upon the land, he blowthe trumpet, and warn the people;
1392	DONATEEZEKIEL 33:1-6• 1 Again the word of the Lord came unto me, saying,• 2 Son of man, speak to the children of thy people, and sayunto them, When I bring the sword upon a land, if thepeople of the land take a man of their coasts, and set him fortheir watchman:• 3 If when he seeth the sword come upon the land, he blowthe trumpet, and warn the people;
1398	DONATEEZEKIEL 33:1-6• 1 Again the word of the Lord came unto me, saying,• 2 Son of man, speak to the children of thy people, and sayunto them, When I bring the sword upon a land, if thepeople of the land take a man of their coasts, and set him fortheir watchman:• 3 If when he seeth the sword come upon the land, he blowthe trumpet, and warn the people;
1404	DONATEEZEKIEL 33:1-6• 1 Again the word of the Lord came unto me, saying,• 2 Son of man, speak to the children of thy people, and sayunto them, When I bring the sword upon a land, if thepeople of the land take a man of their coasts, and set him fortheir watchman:• 3 If when he seeth the sword come upon the land, he blowthe trumpet, and warn the people;
1410	DONATEEZEKIEL 33:1-6• 4 Then whosoever heareth the sound of the trumpet, and taketh notwarning; if the sword come, and take him away, his blood shall be uponhis own head.• 5 He heard the sound of the trumpet, and took not warning; his bloodshall be upon him. But he that taketh warning shall deliver his soul.• 6 But if the watchman see the sword come, and blow not the trumpet,and the people be not warned; if the sword come, and take any personfrom among them, he is taken away in his iniquity; but his blood will Irequire at the watchman's hand.00008
1416	DONATEEZEKIEL 33:1-6• 4 Then whosoever heareth the sound of the trumpet, and taketh notwarning; if the sword come, and take him away, Tis blood shall be uponhis own head.• 5 He heard the sound of the trumpet, and took not warning; his bloodshall be upon him. But he that taketh warning shall deliver his soul.• 6 But if the watchman see the sword come, and blow not the trumpet,and the people be not warned; if the sword come, and take any personfrom among them, he is taken away in his iniquity; but his blood will Irequire at the watchman's hand.00009
1422	DONATEEZEKIEL 33:1-6• 4 Then whosoever heareth the sound of the trumpet, and taketh notwarning; if the sword come, and take him away, his blood shall be uponhis cAm head.• 5 He heard the sound of the trumpet, and took not warning; his bloodshall be upon him. But he that taketh warning shall deliver his soul.• 6 But if the watchman see the sword come, and blow not the trumpet,and the people be not warned; if the sword come, and take any personfrom among them, he is taken away in his iniquity; but his blood will Irequire at the watchman's hand.
1428	DONATEEZEKIEL 33:1-6• 4 Then whosoever heareth the sound of the trumpet, and taketh notwarning; if the sword come, and take him away, his blood shall be uponhis own head.• 5 He heard the sound of the trumpet, and took not warning; his bloodshall be upon him. But he that taketh warning shall deliver his soul.• 6 But if the watchman see the sword come, and blow not the trumpet,and the people be not warned; if the sword come, and take any personfrom among them, he is taken away in his iniquity; but his blood will Irequire at the watchman's hand.
1434	DONATEEZEKIEL 33:1-6• 4 Then whosoever heareth the sound of the trumpet, and taketh notwarning; if the sword come, and take him away, his blood shall be uponhis own head.• 5 He heard the sound of the trumpet, and took not warning; his bloodshall be upon him. But he that taketh warning shall deliver his soul.• 6 But if the watchman see the sword come, and blow not the trumpet,and the people be not warned; if the sword come, and take any personfrom among them, he is taken away in his iniquity; but his blood will Irequire at the watchman's hand.00009
1440	DONATEEZEKIEL 33:1-6• 4 Then whosoever heareth the sound of the trumpet, and taketh notwarning; if the sword come, and take him away, his blood shall be uponhis own head.• 5 He heard the sound of the trumpet, and took not warning; his bloodshall be upon him. But he that taketh warning shall deliver his soul.• 6 But if the watchman see the sword come, and blow not the trumpet,and the people be not warned; if the sword come, and take any personfrom among them, he is taken away in his iniquity; but his blood will Irequire at the watchman's hand.00009
1446	DONATEEZEKIEL 33:1-6• 4 Then whosoever heareth the sound of the trumpet, and taketh notwarning; if the sword come, and take him away, his blood shall be uponhis own head.• 5 He heard the sound of the trumpet, and took not warning; his bloodshall be upon him. But he that taketh warning shall deliver his soul.• 6 But if the watchman see the sword come, and blow not the trumpet,and the people be not warned; if the sword come, and take any personfrom among them, he is taken away in his iniquity; but his blood will Irequire at the watchman's hand.
1452	DONATEEZEKIEL 33:1-6• 4 Then whosoever heareth the sound of the trumpet, and taketh notwarning; if the sword come, and take him away, his blood shall be uponhis own head.• 5 Hc heard the sound of the trumpet, and took not warning; his bloodshall be upon him. But he that taketh warning shall deliver his soul.• 6 But if the watchman see the sword come, and blow not the trumpet,and the people be not warned; if the sword come, and take any personfrom among them, he is taken away in his iniquity; but his blood will Irequire at the watchman's hand.00059
1458	DONATEEZEKIEL 33:1-6• 4 Then whosoever heareth the sound of the trumpet, and taketh notwarning; if the sword come, and take him away, his blood shall be uponhis own head.• 5 He heard the sound of the trumpet, and took not warning; his bloodshall be upon him. But he that taketh warning shall deliver his soul.• 6 But if the watchman see the sword come, and blow not the trumpet,and the people be not warned; if the sword come, and take any personfrom among them, he is taken away in his iniquity; but his blood will Irequire at the watchman's hand.
1464	DONATEEZEKIEL 33:1-6• 4 Then whosoever heareth the sound of the trumpet, and taketh notwarning; if the sword come, and take him away, his blood shall be uponhis own head.• 5 He heard the sound of the trumpet, and took not warning; his bloodshall be upon him. But he that taketh warning shall deliver his soul.• 6 But if the watchman see the sword come, and blow not the trumpet,and the people be not warned; if the sword come, and take any personfrom among them, he is taken away in his iniquity; but his blood will Irequire at the watchman's hand.0000900
1470	DONATEEZEKIEL 33:1-6• 4 Then whosoever heareth the sound of the trumpet, and taketh notwarning; if the sword come, and take him away, his blood shall be uponhis own head.• 5 He heard the sound of the trumpet, and took not warning; his bloodshall be upon him. But he that taketh warning shall deliver his soul.• 6 But if the watchman see the sword come, and blow not the trumpet,and the people be not warned; if the sword come, and take any personfrom among them, he is taken away in his iniquity; but his blood will Irequire at the watchman's hand.
1476	DONATEEZEKIEL 33:1-6• 4 Then whosoever heareth the sound of the trumpet, and taketh notwarning; if the sword come, and take him away, his blood shall be uponhis own head.• 5 He heard the sound of the trumpet, and took not warning; his bloodshall be upon him. But he that taketh warning shall deliver his soul.• 6 But if the watchman see the sword come, and blow not the trumpet,and the peopli be not warned; if the sword come, and take any personfrom among them, he is taken away in his iniquity; but his blood will Irequire at the watchman's hand.90080
1482	DONATEEZEKIEL 33:1-6• 4 Then whosoever heareth the sound of the trumpet, and taketh notwarning; if the sword come, and take him away, his blood shall be uponhis own head.• 5 He heard the sound of the trumpet, and took not warning; his bloodshall be upon him. But he that taketh warning shall deliver his soul.• 6 But if the watchman see the sword come, and blow not the trumpet,and the people be not warned; if the sword come, ail take any personfrom among them, he is taken away in his iniquity; but his blood will Irequire at the watchman's hand.0000900
1488	DONATEEZEKIEL 33:1-6• 4 Then whosoever heareth the sound of the trumpet, and taketh notwarning; if the sword come, and take him away, his blood shall be uponhis own head.• 5 He heard the sound of the trumpet, and took not warning; his bloodshall be upon him. But he that taketh warning shall deliver his soul.• 6 But if the watchman see the sword come, and blow not the trumpet,and the people be not warned; if the sword come, and take any personfrom among them, he is taken arkay in his iniquity; but his blood will Irequire at the watchman's hand.00009009
1494	DONATEEZEKIEL 33:1-6• 4 Then whosoever heareth the sound of the trumpet, and taketh notwarning; if the sword come, and take him away, his blood shall be uponhis own head.• 5 He heard the sound of the trumpet, and took not warning; his bloodshall be upon him. But he that taketh warning shall deliver his soul.• 6 But if the watchman see the sword come, and blow not the trumpet,and the people be not warned; if the sword come, and take any personfrom among them, he is taken away in his iniquity; but his blood will Irequire at the watchman's hand.
1500	DONATEEZEKIEL 33:1-6• 4 Then whosoever heareth the sound of the trumpet, and taketh notwarning; if the sword come, and take him away, his blood shall be uponhis own head.• 5 He heard the sound of the trumpet, and took not warning; his bloodshall be upon him. But he that taketh warning shall deliver his soul.• 6 But if the watchman see the sword come, and blow not the trumpet,and the people be not warned; if the sword come, and take any personfrom among them, he is taken away in his iniquity; but his blood will Irequire at the watchman's hand.90009
1506	DONATEEZEKIEL 33:1-6• 4 Then whosoever heareth the sound of the trumpet, and taketh notwarning; if the sword come, and take him away, his blood shall be uponhis own head.• 5 He heard the sound of the trumpet, and took not warning; his bloodshall be upon him. But he that taketh warning shall deliver his soul.• 6 But if the watchman see the sword come, and blow not the trumpet,and the people be not warned; if the sword come, and take any personfrom among them, he is taken away in his iniquity; but his blood will Irequire at the watchman's hand.90059
1512	DONATEEZEKIEL 33:1-6• 4 Then whosoever heareth the sound of the trumpet, and taketh notwarning; if the sword come, and take him away, his blood shall be uponhis own head.• 5 He heard the sound of the trumpet, and took not warning; his bloodshall be upon him. But he that taketh warning shall deliver his soul.• 6 But if the watchman see the sword come, and blow not the trumpet,and the people be not warned; if the sword come, and take any personfrom among them, he is taken away in his iniquity; but his blood will Irequire at the watchman's hand.
1518	DONATEEZEKIEL 33:1-6• 4 Then whosoever heareth the sound of the trumpet, and taketh notwarning; if the sword come, and take him away, his blood shall be uponhis own head.• 5 He heard the sound of the trumpet, and took not warning; his bloodshall be upon him. But he that taketh warning shall deliver his soul.• 6 But if the watchman see the sword come, and blow not the trumpet,and the people be not warned; if the sword come, and take any personfrom among them, he is taken away in his iniquity; but his blood will Irequire at the watchman's hand.
1524	DONATEEZEKIEL 33:1-6• 4 Then whosoever heareth the sound of the trumpet, and taketh notwarning; if the sword come, and take him away, his blood shall be uponhis own head.• 5 He heard the sound of the trumpet, and took not warning; his bloodshall be upon him. But he that taketh warning shall deliver his soul.• 6 But if the watchman see the sword come, and blow not the trumpet,and the people be not warned; if the sword come, and take any personfrom among them, he is taken away in his iniquity; but his blood will Irequire at the watchman's hand.
1530	DONATE
1536	DONATE
1542	DONATE N
1548	DONATE I
1554	DONATE I
1560	DONATE
1566	DONATE
1572	DONATE N
1578	DONATE
1584	DONATE
1590	DONATE
1596	DONATE
1602	DONATE
1608	DONATE T
1614	DONATE
1620	
1626	DONATEEZEKIEL 33:7• 7 So thou, O son of man, I have set thee awatchman unto the house of Israel; thereforethou shalt hear the word at my mouth, andwarn them from me.00000000
1632	DONATEEZEKIEL 33:7• 7 So thou, O son of man, I have set thee awatchman unto the house of Israel; thereforethou shalt hear the word at my mouth, andwarn them from me.0000980
1638	DONATEEZEKIEL 33:7• 7 So thou, O son of man, I have set thee awatchman unto the house of Israel; thereforethou shalt hear the word at my mouth, andwarn them from me.OO00900
1644	DONATEEZEKIEL 33:7• 7 So thou, O son of man, I have set thee awatchman unto the house of Israel; thereforethou shalt hear the word at my mouth, andwarn them from me.OO0ESEO
1650	DONATEEZEKIEL 33:7• 7 So thou, O son of man, I have set thee awatchman unto the house of Israel; thereforethou shalt hear the word at my mouth, andwarn them from me.
1656	DONATEEZEKIEL 33:7• 7 So thou, O son of man, I have set thee awatchman unto the house of Israel; thereforethou shalt hear the word at my mouth, andwarn them from me.
1662	DONATEEZEKIEL 33:7• 7 So thou, O son of man, I have set thee awatchman unto the house of Israel; thereforethou shalt hear the word at my mouth, andwarn them from me.
1668	DONATEEZEKIEL 33:7• 7 So thou, O son of man, I have set thee awatchman unto the house of Israel; thereforethou shalt hear the word at my mouth, andwarn them from me.
1674	DONATETESTIMONIES FOR THE CHURCH VOL.9 P.19• In a special sense Seventh-day Adventists have been set in theworld as watchmen and light bearers. To them has beenentrusted the last warning for a perishing world. On them isshining wonderful light from the word of God. They have beengiven a work of the most solemn import-the proclamation of thelirst, second, and third angels' messages. There is no other workof so great importance. They are to allow nothing else to absorbtheir attention.• The most solemn truths ever entrusted to mortals have beengiven us to proclaim to the world. The proclamation of thesetruths is to be our work. The world is to be warned...
1680	DONATEESTIMONIES FOR THE CHURCH VOL.9 P.19• In a special sense Seventh-day Adventists hitre been set in theworld as watchmen and light bearers. To them has beenentrusted the last warning for a perishing world. On them isshining wonderful light from the word of God. They have beengiven a work of the most solemn import-the proclamation of thefirst, second, and third angels' messages. There is no other workof so great importance. They are to allow nothing else to absorbtheir attention.• The most solemn truths ever entrusted to mortals have beengiven us to proclaim to the world. The proclamation of theretruths is to be our work. The world is to be warned...
1686	ESTIMONIES FOR THE CHURCH VOL.9 P.19• In a special sense Seventh-day Adventists have been set in theworld as watchmen and light bearers. To them has beenentrusted the last warning for a perishing world. On them isshining wonderful light from the ord of God. They have beengiven a work of the most solemn import-the proclamation of thefirst, second, and third angels' messages. There is no other workof so great importance. They are to allow nothing else to absorbtheir attention.• The most solemn truths ever entrusted to mortals have beengiven us to proclaim to the world. The proclamation of theretruths is to be our work. The world is to be warned...00G
1692	DONATEESTIMONIES FOR THE CHURCH VOL.9 P.19• In a special sense Seventh-day Adventists have been set in theworld as watchmen and light bearers. To them has beenentrusted the last warning for a perishing world On them isshining wonderful light from the word of God. They have beengiven a work of the most solemn import-the proclamation of thefirst, second, and third angels' messages. There is no other workof so great importance. They are to allow nothing else to absorbtheir attention.• The most solemn truths ever entrusted to mortals have beengiven us to proclaim to the world. The proclamation of theretruths is to be our work. The world is to be warned...
1698	DONATEESTIMONIES FOR THE CHURCH VOL.9 P.19• In a special sense Seventh-day Adventists have been set in theworld as watchmen and light bearers. To them has beenentrusted the last warning for a perishing world. On them isshining wonderful light from the word of God. They have beengiven a work of the most solemn import-the proclamation of thefirst, second, and third angels' messages. There is no other workof so great importance. They are to allow nothing else to absorbtheir attention.• The most solemn truths ever entrusted to mortals have beengiven us to proclaim to the world. The proclamation of theretruths is to be our work. The world is to be warned...
1704	DONATEESTIMONIES FOR THE CHURCH VOL.9 P.19• In a special sense Seventh-day Adventists have been set in theworld as watchmen and light bearers. To them has beenentrusted the last warning for a perishing world. On them isshining wonderful light from the word of God. They have beengiven a work of the most solemn import-the proclamation of thefirst, second, and third angels' messages. There is no other workof so great importance. They are to allow nothing else to absorbtheir attention.• The most solemn truths ever entrusted to mortals have beengiven us to proclaim to the world. The proclamation of theretruths is to be our work. The world is to be warned...
1710	DONATEESTIMONIES FOR THE CHURCH VOL.9 P.19• In a special sense Seventh-day Adventists have been set in theworld as watchmen and light bearers. To them has beenentrusted the last warning for a perishing world. On them isshining wonderful light from the word of God. They have beengiven a work of the most solemn import-the proclamation of thefirst, second, and third angels' messages. There is no other workof so great importance. They are to allow nothing else to absorbtheir attention.• The most solemn truths ever entrusted to mortals have beengiven us to proclaim to the world. The proclamation of theretruths is to be our work. The world is to be warned...
1716	DONATEESTIMONIES FOR THE CHURCH VOL.9 P.19• In a special sense Seventh-day Adventists have been set in theworld as watchmen and light bearers. To them has beenentrusted the last warning for a perishing world. On them isshining wonderful light from the word of God. They have beengiven a work of the most solemn import-the proclamation of thefirst, second, and third angels' messages. There is no other workof so great importance. They are to allow nothing else to absorbtheir attention.• The most solemn truths ever entrusted to mortals have beengiven us to proclaim to the world. The proclamation of theretruths is to be our work. The world is to be warned...
1722	DONATE N
1728	DONATE
1734	DONATE
1740	DONATE
1746	DONATE
1752	DONATE
1758	ESTIMONIES FOR THE CHURCH VOL.9 P.19DONATE• In a special sense Seventh-day Adventists have been set in theworld as watchmen and light bearers. To them has beenentrusted the last warning for a perishing world. On them isshining wonderful light from the word of God. They have beengiven a work of the most solemn import-the proclamation of thefirst, second, and third angels' messages. There is no other workof so great importance. They are to allow nothing else to absorbtheir attention.• The most solemn truths ever entrusted to mortals have beengiven us to proclaim to the world. The proclamation of theretruths is to be our work. The world is to be warned...00G
1764	DONATEESTIMONIES FOR THE CHURCH VOL.9 P.19• In a special sense Seventh-day Adventists have been set in theworld as watchmen and light bearers. To them has beenentrusted the last warning for a perishing world. On them isshining wonderful light from the word of God. They have beengiven a work of the most solemn import-the proclamation of thefirst, second, and third angels' messaget. There is no other workof so great importance. They are to allow nothing else to absorbtheir attention.• The most solemn truths ever entrusted to mortals have beengiven us to proclaim to the world. The proclamation of theretruths is to be our work. The world is to be warned...
1770	DONATEESTIMONIES FOR THE CHURCH VOL.9 P.19• In a special sense Seventh-day Adventists have been set in theworld as watchmen and light bearers. To them has beenentrusted the last warning for a perishing world. On them isshining wonderful light from the word of God. They have beengiven a work of the most solemn import-the proclamation of thefirst, second, and third angels' messages. There is no other workof so great importance. They are to allow nothing else to absorbtheir attention.• The most solemn truths ever entrusted to mortals have beengiven us to proclaim to the world. The proclamation of theretruths is to be our work. The world is to be warned...
1776	DONATEESTIMONIES FOR THE CHURCH VOL.9 P.19• In a special sense Seventh-day Adventists have been set in theworld as watchmen and light bearers. To them has beenentrusted the last warning for a perishing world. On them isshining wonderful light from the word of God. They have beengiven a work of the most solemn import-the proclamation of thefirst, second, and third angels' messages. There is no other workof so great importance. They are to allow nothing else to absorbtheir attention.• The most solemn truths ever entrusted to mortals have beengiven us to proclaim to the world. The proclamation of thecetruths is to be our work. The world is to be warned...
1782	DONATEESTIMONIES FOR THE CHURCH VOL.9 P.19• In a special sense Seventh-day Adventists have been set in theworld as watchmen and light bearers. To them has beenentrusted the last warning for a perishing world. On them isshining wonderful light from the word of God. They have beengiven a work of the most solemn import-the proclamation of thefirst, second, and third angels' messages. There is no other workof so great importance. They are to allow nothing else to absorbtheir attention.• The most solemn truths ever entrusted to mortals have beengiven us to proclaim to the world. The proclamation of thecetruths is to be our work. The world is to be warned...
1788	DONATE
1794	DONATE
1800	DONATEESTIMONIES FOR THE CHURCH VOL.9 P.19• In a special sense Seventh-day Adventists have been set in theworld as watchmen and light bearers. To them has beenentrusted the last warning for a perishing world. On them isshining wonderful light from the word of God. They have beengiven a work of the most solemn import-the proclamation of thefirst, second, and third angels' messages. There is no other workof so great importance. They are to allow nothing else to absorbtheir attention.• The most solemn truths ever entrusted to mortals have beengiven us to proclaim to the world. The proclamation of theretruths is to be our work. The world is to be warned...
1806	DONATEESTIMONIES FOR THE CHURCH VOL.9 P.19• In a special sense Seventh-day Adventists have been set in theworld as watchmen and light bearers. To them has beenentrusted the last warning for a perishing world. On them isshining wonderful light from the word of God. They have beengiven a work of the most solemn import-the proclamation of thefirst, second, and third angels' messages. There is no other workof so great importance. They are to allow nothing else to absorbtheir attention.• The most solemn truths ever entrusted to mortals have beengiven us to proclaim to the world. The proclamation of thecetruths is to be our work. The world is to be warned...
1812	DONATE N
1818	DONATE
1824	DONATE
1830	ESTIMONIES FOR THE CHURCH VOL.9 P.19DONATE• In a special sense Seventh-day Adventists have been set in theworld as watchmen and light bearers. To them has beenentrusted the last warning for a perishing world. On them isshining wonderful light from the word of God. They have beengiven a work of the most solemn import-the proclamation of thefirst, second, and third angels' messages. There is no other workof so great importance. They are to allow nothing else to absorbtheir attention.• The most solemn truths ever entrusted to mortals have beengiven us to proclaim to the world. The proclamation of theretruths is to be our work. The world is to be warned...00009
1836	DONATEESTIMONIES FOR THE CHURCH VOL.9 P.19• In a special sense Seventh-day Adventists have been set in theworld as watchmen and light bearers. To them has beenentrusted the last warning for a perishing world. On them isshining wonderful light from the word of God. They have beengiven a work of the most solemn import-the proclamation of thefirst, second, and third angels' messages. There is no other workof so great importance. They are to allow nothing else to absorbtheir attention.• The most solemn truths ever entrusted to mortals have beengiven us to proclaim to the world. The proclamation of theretruths is to be our work. The world is to be warned...
1842	ESTIMONIES FOR THE CHURCH VOL.9 P.19DONATE• In a special sense Seventh-day Adventists have been set in theworld as watchmen and light bearers. To them has beenentrusted the last warning for a perishing world. On them isshining wonderful light from the word of God. They have beengiven a work of the most solemn import-the proclamation of thefirst, second, and third angels' messages. There is no other workof so great importance. They are to allow nothing else to absorbtheir attention.• The most solemn truths ever entrusted to mortals have beengiven us to proclaim to the world. The proclamation of thecetruths is to be our work. The world is to be warned...00G
1848	ESTIMONIES FOR THE CHURCH VOL.9 P.19DONATE• In a special sense Seventh-day Adventists have been set in theworld as watchmen and light bearers. To them has beenentrusted the last warning for a perishing world. On them isshining wonderful light from the word of God. They have beengiven a work of the most solemn import-the proclamation of thefirst, second, and third angels' messages. There is no other workof so great importance. They are to allow nothing else to absorbtheir attention.• The most solemn truths ever entrusted to mortals have beengiven us to proclaim to the world. The proclamation of thecetruths is to be our work. The world is to be warned...00G
1854	DONATEESTIMONIES FOR THE CHURCH VOL.9 P.19• In a special sense Seventh-day Adventists have been set in theworld as watchmen and light bearers. To them has beenentrusted the last warning for a perishing world. On them isshining wonderful light from the word of God. They have beengiven a work of the most solemn import-the proclamation of thefirst, second, and third angels' messages. There is no other workof so great importance. They are to allow nothing else to absorbtheir attention.• The most solemn truths ever entrusted to mortals have beengiven us to proclaim to the world. The proclamation of thecetruths is to be our work. The world is to be warned...
1860	DONATETESTIMONIES FOR THE CHURCH VOL.9 P.19• In a special sense Seventh-day Adventists have been set in theworld as watchmen and light bearers. To them has beenentrusted the last warning for a perishing world. On them isshining wonderful light from the word of God. They have beengiven a work of the most solemn import-the proclamation of thefirst, second, and third angels' messages. There is no other workof so great importance. They are to allow nothing else to absorbtheir attention.• The most solemn truths ever entrusted to mortals have beengiven us to proclaim to the world. The proclamation of thesetruths is to be our work. The world is to be warned...
1866	DONATETESTIMONIES FOR THE CHURCH VOL.9 P.19• In a special sense Seventh-day Adventists have been set in theworld as watchmen and light bearers. To them has beenentrusted the last warning for a perishing world. On them isshining wonderful light from the word of God. They have beengiven a work of the most solemn import-the proclamation of thefirst, second, and third angels' messages. There is no other workof so great importance. They are to allow nothing else to absorbtheir attention.• The most solemn truths ever entrusted to mortals have beengiven us to proclaim to the world. The proclamation of thesetruths is to be our work. The world is to be warned...
1872	DONATETESTIMONIES FOR THE CHURCH VOL.9 P.19• In a special sense Seventh-day Adventists have been set in theworld as watchmen and light bearers. To them has beenentrusted the last warning for a perishing world. On them isshining wonderful light from the word of God. They have beengiven a work of the most solemn import-the proclamation of thefirst, second, and third angels' messages. There is no other workof so great importance. They are to allow nothing else to absorbtheir attention.• The most solemn truths ever entrusted to mortals have beengiven us to proclaim to the world. The proclamation of thesetruths is to be our work. The world is to be warned...
1878	DONATETESTIMONIES FOR THE CHURCH VOL.9 P.19• In a special sense Seventh-day Adventists have been set in theworld as watchmen and light bearers. To them has beenentrusted the last warning for a perishing world. On them isshining wonderful light from the word of God. They have beengiven a work of the most solemn import-the proclamation of thefirst, second, and third angels' messages. There is no other workof so great importance. They are to allow nothing else to absorbtheir attention.• The most solemn truths ever entrusted to mortals have beengiven us to proclaim to the world. The proclamation of thesetruths is to be our work. The world is to be warned...
1884	DONATETESTIMONIES FOR THE CHURCH VOL.9 P.19• In a special sense Seventh-day Adventists have been set in theworld as watchmen and light bearers. To them has beenentrusted the last warning for a perishing world. On them isshining wonderful light from the word of God. They have beengiven a work of the most solemn import-the proclamation of thefirst, second, and third angels' messages. There is no other workof so great importance. They are to allow nothing else to absorbtheir attention.• The most solemn truths ever entrusted to mortals have beenven us to proclaim to the world. The proclamation of thesetruths is to be our work. The world is to be warned...00058
1890	DONATETESTIMONIES FOR THE CHURCH VOL.9 P.19• In a special sense Seventh-day Adventists have been set in theworld as watchmen and light bearers. To them has beenentrusted the last warning for a perishing world. On them isshining wonderful light from the word of God. They have beengiven a work of the most solemn import-the proclamation of thefirst, second, and third angels' messages. There is no other workof so great importance. They are to allow nothing else to absorbtheir attention.• The most solemn truths ever entrusted to mortals have beengiven us to proclaim to the world. The proclamation of thesetruths is to be our work. The world is to be warned...0000900
1896	DONATETESTIMONIES FOR THE CHURCH VOL.9 P.19• In a special sense Seventh-day Adventists have been set in theworld as watchmen and light bearers. To them has beenentrusted the last warning for a perishing world. On them isshining wonderful light from the word of God. They have beengiven a work of the most solemn import-the proclamation of thefirst, second, and third angels' messages. There is no other workof so great importance. They are to allow nothing else to absorbtheir attention.• The most solemn truths ever entrusted to mortals have beengiven us to proclaim to the world. The proclamation of thesetruths is to be our work. The world is to be warned...
1902	DONATE
1908	DONATE
1914	DONATE
1920	DONATE I
1926	DONATE
1932	DONATE N
1938	DONATE I
1944	DONATE
1950	DONATE N
1956	DONATE
1962	DONATE
1968	DONATE
1974	DONATE
1980	DONATE
1986	DONATE N
1992	DONATE
1998	DONATE
2004	DONATE
2010	DONATE
2016	DONATE
2022	DONATE
2028	DONATE
2034	DONATE
2040	DONATEJUDGES 7:3, 6, 7• 3 Ngw therefore go to, proclaim in the cars of the people, saying,Whosoever is fearful and afraid, let him return and depart carly frommount Gilead. And there returned of the people twenty and twothousand; and there remained ten thousand.• 6 And the number of them that lapped, putting their hand to their mouth,were three hundred men: but all the rest of the people boweddown upon their knees to drink water.• 7 And the Lord said unto Gideon, By the three hundred men thatlapped will I save you, and deliver the Midianites into thine hand: andlet all the other people go every man unto his place.0000900
2046	JUDGES 7:3, 6, 7• 3 Now therefore go to, proclaim in the ears of the people, saying,Whosoever is fearful and afraid, let him return and depart early frommount Guead. And there returned of the people twenty and twothousand; and there remained ten thousand.• 6 And the number of them that lapped, putting their hand to their mouth,were three hundred men: but all the rest of the people boweddown upon their knees to drink water.• 7 And the Lord said unto Gideon, By the three hundred men thatlapped will I save you, and deliver the Midianites into thine harlet all the other people go every man unto his place.
2052	DONATEJUDGES 7:3, 6, 7• 3 Now therefore go to, proclaim in the ears of the people, saying,Whosoever is fearful and afraid, let him return and depart early frommount Gilead. And there returned of the people twenty and twothousand; and there remained ten thousand.• 6 And the number of them that lapped, putting their hand to their mouth,were three hundred men: but all the rest of the people boweddown upon their knees to drink water.• 7 And the Lord said unto Gideon, By the three hundred men thatlapped will I save you, and deliver the Midianites into thine har. ™let all the other people go every man unto his place.
2058	DONATEJUDGES 7:3, 6, 7• 3 Now therefore go to, proclaim in the ears of the people, saying,Whosoever is fearful and afraid, let him return and depart early frommount Gilead. And there returned of the people twenty and twothousand; and there remained ten thousand.• 6 And the number of them that lapped, putting their hand to their mouth,were three hundred men: but all the rest of the people boweddown upon their knees to drink water.• 7 And the Lord said unto Gideon, By the three hundred men thatlapped will I save you, and deliver the Midianites into thine harlet all the other people go every man unto his place.
2064	DONATEJUDGES 7:3, 6, 7• 3 Now therefore go to, proclaim in the ears of the people, saying,Whosoever is fearful and afraid, let him return and depart early frommount Gilead. And there returned of the people twenty and twothousand; and there remained ten thousand.• 6 And the number of them that lapped, putting their hand to their mouth,were three hundred men: but all the rest of the people boweddown upon their knees to drink water.• 7 And the Lord said unto Gideon, By the three hundred men thatlapped will I save you, and deliver the Midianites into thine ha™*let all the other people go every man unto his place.
2070	DONATEJUDGES 7:3, 6, 7• 3 Now therefore go to, proclaim in the ears of the people, saying,Whosoever is fearful and afraid, let him return and depart early frommount Gilead. And there returned of the people twenty and twothousand; and there remained ten thousand.• 6 And the number of them that lapped, putting their hand to their mouth,were three hundred men: but all the rest of the people boweddown upon their knees to drink water.• 7 And the Lord said unto Gideon, By the three hundred men thatlapped will I save you, and deliver the Midianites into thine hai™let all the other people go every man unto his place.
2076	DONATEJUDGES 7:3, 6, 7• 3 Now therefore go to, proclaim in the ears of the people, saying,Whosoever is fearful and afraid, let him return and depart early frommount Gilead. And there returned of the people twenty and twothousand; and there remained ten thousand.• 6 And the number of them that lapped, putting their hand to their mouth,were three hundred men: but all the rest of the people boweddown upon their knees to drink water.• 7 And the Lord said unto Gideon, By the three hundred men thatlapped will I save you, and deliver the Midianites into thine harlet all the other people go every man unto his place.
2082	DONATE N
2088	DONATE N
2094	DONATE N
2100	DONATE
2106	DONATE
2112	DONATE
2118	DONATE
2124	DONATE
2130	DONATE
2136	DONATE T
2142	DONATE N
2148	DONATE
2154	DONATE
2160	DONATE
2166	DONATEJUDGES 7:3, 6, 7• 3 Now therefore go to, proclaim in the ears of the people, saying,Whosoever is fearful and afraid, let him return and depart early frommount Gilead. And there returned of the people twenty and twothousand; and there remained ten thousand.• 6 And the number of them that lapped, putting their hand to their mouth,were three hundred men: but all the rest of the people boweddown upon their knees to drink water.• 7 And the Lord said unto Gideon, By the three hundred men thatlapped will I save you, and deliver the Midianites into thine hair.™™let all the other people go every man unto his place.
2172	DONATEJUDGES 7:3, 6, 7• 3 Now therefore go to, proclaim in the ears of the people, saying,Whosoever is fearful and afraid, let him return and depart early frommount Gilead. And there returned of the people twenty and twothousand; and there remained ten thousand.• 6 And the number of them that lapped, putting their hand to their mouth,were three hundred men: but all the rest of the people boweddown upon their knees to drink water.• 7 And the Lord said unto Gideon, By the three hundred men thatlapped will I save you, and deliver the Midianites into thine harlet all the other people go every man unto his place.
2178	DONATEJUDGES 7:3, 6, 7• 3 Now therefore go to, proclaim in the ears of the people, saying,Whosoever is fearful and afraid, let him return and depart early frommount Gilead. And there returned of the people twenty and twothousand; and there remained ten thousand.• 6 And the number of them that lapped, putting their hand to their mouth,were three hundred men: but all the rest of the people boweddown upon their knees to drink water.• 7 And the Lord said unto Gideon, By the three hundred men thatlapped will I save you, and deliver the Midianites into thine harlet all the other people go every man unto his place.
2184	DONATEJUDGES 7:3, 6, 7• 3 Now therefore go to, proclaim in the ears of the people, saying,Whosoever is fearful and afraid, let him return and depart early frommount Gilead. And there returned of the people twenty and twothousand; and there remained ten thousand.• 6 And the number of them that lapped, putting their hand to their mouth,were three hundred men: but all the rest of the people boweddown upon their knees to drink water.4• 7 And the Lord said unto Gideon, By the three hundred men thatlapped will I save you, and deliver the Midianites into thine har™*let all the other people go every man unto his place.
2190	DONATE
2196	DONATE
2202	DONATE
2208	DONATEJUDGES 7:3, 6, 7• 3 Now therefore go to, proclaim in the ears of the people, saying,Whosoever is fearful and afraid, let him return and depart early frommount Gilead. And there returned of the people twenty and twothousand; and there remained ten thousand.• 6 And the number of them that lapped, putting their hand to their mouth,were three hundred men: but all the rest of the people boweddown upon their knees to drink water.• 7 And the Lord said unto Gideon, By the three hundred men thatlapped will I save you, and deliver the Midianites into thine hailet all the other people go every man unto his place.
2214	DONATEJUDGES 7:3, 6, 7• 3 Now therefore go to, proclaim in the ears of the people, saying,Whosoever is fearful and afraid, let him return and depart early frommount Gilead. And there returned of the people twenty and twothousand; and there remained ten thousand.• 6 And the number of them that lapped, putting their hand to their mouth,were three hundred men: but all the rest of the people boweddown upon their knees to drink water.• 7 And the Lord said unto Gideon, By the three hundred men thatlapped will I save you, and deliver the Midianites into thine har™*let all the other people go every man unto his place.
2220	DONATEJUDGES 7:3, 6, 7• 3 Now therefore go to, proclaim in the ears of the people, saying,Whosoever is fearful and afraid, let him return and depart early frommount Gilead. And there returned of the people twenty and twothousand; and there remained ten thousand.• 6 And the number of them that lapped, putting their hand to their mouth,were three hundred men: but all the rest of the people boweddown upon their knees to drink water.• 7 And the Lord said unto Gideon, By the three hundred men thatlapped will I save you, and deliver the Midianites into thine har™let all the other people go every man unto his place.
2226	DONATEJUDGES 7:3, 6, 7• 3 Now therefore go to, proclaim in the ears of the people, saying,Whosoever is fearful and afraid, let him return and depart early frommount Gilead. And there returned of the people twenty and twothousand; and there remained ten thousand.• 6 And the number of them that lapped, putting their hand to their mouth,were three hundred men: but all the rest of the people boweddown upon their knees to drink water.• 7 And the Lord said unto Gideon, By the three hundred men thatlapped will I save you, and deliver the Midianites into thine har™let all the other people go every man unto his place.
2232	DONATE
2238	DONATE N
2244	DONATE
2250	DONATE
2256	DONATE* Someone scanned the QR code
2262	DONATEJUDGES 7:3, 6, 7• 3 Now therefore go to, proclaim in the cars of the people, saying.Whosoever is fearful and afraid, let him return and depart carly frommount Gilead. And there returned of the people twenty and twothousand; and there remained ten thousand.• 6 And the number of them that lapped, putting their hand to their mouth,were three hundred men: but all the rest of the people boweddown upon their knees to drink water.• 7 And the Lord said unto Gideon, By the three hundred men thatlapped will I save you, and deliver the Midianites into thine hand: andlet all the other people go every man unto his place.
2268	DONATEJUDGES 7:3, 6, 7• 3 Now therefore go to, proclaim in the cars of the people, saying,Whosoever is fearful and afraid, let him return and depart carly frommount Gilead. And there returned of the people twenty and twothousand; and there remained ten thousand.• 6 And the number of them that lapped, putting their hand to their mouth,were three hundred men: but all the rest of the people boweddown upon their knees to drink water.• 7 And the Lord said unto Gideon, By the three hundred men thatlapped will I save you, and deliver the Midianites into thine hand: andlet all the other people go every man unto his place.
2274	DONATEJUDGES 7:3, 6, 7• 3 Now therefore go to, proclaim in the cars of the people, saying,Whosoever is fearful and afraid, let him return and depart carly frommount Gilead. And there returned of the people twenty and twothousand; and there remained ten thousand.• 6 And the number of them that lapped, putting their hand to their mouth,were three hundred men: but all the rest of the people boweddown upon their knees to drink water.• 7 And the Lord said unto Gideon, By the three hundred men thatlapped will I save you, and deliver the Midianites into thine hand: andlet all the other people go every man unto his place.
2280	DONATEJUDGES 7:3, 6, 7• 3 Now therefore go to, proclaim in the cars of the people, saying,Whosoever is fearful and afraid, let him return and depart carly frommount Gilead. And there returned of the people twenty and twothousand; and there remained ten thousand.• 6 And the number of them that lapped, putting their hand to their mouth,were three hundred men: but all the rest of the people boweddown upon their knees to drink water.• 7 And the Lord said unto Gideon, By the three hundred men thatlapped will I save you, and deliver the Midianites into thine hand: andlet all the other people go every man unto his place.
2286	DONATEJUDGES 7:3, 6, 7• 3 Now therefore go to, proclaim in the cars of the people, saying,Whosoever is fearful and afraid, let him return and depart carly frommount Gilead. And there returned of the people twenty and twothousand; and there remained ten thousand.• 6 And the number of them that lapped, putting their hand to their mouth,were three hundred men: but all the rest of the people boweddown upon their knees to drink water.• 7 And the Lord said unto Gideon, By the three hundred men thatlapped will I save you, and deliver the Midianites into thine hand: andlet all the other pcople go every man unto his place.
2292	DONATEJUDGES 7:3, 6, 7• 3 Now therefore go to, proclaim in the cars of the people, saying,Whosoever is fearful and afraid, let him return and depart carly frommount Gilead. And there returned of the people twenty and twothousand; and there remained ten thousand.• 6 And the number of them that lapped, putting their hand to their mouth,were three hundred men: but all the rest of the people boweddown upon their knees to drink water.• 7 And the Lord said unto Gideon, By the three hundred men thatlapped will I save you, and deliver the Midianites into thine hand: andlet all the other people go every man unto his place.
2298	DONATEJUDGES 7:3, 6, 7• 3 Now therefore go to, proclaim in the cars of the people, saying,Whosoever is fearful and afraid, let him return and depart carly frommount Gilead. And there returned of the people twenty and twothousand; and there remained ten thousand.• 6 And the number of them that lapped, putting their hand to their mouth,were three hundred men: but all the rest of the people boweddown upon their knees to drink water.• 7 And the Lord said unto Gideon, By the three hundred men thatlapped will I save you, and deliver the Midianites into thine hand: andlet all the other people go every man unto his place.
2304	DONATEJUDGES 7:12, 20• 12 And the Midianites and the Amalckites and all the children ofthe east lay along in the valley like grasshoppers for multitude; andtheir camels were without number, as the sand by the sea side formultitude.• 20 And the three companies blew the trumpets, and brake thepitchers, and held the lamps in their left hands, and the trumpets intheir right hands to blow withal: and they cried, The sword of theLord, and of Gideon.
2310	DONATEJUDGES 7:12, 20• 12 And the Midianites and the Amalekites and all the children ofthe cast lay along in the valley like grasshoppers for multitude; andtheir camels were without number, as the sand by the sea side formultitude.• 20 And the three companies blew the trumpets, and brake thepitchers, and held the lamps in their left hands, and the trumpets intheir right hands to blow withal: and they cried, The sword of theLord, and of Gideon.
2316	DONATEJUDGES 7:12, 20• 12 And the Midianites and the Amalckites and all the children ofthe cast lay along in the valley like grasshoppers for multitude; andtheir camels were without number, as the sand by the sea side formultitude.• 20 And the three companies blew the trumpets, and brake thepitchers, and held the lamps in their left hands, and the trumpets intheir right hands to blow withal: and they cried, The sword of theLord, and of Gideon.0000900-
2322	DONATEJUDGES 7:12, 20• 12 And the Midianites and the Amalekites and all the children ofthe east lay along in the valley like grasshoppers for multitude; andtheir camels were without nuyiber, as the sand by the sea side formultitude.• 20 And the three companies blew the trumpets, and brake thepitchers, and held the lamps in their left hands, and the trumpets intheir right hands to blow withal: and they cried, The sword of theLord, and of Gideon.0000900
2328	DONATEJUDGES 7:12, 20• 12 And the Midianites and the Amalckites and all the children ofthe east lay along in the valley like grasshoppers for multitude; andtheir camels were without number, as the sand by the sea side formultitude.• 20 And the three companies blew the trumpets, and brake thepitchers, and held the lamps in their left hands, and the trumpets intheir right hands to blow withal: and they cried, The sword of theLord, and of Gideon.0000900
2334	DONATEJUDGES 7:12, 20• 12 And the Midianites and the Amalekites and all the children ofthe east lay along in the valley like grasshoppers for multitude; andtheir camels were without number, as the sand by the sea side formultitude.• 20 And the three companies blew the trumpets, and brake thepitchers, and held the lamps in their left hands, and the trumpets intheir right hands to blow withal: and they cried, The sword of theLord, and of Gideon.
2340	DONATEJUDGES 7:12, 20• 12 And the Midianites and the Amalckites and all the children ofthe east lay along in the valley like grasshoppers for multitude; andtheir camels were without number, as the sand by the sea side formultitude.• 20 And the three companies blew the trumpets, and brake thepitchers, and held the lamps in their left hands, and the trumpets intheir right hands to blow withal: and they cried, The sword of theLord, and of Gideon.
2346	DONATEJUDGES 7:12, 20• 12 And the Midianites and the Amalekites and all the children ofthe east lay along in the valley like grasshoppers for multitude; andtheir camels were without number, as the sand by the sea side formultitude.• 20 And the three companies blew the trumpets, and brake thepitchers, and held the lamps in their left hands, and the trumpets intheir right hands to blow withal: and they cried, The sword of theLord, and of Gideon.
2352	DONATEJUDGES 7:12, 20• 12 And the Midianites and the Amalekites and all the children ofthe east lay along in the valley like grasshoppers for multitude; andtheir camels were without number, as the sand by the sea side formultitude.• 20 And the three companies blew the trumpets, and brake thepitchers, and held the lamps in their left hands, and the trumpets intheir right hands to blow withal: and they cried, The sword of theLord, and of Gideon.
2358	DONATEJUDGES 7:12, 20• 12 And the Midianites and the Amalckites and all the children ofthe east lay along in the valley like grasshoppers for multitude; andtheir camels were without number, as the sand by the sea side formultitude.• 20 And the three companies blew the trumpets, and brake thepitchers, and held the lamps in their left hands, and the trumpets intheir right hands to blow withal: and they cried, The sword of theLord, and of Gideon.
2364	DONATEJUDGES 7:12, 20• 12 And the Midianites and the Amalekites and all the children ofthe east lay along in the valley like grasshoppers for multitude; andtheir camels were without number, as the sand by the sea side formultitude.• 20 And the three companies blew the trumpets, and brake thepitchers, and held the lamps in their left hands, and the trumpets intheir right hands to blow withal: and they cried, The sword of theLord, and of Gideon.
2370	DONATEJUDGES 7:12, 20• 12 And the Midianites and the Amalckites and all the children ofthe cast lay along in the valley like grasshoppers for multitude; andtheir camels were without number, as the sand by the sea side formultitude.• 20 And the three companies blew the trumpets, and brake thepitchers, and held the lamps in their left hands, and the trumpets intheir right hands to blow withal: and they cried, The sword of theLord, and of Gideon.
2376	DONATEJUDGES 7:12, 20• 12 And the Midianites and the Amalckites and all the children ofthe east lay along in the valley like grasshoppers for multitude; andtheir camels were without number, as the sand by the sea side formultitude.• 20 And the three companies blew the trumpets, and brake thepitchers, and held the lamps in their left hands, and the trumpets intheir right hands to blow withal: and they cried, The sword of theLord, and of Gideon.
2382	DONATEJUDGES 7:12, 20• 12 And the Midianites and the Amalekites and all the children ofthe east lay along in the valley like grasshoppers for multitude; andtheir camels were without number, as the sand by the sea side formultitude.• 20 And the three companies blew the trumpets, and brake thepitchers, and held the lamps in their left hands, and the trumpets intheir right hands to blow withal: and they cried, The sword of theLord, and of Gideon.
2388	DONATEJUDGES 7:12, 20• 12 And the Midianites and the Amalekites and all the children ofthe east lay along in the valley like grasshoppers for multitude; andtheir camels were without number, as the sand by the sea side formultitude.• 20 And the three companies blew the trumpets, and brake thepitchers, and held the lamps in their left hands, and the trumpets intheir right hands to blow withal: and they cried, The sword of theLord, and of Gideon.
2394	DONATEJUDGES 7:12, 20• 12 And the Midianites and the Amalckites and all the children ofthe cast lay along in the valley like grasshoppers for multitude; andtheir camels were without number, as the sand by the sea side formultitude.• 20 And the three companies blew the trumpets, and brake thepitchers, and held the lamps in their left hands, and the trumpets intheir right hands to blow withal: and they cried, The sword of theLord, and of Gideon.
2400	DONATEJUDGES 7:12, 20• 12 And the Midianites and the Amalckites and all the children ofthe east lay along in the valley like grasshoppers for multitude; andtheir camels were without number, as the sand by the sea side formultitude.• 20 And the three companies blew the trumpets, and brake thepitchers, and held the lamps in their left hands, and the trumpets intheir right hands to blow withal: and they cried, The sword of theLord, and of Gideon.
2406	DONATE
2412	DONATE
2418	DONATE N
2424	DONATEJOEL 2:1-5• 1 Blow ye the trumpet in Zion, and sound an alarm in myholy mountain: let all the inhabitants of the land tremble: forthe day of the Lord cometh, for it is nigh at hand;• 2 A day of darkness and of gloominess, a day of clouds andof thick darkness, as the morning spread upon themountains: a great people and a strong; there hath not beenever the like, neither shall be any more after it, even to theyears of many generations.
2430	DONATEJOEL 2:1-5• 1 Blow ye the trumpet in Zion, and sound an alarm in myholy mountain: let all the inhabitants of the land tremble: forthe day of the Lord cometh, for it is nigh at hand;• 2 A day of darkness and of gloominess, a day of clouds andof thick darkness, as the morning spread upon themountains: a great people and a strong; there hath not beenever the like, neither shall be any more after it, even to theyears of many generations.00009
2436	DONATEJOEL 2:1-5• 1 Blow ye the trumpet in Zion, and sound an alarm in myholy mountain: let all the inhabitants of the land tremble: forthe day of the Lord cometh, for it is nigh at hand;• 2 A day of darkness and of gloominess, a day of clouds andof thick darkness, as the morning spread upon themountains: a great people and a strong; there hath not beenever the like, neither shall be any more after it, even to theyears of many generations.00009
2442	DONATEJOEL 2:1-5• 1 Blow ye the trumpet in Zion, and sound an alarm in myholy mountain: let all the inhabitants of the land tremble: forthe day of the Lord cometh, for it is nigh at hand;• 2 A day of darkness and of gloominess, a day of clouds andof thick darkness, as the morning spread upon themountains: a great people and a strong; there hath not beenever the like, neither shall be any more after it, even to theyears of many generations.
2448	DONATEJOEL 2:1-5• 1 Blow ye the trumpet in Zion, and sound an alarm in myholy mountain: let all the inhabitants of the land tremble: forthe day of the Lord cometh, for it is nigh at hand;• 2 A day of darkness and of gloominess, a day of clouds andof thick darkness, as the morning spread upon themountains: a great people and a strong; there hath not beenever the like, neither shall be any more after it, even to theyears of many generations.
2454	DONATEJOEL 2:1-5• 1 Blow ye the trumpet in Zion, and sound an alarm in myholy mountain: let all the inhabitants of the land tremble: forthe day of the Lord cometh, for it is nigh at hand;• 2 A day of darkness and of gloominess, a day of clouds andof thick darkness, as the morning spread upon themountains: a great people and a strong; there hath not beenever the like, neither shall be any more after it, even to theyears of many generations.
2460	DONATEJOEL 2:1-5• 1 Blow ye the trumpet in Zion, and sound an alarm in myholy mountain: let all the inhabitants of the land tremble: forthe day of the Lord cometh, for it is nigh at hand;• 2 A day of darkness and of gloominess, a day of clouds andof thick darkness, as the morning spread upon themountains: a great people and a strong; there hath not beenever the like, neither shall be any more after it, even to theyears of many generations.
2466	DONATEJOEL 2:1-5• 1 Blow ye the trumpet in Zion, and sound an alarm in myholy mountain: let all the inhabitants of the land tremble: forthe day of the Lord cometh, for it is nigh at hand;• 2 A day of darkness and of gloominess, a day of clouds andof thick darkness, as the morning spread upon themountains: a great people and a strong; there hath not beenever the like, neither shall be any more after it, even to theyears of many generations.
2472	DONATEJOEL 2:1-5• 1 Blow ye the trumpet in Zion, and sound an alarm in myholy mountain: let all the inhabitants of the land tremble: forthe day of the Lord cometh, for it is nigh at hand;• 2 A day of darkness and of gloominess, a day of clouds andof thick darkness, as the morning spread upon themountains: a great people and a strong; there hath not beenever the like, neither shall be any more after it, even to theyears of many generations.
2478	DONATEJOEL 2:1-5• 1 Blow ye the trumpet in Zion, and sound an alarm in myholy mountain: let all the inhabitants of the land tremble: forthe day of the Lord cometh, for it is nigh at hand;• 2 A day of darkness and of gloominess, a day of clouds andof thick darkness, as the morning spread upon themountains: a great people and a strong; there hath not beenever the like, neither shall be any more after it, even to theyears of many generations.
2484	DONATEJOEL 2:1-5• 1 Blow ye the trumpet in Zion, and sound an alarm in myholy mountain: let all the inhabitants of the land tremble: forthe day of the Lord cometh, for it is nigh at hand;• 2 A day of darkness and of gloominess, a day of clouds andof thick darkness, as the morning spread upon themountains: a great people and a strong; there hath not beenever the like, neither shall be any more after it, even to theyears of many generations.
2490	DONATEJOEL 2:1-5• 1 Blow ye the trumpet in Zion, and sound an alarm in myholy mountain: let all the inhabitants of the land tremble: forthe day of the Lord cometh, for it is nigh at hand;• 2 A day of darkness and of gloominess, a day of clouds andof thick darkness, as the morning spread upon themountains: a great people and a strong; there hath not beenever the like, neither shall be any more after it, even to theyears of many generations.
2496	DONATEJOEL 2:1-5• 1 Blow ye the trumpet in Zion, and sound an alarm in myholy mountain: let all the inhabitants of the land tremble: forthe day of the Lord cometh, for it is nigh at hand;• 2 A day of darkness and of gloominess, a day of clouds andof thick darkness, as the morning spread upon themountains: a great people and a strong; there hath not beenever the like, neither shall be any more after it, even to theyears of many generations.
2502	DONATEJOEL 2:1-5• 1 Blow ye the trumpet in Zion, and sound an alarm in myholy mountain: let all the inhabitants of the land tremble: forthe day of the Lord cometh, for it is nigh at hand;• 2 A day of darkness and of gloominess, a day of clouds andof thick darkness, as the morning spread upon themountains: a great people and a strong; there hath not beenever the like, neither shall be any more after it, even to theyears of many generations.
2508	DONATEJOEL 2:1-5• 1 Blow ye the trumpet in Zion, and sound an alarm in myholy mountain: let all the inhabitants of the land tremble: forthe day of the Lord cometh, for it is nigh at hand;• 2 A day of darkness and of gloominess, a day of clouds andof thick darkness, as the morning spread upon themountains: a great people and a strong; there hath not beenever the like, neither shall be any more after it, even to theyears of many generations.
2514	DONATEJOEL 2:1-5• 1 Blow ye the trumpet in Zion, and sound an alarm in myholy mountain: let all the inhabitants of the land tremble: forthe day of the Lord cometh, for it is nigh at hand;• 2 A day of darkness and of gloominess, a day of clouds andof thick darkness, as the morning spread upon themountains: a great people and a strong; there hath not beenever the like, neither shall be any more after it, even to theyears of many generations.
2520	DONATEJOEL 2:1-5• 1 Blow ye the trumpet in Zion, and sound an alarm in myholy mountain: let all the inhabitants of the land tremble: forthe day of the Lord cometh, for it is nigh at hand;• 2 A day of darkness and of gloominess, a day of clouds andof thick darkness, as the morning spread upon themountains: a great people and a strong; there hath not beenever the like, neither shall be any more after it, even to theyears of many generations.
2526	DONATEJOEL 2:13-15• 13 And rend your heart, and not your garments, and turn unto theLord your God: for he is gracious and merciful, slow to anger, andof great kindness, and repenteth him of the evil.• 14 Who knoweth if he will return and repent, and leave a blessingbehind him; even a meat offering and a drink offering unto theLord your God?• 15 Blow the trumpet in Zion, sanctify a fast, call a solemnassembly:00058
2532	DONATEJOEL 2:13-15• 13 And rend your heart, and not your garments, and turn unto theLord your God: for he is gracious and merciful, stow to anger, andof great kindness, and repenteth him of the evil.• 14 Who knoweth if he will return and repent, and leave a blessingbehind him; even a meat offering and a drink offering unto theLord your God?• 15 Blow the trumpet in Zion, sanctify a fast, call a solemnassembly:00009
2538	DONATEJOEL 2:13-15• 13 And rend your heart, and not your garments, and turn unto theLord your God: for he is gracious and merciful, slow to anger, andof great kindness, and repenteth him of the evil.• 14 Who knoweth if he will return and repent, and leave a blessingbehind him; even a meat offering and a drink offering unto theLord your God?• 15 Blow the trumpet in Zion, sanctify a fast, call a solemnassembly:
2544	DONATEJOEL 2:13-15• 18 And rend your heart, and not your garments, and turn unto theLord your God: for he is gracious and merciful, slow to anger, andof great kindness, and repenteth him of the evil.• 14 Who knoweth if he will return and repent, and leave a blessingbehind him; even a meat offering and a drink offering unto theLord your God?• 15 Blow the trumpet in Zion, sanctify a fast, call a solemnassembly:
2550	DONATEJOEL 2:13-15• 13 And rend your heart, and not your garments, and turn unto theLord your God: for he is gracious and merciful, slow to anger, andof great kindness, and repenteth him of the evil.• 14 Who knoweth if he will return and repent, and leave a blessingbehind him; even a meat offering and a drink offering unto theLord your God?• 15 Blow the trumpet in Zion, sanctify a fast, call a solemnassembly:
2556	DONATEJOEL 2:13-15• 18 And rend your heart, and not your garments, and turn unto theLord your God: for he is gracious and merciful, slow to aiger, andof great kindness, and repenteth him of the evil.• 14 Who knoweth if he will return and repent, and leave a blessingbehind him; even a meat offering and a drink offering unto theLord your God?• 15 Blow the trumpet in Zion, sanctify a fast, call a solemnassembly:00009
2562	DONATEJOEL 2:13-15• 13 And rend your heart, and not your garments, and turn unto theLord your God: for he is gracious and merciful, slow to anger, andof great kindness, and repenteth him of the evil.• 14 Who knoweth if he will return and repent, and leave a blessingbehind him; even a meat offering and a drink offering unto theLord your God?• 15 Blow the trumpet in Zion, sanctify a fast, call a solemnassembly:00009
2568	DONATEJOEL 2:13-15• 13 And rend your heart, and not your garments, and turn unto theLord your God: for he is gracious and merciful, slow to anger, andof great kindness, and repenteth him of the evil.• 14 Who knoweth if he will return and repent, and leave a blessingbehind him; even a meat offering and a drink offering unto theLord your God?• 15 Blow the trumpet in Zion, sanctify a fast, call a solemnassembly:00009
2574	DONATEJOEL 2:13-15• 13 And rend your heart, and not your garments, and turn unto theLord your God: for he is gracious and merciful, slow to anger, andof great kindness, and repenteth him of the evil.• 14 Who knoweth if he will return and repent, and leave a blessingbehind him; even a meat offering and a drink offering unto theLord your God?• 15 Blow the trumpet in Zion, sanctify a fast, call a solemnassembly:00009
2580	DONATEJOEL 2:13-15• 13 And rend your heart, and not your garments, and turn unto theLord your God: for he is gracious and merciful, slow to anger, andof great kindness, and repenteth him of the evil.• 14 Who knoweth if he will return and repent, and leave a blessingbehind him; even a meat offering and a drink offering unto theLord your God?• 15 Blow the trumpet in Zion, sanctify a fast, call a solemnassembly:00009
2586	DONATEJOEL 2:13-15• 18 And rend your heart, and not your garments, and turn unto theLord your God: for he is gracious and merciful, slow to anger, andof great kindness, and repenteth him of the evil.• 14 Who knoweth if he will return and repent, and leave a blessingbehind him; even a meat offering and a drink offering unto theLord your God?• 15 Blow the trumpet in Zion, sanctify a fast, call a solemnassembly:00009
2592	DONATEJOEL 2:13-15• 13 And rend your heart, and not your garments, and turn unto theLord your God: for he is gracious and merciful, slow to anger, andof great kindness, and repenteth him of the evil.• 14 Who knoweth if he will return and repent, and leave a blessingbehind him; even a meat offering and a drink offering unto theLord your God?• 15 Blow the trumpet in Zion, sanctify a fast, call a solemnassembly:
2598	DONATEJOEL 2:13-15• 13 And rend your heart, and not your garments, and turn unto theLord your God: for he is gracious and merciful, slow to anger, andof great kindness, and repenteth him of the evil.• 14 Who knoweth if he will return and repent, and leave a blessingbehind him; even a meat offering and a drink offering unto theLord your God?• 15 Blow the trumpet in Zion, sanctify a fast, call a solemnassembly:
2604	DONATE
2610	DONATE
2616	DONATE
2622	DONATE
2628	DONATE
2634	DONATEJOEL 2:1-5• 1 Blow ye the trumpet in Zion, and sound an alarm in myholy mountain: let all the inhabitants of the land tremble: forthe day of the Lord cometh, for it is nigh at hand;• 2 A day of darkness and of gloominess, a day of clouds andof thick darkness, as the morning spread upon themountains: a great people and a strong; there hath not beenever the like, neither shall be any more after it, even to theyears of many generations.
2640	DONATEJUDGES 7:12, 20• 12 And the Midianites and the Amalekites and all the children ofthe east lay along in the valley like grasshoppers for multitude; andtheir camels were without number, as the sand by the sea side formultitude.• 20 And the three companies blew the trumpets, and brake thepitchers, and held the lamps in their left hands, and the trumpets intheir right hands to blow withal: and they cried, The sword of theLord, and of Gideon.0000900
2646	DONATEJUDGES 7:12, 20• 12 And the Midianites and the Amalekites and all the children ofthe east lay along in the valley like grasshoppers for multitude; andtheir camels were without number, as the sand by the sea side formultitude.• 20 And the three companies blew the trumpets, and brake thepitchers, and held the lamps in their left hands, and the trumpets intheir right hands to blow withal: and they cried, The sword of theLord, and of Gideon.
2652	DONATEJOEL 2:1-5• 1 Blow ye the trumpet in Zion, and sound an alarm in myholy mountain: let all the inhabitants of the land tremble: forthe day of the Lord cometh, for it is nigh at hand;• 2 A day of darkness and of gloominess, a day of clouds andof thick darkness, as the morning spread upon themountains: a great people and a strong; there hath not beenever the like, neither shall be any more after it, even to theyears of many generations.00058
2658	DONATEJOEL 2:13-15• 13 And rend your heart, and not your garments, and turn unto theLord your God: for he is gracious and merciful, slow to anger, andof great kindness, and repenteth him of the evil.• 14 Who knoweth if he will return and repent, and leave a blessingbehind him; even a meat offering and a drink offering unto theLord your God?• 15 Blow the trumpet in Zion, sanctify a fast, call a solemnassembly:
2664	DONATEJOEL 2:13-15• 13 And rend your heart, and not your garments, and turn unto theLord your God: for he is gracious and merciful, slow to anger, andof great kindness, and repenteth him of the evil.• 14 Who knoweth if he will return and repent, and leave a blessingbehind him; even a meat offering and a drink offering unto theLord your God?• 15 Blow the trumpet in Zion, sanctify a fast, call a solemnassembly:000090
2670	DONATEAMOS 3:3, 6-7• 3 Can two walk together, except they be agreed?• 6 Shall a trumpet be blown in the city, and the peoplenot be afraid? shall there be evil in a city, and the Lordhath not done it?• 7 Surely the Lord God will do nothing, but he revealethhis secret unto his servants the prophets.00059
2676	DONATEAMOS 3:3, 6-7• 3 Can two walk together, except they be agreed?• 6 Shall a trumpet be blown in the city, and the peoplenot be alraid? shall there be evil in a city, and the Lordhath not done it?• 7 Surely the Lord God will do nothing, but he revealethhis secret unto his servants the prophets.
2682	DONATEAMOS 3:3, 6-7• 3 Can two walk together, except they be agreed?• 6 Shall a trumpet be blown in the city, and the peoplenot be alraid? shall there be evil in a city, and the Lordhath not done it?• 7 Surely the Lord God will do nothing, but he revealethhis secret unto his servants the prophets.
2688	DONATEAMOS 3:3, 6-7• 3 Can two walk together, except they be agreed?• 6 Shall a trumpet be blown in the city, and the peoplenot be alraid? shall there be evil in a city, and the Lordhath not done it?• 7 Surely the Lord God will do nothing, but he revealethhis secret unto his servants the prophets.00009(OTC
2694	DONATEAMOS 3:3, 6-7• 3 Can two walk together, except they be agreed?• 6 Shall a trumpet be blown in the city, and the peoplenot be afraid? shall there be evil in a city, and the Lordhath not done it?• 7 Surely the Lord God will do nothing, but he revealethhis secret unto his servants the prophets.00009€
2700	DONATEAMOS 3:3, 6-7• 3 Can two walk together, except they be agreed?• 6 Shall a trumpet be blown in the city, and the peoplenot be afraid? shall there be evil in a city, and the Lordhath not done it?• 7 Surely the Lord God will do nothing, but he revealethhis secret unto his servants the prophets.
2706	DONATEAMOS 3:3, 6-7• 3 Can two walk together, except they be agreed?• 6 Shall a trumpet be blown in the city, and the peoplenot be alraid? shall there be evil in a city, and the Lordhath not done it?• 7 Surely the Lord God will do nothing, but he revealethhis secret unto his servants the prophets.
2712	DONATEAMOS 3:3, 6-7• 3 Can two walk together, except they be agreed?• 6 Shall a trumpet be blown in the city, and the peoplenot be afraid? shall there be evil in a city, and the Lordhath not done it?• 7 Surely the Lord God will do nothing, but he revealethhis secret unto his servants the prophets.
2718	DONATEAMOS 3:3, 6-7• 3 Can two walk together, except they be agreed?• 6 Shall a trumpet be blown in the city, and the peoplenot be alraid? shall there be evil in a city, and the Lordhath not done it?• 7 Surely the Lord God will do nothing, but he revealethhis secret unto his servants the prophets.
2724	DONATEAMOS 3:3, 6-7• 3 Can two walk together, except they be agreed?• 6 Shall a trumpet be blown in the city, and the peoplenot be afraid? shall there be evil in a city, and the Lordhath not done it?• 7 Surely the Lord God will do nothing, but he revealethhis secret unto his servants the prophets.
2730	DONATEAMOS 3:3, 6-7• 3 Can two walk together, except they be agreed?• 6 Shall a trumpet be blown in the city, and the peoplenot be afraid? shall there be evil in a city, and the Lordhath not done it?• 7 Surely the Lord God will do nothing, but he revealethhis secret unto his servants the prophets.
2736	DONATEAMOS 3:3, 6-7• 3 Can two walk together, except they be agreed?• 6 Shall a trumpet be blown in the city, and the peoplenot be alraid? shall there be evil in a city, and the Lordhath not done it?• 7 Surely the Lord God will do nothing, but he revealethhis secret unto his servants the prophets.
2742	DONATEAMOS 3:3, 6-7• 3 Can two walk together, except they be agreed?• 6 Shall a trumpet be blown in the city, and the peoplenot be alraid? shall there be evil in a city, and the Lordhath not done it?• 7 Surely the Lord God will do nothing, but he revealethhis secret unto his servants the prophets.
2748	DONATEAMOS 3:3, 6-7• 3 Can two walk together, except they be agreed?• 6 Shall a trumpet be blown in the city, and the peoplenot be alraid? shall there be evil in a city, and the Lordhath not done it?• 7 Surcly the Lord God will do nothing, but he revcalethhis secret unto his servants the prophets.00009
2754	DONATEAMOS 3:3, 6-7• 3 Can two walk together, except they be agreed?• 6 Shall a trumpet be blown in the city, and the peoplenot be alraid? shall there be evil in a city, and the Lordhath not done it?• 7 Surely the Lord God will do nothing, but he revealethhis secret unto his servants the prophets.0000900
2760	DONATEAMOS 3:3, 6-7• 3 Can two walk together, except they be agreed?• 6 Shall a trumpet be blown in the city, and the peoplenot be alraid? shall there be evil in a city, and the Lordhath not done it?• 7 Surely the Lord God will do nothing, but he revealethhis secret unto his servants the prophets.
2766	DONATEAMOS 3:3, 6-7• 3 Can two walk together, except they be agreed?• 6 Shall a trumpet be blown in the city, and the peoplenot be alraid? shall there be evil in a city, and the Lordhath not done it?• 7 Surely the Lord God will do nothing, but he revealethhis secret unto his servants the prophets.
2772	DONATEAMOS 3:3, 6-7• 3 Can two walk together, except they be agreed?• 6 Shall a trumpet be blown in the city, and the peoplenot be afraid? shall there be evil in a city, and the Lordhath not done it?• 7 Surely the Lord God will do nothing, but he revealethhis secret unto his servants the prophets.
2778	DONATEAMOS 3:3, 6-7• 3 Can two walk together, except they be agreed?• 6 Shall a trumpet be blown in the city, and the peoplenot be alraid? shall there be evil in a city, and the Lordhath not done it?• 7 Surely the Lord God will do nothing, but he revealethhis secret unto his servants the prophets.
2784	DONATEISAIAH 58:1• Cry aloud, spare not, lift up thy voice like a trumpet,and shew my people their transgression, and the houseof Jacob their sins.
2790	DONATEISAIAH 58:7• Cry aloud, spare not, lift up thy voice like a trumpet,and shew my people their transgression, and the houseof Jacob their sins.
2796	DONATEISAIAH 58:1• Cry aloud, spare not, lift up thy voice like a frumpet,and shew my people their transgression, and the houseof Jacob their sins.0000960
2802	DONATEISAIAH 58:1• Cry aloud, spare not, lift up thy voice like a trumpet,and shew my people their transgression, and the houseof Jacob their sins.9005900
2808	DONATE1 CORINTHIANS 14:8• 8 For if the trumpet give an uncertain sound, whoshall prepare himself to the battle?0005900
2814	DONATE1 CORINTHIANS 14:8• 8 For if the trumpet give an uncertain sound, whoshall prepare himself to the battle?
2820	DONATE1 CORINTHIANS 14:8• 8 For if the trumpet give an uncertain sound, whoshall prepare himself to the battle?
2826	DONATE1 CORINTHIANS 14:8• 8 For if the trumpet give an uncertain sound, whoshall prepare himself to the battle?
2832	DONATE1 CORINTHIANS 14:8• 8 For if the trumpet give an uncertain sound, whoshall prepare himself to the battle?
2838	DONATE1 CORINTHIANS 14:8• 8 For if the trumpet give an uncertain sound, whoshall prepare himself to the battle?
2844	DONATE1 CORINTHIANS 14:8• 8 For if the trumpet give an uncertain sound, whoshall prepare himself to the battle?
2850	DONATE1 CORINTHIANS 14:8• 8 For if the trumpet give an uncertain sound, whoshall prepare himself to the battle?
2856	DONATE1 CORINTHIANS 14:8• 8 For if the trumpet give an uncertain sound, whoshall prepare himself to the battle?
2862	DONATE1 CORINTHIANS 14:8• 8 For if the trumpet give an uncertain sound, whoshall prepare himself to the battle?
2868	DONATE1 CORINTHIANS 14:8• 8 For if the trumpet give an uncertain sound, whoshall prepare himself to the battle?
2874	DONATE1 CORINTHIANS 14:8• 8 For if the trumpet give an uncertain sound, whoshall prepare himself to the battle?
2880	DONATE1 CORINTHIANS 14:8• 8 For if the trumpet give an uncertain sound, whoshall prepare himself to the battle?
2886	DONATE1 CORINTHIANS 14:8• 8 For if the trumpet give an uncertain sound, whoshall prepare himself to the battle?
2892	DONATE1 CORINTHIANS 14:8• 8 For if the trumpet give an uncertain sound, whoshall prepare himself to the battle?
2898	DONATEMATTHEW 25:4, 6, 7• 4 But the wise took oil in their vessels with theirlamps.• 6 And at midnight there was a cry made, Behold,the bridegroom cometh; go ye out to meet him.• 7 Then all those virgins arose, and trimmed theirlamps.
2904	DONATEMATTHEW 25:4, 6, 7• 4 But the wise took oil in their vessels with theirlamps.• 6 And at midnight there was a cry made, Bchold,the bridegroom cometh; go ye out to meet him.• 7 Then all those virgins arose, and trimmed theirlamps.00009009
2910	DONATEMATTHEW 25:4, 6, 7• 4 But the wise took oil in their vessels with theirlamps.• 6 And at midnight there was a cry made, Behold,the bridegroom cometh; go ye out to meet him.• 7 Then all those virgins arose, and trimmed theirlamps.
2916	DONATEMATTHEW 25:4, 6, 7• 4 But the wise took oil in their vessels with theirlamps.• 6 And at midnight there was a cry made, Behold,the bridegroom cometh; go ye out to meet him.• 7 Then all those virgins arose, and trimmed theirlamps-
2922	DONATEMATTHEW 25:4, 6, 7• 4 But the wise took oil in their vessels with theirlamps.• 6 And at midnight there was a cry made, Behold,the bridegroom cometh; go ye out to meet him.• 7 Then all those virgins arose, and trimmed theirlamps-
2928	DONATEMATTHEW 25:4, 6, 7• 4 But the wise took oil in their vessels with theirlamps.• 6 And at midnight there was a cry made, Behold,the bridegroom cometh; go ye out to meet him.• 7 Then all those virgins arose, and trimmed theirlamps-
2934	DONATEMATTHEW 25:4, 6, 7• 4 But the wise took oil in their vessels with theirlamps.• 6 And at midnight there was a cry made, Behold,the bridegroom cometh; go ye out to meet him.• 7 Then all those virgins arose, and trimmed theirlamps•0000900
2940	DONATEMATTHEW 25:4, 6, 7• 4 But the wise took oil in their vessels with theirlamps.• 6 And at midnight there was a cry made, Behold,the bridegroom cometh; go ye out to meet him.• 7 Then all those virgins arose, and trimmed theirlamps.0000900
2946	DONATEMATTHEW 25:4, 6, 7• 4 But the wise took oil in their vessels with theirlamps.• 6 And at midnight there was a cry made, Behold,the bridegroom cometh; go ye out to meet him.• 7 Then all those virgins arose, and trimmed theirlamps•
2952	DONATEMATTHEW 25:4, 6, 7• 4 But the wise took oil in their vessels with theirlamps.• 6 And at midnight there was a cry made, Behold,the bridegroom cometh; go ye out to meet him.• 7 Then all those virgins arose, and trimmed theirlamps-
2958	DONATE
2964	DONATE
2970	DONATE
2976	DONATE
2982	DONATE I
2988	DONATE
2994	DONATE
3000	DONATE N
3006	DONATE
3012	DONATE
3018	DONATE
3024	DONATE
3030	DONATE I
3036	DONATE T
3042	
3048	DONATE
3054	DONATE N
3060	DONATE
3066	DONATE
3072	DONATE
3078	DONATE
3084	DONATE
3090	DONATE
3096	DONATE N
3102	DONATE I
3108	DONATE
3114	DONATE
3120	DONATEMATTHEW 25:4, 6, 7• 4 But the wise took oil in their vessels with theirlamps.• 6 And at midnight there was a cry made, Behold,the bridegroom cometh; go ye out to meet him.• 7 Then all those virgins arose, and trimmed theirlamps.00209009
3126	DONATEMATTHEW 25:4, 6, 7• 4 But the wise took oil in their vessels with theirlamps.• 6 And at midnight there was a cry made, Behold,the bridegroom cometh; go ye out to meet him.• 7 Then all those virgins arose, and trimmed theirlamps.
3132	DONATEMATTHEW 25:4, 6, 7• 4 But the wise took oil in their vessels with theirlamps.• 6 And at midnight there was a cry made, Behold,the bridegroom cometh; go ye out to meet him.• 7 Then all those virgins arose, and trimmed theirlamps.
3138	DONATEMATTHEW 25:4, 6, 7• 4 But the wise took oil in their vessels with theirlamps.• 6 And at midnight there was a cry made, Behold,the bridegroom cometh; go ye out to meet him.• 7 Then all those virgins arose, and trimmed theirlamps•
3144	DONATEMATTHEW 25:4, 6, 7• 4 But the wise took oil in their vessels with theirlamps.• 6 And at midnight there was a cry made, Behold,the bridegroom cometh; go ye out to meet him.• 7 Then all those virgins arose, and trimmed theirlamps-
3150	DONATEWAYMARKS
3156	DONATE N
3162	DONATEMIDNIGHTGet the free ebook True Midnight Cry & Waymarksebooks.amazingdiscoveries.org
3168	DONATEGet the free ebook True Midnight Cry & Waymarksebooks.amazingdiscoveries.org
3174	DONATEGet the free ebook True Midnight Cry & Waymarksebooks.amazingdiscoveries.org
3180	DONATE I
3186	DONATE N
3192	DONATEMATTHEW 25:4, 6, 7• 4 But the wise took oil in their vessels with theirlamps.• 6 And at midnight there was a cry made, Behold,the bridegroom cometh; go ye out to meet him.• 7 Then all those virgins arose, and trimmed theirlamps.
3198	DONATEMATTHEW 25:4, 6, 7• 4 But the wise took oil in their vessels with theirlamps.• 6 And at midnight there was a cryynade, Behold,the bridegroom cometh; go ye out to meet him.• 7 Then all those virgins arose, and trimmed theirlamps-002085
3204	DONATEREVIEW AND HERALD AUG 19, 1890, PAR.3• When the third angel's message is preached as it should be,power attends its proclamation, and it becomes an abidinginfluence. It must be attended with divine power, or it willaccomplish nothing. I am often referred to the parable of theten virgins, five of whom were wise, and five foolish. Thisparable has been and will be fulfilled to the veryletter, for it has a special application to this time, and, likethe third angel's message, has been fulfilled and will continueto be present truth till the close of time.00009
3210	DONATEREVIEW AND HERALD AUG 19, 1890, PAR.3• When the third angel's message is preached as it should be,power attends its proclamation, and it becomes an abidinginfluence. It must be attended with divine power, or it willaccomplish nothing. I am often referred to the parable of theten virgins, five of whom were wise, and five foolish. Thisparable has been and will be fulfilled to the veryletter, for it has a special application to this time, and, likethe third angel's message, has been fulfilled and will continueto be present truth till the close of time.
3216	DONATEREVIEW AND HERALD AUG 19, 1890, PAR.3• When the third angel's message is preached as it should be,power attends its proclamation, and it becomes an abidinginfluence. It must be attended with divine power, or it willaccomplish nothing. I am often referred to the parable of theten virgins, five of whom were wise, and five foolish. Thisparable has been and will be fulfilled to the veryletter, for it has a special application to this time, and, likethe third angel's message, has been fulfilled and will continueto be present truth till the close of time.
3222	DONATEREVIEW AND HERALD AUG 19, 1890, PAR.3• When the third angel's message is preached as it should be,power attends its proclamation, and it becomes an abidinginfluence. It must be attended with divine power, or it willaccomplish nothing. I am often referred to the parable of theten virgins, five of whom were wise, and five foolish. Thisparable has been and will be fulfilled to the veryletter, for it has a special application to this time, and, likethe third angel's message, has been fulfilled and will continueto be present truth till the close of time.
3228	DONATEREVIEW AND HERALD AUG 19, 1890, PAR.3• When the third angel's message is preached as it skould be,power attends its proclamation, and it becomes an abidinginfluence. It must be attended with divine power, or it willaccomplish nothing. I am often referred to the parable of theten virgins, five of whom were wise, and five foolish. Thisparable has been and will be fulfilled to the veryletter, for it has a special application to this time, and, likethe third angel's message, has been fulfilled and will continueto be present truth till the close of time.
3234	DONATEREVIEW AND HERALD AUG 19, 1890, PAR.3• When the third angel's message is preached as it should be,power attends its proclamation, and it becomes an abidinginfluence. It must be attended with divine power, or it willaccomplish nothing. I am often referred to the parable of theten virgins, five of whom were wise, and five foolish. Thisparable has been and will be fulfilled to the veryletter, for it has a special application to this time, and, likethe third angel's message, has been fulfilled and will continueto be present truth till the close of time.00039
3240	DONATEREVIEW AND HERALD AUG 19, 1890, PAR.3• When the third angel's message is preached as it should be,power attends its proclamation, and it becomes an abidinginfluence. It must be attended with divine power, or it willaccomplish nothing. I am often referred to the parable of theten virgins, five of whom were wise, and five foolish. Thisparable has been and will be fulfilled to the veryletter, for it has a special application to this time, and, likethe third angel's message, has been fulfilled and will continueto be present truth till the close of time.
3246	DONATEREVIEW AND HERALD AUG 19, 1890, PAR.3• When the third angel's message is preached as it should be,power attends its proclamation, and it becomes an abidinginfluence. It must be attended with divine power, or it willaccomplish nothing. I am often referred to the parable of theten virgins, five of whom were wise, and five foolish. Thisparable has been and will be fulfilled to the veryletter, for it has a special application to this time, and, likethe third angel's message, has been fulfilled and will continueto be present truth till the close of time.
3252	DONATEREVIEW AND HERALD AUG 19, 1890, PAR.3• When the third angel's message is preached as it should be,power attends its proclamation, and it becomes an abidinginfluence. It must be attended with divine power, or it willaccomplish nothing. I am often referred to the parable of theten virgins, five of whom were wise, and five foolish. Thisparable has been and will be fulfilled to the veryletter, for it has a special application to this time, and, likethe third angel's message, has been fulfilled and will continueto be present truth till the close of time.00009
3258	DONATEREVIEW AND HERALD AUG 19, 1890, PAR.3• When the third angel's message is preached as it should be,power attends its proclamation, and it becomes an abidinginfluence. It must be attended with divine power, or it willaccomplish nothing. I am often referred to the parable of theten virgins, five of whom were wise, and five foolish. Thisparable has been and will be fulfilled to the veryletter, for it has a special application to this time, and, likethe third angel's message, has been fulfilled and will continueto be present truth till the close of time.00009
3264	DONATEREVIEW AND HERALD AUG 19, 1890, PAR.3• When the third angel's message is preached as it should be,power attends its proclamation, and it becomes an abidinginfluence. It must be attended with divine power, or it willaccomplish nothing. I am often referred to the parable of theten virgins, five of whom were wise, and five foolish. Thisparable has been and will be fulfilled to the veryletter, for it has a special application to this time, and, likethe third angel's message, has been fulfilled and will continueto be present truth till the close of time.00009
3270	DONATEREVIEW AND HERALD AUG 19, 1890, PAR.3• When the third angel's message is preached as it should be,power attends its proclamation, and it becomes an abidinginfluence. It must be attended with divine power, or it willaccomplish nothing. I am often referred to the parable of theten virgins, five of whom were wise, and five foolish. Thisparable has been and will be fulfilled to the veryletter, for it has a special application to this time, and, likethe third angel's message, has been fulfilled and will continueto be present truth till the close of time.
3276	DONATEREVIEW AND HERALD AUG 19, 1890, PAR.3• When the third angel's message is preached as it should be,power attends its proclamation, and it becomes an abidinginfluence. It must be attended with divine power, or it willaccomplish nothing. I am often referred to the parable of theten virgins, five of whom were wise, and five foolish. Thisparable has been and will be fulfilled to the veryletter, for it has a special application to this time, and, likethe third angel's message, has been fulfilled and will continueto be present truth till the close of time.
3282	DONATEREVIEW AND HERALD AUG 19, 1890, PAR.3• When the third angel's message is preached as it should be,power attends its proclamation, and it becomes an abidinginfluence. It must be attended with divine power, or it willaccomplish nothing. I am often referred to the parable of theten virgins, live of whom were wise, and five foolish. Thisparable has been and will be fulfilled to the veryletter, for it has a special application to this time, and, likethe third angel's message, has been fulfilled and will continueto be present truth till the close of time.
3288	DONATEWAYMARKSHIGH HEAPS
3294	DONATE NWAYMARKSHIGH HEAPS=
3300	DONATE
3306	DONATEREVIEW AND HERALD AUG 19, 1890, PAR.3• When the third angel's message is preached as it should be,power attends its proclamation, and it becomes an abidinginfluence. It must be attended with divine power, or it willaccomplish nothing. I am often referred to the parable of theten virgins, five of whom were wise, and five foolish. Thisparable has been and will be fulfilled to the veryletter, for it has a special application to this time, and, likethe third angel's message, has been fulfilled and will continueto be present truth till the close of time.00009
3312	DONATEREVIEW AND HERALD AUG 19, 1890, PAR.3• When the third angel's message is preached as it should be,power attends its proclamation, and it becomes an abidinginfluence. It must be attended with divine power, or it willaccomplish nothing. I am often referred to the parable of theten virgins, five of whom were wise, and five foolish. Thisparable has been and will be fulfilled to the veryletter, for it has a special application to this time, and, likethe third angel's message, has been fulfilled and will continueto be present truth till the close of time.00009
3318	DONATEREVIEW AND HERALD AUG 19, 1890, PAR.3• When the third angel's message is preached as it should be,power attends its proclamation, and it becomes an abidinginfluence. It must be attended with divine power, or it willaccomplish nothing. I am often referred to the parable of theten virgins, five of whom were wise, and five foolish. Thisparable has been and will be fulfilled to the veryletter, for it has a special application to this time, and, likethe third angel's message, has been fulfilled and will continueto be present truth till the close of time.
3324	DONATEREVIEW AND HERALD AUG 19, 1890, PAR.3• When the third angel's message is preached as it should be,power attends its proclamation, and it becomes an abidinginfluence. It must be attended with divine power, or it willaccomplish nothing. I am often referred to the parable of theten virgins, five of whom were wise, and five foolish. Thisparable has been and will be fulfilled to the veryletter, for it has a special application to this time, and, likethe third angel's message, has been fulfilled and will continueto be present truth till the close of time.
3330	DONATEREVIEW AND HERALD AUG 19, 1890, PAR.3• When the third angel's message is preached as it should be,power attends its proclamation, and it becomes an abidinginfluence. It must be attended with divine power, or it willaccomplish nothing. I am often referred to the parable of theten virgins, five of whom were wise, and five foolish. Thisparable has been and will be fulfilled to the veryletter, for it has a special application to this time, and, likethe third angel's message, has been fulfilled and will continueto be present truth till the close of time.
3336	DONATEREVIEW AND HERALD AUG 19, 1890, PAR.3• When the third angel's message is preached as it should be,power attends its proclamation, and it becomes an abidinginfluence. It must be attended with divine power, or it willaccomplish nothing. I am often referred to the parable of theten virgins, five of whom were wise, and five foolish. Thisparable has been and will be fulfilled to the veryletter, for it has a special application to this time, and, likethe third angel's message, has been fulfilled and will continueto be present truth till the close of time.
3342	DONATEREVIEW AND HERALD AUG 19, 1890, PAR.3• When the third angel's message is preached as it should be,power attends its proclamation, and it becomes an abidinginfluence. It must be attended with divine power, or it willaccomplish nothing. I am often referred to the parable of theten virgins, five of whom were wise, and five foolish. Thisparable has been and will be fulfilled to the veryletter, for it has a special application to this time, and, likethe third angel's message, has been fulfilled and will continueto be present truth till the close of time.00009
3348	DONATEREVIEW AND HERALD AUG 19, 1890, PAR.3• When the third angel's message is preached as it should be,power attends its proclamation, and it becomes an abidinginfluence. It must be attended with divine power, or it willaccomplish nothing. I am often referred to the parable of theten virgins, five of whom were wise, and five foolish. Thisparable has been and will be fulfilled to the veryletter, for it has a special application to this time, and, likethe third angel's message, has been fulfilled and will continueto be present truth till the close of time.
3354	DONATE N
3360	DONATE
3366	DONATE N
3372	DONATE T
3378	DONATEREVIEW AND HERALD AUG 19, 1890, PAR.3• When the third angel's message is preached as it should be,power attends its proclamation, and it becomes an abidinginfluence. It must be attended with divine power, or it willaccomplish nothing. I am often referred to the parable of theten virgins, five of whom were wise, and five foolish. Thisparable has been and will be fulfilled to the veryletter, for it has a special application to this time, and, likethe third angel's message, has ocen fulfilled and will continueto be present truth till the close of time.00009
3384	DONATEREVIEW AND HERALD AUG 19, 1890, PAR.3• When the third angel's message is preached as it should be,power attends its proclamation, and it becomes an abidinginfluence. It must be attended with divine power, or it willaccomplish nothing. I am often referred to the parable of theten virgins, five of whom were wise, and five foolish. Thisparable has been and will be fulfilled to the veryletter, for it has a special application to this time, and, likethe third angel's message, has been fulfilled and will continucto be present truth till the close of time.00009
3390	DONATEREVIEW AND HERALD AUG 19, 1890, PAR.3• When the third angel's message is preached as it should be,power attends its proclamation, and it becomes an abidinginfluence. It must be attended with divine power, or it willaccomplish nothing. I am often referred to the parable of theten virgins, five of whom were wise, and five foolish. Thisparable has been and will be fulfilled to the veryletter, for it has a special application to this time, and, likethe third angel's message, has been fulfilled and will continueto be present truth till the close of time.00000E
3396	DONATEREVIEW AND HERALD AUG 19, 1890, PAR.3• When the third angel's message is preached as it should be,power attends its proclamation, and it becomes an abidinginfluence. It must be attended with divine power, or it willaccomplish nothing. I am often referred to the parable of theten virgins, five of whom were wise, and five foolish. Thisparable has been and will be fulfilled to the veryletter, for it has a special application to this time, and, likethe third angel's message, has been fulfilled and will continueto be present truth till the close of time.00009
3402	DONATEREVIEW AND HERALD AUG 19, 1890, PAR.3• When the third angel's message is preached as it should be,power attends its proclamation, and it becomes an abidinginfluence. It must be attended with divine power, or it willaccomplish nothing. I am often referred to the parable of theten virgins, five of whom were wise, and five foolish. Thisparable has been and will be fulfilled to the veryletter, for it has a special application to this time, and, likethe third angel's message, has been fulfilled and will continueto be present truth till the close of time.
3408	DONATE N
3414	DONATE
3420	DONATE
3426	DONATEREVIEW AND HERALD AUG 19, 1890, PAR.3• When the third angel's message is preached as it should be,power attends its proclamation, and it becomes an abidinginfluence. It must be attended with divine power, or it willaccomplish nothing. I am often referred to the parable of theten virgins, five of whom were wise, and five foolish. Thisparable has been and will be fulfilled to the veryletter, for it has a special application to this time, and, likethe third angel's message, has been fulfilled and will continueto be present truth till the close of time.000590
3432	DONATETHE ADVENT HERALD, AND SIGNS OF THETIMES REPORTER [HIMESI MAY 29, 1844 P.135.12• Bro. Fitch lectured in the afternoon, briefly goingthe over the second, seventh and eighth chaptersof the prophecies of Danicl. The rise and fall ofthe four universal kingdoms that were to precede"God's Everlasting Kingdom," was illustrated in avery impressive manner, by the aid of a carvedimage, representing the one described in Daniel2:32, 33.000090
3438	DONATETHE ADVENT HERALD, AND SIGNS OF THETIMES REPORTER [HIMESI MAY 29, 1844 P.135.12• Bro. Fitch lectured in the afternoon, briefly goingthe over the second, seventh and eighth chaptersof the propheçies of Daniel. The rise and fall ofthe four universal kingdoms that were to precede"God's Everlasting Kingdom," was illustrated in avery impressive manner, by the aid of a carvedimage, representing the one described in Daniel2:32, 33.00009e
3444	DONATETHE ADVENT HERALD, AND SIGNS OF THETIMES REPORTER [HIMESI MAY 29, 1844 P.135.12• Bro. Fitch lectured in the afternoon, briefly goingthe over the second, seventh and eighth chaptersof the prophecies of Daniel. The rise and fall ofthe four universal kingdoms that were to precede"God's Everlasting Kingdom," was illustrated in avery impressive manner, by the aid of a carvedimage, representing the one described in Daniel2:32, 33.00009
3450	DONATETHE ADVENT HERALD, AND SIGNS OF THETIMES REPORTER [HIMESI MAY 29, 1844 P.135.12• Bro. Fitch lectured in the afternoon, briefly goingthe over the second, seventh and eighth chaptersof the prophecies of Daniel. The rise and fall ofthe four universal kingdoms that were to precede"God's Everlasting Kingdom," was illustrated in avery impressive manner, by the aid of a carvedimage, representing the one described in Daniel2:32, 33.00009
3456	DONATETHE ADVENT HERALD, AND SIGNS OF THETIMES REPORTER [HIMESI MAY 29, 1844 P.135.12• Bro. Fitch lectured in the afternoon, briefly goingthe over the second, seventh and eighth chaptersof the prophecies of Danicl. The rise and fall ofthe four universal kingdoms that were to precede"God's Everlasting Kingdom," was illustrated in avery impressive manner, by the aid of a carvedimage, representing the one described in Daniel2:32, 33. y0000900€
3462	DONATETHE ADVENT HERALD, AND SIGNS OF THETIMES REPORTER [HIMESI MAY 29, 1844 P.135.12• Bro. Fitch lectured in the afternoon, briefly goingthe over the second, seventh and eighth chaptersof the prophecies of Daniel. The rise and fall ofthe four universal kingdoms that were to precede"God's Everlasting Kingdom," was illustrated in avery impressive manner, by the aid of a carvedimage, representing the one described in Daniel2:32, 33.
3468	DONATETHE ADVENT HERALD, AND SIGNS OF THETIMES REPORTER [HIMESI MAY 29, 1844 P.135.12• Bro. Fitch lectured in the afternoon, briefly goingthe over the second, seventh and eighth chaptersof the prophecies of Daniel. The rise and fall ofthe four universal kingdoms that were to precede"God's Everlasting Kingdom," was illustrated in avery impressive manner, by the aid of a carvedimage, representing the one described in Daniel2:32, 33.00059
3474	DONATETHE ADVENT HERALD, AND SIGNS OF THETIMES REPORTER [HIMESI MAY 29, 1844 P.135.12• Bro. Fitch lectured in the afternoon, briefly goingthe over the second, seventh and eighth chaptersof the prophecies of Daniel. The rise and fall ofthe four universal kingdoms that were to precede"God's Everlasting Kingdom," was illustrated in avery impressive manner, by the aid of a carvedimage, representing the one described in Daniel2:32, 33.00009
3480	DONATE N
3486	DONATE I
3492	DONATE I
3498	DONATE N
3504	DONATE N
3510	DONATE
3516	
3522	DONATE
3528	DONATE I
3534	DONATE
3540	DONATE
3546	DONATE T
3552	DONATE
3558	DONATE
3564	DONATE
3570	DONATE T
3576	DONATE N
3582	DONATE
3588	DONATE N
3594	DONATE
3600	DONATE
3606	DONATE N
3612	DONATETHE ADVENT HERALD, AND SIGNS OF THETIMES REPORTER [HIMESI MAY 29, 1844 P.135.12• Bro. Fitch lectured in the afternoon, briefly goingthe over the second, seventh and eighth chaptersof the prophecies of Daniel. The rise and fall ofthe four universal kingdoms that were to precede"God's Everlasting Kingdom," was illustrated in avery impressive manner, by the aid of a carvedimage, representing the one described in Daniel2:32, 33.
3618	DONATETHE ADVENT HERALD, AND SIGNS OF THETIMES REPORTER [HIMESI MAY 29, 1844 P.135.12• Bro. Fitch lectured in the afternoon, briefly goingthe over the second, seventh and eighth chaptersof the prophecies of Daniel. The rise and fall ofthe four universal kingdoms that were to precede"God's Everlasting Kingdom," was illustrated in avery impressive manner, by the aid of a carvedimage, representing the one described in Daniel2:32, 33.00009
3624	DONATETHE ADVENT HERALD, AND SIGNS OF THETIMES REPORTER [HIMESI MAY 29, 1844 P.135.12• Bro. Fitch lectured in the afternoon, briefly goingthe over the second, seventh and eighth chaptersof the prophecies of Danicl. The rise and fall ofthe four universal kingdoms that were to precede"God's Everlasting Kingdom," was illustrated in avery impressive manner, by the aid of a carvedimage, representing the one described in Daniel2:32, 33.
3630	DONATETHE ADVENT HERALD, AND SIGNS OF THETIMES REPORTER [HIMESI MAY 29, 1844 P.135.12• Bro. Fitch lectured in the afternoon, briefly goingthe over the second, seventh and eighth chaptersof the prophecies of Daniel. The rise and fall ofthe four universal kingdoms that were to precede"God's Everlasting Kingdom," was illustrated in avery impressive manner, by the aid of a carvedimage, representing the one described in Daniel2:32, 33.000090
3636	DONATE!
3642	DONATE
3648	DONATE
3654	DONATE
3660	DONATE
3666	DONATE
3672	DONATE
3678	DONATE
3684	
3690	DONATE
3696	DONATE
3702	DONATE
3708	DONATE
3714	DONATE
3720	DONATE
3726	DONATE
3732	DONATE
3738	DONATE
3744	DONATE
3750	ACW HOLLANEDONATE
3756	EW HOLLANDDO
3762	DONATE
3768	DONATE
3774	HOLLANODONATE
3780	DONATEL
3786	DONATE I
3792	DONATE
3798	
3804	
3810	DONATE
3816	DONATE
3822	DONATE
3828	DONATE!40019
3834	DONATE900US
3840	DONATEL
3846	DONATE
3852	DONATE I
3858	DONATE I
3864	DONATE N
3870	DONATE
3876	DONATE N
3882	DONATE N
3888	DONATE N
3894	DONATE
3900	DONATE N
3906	DONATE I
3912	DONATE N
3918	DONATE
3924	DONATE
3930	DONATE I
3936	DONATE N
3942	DONATE
3948	DONATE N
3954	DONATE I
3960	DONATE N
3966	DONATE
3972	DONATE N
3978	DONATE
3984	DONATE
3990	DONATE
3996	DONATE
4002	DONATE
4008	DONATE I
4014	DONATE
4020	DONATE
4026	DONATE
4032	DONATE N
4038	DONATE
4044	DONATE I
4050	DONATETHE WAY FORWARDTraining ofArmyTest Run @ ADHeadquartersTeam trained totake Statue to CitiesOnline or In-person Training w/Groups/ChurchesMaterial & Resources
4056	DONATETHE WAY FORWARDTraining ofArmyTest Run @ ADHeadquartersTeam trained totake Statue to CitiesOnline or In-person Training w/Groups/ChurchesMaterial & Resources00009
4062	DONATETHE WAY FORWARDTraining ofArmyTest Run @ ADHeadquartersTeam trained totake Statue to CitiesOnline or In-person Training w/Groups/ChurchesMaterial & Resources
4068	DONATETHE WAY FORWARDTraining ofArmyTest Run @ ADHeadquartersTeam trained totake Statue to CitiesOnline or In-person Training w/Groups/ChurchesMaterial & Resources
4074	DONATETHE WAY FORWARDTraining ofArmyTest Run @ ADHeadquartersTeam trained totake Statue to CitiesOnline or In-person Training w/Groups/ChurchesMaterial & Resources
4080	DONATETHE WAY FORWARDTraining ofArmyTest Run @ ADHeadquartersTeam trained totake Statue to CitiesOnline or In-person Training w/Groups/ChurchesMaterial & Resources
4086	DONATETHE WAY FORWARDTraining ofArmyTest Run @ADHeadquartersTeam trained totake Statue to CitiesOnline or In-person Training w/Groups/ChurchesMaterial & Resources
4092	DONATETHE WAY FORWARDTraining ofArmyTest Run @ADHeadquartersTeam trained totake Statue to CitiesOnline or In-person Training w/Groups/ChurchesMaterial & Resources
4098	DONATETHE WAY FORWARDTraining ofArmyTest Run @ ADHeadquartersTeam trained totake Statue to CitiesOnline or In-person Training w/Groups/ChurchesMaterial & Resources
4104	DONATETHE WAY FORWARDTraining ofArmyTest Run @ ADHeadquartersTeam trained totake Statue to CitiesOnline or In-person Training w/Groups/ChurchesMaterial & Resources
4110	DONATETHE WAY FORWARDTraining ofArmyTest Run @ ADHeadquartersTeam trained totake Statue to CitiesOnline or In-person Training w/Groups/ChurchesMaterial & Resources
4116	DONATETHE WAY FORWARDTraining ofArmyTest Run @ ADHeadquartersTeam trained totake Statue to CitiesOnline or In-person Training w/Groups/ChurchesMaterial & Resources
4122	DONATETHE WAY FORWARDTraining ofArmyTest Run @ ADHeadquartersTeam trained totake Statue to CitiesOnline or In-person Training w/Groups/ChurchesMaterial & Resources
4128	DONATETHE WAY FORWARDTraining ofArmyTest Run @ ADHeadquartersTeam trained totake Statue to CitiesOnline or In-person Training w/Groups/ChurchesMaterial & Resources
4134	DONATETHE WAY FORWARDTraining ofArmyTest Run @ ADHeadquartersTeam trained totake Statue to CitiesOnline or In-person Training w/Groups/ChurchesMaterial & Resources
4140	DONATETHE WAY FORWARDTraining ofArmyTest Run @ ADHeadquartersTeam trained totake Statue to CitiesOnline or In-person Training w/Groups/ChurchesMaterial & Resources
4146	DONATETHE WAY FORWARDTraining ofArmyTest Run @ ADHeadquartersTeam trained totake Statue to CitiesOnline or In-person Training w/Groups/ChurchesMaterial & Resources
4152	DONATETHE WAY FORWARDTraining ofArmyTest Run @ ADHeadquartersTeam trained totake Statue to CitiesOnline or In-person Training w/Groups/ChurchesMaterial & Resources
4158	DONATETHE WAY FORWARDTraining ofArmyTest Run @ ADHeadquartersTeam trained totake Statue to CitiesOnline or In-person Training w/Groups/ChurchesMaterial & Resources
4164	DONATETHE WAY FORWARDTraining ofArmyTest Run @ ADHeadquartersTeam trained totake Statue to CitiesOnline or In-person Training w/Groups/ChurchesMaterial & Resources
4170	DONATETHE WAY FORWARDTraining ofArmyTest Run @ ADHeadquartersTeam trained totake Statue to CitiesOnline or In-person Training w/Groups/ChurchesMaterial & Resources
4176	DONATETHE WAY FORWARDTraining ofArmyTest Run @ ADHeadquartersTeam trained totake Statue to CitiesOnline or In-person Training w/Groups/ChurchesMaterial & Resources
4182	DONATETHE WAY FORWARDTraining ofArmyTest Run @ ADHeadquartersTeam trained totake Statue to CitiesOnline or In-person Training w/Groups/ChurchesMaterial & Resources
4188	DONATETHE WAY FORWARDTraining ofArmyTest Run @ADHeadquartersTeam trained totake Statue to CitiesOnline or In-person Training w/Groups/ChurchesMaterial & Resources00008
4194	DONATETHE WAY FORWARDTraining ofArmyTest Run @ ADHeadquartersTeam trained totake Statue to CitiesOnline or In-person Training w/Groups/ChurchesMaterial & Resources
4200	DONATETHE WAY FORWARDTraining ofArmyTest Run @ ADHeadquartersTeam trained totake Statue to CitiesOnline or In-person Training w/Groups/ChurchesMaterial & Resources
4206	DONATETHE WAY FORWARDTraining ofArmyTest Run @ ADHeadquartersTeam trained totake Statue to CitiesOnline or In-person Training w/Groups/ChurchesMaterial & Resources
4212	DONATETHE WAY FORWARDTraining ofArmyTest Run @ ADHeadquartersTeam trained totake Statue to CitiesOnline or In-person Training w/Groups/ChurchesMaterial & Resources
4218	Someone scanned the QR codeDONATETHE WAY FORWARDTraining ofArmyTest Run @ ADHeadquartersTeam trained totake Statue to CitiesOnline or In-person Training w/Groups/ChurchesMaterial & Resources
4224	DONATETHE WAY FORWARDTraining ofArmyTest Run @ ADHeadquartersTeam trained totake Statue to CitiesOnline or In-person Training w/Groups/ChurchesMaterial & Resources
4230	DONATETHE WAY FORWARDTraining ofArmyTest Run @ ADHeadquartersTeam trained totake Statue to CitiesOnline or In-person Training w/Groups/ChurchesMaterial & Resources
4236	DONATETHE WAY FORWARDTraining ofArmyTest Run @ ADHeadquartersTeam trained totake Statue to CitiesOnline or In-person Training w/Groups/ChurchesMaterial & Resources
4242	DONATETHE WAY FORWARDTraining ofArmyTest Run @ ADHeadquartersTeam trained totake Statue to CitiesOnline or In-person Training w/Groups/ChurchesMaterial & Resources
4248	DONATETHE WAY FORWARDTraining ofArmyTest Run @ ADHeadquartersTeam trained totake Statue to CitiesOnline or In-person Training w/Groups/ChurchesMaterial & Resources
4254	DONATETHE WAY FORWARDTraining ofArmyTest Run @ ADHeadquartersTeam trained totake Statue to CitiesOnline or In-person Training w/Groups/ChurchesMaterial & Resources
4260	DONATETHE WAY FORWARDTraining ofArmyTest Run @ADHeadquartersTeam trained totake Statue to CitiesOnline or In-person Training w/Groups/ChurchesMaterial & Resources00009
4266	DONATETHE WAY FORWARDTraining ofArmyTest Run @ ADHeadquartersTeam trained totake Statue to CitiesOnline or In-person Training w/Groups/ChurchesMaterial & Resources
4272	DONATETHE WAY FORWARDTraining ofArmyTest Run @ ADHeadquartersTeam trained totake Statue to CitiesOnline or In-person Training w/Groups/ChurchesMaterial & Resources
4278	DONATETHE WAY FORWARDTraining ofArmyTest Run @ ADHeadquartersTeam trained totake Statue to CitiesOnline or In-person Training w/Groups/ChurchesMaterial & Resources
4284	DONATETHE WAY FORWARDTraining ofArmyTest Run @ ADHeadquartersTeam trained totake Statue to CitiesOnline or In-person Training w/Groups/ChurchesMaterial & Resources
4290	DONATETHE WAY FORWARDTraining ofArmyTest Run @ ADHeadquartersTeam trained totake Statue to CitiesOnline or In-person Training w/Groups/ChurchesMaterial & Resources
4296	DONATETHE WAY FORWARDTraining ofArmyTest Run @ADHeadquartersTeam trained totake Statue to CitiesOnline or In-person Training w/Groups/ChurchesMaterial & Resources
4302	DONATETHE WAY FORWARDTraining ofArmyTest Run @ ADHeadquartersTeam trained totake Statue to CitiesOnline or In-person Training w/Groups/ChurchesMaterial & Resources
4308	DONATETHE WAY FORWARDTraining ofArmyTest Run @ ADHeadquartersTeam trained totake Statue to CitiesOnline or In-person Training w/Groups/ChurchesMaterial & Resources00058
4314	DONATEADLarge CityProphecy NewFINALuch Maccare
4320	DONATEADLarge CisMoreFINALcourteoruch Matter
4326	DONATEADLarge Cisassten interest. Through public presentations, biolhonesy montMoreFINALuthMattere
4332	DONATE.amazingdiscoveries.org/explore-projects?uriname=explore-projectsAmazingDiscoveries:Prophecy NewsMoreLarge CityEVANGELISMLoud Cry North AmericaA bold new evangelistic outreach bringing the finalmessage of hope to the great cities, featuring a 42-awaken interest. Through public presentations, Bibl._Support this project with a donation1hUSDCADGreatest NeedThis fund helps AD use the money where mostneeded. Mitions of people are held captive indeception and lies about God and His Word. Withyour loving gifts, you have the power to save livos..Support this project with a donationCADFinish updatDonate vFINALCOUNTDOWNFinal CountdownIf you have been blessed by the Final CountdownRive Bible studies, please help support this seriestSupport this project with a donationE USDCADruthMatters
4338	DONATE* amazingdiscoveries.org/explore-projects?uriname=explore-projectsADAmazingDiscoveriesWatchProphecy NewsMore vLarge CityEVANGELISMLoud Cry North AmericaA bold new evangelistic outreach bringing the finalmessage of hope to the great cities, featuring a 42-foot image and prophetic displays designed toawaken interest. Through public presentations, Bibl...Support this project with a donationUSDCADGreatest NeedThis fund helps AD use the money where mostneeded. Mitions of people are held coptive indeception and lies about God and His Word. Withyour loving gifts, you have the power to save lives..Support this project with a donationCAD*Finish updistFINALCOUNTDOWNFinal Countdownif you have been blessed by the Final Countdown:live Bible studies, please help support this series!Support this project with a donationE USDCADruthMatters
4344	DONATE* amazingdiscoveries.org/explore-projects?urfname=explore-projectsADAmazingDiscoveries:WatchProphecy NewsMore vLarge CityEVANGELISMLoud Cry North AmericaA bold new evangelistic outreach bringing the finalmessage of hope to the great cities, featuring a 42-foot image and prophetic displays designed toawaken interest. Through public presentations, Bibl...Support this project with a donationUSDCADGreatest NeedThis fund helps AD use the money where mostneeded. Maions of people are held captive indeception and lies about God and His Word Withyour loving gifts, you have the power to save lives.Support this project with a donationUSDCAD*Finish updatFINALCOUNTDOWNFinal CountdownIf you have been blessed by the Final Countdownlive Bible studies, please help support this seriestSupport this project with a donationE USDCADruthMatters
4350	DONATEamazingdiscoveries.org/explore-projects?urfname=explore-projectsDAmazingDiscoveries:Prophecy NewsMoreLarge CityEVANGELISMLoud Cry North AmericaA bold new evangelistic outreach bringing the finalmessage of hope to the great cities, featuring a 42-foot image and prophetic displays designed toawaken interest. Through public presentations, BiblSupport this project with a donationUSDCADGreatest NeedThis fund helps AD use the money where mostneeded. Milions of people are held captive indeception and lies about God and His Word. Withyour loving gifts, you have the power to save lives.Support this project with a donationCADFinish updatFINALCOUNTDOWNFinal CountdownIf you have been blessed by the Final Countdownlive Bible studies, please help support this series!Support this project with a donationUSDruthMatters
4356	DONATEA DAFINAN
4362	DONATEAD
4368	* Someone scanned the QR codeDONATEA DIAFINAL
4374	DONATEADLarge CityEVANGELISMIPopesy wowsMoreFINALcounteere
4380	DONATEADLarge CityEVANGELISMIProphecy NewMoreyFINALDownloareuch Mieterna
4386	DONATEADLarge CityFINALcountourlous Desmerkuth Matters
4392	DONATEADLarge Cityavaken interest. Theouth public presentations. D6lProphecy NewsFINALruth Matters
4398	DONATEADLarge CitProphecy NewMoreFINALDowntowneuth Matters
4404	DONATEADLarge cisavsten interest. Through public presentations. DiblMoneyFINALCourteorDO YOU the the pond to the ThePuch Mattere
4410	DONATEIADLarge CisLour ere venerkeBe mớs Cện tưoun Bướn pônmoon 00toprey reowsFINALDoonroowuch merrens
4416	ONATEADProphecy NewsCarge CisFINALwownrooweloudervwetthemerieA dal ten ere tlic auoeach lror De teeBeteto Peric thoun Duớg ponãog DoUch Maren
4422	DONATEADLarge CityEVANGEUSIausten interest. Through public presentations, BiblSomeone scanned the oR codeMoreFINALwin Maner
4428	DONATEADLarge Cisassten internet. Through public presentations, BelHeher heaMooneFINALruthMatters
4434	DONATE
4440	DONATE
4446	DONATE
4452	DONATEMacKenzie DrebitVice President
4458	3 viewers scanned the QR codeDONATEMacKenzie DrebitVice President
4464	DONATEMacKenzie DrebitVice President
4470	DONATEMacKenzie DrebitVice President
4476	DONATEMacKenzie DrebitVice President
4482	UNO0
4488	DONATE
4494	DONATE IADLarge CityFINALLoud cry worth arreuthMatters
4500	Someone scanned the QR codeDONATEADLarge CityEVANGELISMFINALCOUNTDOWNLoud Cry worth americauthMattersIf you've been blessed, please support our work:https://amazingdiscoveries.org/explore-projects
4506	DONATEADLarge CityEVANGELISMFINALloud ory worth areansten internet. Throuch public presentations, BibuthMattersIf you've been blessed, please support our work:https://amazingdiscoveries.org/explore-projects
4512	DONATEADLarge CityEVANGELISM:FINALCOUNTDOWNLouder worth arresuthMattersIf you've been blessed, please support our work:https://amazingdiscoveries.org/explore-projects
4518	DONATEADPopesy recalLarge CityEVANGELISMFINALCOUNTDOWNLoud or worth arreuthMattersIf you've been blessed, please support our work:https://amazingdiscoveries.org/explore-projects
4524	DONATEADLarge CityEVANGELISMFINALContournuthMattersIf you've been blessed, please support our work:https://amazingdiscoveries.org/explore-projects
4530	DONATEADLarge CityEVANGELISM:FINALLoud why worth arenuthMattersIf you've been blessed, please support our work:https://amazingdiscoveries.org/explore-projects
4536	3 viewers scanned the QR codeDONATEADLarge CityEVANGELISM.FINALLoud or worth americauthMattersIf you've been blessed, please support our work:https://amazingdiscoveries.org/explore-projects
4542	DONATETo support the Loud Cry Evangelism go to:https://amazingdiscoveries.org/explore-projects
4548	DONATETo support the Loud Cry Evangelism go to:https://amazingdiscoveries.org/explore-projects
4554	DONATETo support the Loud Cry Evangelism go to:https://amazingdiscoveries.org/explore-projects
4560	DONATETo support the Loud Cry Evangelism go to:https://amazingdiscoveries.org/explore-projects
4566	DONATETo support the Loud Cry Evangelism go to:https://amazingdiscoveries.org/explore-projects
4572	DONATETo support the Loud Cry Evangelism go to:https://amazingdiscoveries.org/explore-projects
4578	DONATETo support the Loud Cry Evangelism go to:https://amazingdiscoveries.org/explore-projects
4584	DONATETo support the Loud Cry Evangelism go to:https://amazingdiscoveries.org/explore-projects
4590	Someone scanned the QR codeDONATETo support the Loud Cry Evangelism go to:https://amazingdiscoveries.org/explore-projects
4596	DONATETo support the Loud Cry Evangelism go to:https://amazingdiscoveries.org/explore-projects
4602	DONATETo support the Loud Cry Evangelism go to:https://amazingdiscoveries.org/explore-projects
4608	DONATETo support the Loud Cry Evangelism go to:https://amazingdiscoveries.org/explore-projects
4614	DONATETo support the Loud Cry Evangelism go to:https://amazingdiscoveries.org/explore-projects
4620	DONATETo support the Loud Cry Evangelism go to:https://amazingdiscoveries.org/explore-projects
4626	Someone scanned the QR codeDONATEDANIEL ATo support the Loud Cry Evangelism go to:https://amazingdiscoveries.org/explore-projects
4632	DONATETo enlist in the army and sign up for training and to help with this venture, email us at:support@amazingdiscoveries.org
4638	DONATETo enlist in the army and sign up for training and to help with this venture, email us at:support@amazingdiscoveries.org
4644	DONATETo enlist in the army and sign up for training and to help with this venture, email us at:support@amazingdiscoveries.org
4650	DONATEOur Daniel Study Guides are now available!Check out: DanielStudies.AmazingDiscoveries.org/
4656	DONATETo enlist in the army and sign up for training and to help with this venture, email us at:support@amazingdiscoveries.org
4662	DONATETo enlist in the army and sign up for training and to help with this venture, email us at:support@amazingdiscoveries.org
4668	DONATETo enlist in the army and sign up for training and to help with this venture, email us at:support@amazingdiscoveries.org
4674	DONATETo enlist in the army and sign up for training and to help with this venture, email us at:support@amazingdiscoveries.org
4680	DONATETo enlist in the army and sign up for training and to help with this venture, email us at:support@amazingdiscoveries.org
4686	DONATETo enlist in the army and sign up for training and to help with this venture, email us at:support@amazingdiscoveries.org
4692	DONATETo enlist in the army and sign up for training and to help with this venture, email us at:support@amazingdiscoveries.org
4698	DONATETo support the Loud Cry Evangelism go to:https://amazingdiscoveries.org/explore-projects
4704	DONATETo support the Loud Cry Evangelism go to:https://amazingdiscoveries.org/explore-projects
4710	DONATETo support the Loud Cry Evangelism go to:https://amazingdiscoveries.org/explore-projects
4716	Someone scanned the QR codeDONATETo support the Loud Cry Evangelism go to:https://amazingdiscoveries.org/explore-projects
4722	DONATETo support the Loud Cry Evangelism go to:https://amazingdiscoveries.org/explore-projects
4728	DONATETo support the Loud Cry Evangelism go to:https://amazingdiscoveries.org/explore-projects
4734	DONATETo support the Loud Cry Evangelism go to:https://amazingdiscoveries.org/explore-projects
4740	DONATETo support the Loud Cry Evangelism go to:https://amazingdiscoveries.org/explore-projects
4746	DONATETo support the Loud Cry Evangelism go to:https://amazingdiscoveries.org/explore-projects
4752	DONATETo support the Loud Cry Evangelism go to:https://amazingdiscoveries.org/explore-projects
4758	DONATEADLarge CityEVANGELISMFINALCOUNTDOWN'UchMattereTo support the Loud Cry Evangelism go to:https://amazingdiscoveries.org/explore-projects
4764	DONATEADLarge CityEVANGELISMFINALCOUNTDOWNLouder worth americauthMattersTo support the Loud Cry Evangelism go to:https://amazingdiscoveries.org/explore-projects
4770	DONATEADLarge CityEVANGELISMFINALCOUNTDOWNLoud why worth armeduthMattersTo support the Loud Cry Evangelism go to:https://amazingdiscoveries.org/explore-projects
4776	DONATEADLarge CityEVANGELISMFINALCOUNTDOWNLoud cry worth ameruthMattersTo support the Loud Cry Evangelism go to:https://amazingdiscoveries.org/explore-projects
4782	* amazingdiscoveries.org/explore-projects?uriname=explore-projectsADAmazingDiscoveries:WatchReadProphecy NewsMoreDONATELarge CityEVANGELISMLoud Cry North AmericaA bold new evangelistic outreach bringing the finalmessage of hope to the great cities, featuring a 42-awaken interest. Through public presentations, BiblSupport this project with a donationCADGreatest NeedThis tund helps AD use the money where mostneeded. Milions of people are held captive indeception and lies about God and His Word. Withyour loving gifts, you have the power to save ives.Support this project with a donationUSDCADTo support the Loud Cry Evangelism go to:https://amazingdiscoveries.org/explore-projectsFinish updatFINALCOUNTDOWNFinal CountdownIf you have been blessed by the Final Countdown;live Bible studies, please help support this series!Support this project with a donation= USDCADruth Matters
4788	amazingdiscoveries.org/explore-projects?urfname=explore-projectsADAmazingDiscoveries:WatchReadProphecy NewsMore vDONATELarge CityEVANGELISMLoud Cry North AmericaA bold new evangelistic outreach bringing the finalmessage of hope to the great cities, featuring a 42-foot image and prophetic displays designed toawaken interest. Through public presentations, Bibl....Support this project with a donationUSDCADGreatest NeedThis fund helps AD use the money where mostneeded. Milions of people are held captive indeception and lies about God and His Word. Withyour loving gifts, you have the power to save lives.Support this project with a donationCADTo support the Loud Cry Evangelism go to:https://amazingdiscoveries.org/explore-projectsFinish updstFINALCOUNTDOWNFinal CountdownIt you have been blessed by the Final Countdownlive Bible studies, please help support this series!Support this project with a donationE USDruth1 Matters++-
4794	amazingdiscoveries.org/explore-projects?urlname=explore-projectsADAmazingDiscoveries:WatchProphecy NewsMore vDONATELarge CityEVANGELISMLoud Cry North AmericaA bold new evangelistic outreach bringing the finalmessage of hope to the great cities, featuring a 42-foot nage and prophetic displays destynto toawaken interest. Through public presentations, Bibl....Support this project with a donationUSDCADGreatest NeedThis fund helps AD use the money where mostneeded. Milions of people are held captive indeception and lies about God and His Word. Withyour loving gifts, you have the power to save lives..Support this project with a donationCADTo support the Loud Cry Evangelism go to:https://amazingdiscoveries.org/explore-projectsFinish updatFINALCOUNTDOWNFinal CountdownIf you have been blessed by the Final Countdownlive Bible studies, please help support this series!Support this project with a donationUSDruthMatters
4800	* amazingdiscoveries.org/explore-projects?urlname=explore-projectsADAmazingDiscoveries:ReadProphecy NewsMore vDONATELarge CityEVANGELISMLoud Cry North AmericaA bold new evangelistic outreach bringing the finalmessage of hope to the great cities, featuring a 42-foot nage anx prophetic displays designed toawaken interest. Through public presentations, Bibl....Support this project with a donationCADGreatest NeedThis fund helps AD use the money where mostneeded. Milions of people are held captive indeception and lies about God and His Word. Withyour loving gifts, you have the power to save lives.Support this project with a donationUSDCADTo support the Loud Cry Evangelism go to:https://amazingdiscoveries.org/explore-projectsFinish updatFINALCOUNTDOWNFinal CountdownIf you have been blessed by the Final Countdownlive Bible studies, please help support this seriestSupport this project with a donation- USDCADruth1 Matters
4806	amazingdiscoveries.org/explore-projects?urlname=explore-projectsADAmazingDiscoveries:ReadProphecy NewsMoreDONATELarge CityEVANGELISMLoud Cry North AmericaA bold new evangelistic outreach bringing the finalmessage of hope to the great cities, featuring a 42-awaken interest. Through public presentations, Bibl..Support this project with a donationUSDCADGreatest NeedThis fund helps AD use the money where mostneeded. Milions of people are held captive indeception and lies about God and His Word. Withyour loving gifts, you have the power to save lives.Support this project with a donationUSDCADTo support the Loud Cry Evangelism go to:https://amazingdiscoveries.org/explore-projectsFinish updatFINALCOUNTDOWNFinal CountdownIf you have been blessed by the Final Countdownlive Bible studies, please help support this series!Support this project with a donationE USDCADruthMatters
4812	DONATEADLarge CityFINAL
4818	DONATEADLarge CityloudEr worth americProphecy NewtFINALruthmaineers
4824	DONATE IADLarge CityFINALLoud ory worth americuthMatters
4830	DONATEADLarge CityFINALuthMatters
4836	DONATEADLarge CityLoudoryworinarhercensken interet. Throurh public preventations. B6l- UK(-I CAItopnosy weeasFINALBonToOwnuthMatters
4842	DONATE IADLarge CityLoudery worth arrePopesy wasFINALCOUNTDOWNuthMatters
4848	DONATE IADLarge CityFINALLouder orth areuthMatters
4854	UNO0
4860	DONATE
4866	DONATE
4872	DONATE
4878	DONATE
4884	DONATE
4890	
4896	DONATE
4902	UNO0
4908	DONATE
4914	
4920	DONATE
4926	DONATE
4932	DONATE I
4938	
4944	UNO0
4950	DONATE
4956	DONATE
4962	DONATE
4968	
4974	
4980	UNO0
4986	DONATE
4992	DONATE
4998	UNO0
5004	DONATE
5010	DONATE
5016	
5022	UNO0
5028	DONATE
5034	DONATE1 Someone scanned the QR code
5040	DONATE I
5046	DONATE
5052	
5058	DONATE
5064	DONATE
5070	DONATE
5076	UNO0
5082	DONATE
5088	UNO0
5094	DONATE
5100	
5106	UNO0
5112	DONATE
5118	DONATE
5124	DONATE
5130	
5136	
5142	DONATE
5148	3UNO0I
5154	3UNO0I
