0	
6	Welcome to Judgment Day StudiesThank you for joining for our 10 week studies!
12	Welcome to Judgment Day StudiesThank you for joining for our 10 week studies!
18	Welcome to Judgment Day StudiesThank you for joining for our 10 week studies!
24	AlliD.tvLIVEWelcome to Judgment Day StudiesThank you for joining for our 10 week studies!
30	ADLIVEWelcome to Judgment Day StudiesThank you for joining for our 10 week studies!
36	MacKenzie DrebitVice PresidentAllDtvLIVE
42	MacKenzie DrebitVice PresidentADLIVE
48	ADtvLIVE
54	ADLIVE
60	ADtvLIVE
66	ADLIVE
72	ADLIVEEngage With UsWrite your questions and comments in the chat!
78	ADtvLIVEEngage With UsWrite your questions and comments in the chat!
84	ADLIVEEngage With UsWrite your questions and comments in the chat!
90	ADLIVE
96	ADLIVE
102	ADLIVE
108	ADLIVE
114	ADLIVE
120	ADtvLIVEJudgmentDayDocumentary.com
126	ADtvLIVEJudgmentDayDocumentary.com
132	ADtvLIVE
138	DLIVEtv
144	ADLIVE
150	ADLIVE
156	AllLIVEtv
162	ADLIVE
168	ADLIVE
174	ADLIVEAmazing DiscoveriesE: support@amazingdiscoveries.org P: 1-866-572-9457
180	AD(tvLIVEAmazing DiscoveriesE: support@amazingdiscoveries.org P: 1-866-572-9457
186	MacKenzie DrebitVice PresidentADLIVE
192	MacKenzie DrebitVice PresidentADLIVE
198	AllDtvLIVE
204	ADtvLIVE
210	ADLIVE
216	ADLIVE
222	ADtyLIVE
228	ADLIVE
234	ADtvLIVE
240	ADLIVE
246	AllDtvLIVE
252	ADLIVE
258	ADLIVE
264	AllD.LIVEtv
270	ADtvLIVE
276	ADLIVE
282	ADLIVE
288	ADLIVE
294	ADLIVE
300	ADLIVE
306	ADLIVEAUDIO EXPERIENCING TECHNICAL ISSUES
312	ADLIVEAUDIO EXPERIENCING TECHNICAL ISSUES
318	ADLIVEAUDIO EXPERIENCING TECHNICAL ISSUES
324	ADLIVEAUDIO EXPERIENCING TECHNICAL ISSUES
330	ADLIVEAUDIO EXPERIENCING TECHNICAL ISSUES
336	ADLIVEAUDIO EXPERIENCING TECHNICAL ISSUES
342	ADtvLIVEAUDIO EXPERIENCING TECHNICAL ISSUES
348	ADtvLIVEAUDIO EXPERIENCING TECHNICAL ISSUES
354	ADtvLIVEAUDIO EXPERIENCING TECHNICAL ISSUES
360	ADLIVEAUDIO EXPERIENCING TECHNICAL ISSUES
366	ADLIVEAUDIO EXPERIENCING TECHNICAL ISSUES
372	ADtvLIVEAUDIO EXPERIENCING TECHNICAL ISSUES
378	ADLIVEAUDIO EXPERIENCING TECHNICAL ISSUES
384	ADLIVEAUDIO EXPERIENCING TECHNICAL ISSUES
390	ADtvLIVEAUDIO EXPERIENCING TECHNICAL ISSUES
396	ADLIVEAUDIO EXPERIENCING TECHNICAL ISSUES
402	AILD.LIVEtvAUDIO EXPERIENCING TECHNICAL ISSUES
408	ADLIVEAUDIO EXPERIENCING TECHNICAL ISSUES
414	ADLIVEAUDIO EXPERIENCING TECHNICAL ISSUES
420	ADLIVEAUDIO EXPERIENCING TECHNICAL ISSUES
426	ADLIVEAUDIO EXPERIENCING TECHNICAL ISSUES
432	ADtvLIVEAUDIO EXPERIENCING TECHNICAL ISSUES
438	
444	ADLIVE
450	AD
456	
462	
468	
474	
480	
486	
492	EXIT
498	
504	
510	
516	
522	JUDGMENTDAYFIND OUT MORE ON:JUDGMENTDAY DOCUMENTARY.COM
528	JUDGMENTDAYFIND OUT MORE ON:JUDGMENTDAYDOCUMENTARY.COM
534	
540	
546	
552	
558	AUDIO EXPERIENCING TECHNICAL ISSUES
564	AUDIO EXPERIENCING TECHNICAL ISSUES
570	AUDIO EXPERIENCING TECHNICAL ISSUES
576	AUDIO EXPERIENCING TECHNICAL ISSUES
582	AUDIO EXPERIENCING TECHNICAL ISSUES
588	AUDIO EXPERIENCING TECHNICAL ISSUES
594	AUDIO EXPERIENCING TECHNICAL ISSUES
600	AUDIO EXPERIENCING TECHNICAL ISSUES
606	AUDIO EXPERIENCING TECHNICAL ISSUES
612	AUDIO EXPERIENCING TECHNICAL ISSUES
618	LIVEAUDIO EXPERIENCING TECHNICAL ISSUES
624	ADLIVE1HOW IMPORTANT AREThe Three AngelsMessages?AUDIO EXPERIENCING TECHNICAL ISSUES
630	ADtvLIVE1HOW IMPORTANT AREThe Three AngelsMessages?AUDIO EXPERIENCING TECHNICAL ISSUES
636	ADtvLIVE1HOW IMPORTANT AREThe Three AngelsMessages?AUDIO EXPERIENCING TECHNICAL ISSUES
642	ADtvLIVE1HOW IMPORTANT AREThe Three AngelsMessages?AUDIO EXPERIENCING TECHNICAL ISSUES
648	ADtvLIVE1HOW IMPORTANT AREThe Three AngelsMessages?AUDIO EXPERIENCING TECHNICAL ISSUES
654	ADtvLIVE1HOW IMPORTANT AREThe Three AngelsMessages?AUDIO EXPERIENCING TECHNICAL ISSUES
660	ADtvLIVE1HOW IMPORTANT AREThe Three AngelsMessages?AUDIO EXPERIENCING TECHNICAL ISSUES
666	AllDtvLIVEREVELATION 14:6, 7• 6 And I saw another angel fly in the midst ofany min, and the, feat and IStheaven, having the everlasting gospel toto every nation, and kindred, and tongue, andpeople,Message• 7 Saying with a loud voice, Fear God, and giveglory to him; for the hour of his judgment iscome: and worship him that made heaven, andearth, and the sea, and the fountains of waters.AUDIO EXPERIENCING TECHNICAL ISSUES
672	AILtvLIVEREVELATION 14:6, 7• 6 And I saw another angel fly in the midst ofheaven, having the everlasting gospel toto every nation, and kindred, and tongue, andpeople,Message• 7 Saying with a loud voice, Fear God, and giveglory to him; for the hour of his judgment iscome: and worship him that made heaven, andearth, and the sea, and the fountains of waters.AUDIO EXPERIENCING TECHNICAL ISSUES
678	AlLtvLIVEREVELATION 14:6, 7• 6 And I saw another angel fly in the midst ofheaven, having the everlasting gospel toto every nation, and kindred, and tongue, andpeople,Message• 7 Saying with a loud voice, Fear God, and giveglory to him; for the hour of his judgment iscome: and worship him that made heaven, andearth, and the sea, and the fountains of waters.AUDIO EXPERIENCING TECHNICAL ISSUES
684	AllDLIVEREVELATION 14:6, 7• 6 And I saw another angel fly in the midst ofheaven, having the everlasting gospel toto every nation, and kindred, and tongue, andpeople,Message• 7 Saying with a loud voice, Fear God, and giveglory to him; for the hour of his judgment iscome: and worship him that made heaven, andearth, and the sea, and the fountains of waters.AUDIO EXPERIENCING TECHNICAL ISSUES
690	AllDtvLIVEREVELATION 14:6, 7• 6 And I saw another angel fly in the midst ofheaven, having the everlasting gospel toto every nation, and kindred, and tongue, andpeople,Message• 7 Saying with a loud voice, Fear God, and giveglory to him; for the hour of his judgment iscome: and worship him that made heaven, andearth, and the sea, and the fountains of waters.AUDIO EXPERIENCING TECHNICAL ISSUES
696	AILD.tvLIVEREVELATION 14:6, 7• 6 And I saw another angel fly in the midst ofheaven, having the everlasting gospel toto every nation, and kindred, and tongue, andpeople,Message• 7 Saying with a loud voice, Fear God, and giveglory to him; for the hour of his judgment iscome: and worship him that made heaven, andearth, and the sea, and the fountains of waters.AUDIO EXPERIENCING TECHNICAL ISSUES
702	AILItvLIVEREVELATION 14:6, 7• 6 And I saw another angel fly in the midst ofheaven, having the everlasting gospel toto every nation, and kindred, and tongue, andpeople,Message• 7 Saying with a loud voice, Fear God, and giveglory to him; for the hour of his judgment iscome: and worship him that made heaven, andearth, and the sea, and the fountains of waters.AUDIO EXPERIENCING TECHNICAL ISSUES
708	AlltvLIVEREVELATION 14:6, 7• 6 And I saw another angel fly in the midst ofheaven, having the everlasting gospel toto every nation, and kindred, and tongue, andpeople,Message• 7 Saying with a loud voice, Fear God, and giveglory to him; for the hour of his judgment iscome: and worship him that made heaven, andearth, and the sea, and the fountains of waters.AUDIO EXPERIENCING TECHNICAL ISSUES
714	AllDtvLIVEREVELATION 14:6, 7• 6 And I saw another angel fly in the midst ofheaven, having the everlasting gospel toto every nation, and kindred, and tongue, andpeople,Message• 7 Saying with a loud voice, Fear God, and giveglory to him; for the hour of his judgment iscome: and worship him that made heaven, andearth, and the sea, and the fountains of waters.AUDIO EXPERIENCING TECHNICAL ISSUES
720	AllDtvLIVEREVELATION 14:6, 7• 6 And I saw another angel fly in the midst ofheaven, having the everlasting gospel toto every nation, and kindred, and tongue, andpeople,Message• 7 Saying with a loud voice, Fear God, and giveglory to him; for the hour of his judgment iscome: and worship him that made heaven, andearth, and the sea, and the fountains of waters.AUDIO EXPERIENCING TECHNICAL ISSUES
726	AlltvLIVEREVELATION 14:6, 7• 6 And I saw another angel fly in the midst ofheaven, having the everlasting gospel toto every nation, and kindred, and tongue, andpeople,Message• 7 Saying with a loud voice, Fear God, and giveglory to him; for the hour of his judgment iscome: and worship him that made heaven, andearth, and the sea, and the fountains of waters.AUDIO EXPERIENCING TECHNICAL ISSUES
732	DtvLIVEREVELATION 14:6, 7• 6 And I saw another angel fly in the midst ofheaven, having the everlasting gospel toto every nation, and kindred, and tongue, andpeople,Message• 7 Saying with a loud voice, Fear God, and giveglory to him; for the hour of his judgment iscome: and worship him that made heaven, andearth, and the sea, and the fountains of waters.AUDIO EXPERIENCING TECHNICAL ISSUES
738	AlltvLIVEREVELATION 14:6, 7• 6 And I saw another angel fly in the midst ofheaven, having the everlasting gospel toto every nation, and kindred, and tongue, andpeople,Message• 7 Saying with a loud voice, Fear God, and giveglory to him; for the hour of his judgment iscome: and worship him that made heaven, andearth, and the sea, and the fountains of waters.AUDIO EXPERIENCING TECHNICAL ISSUES
744	AILtvLIVEREVELATION 14:6, 7• 6 And I saw another angel fly in the midst ofheaven, having the everlasting gospel toto every nation, and kindred, and tongue, andpeople,Message• 7 Saying with a loud voice, Fear God, and giveglory to him; for the hour of his judgment iscome: and worship him that made heaven, andearth, and the sea, and the fountains of waters.AUDIO EXPERIENCING TECHNICAL ISSUES
750	AllDtvLIVEREVELATION 14:6, 7• 6 And I saw another angel fly in the midst ofheaven, having the everlasting gospel toto every nation, and kindred, and tongue, andpeople,Message• 7 Saying with a loud voice, Fear God, and giveglory to him; for the hour of his judgment iscome: and worship him that made heaven, andearth, and the sea, and the fountains of waters.AUDIO EXPERIENCING TECHNICAL ISSUES
756	AILtvLIVEREVELATION 14:6, 7• 6 And I saw another angel fly in the midst ofheaven, having the everlasting gospel toto every nation, and kindred, and tongue, andpeople,Message• 7 Saying with a loud voice, Fear God, and giveglory to him; for the hour of his judgment iscome: and worship him that made heaven, andearth, and the sea, and the fountains of waters.AUDIO EXPERIENCING TECHNICAL ISSUES
762	AllDtvLIVEREVELATION 14:6, 7• 6 And I saw another angel fly in the midst ofheaven, having the everlasting gospel toto every nation, and kindred, and tongue, andpeople,Message• 7 Saying with a loud voice, Fear God, and giveglory to him; for the hour of his judgment iscome: and worship him that made heaven, andearth, and the sea, and the fountains of waters.AUDIO EXPERIENCING TECHNICAL ISSUES
768	AILtvLIVEREVELATION 14:6, 7• 6 And I saw another angel fly in the midst ofheaven, having the everlasting gospel toto every nation, and kindred, and tongue, andpeople,Message• 7 Saying with a loud voice, Fear God, and giveglory to him; for the hour of his judgment iscome: and worship him that made heaven, andearth, and the sea, and the fountains of waters.AUDIO EXPERIENCING TECHNICAL ISSUES
774	AllDtvLIVEREVELATION 14:6, 7• 6 And I saw another angel fly in the midst ofheaven, having the everlasting gospel toto every nation, and kindred, and tongue, andpeople,Message• 7 Saying with a loud voice, Fear God, and giveglory to him; for the hour of his judgment iscome: and worship him that made heaven, andearth, and the sea, and the fountains of waters.AUDIO EXPERIENCING TECHNICAL ISSUES
780	AILtvLIVEREVELATION 14:6, 7• 6 And I saw another angel fly in the midst ofheaven, having the everlasting gospel toto every nation, and kindred, and tongue, andpeople,Message• 7 Saying with a loud voice, Fear God, and giveglory to him; for the hour of his judgment iscome: and worship him that made heaven, andearth, and the sea, and the fountains of waters.AUDIO EXPERIENCING TECHNICAL ISSUES
786	AILtvLIVEREVELATION 14:6, 7• 6 And I saw another angel fly in the midst ofheaven, having the everlasting gospel toto every nation, and kindred, and tongue, andpeople,Message• 7 Saying with a loud voice, Fear God, and giveglory to him; for the hour of his judgment iscome: and worship him that made heaven, andearth, and the sea, and the fountains of waters.AUDIO EXPERIENCING TECHNICAL ISSUES
792	AllDtvLIVEREVELATION 14:6, 7• 6 And I saw another angel fly in the midst ofheaven, having the everlasting gospel toto every nation, and kindred, and tongue, andpeople,Message• 7 Saying with a loud voice, Fear God, and giveglory to him; for the hour of his judgment iscome: and worship him that made heaven, andearth, and the sea, and the fountains of waters.AUDIO EXPERIENCING TECHNICAL ISSUES
798	AllDtvLIVEREVELATION 14:6, 7• 6 And I saw another angel fly in the midst ofheaven, having the everlasting gospel toto every nation, and kindred, and tongue, andpeople,Message• 7 Saying with a loud voice, Fear God, and giveglory to him; for the hour of his judgment iscome: and worship him that made heaven, andearth, and the sea, and the fountains of waters.AUDIO EXPERIENCING TECHNICAL ISSUES
804	AlLtvLIVEREVELATION 14:6, 7• 6 And I saw another angel fly in the midst ofheaven, having the everlasting gospel toto every nation, and kindred, and tongue, andpeople,Message• 7 Saying with a loud voice, Fear God, and giveglory to him; for the hour of his judgment iscome: and worship him that made heaven, andearth, and the sea, and the fountains of waters.AUDIO EXPERIENCING TECHNICAL ISSUES
810	AllDtvLIVEREVELATION 14:6, 7• 6 And I saw another angel fly in the midst ofheaven, having the everlasting gospel toto every nation, and kindred, and tongue, andpeople,Message• 7 Saying with a loud voice, Fear God, and giveglory to him; for the hour of his judgment iscome: and worship him that made heaven, andearth, and the sea, and the fountains of waters.AUDIO EXPERIENCING TECHNICAL ISSUES
816	AllDtvLIVEREVELATION 14:6, 7• 6 And I saw another angel fly in the midst ofheaven, having the everlasting gospel toto every nation, and kindred, and tongue, andpeople,Message• 7 Saying with a loud voice, Fear God, and giveglory to him; for the hour of his judgment iscome: and worship him that made heaven, andearth, and the sea, and the fountains of waters.AUDIO EXPERIENCING TECHNICAL ISSUES
822	AILD.LIVEREVELATION 14:6, 7• 6 And I saw another angel fly in the midst ofheaven, having the everlasting gospel toto every nation, and kindred, and tongue, andpeople,Message• 7 Saying with a loud voice, Fear God, and giveglory to him; for the hour of his judgment iscome: and worship him that made heaven, andearth, and the sea, and the fountains of waters.AUDIO EXPERIENCING TECHNICAL ISSUES
828	AILItvLIVEREVELATION 14:6, 7• 6 And I saw another angel fly in the midst ofheaven, having the everlasting gospel toto every nation, and kindred, and tongue, andpeople,Message• 7 Saying with a loud voice, Fear God, and giveglory to him; for the hour of his judgment iscome: and worship him that made heaven, andearth, and the sea, and the fountains of waters.AUDIO EXPERIENCING TECHNICAL ISSUES
834	AILD.ItvLIVEREVELATION 14:6, 7• 6 And I saw another angel fly in the midst ofheaven, having the everlasting gospel toto every nation, and kindred, and tongue, andpeople,Message• 7 Saying with a loud voice, Fear God, and giveglory to him; for the hour of his judgment iscome: and worship him that made heaven, andearth, and the sea, and the fountains of waters.AUDIO EXPERIENCING TECHNICAL ISSUES
840	AlltvLIVEREVELATION 14:6, 7• 6 And I saw another angel fly in the midst ofheaven, having the everlasting gospel toto every nation, and kindred, and tongue, andpeople,Message• 7 Saying with a loud voice, Fear God, and giveglory to him; for the hour of his judgment iscome: and worship him that made heaven, andearth, and the sea, and the fountains of waters.AUDIO EXPERIENCING TECHNICAL ISSUES
846	AILDtvLIVEREVELATION 14:6, 7• 6 And I saw another angel fly in the midst ofheaven, having the everlasting gospel toto every nation, and kindred, and tongue, andpeople,Message• 7 Saying with a loud voice, Fear God, and giveglory to him; for the hour of his judgment iscome: and worship him that made heaven, andearth, and the sea, and the fountains of waters.AUDIO EXPERIENCING TECHNICAL ISSUES
852	ADLIVEREVELATION 14:6, 7• 6 And I saw another angel fly in the midst ofheaven, having the everlasting gospel toto every nation, and kindred, and tongue, andpeople,Message• 7 Saying with a loud voice, Fear God, and giveglory to him; for the hour of his judgment iscome: and worship him that made heaven, andearth, and the sea, and the fountains of waters.AUDIO EXPERIENCING TECHNICAL ISSUES
858	AILtvLIVEREVELATION 14:6, 7• 6 And I saw another angel fly in the midst ofheaven, having the everlasting gospel toto every nation, and kindred, and tongue, andpeople,Message• 7 Saying with a loud voice, Fear God, and giveglory to him; for the hour of his judgment iscome: and worship him that made heaven, andearth, and the sea, and the fountains of waters.AUDIO EXPERIENCING TECHNICAL ISSUES
864	AILD.tvLIVEREVELATION 14:6, 7• 6 And I saw another angel fly in the midst ofheaven, having the everlasting gospel toto every nation, and kindred, and tongue, andpeople,Message• 7 Saying with a loud voice, Fear God, and giveglory to him; for the hour of his judgment iscome: and worship him that made heaven, andearth, and the sea, and the fountains of waters.AUDIO EXPERIENCING TECHNICAL ISSUES
870	AILLIVEREVELATION 14:6, 7• 6 And I saw another angel fly in the midst ofheaven, having the everlasting gospel toto every nation, and kindred, and tongue, andpeople,Message• 7 Saying with a loud voice, Fear God, and giveglory to him; for the hour of his judgment iscome: and worship him that made heaven, andearth, and the sea, and the fountains of waters.AUDIO EXPERIENCING TECHNICAL ISSUES
876	REVELATION 14:6, 7• 6 And I saw another angel fly in the midst ofheaven, having the everlasting gospel toto every nation, and kindred, and tongue, andpeople,Message• 7 Saying with a loud voice, Fear God, and giveglory to him; for the hour of his judgment iscome: and worship him that made heaven, andearth, and the sea, and the fountains of waters.ADLIVE
882	REVELATION 14:6, 7• 6 And I saw another angel fly in the midst ofheaven, having the everlasting gospel toto every nation, and kindred, and tongue, andpeople,Message• 7 Saying with a loud voice, Fear God, and giveglory to him; for the hour of his judgment iscome: and worship him that made heaven, andearth, and the sea, and the fountains of waters.ADtvLIVE
888	REVELATION 14:6, 7• 6 And I saw another angel fly in the midst ofheaven, having the everlasting gospel toto every nation, and kindred, and tongue, andpeople,Message• 7 Saying with a loud voice, Fear God, and giveglory to him; for the hour of his judgment iscome: and worship him that made heaven, andearth, and the sea, and the fountains of waters.ADLIVE
894	REVELATION 14:6, 7• 6 And I saw another angel fly in the midst ofheaven, having the everlasting gospel toto every nation, and kindred, and tongue, andpeople,Message• 7 Saying with a loud voice, Fear God, and giveglory to him; for the hour of his judgment iscome: and worship him that made heaven, andearth, and the sea, and the fountains of waters.ADItvLIVE
900	REVELATION 14:6, 7• 6 And I saw another angel fly in the midst ofheaven, having the everlasting gospel toto every nation, and kindred, and tongue, andpeople,Message• 7 Saying with a loud voice, Fear God, and giveglory to him; for the hour of his judgment iscome: and worship him that made heaven, andearth, and the sea, and the fountains of waters.ADtvLIVE
906	REVELATION 14:6, 7• 6 And I saw another angel fly in the midst ofheaven, having the everlasting gospel toto every nation, and kindred, and tongue, andpeople,Message• 7 Saying with a loud voice, Fear God, and giveglory to him; for the hour of his judgment iscome: and worship him that made heaven, andearth, and the sea, and the fountains of waters.ADtvLIVE
912	REVELATION 14:6, 7• 6 And I saw another angel fly in the midst ofheaven, having the everlasting gospel toto every nation, and kindred, and tongue, andpeople,Message• 7 Saying with a loud voice, Fear God, and giveglory to him; for the hour of his judgment iscome: and worship him that made heaven, andearth, and the sea, and the fountains of waters.ADtvLIVE
918	REVELATION 14:6, 7• 6 And I saw another angel fly in the midst ofheaven, having the everlasting gospel toto every nation, and kindred, and tongue, andpeople,Message• 7 Saying with a loud voice, Fear God, and giveglory to him; for the hour of his judgment iscome: and worship him that made heaven, andearth, and the sea, and the fountains of waters.ADtvLIVE
924	REVELATION 14:6, 7• 6 And I saw another angel fly in the midst ofheaven, having the everlasting gospel toto every nation, and kindred, and tongue, andpeople,Message• 7 Saying with a loud voice, Fear God, and giveglory to him; for the hour of his judgment iscome: and worship him that made heaven, andearth, and the sea, and the fountains of waters.ADtvLIVE
930	REVELATION 14:6, 7• 6 And I saw another angel fly in the midst ofheaven, having the everlasting gospel toto every nation, and kindred, and tongue, andpeople,Message• 7 Saying with a loud voice, Fear God, and giveglory to him; for the hour of his judgment iscome: and worship him that made heaven, andearth, and the sea, and the fountains of waters.ADtvLIVE
936	REVELATION 14:6, 7• 6 And I saw another angel fly in the midst ofheaven, having the everlasting gospel toto every nation, and kindred, and tongue, andpeople,Message• 7 Saying with a loud voice, Fear God, and giveglory to him; for the hour of his judgment iscome: and worship him that made heaven, andearth, and the sea, and the fountains of waters.ADtvLIVE
942	REVELATION 14:6, 7• 6 And I saw another angel fly in the midst ofheaven, having the everlasting gospel toto every nation, and kindred, and tongue, andpeople,Message• 7 Saying with a loud voice, Fear God, and giveglory to him; for the hour of his judgment iscome: and worship him that made heaven, andearth, and the sea, and the fountains of waters.ADItvLIVE
948	REVELATION 14:6, 7• 6 And I saw another angel fly in the midst ofheaven, having the everlasting gospel toto every nation, and kindred, and tongue, andpeople,Message• 7 Saying with a loud voice, Fear God, and giveglory to him; for the hour of his judgment iscome: and worship him that made heaven, andearth, and the sea, and the fountains of waters.ADtvLIVE
954	REVELATION 14:6, 7• 6 And I saw another angel fly in the midst ofheaven, having the everlasting gospel toto every nation, and kindred, and tongue, andpeople,Message• 7 Saying with a loud voice, Fear God, and giveglory to him; for the hour of his judgment iscome: and worship him that made heaven, andearth, and the sea, and the fountains of waters.ADtvLIVE
960	REVELATION 14:6, 7• 6 And I saw another angel fly in the midst ofheaven, having the everlasting gospel toto every nation, and kindred, and tongue, andpeople,Message• 7 Saying with a loud voice, Fear God, and giveglory to him; for the hour of his judgment iscome: and worship him that made heaven, andearth, and the sea, and the fountains of waters.ADtvLIVE
966	REVELATION 14:6, 7• 6 And I saw another angel fly in the midst ofheaven, having the everlasting gospel toto every nation, and kindred, and tongue, andpeople,Message• 7 Saying with a loud voice, Fear God, and giveglory to him; for the hour of his judgment iscome: and worship him that made heaven, andearth, and the sea, and the fountains of waters.ADItvLIVE
972	REVELATION 14:6, 7• 6 And I saw another angel fly in the midst ofheaven, having the everlasting gospel toto every nation, and kindred, and tongue, andpeople,• 7 Saying with a loud voice, Fear God, and giveglory to him; for the hour of his judgment iscome: and worship him that made heaven, andearth, and the sea, and the fountains of waters.MessageMacKenzie DrebitVice PresidentADtvLIVE
978	REVELATION 14:6, 7• 6 And I saw another angel fly in the midst ofany nation nt state, an onto at Stheaven, having the everlasting gospel toto every nation, and kindred, and tongue, andpeople,Message• 7 Saying with a loud voice, Fear God, and giveglory to him; for the hour of his judgment iscome: and worship him that made heaven, andearth, and the sea, and the fountains of waters.ADLIVE
984	REVELATION 14:8• 8 And there followed another angel,saying, Babylon is fallen, is fallen, thatgreat city, because she made all nationsdrink of the wine of the wrath of herfornication.2ndMessageADtvLIVE
990	REVELATION 14:8• 8 And there followed another angel,saying, Babylon is fallen, is fallen, thatgreat city, because she made all nationsdrink of the wine of the wrath of herfornication.2ndMessageADItvLIVE
996	REVELATION 14:8• 8 And there followed another angel,saying, Babylon is fallen, is fallen, thatgreat city, because she made all nationsdrink of the wine of the wrath of herfornication.2ndMessageALLDtvLIVE
1002	REVELATION 14:8• 8 And there followed another angel,saying, Babylon is fallen, is fallen, thatgreat city, because she made all nationsdrink of the wine of the wrath of herfornication.2ndMessageADItvLIVE
1008	REVELATION 14:8• 8 And there followed another angel,saying, Babylon is fallen, is fallen, thatgreat city, because she made all nationsdrink of the wine of the wrath of herfornication.2ndMessageADtvLIVE
1014	REVELATION 14:8• 8 And there followed another angel,saying, Babylon is fallen, is fallen, thatgreat city, because she made all nationsdrink of the wine of the wrath of herfornication.2ndMessageADtvLIVE
1020	REVELATION 14:8• 8 And there followed another angel,saying, Babylon is fallen, is fallen, thatgreat city, because she made all nationsdrink of the wine of the wrath of herfornication.2ndMessageALLItvLIVE
1026	REVELATION 14:8• 8 And there followed another angel,saying, Babylon is fallen, is fallen, thatgreat city, because she made all nationsdrink of the wine of the wrath of herfornication.2ndMessageADtvLIVE
1032	REVELATION 14:8• 8 And there followed another angel,saying, Babylon is fallen, is fallen, thatgreat city, because she made all nationsdrink of the wine of the wrath of herfornication.2ndMessageALDItvLIVE
1038	REVELATION 14:8• 8 And there followed another angel,saying, Babylon is fallen, is fallen, thatgreat city, because she made all nationsdrink of the wine of the wrath of herfornication.2ndMessageADtvLIVE
1044	REVELATION 14:8• 8 And there followed another angel,saying, Babylon is fallen, is fallen, thatgreat city, because she made all nationsdrink of the wine of the wrath of herfornication.2ndMessageADItvLIVE
1050	REVELATION 14:8• 8 And there followed another angel,saying, Babylon is fallen, is fallen, thatgreat city, because she made all nationsdrink of the wine of the wrath of herfornication.2ndMessageADtvLIVE
1056	REVELATION 14:8• 8 And there followed another angel,saying, Babylon is fallen, is fallen, thatgreat city, because she made all nationsdrink of the wine of the wrath of herfornication.2ndMessageADItvLIVE
1062	REVELATION 14:9-11• 9 And the third angel followed them, saying withimage, and receive his mark in his forehead, or inhis hand.• 10 The same shall drink of the wine of the wrathof God, which is poured out without mixture intothe cup of his indignation: and he shall betormented with fire and brimstone in the3rdpresence of the holy angels, and in the presenceof the Lamb:Message• 11 And the smoke of their torment ascendeth upfor ever and ever: and they have no rest day nornight, who worship the beast and his image, andwhosoever receiveth the mark of his name.AD[tvLIVE
1068	REVELATION 14:9-11• 9 And the third angel followed them, saying withimage, and receive his mark in his forehead, or inhis hand.• 10 The same shall drink of the wine of the wrathof God, which is poured out without mixture intothe cup of his indignation: and he shall betormented with fire and brimstone in the3rdpresence of the holy angels, and in the presenceof the Lamb:Message• 11 And the smoke of their torment ascendeth upfor ever and ever: and they have no rest day nornight, who worship the beast and his image, andwhosoever receiveth the mark of his name.ADtvLIVE
1074	REVELATION 14:9-11• 9 And the third angel followed them, saying withimage, and receive his mark in his forehead, or inhis hand.• 10 The same shall drink of the wine of the wrathof God, which is poured out without mixture intothe cup of his indignation: and he shall betormented with fire and brimstone in the3rdpresence of the holy angels, and in the presenceof the Lamb:Message• 11 And the smoke of their torment ascendeth upfor ever and ever: and they have no rest day nornight, who worship the beast and his image, andwhosoever receiveth the mark of his name.ADtvLIVE
1080	REVELATION 14:9-11• 9 And the third angel followed them, saying withimage, and receive his mark in his forehead, or inshis hand.• 10 The same shall drink of the wine of the wrathof God, which is poured out without mixture intothe cup of his indignation: and he shall betormented with fire and brimstone in the3rdpresence of the holy angels, and in the presenceof the Lamb:Message• 11 And the smoke of their torment ascendeth upfor ever and ever: and they have no rest day nornight, who worship the beast and his image, andwhosoever receiveth the mark of his name.ADtvLIVE
1086	REVELATION 14:9-11• 9 And the third angel followed them, saying withimage, and receive his mark in his forehead, or inhis hand.• 10 The same shall drink of the wine of the wrathof God, which is poured out without mixture intothe cup of his indignation: and he shall betormented with fire and brimstone in the3rdpresence of the holy angels, and in the presenceof the Lamb:Message• 11 And the smoke of their torment ascendeth upfor ever and ever: and they have no rest day nornight, who worship the beast and his image, andwhosoever receiveth the mark of his name.ADtvLIVE
1092	REVELATION 14:9-11• 9 And the third angel followed them, saying withimage, and receive his mark in his forehead, or inhis hand.• 10 The same shall drink of the wine of the wrathof God, which is poured out without mixture intothe cup of his indignation: and he shall betormented with fire and brimstone in the3rdpresence of the holy angels, and in the presenceof the Lamb:Message• 11 And the smoke of their torment ascendeth upfor ever and ever: and they have no rest day nornight, who worship the beast and his image, andwhosoever receiveth the mark of his name.ADtvLIVE
1098	REVELATION 14:9-11• 9 And the third angel followed them, saying withimage, and receive his mark in his forehead, or inhis hand.• 10 The same shall drink of the wine of the wrathof God, which is poured out without mixture intothe cup of his indignation: and he shall betormented with fire and brimstone in the3rdpresence of the holy angels, and in the presenceof the Lamb:Message• 11 And the smoke of their torment ascendeth upfor ever and ever: and they have no rest day nornight, who worship the beast and his image, andwhosoever receiveth the mark of his name.ADtvLIVE
1104	REVELATION 14:9-11• 9 And the third angel followed them, saying withimage, and receive his mark in his forehead, or inhis hand.• 10 The same shall drink of the wine of the wrathof God, which is poured out without mixture intothe cup of his indignation: and he shall betormented with fire and brimstone in the3rdpresence of the holy angels, and in the presenceof the Lamb:Message• 11 And the smoke of their torment ascendeth upfor ever and ever: and they have no rest day nornight, who worship the beast and his image, andwhosoever receiveth the mark of his name.ADtvLIVE
1110	REVELATION 14:9-11• 9 And the third angel followed them, saying withimage, and receive his mark in his forehead, or inhis hand.• 10 The same shall drink of the wine of the wrathof God, which is poured out without mixture intothe cup of his indignation: and he shall betormented with fire and brimstone in the3rdpresence of the holy angels, and in the presenceof the Lamb:Message• 11 And the smoke of their torment ascendeth upfor ever and ever: and they have no rest day nornight, who worship the beast and his image, andwhosoever receiveth the mark of his name.ADtvLIVE
1116	REVELATION 14:9-11• 9 And the third angel followed them, saying withimage, and receive his mark in his forehead, or inhis hand,• 10 The same shall drink of the wine of the wrathof God, which is poured out without mixture intothe cup of his indignation: and he shall betormented with fire and brimstone in the3rdpresence of the holy angels, and in the presenceof the Lamb:Message• 11 And the smoke of their torment ascendeth upfor ever and ever: and they have no rest day nornight, who worship the beast and his image, andwhosoever receiveth the mark of his name.ADtvLIVE
1122	REVELATION 14:9-11• 9 And the third angel followed them, saying withimage, and receive his mark in his forehead, or inhis hand.• 10 The same shall drink of the wine of the wrathof God, which is poured out without mixture intothe cup of his indignation: and he shall betormented with fire and brimstone in the3rdpresence of the holy angels, and in the presenceof the Lamb:Message• 11 And the smoke of their torment ascendeth upfor ever and ever: and they have no rest day nornight, who worship the beast and his image, andwhosoever receiveth the mark of his name.ADtvLIVE
1128	REVELATION 14:9-11• 9 And the third angel followed them, saying withimage, and receive his mark in his forehead, or inhis hand.• 10 The same shall drink of the wine of the wrathof God, which is poured out without mixture intothe cup of his indignation: and he shall betormented with fire and brimstone in the3rdpresence of the holy angels, and in the presenceof the Lamb:Message• 11 And the smoke of their torment ascendeth upfor ever and ever: and they have no rest day nornight, who worship the beast and his image, andwhosoever receiveth the mark of his name.ADtvLIVE
1134	REVELATION 14:9-11• 9 And the third angel followed them, saying withimage, and receive his mark in his forehead, or inhis hand.• 10 The same shall drink of the wine of the wrathof God, which is poured out without mixture intothe cup of his indignation: and he shall betormented with fire and brimstone in the3rdpresence of the holy angels, and in the presenceof the Lamb:Message• 11 And the smoke of their torment ascendeth upfor ever and ever: and they have no rest day nornight, who worship the beast and his image, andwhosoever receiveth the mark of his name.AD(tvLIVE
1140	REVELATION 14:9-11• 9 And the third angel followed them, saying withimage, and receive his mark in his forehead, or inhis hand.• 10 The same shall drink of the wine of the wrathof God, which is poured out without mixture intothe cup of his indignation: and he shall betormented with fire and brimstone in the3rdpresence of the holy angels, and in the presenceof the Lamb:Message• 11 And the smoke of their torment ascendeth upfor ever and ever: and they have no rest day nornight, who worship the beast and his image, andwhosoever receiveth the mark of his name.ADtvLIVE
1146	REVELATION 14:12• 12 Here is the patience of the saints: here arethey that keep the commandments of God,and the faith of Jesus.AD(tvLIVE
1152	REVELATION 14:12• 12 Here is the patience of the saints: here arethey that keep the commandments of God,and the faith of Jesus.ADtvLIVE
1158	REVELATION 14:12• 12 Here is the patience of the saints: here arethey that keep the commandments of God,and the faith of Jesus.ADtvLIVE
1164	REVELATION 14:12• 12 Here is the patience of the saints: here arethey that keep the commandments of God,and the faith of Jesus.ADtvLIVE
1170	REVELATION 14:12• 12 Here is the patience of the saints: here arethey that keep the commandments of God,and the faith of Jesus.ADtvLIVE
1176	REVELATION 14:12• 12 Here is the patience of the saints: here arethey that keep the commandments of God,and the faith of Jesus.ADtvLIVE
1182	REVELATION 14:12• 12 Here is the patience of the saints: here arethey that keep the commandments of God,and the faith of Jesus.ADtvLIVE
1188	REVELATION 14:12• 12 Here is the patience of the saints: here arethey that keep the commandments of God,and the faith of Jesus.AD(tvLIVE
1194	REVELATION 14:12• 12 Here is the patience of the saints: here arethey that keep the commandments of God,and the faith of Jesus.ADtvLIVE
1200	REVELATION 14:12• 12 Here is the patience of the saints: here arethey that keep the commandments of God,and the faith of Jesus.AD(tvLIVE
1206	REVELATION 14:12• 12 Here is the patience of the saints: here arethey that keep the commandments of God,and the faith of Jesus.AD(tvLIVE
1212	REVELATION 14:12• 12 Here is the patience of the saints: here arethey that keep the commandments of God,and the faith of Jesus.AD(tvLIVE
1218	REVELATION 14:12• 12 Here is the patience of the saints: here arethey that keep the commandments of God,and the faith of Jesus.ADtvLIVE
1224	REVELATION 14:12• 12 Here is the patience of the saints: here arethey that keep the commandments of God,and the faith of Jesus.AD(tvLIVE
1230	COUNSELS TO WRITERS AND EDITORS P. 175.3• We have a most important work to do,— the work ofproclaiming the third angel's message. We are facingthe most important issues that men have ever beencalled to meet. All should understand the truthscontained in the three messages; for they are essentialto salvation.ADtvLIVE
1236	COUNSELS TO WRITERS AND EDITORS P. 175.3• We have a most important work to do, — the work ofproclaiming the third angel's message. We are facingthe most important issues that men have ever beencalled to meet. All should understand the truthscontained in the three messages; for they are essentialto salvation.ADtvLIVE
1242	COUNSELS TO WRITERS AND EDITORS P. 175.3• We have a most important work to do,-the work ofproclaiming the third angel's message. We are facingthe most important issues that men have ever beencalled to meet. All should understand the truthscontained in the three messages; for they are essentialto salvation.ADtvLIVE
1248	COUNSELS TO WRITERS AND EDITORS P. 175.3• We have a most important work to do, — the work ofproclaiming the third angel's message. We are facingthe most important issues that men have ever beencalled to meet. All should understand the truthscontained in the three messages; for they are essentialto salvation.ADtvLIVE
1254	COUNSELS TO WRITERS AND EDITORS P. 175.3• We have a most important work to do, — the work ofproclaiming the third angel's message. We are facingthe most important issues that men have ever beencalled to meet. All should understand the truthscontained in the three messages; for they are essentialto salvation.ADtvLIVE
1260	COUNSELS TO WRITERS AND EDITORS P. 175.3• We have a most important work to do, — the work ofproclaiming the third angel's message. We are facingthe most important issues that men have ever beencalled to meet. All should understand the truthscontained in the three messages; for they are essentialto salvation.ADtvLIVE
1266	COUNSELS TO WRITERS AND EDITORS P. 175.3• We have a most important work to do, — the work ofproclaiming the third angel's message. We are facingthe most important issues that men have ever beencalled to meet. All should understand the truthscontained in the three messages; for they are essentialto salvation.ADtvLIVE
1272	COUNSELS TO WRITERS AND EDITORS P. 175.3• We have a most important work to do,-the work ofproclaiming the third angel's message. We are facingthe most important issues that men have ever beencalled to meet. All should understand the truthscontained in the three messages; for they are essentialto salvation.ADtvLIVE
1278	COUNSELS TO WRITERS AND EDITORS P. 175.3• We have a most important work to do, — the work ofproclaiming the third angel's message. We are facingthe most important issues that men have ever beencalled to meet. All should understand the truthscontained in the three messages; for they are essentialto salvation.ADtvLIVE
1284	COUNSELS TO WRITERS AND EDITORS P. 175.3• We have a most important work to do,-the work ofproclaiming the third angel's message. We are facingthe most important issues that men have ever beencalled to meet. All should understand the truthscontained in the three messages; for they are essentialto salvation.ADItvLIVE
1290	COUNSELS TO WRITERS AND EDITORS P. 175.3• We have a most important work to do, — the work ofproclaiming the third angel's message. We are facingthe most important issues that men have ever beencalled to meet. All should understand the truthscontained in the three messages; for they are essentialto salvation.ADtvLIVE
1296	COUNSELS TO WRITERS AND EDITORS P. 175.3• We have a most important work to do,-the work ofproclaiming the third angel's message. We are facingthe most important issues that men have ever beencalled to meet. All should understand the truthscontained in the three messages; for they are essentialto salvation.ADItvLIVE
1302	COUNSELS TO WRITERS AND EDITORS P. 175.3• We have a most important work to do, — the work ofproclaiming the third angel's message. We are facingthe most important issues that men have ever beencalled to meet. All should understand the truthscontained in the three messages; for they are essentialto salvation.ADtvLIVE
1308	COUNSELS TO WRITERS AND EDITORS P. 175.3• We have a most important work to do,— the work ofproclaiming the third angel's message. We are facingthe most important issues that men have ever beencalled to meet. All should understand the truthscontained in the three messages; for they are essentialto salvation.ADtvLIVE
1314	COUNSELS TO WRITERS AND EDITORS P. 175.3• We have a most important work to do,-the work ofproclaiming the third angel's message. We are facingthe most important issues that men have ever beencalled to meet. All should understand the truthscontained in the three messages; for they are essentialto salvation.ADLIVE
1320	COUNSELS TO WRITERS AND EDITORS P. 175.3• We have a most important work to do,— the work ofproclaiming the third angel's message. We are facingthe most important issues that men have ever beencalled to meet. All should understand the truthscontained in the three messages; for they are essentialto salvation.ADLIVE
1326	COUNSELS TO WRITERS AND EDITORS P. 175.3• We have a most important work to do, — the work ofproclaiming the third angel's message. We are facingthe most important issues that men have ever beencalled to meet. All should understand the truthscontained in the three messages; for they are essentialto salvation.ADLIVE
1332	TESTIMONIES FOR THE CHURCH VOL.8 P.302.1• The solemn messages that have been givenin their order in the Revelation are tooccupy the first place in the minds of God'speople. Nothing else is to be allowed toengross our attention.ADtvLIVE
1338	TESTIMONIES FOR THE CHURCH VOL.8 P.302.1• The solemn messages that have been givenin their order in the Revelation are tooccupy the first place in the minds of God'speople. Nothing else is to be allowed toengross our attention.ADtvLIVE
1344	TESTIMONIES FOR THE CHURCH VOL.8 P.302.1• The solemn messages that have been givenin their order in the Revelation are tooccupy the first place in the minds of God'speople. Nothing else is to be allowed toengross our attention.ADtvLIVE
1350	TESTIMONIES FOR THE CHURCH VOL.8 P.302.1• The solemn messages that have been givenin their order in the Revelation are tooccupy the first place in the minds of God'speople. Nothing else is to be allowed toengross our attention.ADtvLIVE
1356	TESTIMONIES FOR THE CHURCH VOL.8 P.302.1• The solemn messages that have been givenin their order in the Revelation are tooccupy the first place in the minds of God'speople. Nothing else is to be allowed toengross our attention.ADtvLIVE
1362	TESTIMONIES FOR THE CHURCH VOL.8 P.302.1• The solemn messages that have been givenin their order in the Revelation are tooccupy the first place in the minds of God'speople. Nothing else is to be allowed toengross our attention.ADtvLIVE
1368	TESTIMONIES FOR THE CHURCH VOL.8 P.302.1• The solemn messages that have been givenin their order in the Revelation are tooccupy the first place in the minds of God'speople. Nothing else is to be allowed toengross our attention.ADtvLIVE
1374	TESTIMONIES FOR THE CHURCH VOL.8 P.302.1• The solemn messages that have been givenin their order in the Revelation are tooccupy the first place in the minds of God'speople. Nothing else is to be allowed toengross our attention.ADtvLIVE
1380	TESTIMONIES FOR THE CHURCH VOL.8 P.302.1• The solemn messages that have been givenin their order in the Revelation are tooccupy the first place in the minds of God'speople. Nothing else is to be allowed toengross our attention.ADtvLIVE
1386	TESTIMONIES FOR THE CHURCH VOL.8 P.302.1• The solemn messages that have been givenin their order in the Revelation are tooccupy the first place in the minds of God'speople. Nothing else is to be allowed toengross our attention.ADtvLIVE
1392	TESTIMONIES FOR THE CHURCH VOL.8 P.302.1• The solemn messages that have been givenin their order in the Revelation are tooccupy the first place in the minds of God'speople. Nothing else is to be allowed toengross our attention.ADtvLIVE
1398	TESTIMONIES FOR THE CHURCH VOL.8 P.302.1• The solemn messages that have been givenin their order in the Revelation are tooccupy the first place in the minds of God'speople. Nothing else is to be allowed toengross our attention.ADtvLIVE
1404	TESTIMONIES FOR THE CHURCH VOL.8 P.302.1• The solemn messages that have been givenin their order in the Revelation are tooccupy the first place in the minds of God'speople. Nothing else is to be allowed toengross our attention.ADtvLIVE
1410	EARLY WRITINGS P.256.2• Many who embraced the third message had not had anexperience in the two former messages. Satan understoodthis, and his evil eye was upon them to overthrow them; but thethird angel was pointing them to the most holy place, and thosewho had had an experience in the past messages were pointingnem the way to the heavenly sanctuary. Many saw the perfectchain of truth in the angels' messages, and gladly receivedthem in their order. and followed Jesus by faith into thedelusions of Satan.AllDItvLIVE
1416	EARLY WRITINGS P.256.2• Many who embraced the third message had not had anexperience in the two former messages. Satan understoodthis, and his evil eye was upon them to overthrow them; but thethird angel was pointing them to the most holy place, and thosewho had had an experience in the past messages were pointingnem the way to the heavenly sanctuary. Many saw the perfectthem in their order, and followed Jesus by faith into themessages, and gladly receiveddelusions of Satan.AllDLIVE
1422	EARLY WRITINGS P.256.2• Many who embraced the third message had not had anexperience in the two former messages. Satan understoodthis, and his evil eye was upon them to overthrow them; but thethird angel was pointing them to the most holy place, and thosewho had had an experience in the past messages were pointingnem the way to the heavenly sanctuary. Many saw the perfectchain of truth in the angels messages, and gladly receivedthem in their order. and followed Jesus by faith into thedelusions of Satan.AllDItvLIVE
1428	EARLY WRITINGS P.256.2• Many who embraced the third message had not had anexperience in the two former messages. Satan understoodthis, and his evil eve was upon them to overthrow them; but thethird angel was pointing them to the most holy place, and thosewho had had an experience in the past messages were pointingnem the way to the heavenly sanctuary. Many saw the perfectchain of truth in the angels' messages, and gladly receivedthem in their order. and followed Jesus by faith into thedelusions of Satan.ADtvLIVE
1434	EARLY WRITINGS P.256.2• Many who embraced the third message had not had anexperience in the two former messages. Satan understoodthis, and his evil eye was upon them to overthrow them; but thethird angel was pointing them to the most holy place, and thosewho had had an experience in the past messages were pointingnem the way to the heavenly sanctuary. Many saw the perfectthem in their order, and followed Jesus by faith into themessages, and gladly receiveddelusions of Satan.ADItvLIVE
1440	EARLY WRITINGS P.256.2• Many who embraced the third message had not had anexperience in the two former messages. Satan understoodthis, and his evil eye was upon them to overthrow them; but thethird angel was pointing them to the most holy place, and thosewho had had an experience in the past messages were pointingnem the way to the heavenly sanctuary. Many saw the perfectchain of truth in the angels messages, and gladly receivedthem in their order. and followed Jesus by faith into thedelusions of Satan.AllDtvLIVE
1446	EARLY WRITINGS P.256.2• Many who embraced the third message had not had anexperience in the two former messages. Satan understoodthis, and his evil eye was upon them to overthrow them; but thethird angel was pointing them to the most holy place, and thosewho had had an experience in the past messages were pointingnem the way to the heavenly sanctuary. Many saw the perfectchain of truth in the angels' messages, and gladly receivedthem in their order. and followed Jesus by faith into thedelusions of Satan.ADLIVE
1452	EARLY WRITINGS P.256.2• Many who embraced the third message had not had anexperience in the two former messages. Satan understoodthis, and his evil eye was upon them to overthrow them; but thethird angel was pointing them to the most holy place, and thosewho had had an experience in the past messages were pointingnem the way to the heavenly sanctuary. Many saw the perfectthem in their order, and followed Jesus by faith into themessages, and gladly receiveddelusions of Satan.AlLD.tvLIVE
1458	EARLY WRITINGS P.256.2• Many who embraced the third message had not had anexperience in the two former messages. Satan understoodthis, and his evil eve was upon them to overthrow them; but thethird angel was pointing them to the most holy place, and thosewho had had an experience in the past messages were pointingnem the way to the heavenly sanctuary. Many saw the perfectchain of truth in the angels messages, and gladly receivedthem in their order. and followed Jesus by faith into thedelusions of Satan.AllDItvLIVE
1464	EARLY WRITINGS P.256.2• Many who embraced the third message had not had anexperience in the two former messages. Satan understoodthis, and his evil eye was upon them to overthrow them; but thethird angel was pointing them to the most holy place, and thosewho had had an experience in the past messages were pointingnem the way to the heavenly sanctuary. Many saw the perfectthem in their order, and followed Jesus by faith into themessages, and gladly receiveddelusions of Satan.AllDItvLIVE
1470	EARLY WRITINGS P.256.2• Many who embraced the third message had not had anexperience in the two former messages. Satan understoodthis, and his evil eye was upon them to overthrow them; but thethird angel was pointing them to the most holy place, and thosewho had had an experience in the past messages were pointingnem the way to the heavenly sanctuary. Many saw the perfectchain of truth in the angels' messages, and gladly receivedthem in their order. and followed Jesus by faith into thedelusions of Satan.ADItvLIVE
1476	EARLY WRITINGS P.256.2• Many who embraced the third message had not had anexperience in the two former messages. Satan understoodthis, and his evil eye was upon them to overthrow them; but thethird angel was pointing them to the most holy place, and thosewho had had an experience in the past messages were pointingnem the way to the heavenly sanctuary. Many saw the perfectchain of truth in the angels' messages, and gladly receivedthem in their order. and followed Jesus by faith into thedelusions of Satan.AllDItvLIVE
1482	EARLY WRITINGS P.256.2• Many who embraced the third message had not had anexperience in the two former messages. Satan understoodthis, and his evil eye was upon them to overthrow them; but thethird angel was pointing them to the most holy place, and thosewho had had an experience in the past messages were pointingnem the way to the heavenly sanctuary. Many saw the perfectthem in their order, and followed Jesus by faith into themessages, and gladly receiveddelusions of Satan.ADLIVE
1488	EARLY WRITINGS P.256.2• Many who embraced the third message had not had anexperience in the two former messages. Satan understoodthis, and his evil eye was upon them to overthrow them; but thethird angel was pointing them to the most holy place, and thosewho had had an experience in the past messages were pointingnem the way to the heavenly sanctuary. Many saw the perfectchain of truth in the angels messages, and gladly receivedthem in their order. and followed Jesus by faith into thedelusions of Satan.AllLIVE
1494	EARLY WRITINGS P.256.2• Many who embraced the third message had not had anexperience in the two former messages. Satan understoodthis, and his evil eye was upon them to overthrow them; but thethird angel was pointing them to the most holy place, and thosewho had had an experience in the past messages were pointingnem the way to the heavenly sanctuary. Many saw the perfectchain of truth in the angels messages, and gladly receivedthem in their order. and followed Jesus by faith into thedelusions of Satan.ADtvLIVE
1500	EARLY WRITINGS P.256.2• Many who embraced the third message had not had anexperience in the two former messages. Satan understoodthis, and his evil eye was upon them to overthrow them; but thethird angel was pointing them to the most holy place, and thosewho had had an experience in the past messages were pointingnem the way to the heavenly sanctuary. Many saw the perfectchain of truth in the angels messages, and gladly receivedthem in their order. and followed Jesus by faith into thedelusions of Satan.AILD.tvLIVE
1506	EARLY WRITINGS P.256.2• Many who embraced the third message had not had anexperience in the two former messages. Satan understoodthis, and his evil eye was upon them to overthrow them; but thethird angel was pointing them to the most holy place, and thosewho had had an experience in the past messages were pointingnem the way to the heavenly sanctuary. Many saw the perfectchain of truth in the angels' messages, and gladly receivedthem in their order. and followed Jesus by faith into thedelusions of Satan.AllD.ItvLIVE
1512	EARLY WRITINGS P.256.2• Many who embraced the third message had not had anexperience in the two former messages. Satan understoodthis, and his evil eve was upon them to overthrow them; but thethird angel was pointing them to the most holy place, and thosewho had had an experience in the past messages were pointingnem the way to the heavenly sanctuary. Many saw the perfectchain of truth in the angels messages, and gladly receivedthem in their order. and followed Jesus by faith into thedelusions of Satan.AllLIVE
1518	EARLY WRITINGS P.256.2• Many who embraced the third message had not had anexperience in the two former messages. Satan understoodthis, and his evil eye was upon them to overthrow them; but thethird angel was pointing them to the most holy place, and thosewho had had an experience in the past messages were pointingthem the way to the heavenly sanctuary. Many saw the perfectchain of truth in the angels messages, and gladly receivedthem in their order. and followed Jesus by faith into thedelusions of Satan.AILDtvLIVE
1524	EARLY WRITINGS P.256.2• Many who embraced the third message had not had anexperience in the two former messages. Satan understoodthis, and his evil eve was upon them to overthrow them; but thethird angel was pointing them to the most holy place, and thosewho had had an experience in the past messages were pointingnem the way to the heavenly sanctuary. Many saw the perfectchain of truth in the angels messages, and gladly receivedthem in their order. and followed Jesus by faith into thedelusions of Satan.AllDLIVE
1530	EARLY WRITINGS P.256.2• Many who embraced the third message had not had anexperience in the two former messages. Satan understoodthis, and his evil eve was upon them to overthrow them; but thethird angel was pointing them to the most holy place, and thosewho had had an experience in the past messages were pointingnem the way to the heavenly sanctuary. Many saw the perfectchain of truth in the angels' messages, and gladly receivedthem in their order. and followed Jesus by faith into thedelusions of Satan.AllDItvLIVE
1536	EARLY WRITINGS P.256.2• Many who embraced the third message had not had anexperience in the two former messages. Satan understoodthis, and his evil eve was upon them to overthrow them; but thethird angel was pointing them to the most holy place, and thosewho had had an experience in the past messages were pointingnem the way to the heavenly sanctuary. Many saw the perfectchain of truth in the angels messages, and gladly receivedthem in their order. and followed Jesus by faith into thedelusions of Satan.ADtvLIVE
1542	EARLY WRITINGS P.256.2• Many who embraced the third message had not had anexperience in the two former messages. Satan understoodthis, and his evil eye was upon them to overthrow them; but thethird angel was pointing them to the most holy place, and thosewho had had an experience in the past messages were pointingnem the way to the heavenly sanctuary. Many saw the perfectchain of truth in the angels messages, and gladly receivedthem in their order. and followed Jesus by faith into thedelusions of Satan.AllDtvLIVE
1548	EARLY WRITINGS P.256.2• Many who embraced the third message had not had anexperience in the two former messages. Satan understoodthis, and his evil eve was upon them to overthrow them; but thethird angel was pointing them to the most holy place, and thosewho had had an experience in the past messages were pointingnem the way to the heavenly sanctuary. Many saw the perfectthem in their order, and followed Jesus by faith into themessages, and gladly receiveddelusions of Satan.AllDItvLIVE
1554	EARLY WRITINGS P.256.2• Many who embraced the third message had not had anexperience in the two former messages. Satan understoodthis, and his evil eye was upon them to overthrow them; but thethird angel was pointing them to the most holy place, and thosewho had had an experience in the past messages were pointingnem the way to the heavenly sanctuary. Many saw the perfectthem in theit order, and followed Jesus by faith into themessages, and gladly receiveddelusions of Satan.AILD.tvLIVE
1560	EARLY WRITINGS P.256.2• Many who embraced the third message had not had anexperience in the two former messages. Satan understoodthis, and his evil eye was upon them to overthrow them; but thethird angel was pointing them to the most holy place, and thosewho had had an experience in the past messages were pointingnem the way to the heavenly sanctuary. Many saw the perfectchain of truth in the angels messages, and gladly receivedthem in their order. and followed Jesus by faith into thedelusions of Satan.ADItvLIVE
1566	EARLY WRITINGS P.256.2• Many who embraced the third message had not had anexperience in the two former messages. Satan understoodthis, and his evil eye was upon them to overthrow them; but thethird angel was pointing them to the most holy place, and thosewho had had an experience in the past messages were pointingnem the way to the heavenly sanctuary. Many saw the perfectchain of truth in the angels' messages, and gladly receivedthem in their order. and followed Jesus by faith into thedelusions of Satan.AILLIVEItv
1572	EARLY WRITINGS P.256.2• Many who embraced the third message had not had anexperience in the two former messages. Satan understoodthis, and his evil eye was upon them to overthrow them; but thethird angel was pointing them to the most holy place, and thosewho had had an experience in the past messages were pointingnem the way to the heavenly sanctuary. Many saw the perfectthem in their order, and followed Jesus by faith into themessages, and gladly receiveddelusions of Satan.AllDtvLIVE
1578	EARLY WRITINGS P.256.2• Many who embraced the third message had not had anexperience in the two former messages. Satan understoodthis, and his evil eve was upon them to overthrow them; but thethird angel was pointing them to the most holy place, and thosewho had had an experience in the past messages were pointingnem the way to the heavenly sanctuary. Many saw the perfectchain of truth in the angels messages, and gladly receivedthem in their order. and followed Jesus by faith into thedelusions of Satan.AILDItvLIVE
1584	EARLY WRITINGS P.256.2• Many who embraced the third message had not had anexperience in the two former messages. Satan understoodthis, and his evil eye was upon them to overthrow them; but thethird angel was pointing them to the most holy place, and thosewho had had an experience in the past messages were pointingnem the way to the heavenly sanctuary. Many saw the perfectthem in their order, and followed Jesus by faith into themessages, and gladly receiveddelusions of Satan.AILD.ItvLIVE
1590	EARLY WRITINGS P.256.2• Many who embraced the third message had not had anexperience in the two former messages. Satan understoodthis, and his evil eye was upon them to overthrow them; but thethird angel was pointing them to the most holy place, and thosewho had had an experience in the past messages were pointingnem the way to the heavenly sanctuary. Many saw the perfectchain of truth in the angels' messages, and gladly receivedthem in their order. and followed Jesus by faith into thedelusions of Satan.AllDItvLIVE
1596	EARLY WRITINGS P.256.2• Many who embraced the third message had not had anexperience in the two former messages. Satan understoodthis, and his evil eye was upon them to overthrow them; but thethird angel was pointing them to the most holy place, and thosewho had had an experience in the past messages were pointingnem the way to the heavenly sanctuary. Many saw the perfectchain of truth in the angels messages, and gladly receivedthem in their order. and followed Jesus by faith into thedelusions of Satan.AILDtvLIVE
1602	EARLY WRITINGS P.256.2• Many who embraced the third message had not had anexperience in the two former messages. Satan understoodthis, and his evil eve was upon them to overthrow them; but thethird angel was pointing them to the most holy place, and thosewho had had an experience in the past messages were pointingnem the way to the heavenly sanctuary. Many saw the perfectchain of truth in the angels' messages, and gladly receivedthem in their order, and followed Jesus by faith into thedelusions of Satan.AlLD.tvLIVE
1608	EARLY WRITINGS P.256.2• Many who embraced the third message had not had anexperience in the two former messages. Satan understoodthis, and his evil eye was upon them to overthrow them; but thethird angel was pointing them to the most holy place, and thosewho had had an experience in the past messages were pointingnem the way to the heavenly sanctuary. Many saw the perfectchain of truth in the angels messages, and gladly receivedthem in their order. and followed Jesus by faith into thedelusions of Satan.AILLIVEtv
1614	EARLY WRITINGS P.256.2• Many who embraced the third message had not had anexperience in the two former messages. Satan understoodthis, and his evil eve was upon them to overthrow them; but thethird angel was pointing them to the most holy place, and thosewho had had an experience in the past messages were pointingnem the way to the heavenly sanctuary. Many saw the perfectthem in their order, and followed Jesus by faith into themessages, and gladly receiveddelusions of Satan.AllDItvLIVE
1620	EARLY WRITINGS P.256.2• Many who embraced the third message had not had anexperience in the two former messages. Satan understoodthis, and his evil eye was upon them to overthrow them; but thethird angel was pointing them to the most holy place, and thosewho had had an experience in the past messages were pointingnem the way to the heavenly sanctuary. Many saw the perfectchain of truth in the angels messages, and gladly receivedthem in their order. and followed Jesus by faith into thedelusions of Satan.AILD.ItvLIVE
1626	EARLY WRITINGS P.256.2• Many who embraced the third message had not had anexperience in the two former messages. Satan understoodthis, and his evil eve was upon them to overthrow them; but thethird angel was pointing them to the most holy place, and thosewho had had an experience in the past messages were pointingnem the way to the heavenly sanctuary. Many saw the perfectchain of truth in the angels messages, and gladly receivedthem in their order. and followed Jesus by faith into thedelusions of Satan.AILDItvLIVE
1632	EARLY WRITINGS P.256.2• Many who embraced the third message had not had anexperience in the two former messages. Satan understoodthis, and his evil eye was upon them to overthrow them; but thethird angel was pointing them to the most holy place, and thosewho had had an experience in the past messages were pointingnem the way to the heavenly sanctuary. Many saw the perfectchain of truth in the angels messages, and gladly receivedthem in their order. and followed Jesus by faith into thedelusions of Satan.ADItvLIVE
1638	EARLY WRITINGS P.256.2• Many who embraced the third message had not had anexperience in the two former messages. Satan understoodthis, and his evil eve was upon them to overthrow them; but thethird angel was pointing them to the most holy place, and thosewho had had an experience in the past messages were pointingnem the way to the heavenly sanctuary. Many saw the perfectchain of truth in the angels messages, and gladly receivedthem in their order. and followed Jesus by faith into thedelusions of Satan.AllDItvLIVE
1644	EARLY WRITINGS P.256.2• Many who embraced the third message had not had anexperience in the two former messages. Satan understoodthis, and his evil eye was upon them to overthrow them; but thethird angel was pointing them to the most holy place, and thosewho had had an experience in the past messages were pointingnem the way to the heavenly sanctuary. Many saw the perfectchain of truth in the angels messages, and gladly receivedthem in their order. and followed Jesus by faith into thedelusions of Satan.AILD.LIVE
1650	EARLY WRITINGS P.256.2• Many who embraced the third message had not had anexperience in the two former messages. Satan understoodthis, and his evil eye was upon them to overthrow them; but thethird angel was pointing them to the most holy place, and thosewho had had an experience in the past messages were pointingnem the way to the heavenly sanctuary. Many saw the perfectchain of truth in the angels' messages, and gladly receivedthem in their order. and followed Jesus by faith into thedelusions of Satan.AILDItvLIVE
1656	EARLY WRITINGS P.256.2• Many who embraced the third message had not had anexperience in the two former messages. Satan understoodthis, and his evil eve was upon them to overthrow them; but thethird angel was pointing them to the most holy place, and thosewho had had an experience in the past messages were pointingnem the way to the heavenly sanctuary. Many saw the perfectchain of truth in the angels' messages, and gladly receivedthem in their order. and followed Jesus by faith into thedelusions of Satan.AllDItvLIVE
1662	EARLY WRITINGS P.256.2• Many who embraced the third message had not had anexperience in the two former messages. Satan understoodthis, and his evil eye was upon them to overthrow them; but thethird angel was pointing them to the most holy place, and thosewho had had an experience in the past messages were pointingnem the way to the heavenly sanctuary. Many saw the perfectchain of truth in the angels messages, and gladly receivedthem in their order. and followed Jesus by faith into thedelusions of Satan.AlLD.LIVE
1668	EARLY WRITINGS P.256.2• Many who embraced the third message had not had anexperience in the two former messages. Satan understoodthis, and his evil eye was upon them to overthrow them; but thethird angel was pointing them to the most holy place, and thosewho had had an experience in the past messages were pointingnem the way to the heavenly sanctuary. Many saw the perfectchain of truth in the angels messages, and gladly receivedthem in their order. and followed Jesus by faith into thedelusions of Satan.AlLDLIVE
1674	EARLY WRITINGS P.256.2• Many who embraced the third message had not had anexperience in the two former messages. Satan understoodthis, and his evil eye was upon them to overthrow them; but thethird angel was pointing them to the most holy place, and thosewho had had an experience in the past messages were pointingnem the way to the heavenly sanctuary. Many saw the perfectchain of truth in the angels messages, and gladly receivedthem in their order. and followed Jesus by faith into thedelusions of Satan.AILD.LIVE
1680	EARLY WRITINGS P.256.2• Many who embraced the third message had not had anexperience in the two former messages. Satan understoodthis, and his evil eye was upon them to overthrow them; but thethird angel was pointing them to the most holy place, and thosewho had had an experience in the past messages were pointingnem the way to the heavenly sanctuary. Many saw the perfectchain of truth in the angels' messages, and gladly receivedthem in their order. and followed Jesus by faith into thedelusions of Satan.AllItvLIVE
1686	EARLY WRITINGS P.256.2• Many who embraced the third message had not had anexperience in the two former messages. Satan understoodthis, and his evil eve was upon them to overthrow them; but thethird angel was pointing them to the most holy place, and thosewho had had an experience in the past messages were pointingnem the way to the heavenly sanctuary. Many saw the perfectchain of truth in the angels messages, and gladly receivedthem in their order. and followed Jesus by faith into thedelusions of Satan.AllDLIVE
1692	EARLY WRITINGS P.256.2• Many who embraced the third message had not had anexperience in the two former messages. Satan understoodthis, and his evil eye was upon them to overthrow them; but thethird angel was pointing them to the most holy place, and thosewho had had an experience in the past messages were pointingnem the way to the heavenly sanctuary. Many saw the perfectchain of truth in the angels' messages, and gladly receivedthem in their order. and followed Jesus by faith into thedelusions of Satan.AllDItvLIVE
1698	LIFE SKETCHES P.429.1• "I have had precious opportunities to obtain an experience. Ihave had an experience in the first, second, and third angels'messages. The angels are represented as flying in the midst ofheaven, proclaiming to the world a message of warning, andhaving a direct bearing upon the people living in the last daysof this earth's history. No one hears the voice of these angels, forthey are a symbol to represent the people of God who areworking in harmony with the universe of heaven. Men andwomen, enlightened by the Spirit of God, and sanctified throughthe truth, proclaim the three messages in their order.AD[tvLIVE
1704	LIFE SKETCHES P.429.1• "I have had precious opportunities to obtain an experience. Ihave had an experience in the first, second, and third angels'messages. The angels are represented as flying in the midst ofheaven, proclaiming to the world a message of warning, andhaving a direct bearing upon the people living in the last daysof this earth's history. No one hears the voice of these angels, forthey are a symbol to represent the people of God who areworking in harmony with the universe of heaven. Men andwomen, enlightened by the Spirit of God, and sanctified throughthe truth, proclaim the three messages in their order.ADtvLIVE
1710	LIFE SKETCHES P.429.1• "I have had precious opportunities to obtain an experience. Ihave had an experience in the first, second, and third angels'messages. The angels are represented as flying in the midst ofheaven, proclaiming to the world a message of warning, andhaving a direct bearing upon the people living in the last daysof this earth's history. No one hears the voice of these angels, forthey are a symbol to represent the people of God who areworking in harmony with the universe of heaven. Men andwomen, enlightened by the Spirit of God, and sanctified throughthe truth, proclaim the three messages in their order.ADtvLIVE
1716	LIFE SKETCHES P.429.1• "I have had precious opportunities to obtain an experience. Ihave had an experience in the first, second, and third angels'messages. The angels are represented as flying in the midst ofheaven, proclaiming to the world a message of warning, andhaving a direct bearing upon the people living in the last daysof this earth's history. No one hears the voice of these angels, forthey are a symbol to represent the people of God who areworking in harmony with the universe of heaven. Men andwomen, enlightened by the Spirit of God, and sanctified throughthe truth, proclaim the three messages in their order.ADtvLIVE
1722	LIFE SKETCHES P.429.1• "I have had precious opportunities to obtain an experience. Ihave had an experience in the first, second, and third angels'messages. The angels are represented as flying in the midst ofheaven, proclaiming to the world a message of warning, andhaving a direct bearing upon the people living in the last daysof this earth's history. No one hears the voice of these angels, forthey are a symbol to represent the people of God who areworking in harmony with the universe of heaven. Men andwomen, enlightened by the Spirit of God, and sanctified throughthe truth, proclaim the three messages in their order.ADtvLIVE
1728	LIFE SKETCHES P.429.1• "I have had precious opportunities to obtain an experience. Ihave had an experience in the first, second, and third angels'messages. The angels are represented as flying in the midst ofheaven, proclaiming to the world a message of warning, andhaving a direct bearing upon the people living in the last daysof this earth's history. No one hears the voice of these angels, forthey are a symbol to represent the people of God who areworking in harmony with the universe of heaven. Men andwomen, enlightened by the Spirit of God, and sanctified throughthe truth, proclaim the three messages in their order.AlLDItvLIVE
1734	LIFE SKETCHES P.429.1• "I have had precious opportunities to obtain an experience. Ihave had an experience in the first, second, and third angels'messages. The angels are represented as flying in the midst ofheaven, proclaiming to the world a message of warning, andhaving a direct bearing upon the people living in the last daysof this earth's history. No one hears the voice of these angels, forthey are a symbol to represent the people of God who areworking in harmony with the universe of heaven. Men andwomen, enlightened by the Spirit of God, and sanctified throughthe truth, proclaim the three messages in their order.ADtvLIVE
1740	LIFE SKETCHES P.429.1• "I have had precious opportunities to obtain an experience. Ihave had an experience in the first, second, and third angels'messages. The angels are represented as flying in the midst ofheaven, proclaiming to the world a message of warning, andhaving a direct bearing upon the people living in the last daysof this earth's history. No one hears the voice of these angels, forthey are a symbol to represent the people of God who areworking in harmony with the universe of heaven. Men andwomen, enlightened by the Spirit of God, and sanctified throughthe truth, proclaim the three messages in their order.AllDtvLIVE
1746	LIFE SKETCHES P.429.1• "I have had precious opportunities to obtain an experience. Ihave had an experience in the first, second, and third angels'messages. The angels are represented as flying in the midst ofheaven, proclaiming to the world a message of warning, andhaving a direct bearing upon the people living in the last daysof this earth's history. No one hears the voice of these angels, forthey are a symbol to represent the people of God who areworking in harmony with the universe of heaven. Men andwomen, enlightened by the Spirit of God, and sanctified throughthe truth, proclaim the three messages in their order.ADtvLIVE
1752	LIFE SKETCHES P.429.1• "I have had precious opportunities to obtain an experience. Ihave had an experience in the first, second, and third angels'messages. The angels are represented as flying in the midst ofheaven, proclaiming to the world a message of warning, andhaving a direct bearing upon the people living in the last daysof this earth's history. No one hears the voice of these angels, forthey are a symbol to represent the people of God who areworking in harmony with the universe of heaven. Men andwomen, enlightened by the Spirit of God, and sanctified throughthe truth, proclaim the three messages in their order.AllDtvLIVE
1758	LIFE SKETCHES P.429.1• "I have had precious opportunities to obtain an experience. Ihave had an experience in the first, second, and third angels'messages. The angels are represented as flying in the midst ofheaven, proclaiming to the world a message of warning, andhaving a direct bearing upon the people living in the last daysof this earth's history. No one hears the voice of these angels, forthey are a symbol to represent the people of God who areworking in harmony with the universe of heaven. Men andwomen, enlightened by the Spirit of God, and sanctified throughthe truth, proclaim the three messages in their order.AILD.tvLIVE
1764	LIFE SKETCHES P.429.1• "I have had precious opportunities to obtain an experience. Ihave had an experience in the first, second, and third angels'messages. The angels are represented as flying in the midst ofheaven, proclaiming to the world a message of warning, andhaving a direct bearing upon the people living in the last daysof this earth's history. No one hears the voice of these angels, forthey are a symbol to represent the people of God who areworking in harmony with the universe of heaven. Men andwomen, enlightened by the Spirit of God, and sanctified throughthe truth, proclaim the three messages in their order.AILD.tvLIVE
1770	LIFE SKETCHES P.429.1• "I have had precious opportunities to obtain an experience. Ihave had an experience in the first, second, and third angels'messages. The angels are represented as flying in the midst ofheaven, proclaiming to the world a message of warning, andhaving a direct bearing upon the people living in the last daysof this earth's history. No one hears the voice of these angels, forthey are a symbol to represent the people of God who areworking in harmony with the universe of heaven. Men andwomen, enlightened by the Spirit of God, and sanctified throughthe truth, proclaim the three messages in their order.ADtvLIVE
1776	LIFE SKETCHES P.429.1• "I have had precious opportunities to obtain an experience. Ihave had an experience in the first, second, and third angels'messages. The angels are represented as flying in the midst ofheaven, proclaiming to the world a message of warning, andhaving a direct bearing upon the people living in the last daysof this earth's history. No one hears the voice of these angels, forthey are a symbol to represent the people of God who areworking in harmony with the universe of heaven. Men andwomen, enlightened by the Spirit of God, and sanctified throughthe truth, proclaim the three messages in their order.ADtvLIVE
1782	LIFE SKETCHES P.429.1• "I have had precious opportunities to obtain an experience. Ihave had an experience in the first, second, and third angels'messages. The angels are represented as flying in the midst ofheaven, proclaiming to the world a message of warning, andhaving a direct bearing upon the people living in the last daysof this earth's history. No one hears the voice of these angels, forthey are a symbol to represent the people of God who areworking in harmony with the universe of heaven. Men andwomen, enlightened by the Spirit of God, and sanctified throughthe truth, proclaim the three messages in their order.ADtvLIVE
1788	LIFE SKETCHES P.429.1• "I have had precious opportunities to obtain an experience. Ihave had an experience in the first, second, and third angels'messages. The angels are represented as flying in the midst ofheaven, proclaiming to the world a message of warning, andhaving a direct bearing upon the people living in the last daysof this earth's history. No one hears the voice of these angels, forthey are a symbol to represent the people of God who areworking in harmony with the universe of heaven. Men andwomen, enlightened by the Spirit of God, and sanctified throughthe truth, proclaim the three messages in their order.ADLIVE
1794	LIFE SKETCHES P.429.1• "I have had precious opportunities to obtain an experience. Ihave had an experience in the first, second, and third angels'messages. The angels are represented as flying in the midst ofheaven, proclaiming to the world a message of warning, andhaving a direct bearing upon the people living in the last daysof this earth's history. No one hears the voice of these angels, forthey are a symbol to represent the people of God who areworking in harmony with the universe of heaven. Men andwomen, enlightened by the Spirit of God, and sanctified throughthe truth, proclaim the three messages in their order.ADtvLIVE
1800	LIFE SKETCHES P.429.1• "I have had precious opportunities to obtain an experience. Ihave had an experience in the first, second, and third angels'messages. The angels are represented as flying in the midst ofheaven, proclaiming to the world a message of warning, andhaving a direct bearing upon the people living in the last daysof this earth's history. No one hears the voice of these angels, forthey are a symbol to represent the people of God who areworking in harmony with the universe of heaven. Men andwomen, enlightened by the Spirit of God, and sanctified throughthe truth, proclaim the three messages in their order.ADtvLIVE
1806	LIFE SKETCHES P.429.1• "I have had precious opportunities to obtain an experience. Ihave had an experience in the first, second, and third angels'messages. The angels are represented as flying in the midst ofheaven, proclaiming to the world a message of warning, andhaving a direct bearing upon the people living in the last daysof this earth's history. No one hears the voice of these angels, forthey are a symbol to represent the people of God who areworking in harmony with the universe of heaven. Men andwomen, enlightened by the Spirit of God, and sanctified throughthe truth, proclaim the three messages in their order.ADtvLIVE
1812	LIFE SKETCHES P.429.1• "I have had precious opportunities to obtain an experience. Ihave had an experience in the first, second, and third angels'messages. The angels are represented as flying in the midst ofheaven, proclaiming to the world a message of warning, andhaving a direct bearing upon the people living in the last daysof this earth's history. No one hears the voice of these angels, forthey are a symbol to represent the people of God who areworking in harmony with the universe of heaven. Men andwomen, enlightened by the Spirit of God, and sanctified throughthe truth, proclaim the three messages in their order.ADtvLIVE
1818	LIFE SKETCHES P.429.1• "I have had precious opportunities to obtain an experience. Ihave had an experience in the first, second, and third angels'messages. The angels are represented as flying in the midst ofheaven, proclaiming to the world a message of warning, andhaving a direct bearing upon the people living in the last daysof this earth's history. No one hears the voice of these angels, forthey are a symbol to represent the people of God who areworking in harmony with the universe of heaven. Men andwomen, enlightened by the Spirit of God, and sanctified throughthe truth, proclaim the three messages in their order.ADtvLIVE
1824	LIFE SKETCHES P.429.1• "I have had precious opportunities to obtain an experience. Ihave had an experience in the first, second, and third angels'messages. The angels are represented as flying in the midst ofheaven, proclaiming to the world a message of warning, andhaving a direct bearing upon the people living in the last daysof this earth's history. No one hears the voice of these angels, forthey are a symbol to represent the people of God who areworking in harmony with the universe of heaven. Men andwomen, enlightened by the Spirit of God, and sanctified throughthe truth, proclaim the three messages in their order.ADtvLIVE
1830	LIFE SKETCHES P.429.1• "I have had precious opportunities to obtain an experience. Ihave had an experience in the first, second, and third angels'messages. The angels are represented as flying in the midst ofheaven, proclaiming to the world a message of warning, andhaving a direct bearing upon the people living in the last daysof this earth's history. No one hears the voice of these angels, forthey are a symbol to represent the people of God who areworking in harmony with the universe of heaven. Men andwomen, enlightened by the Spirit of God, and sanctified throughthe truth, proclaim the three messages in their order.ADtvLIVE
1836	LIFE SKETCHES P.429.1• "I have had precious opportunities to obtain an experience. Ihave had an experience in the first, second, and third angels'messages. The angels are represented as flying in the midst ofheaven, proclaiming to the world a message of warning, andhaving a direct bearing upon the people living in the last daysof this earth's history. No one hears the voice of these angels, forthey are a symbol to represent the people of God who areworking in harmony with the universe of heaven. Men andwomen, enlightened by the Spirit of God, and sanctified throughthe truth, proclaim the three messages in their order.ADtvLIVE
1842	LIFE SKETCHES P.429.1• "I have had precious opportunities to obtain an experience. Ihave had an experience in the first, second, and third angels'messages. The angels are represented as flying in the midst ofheaven, proclaiming to the world a message of warning, andhaving a direct bearing upon the people living in the last daysof this earth's history. No one hears the voice of these angels, forthey are a symbol to represent the people of God who areworking in harmony with the universe of heaven. Men andwomen, enlightened by the Spirit of God, and sanctified throughthe truth, proclaim the three messages in their order.ADtvLIVE
1848	LIFE SKETCHES P.429.1• "I have had precious opportunities to obtain an experience. Ihave had an experience in the first, second, and third angels'messages. The angels are represented as flying in the midst ofheaven, proclaiming to the world a message of warning, andhaving a direct bearing upon the people living in the last daysof this earth's history. No one hears the voice of these angels, forthey are a symbol to represent the people of God who areworking in harmony with the universe of heaven. Men andwomen, enlightened by the Spirit of God, and sanctified throughthe truth, proclaim the three messages in their order.ADtvLIVE
1854	CHRIST OBJECT LESSONS P.79.3• And in this last generation the parable of the mustardseed is to reach a signal and triumphant fulfillment. Thelittle seed will become a tree. The last message ofwarning and mercy is to go to "every nation andkindred and tongue" (Revelation 14:6-14), "to take outof them a people for His name" (Acts 15:14; Revelation18:1). And the earth shall be lightened with His glory.ADItvLIVE
1860	CHRIST OBJECT LESSONS P.79.3• And in this last generation the parable of the mustardseed is to reach a signal and triumphant fulfillment. Thelittle seed will become a tree. The last message ofwarning and mercy is to go to "every nation andkindred and tongue" (Revelation 14:6-14), "to take outof them a people for His name" (Acts 15:14; Revelation18:1). And the earth shall be lightened with His glory.ADItvLIVE
1866	CHRIST OBJECT LESSONS P.79.3• And in this last generation the parable of the mustardseed is to reach a signal and triumphant fulfillment. Thelittle seed will become a tree. The last message ofwarning and mercy is to go to "every nation andkindred and tongue" (Revelation 14:6-14), "to take outof them a people for His name" (Acts 15:14; Revelation18:1). And the earth shall be lightened with His glory.ADItvLIVE
1872	CHRIST OBJECT LESSONS P.79.3• And in this last generation the parable of the mustardseed is to reach a signal and triumphant fulfillment. Thelittle seed will become a tree. The last message ofwarning and mercy is to go to "every nation andkindred and tongue" (Revelation 14:6-14), "to take outof them a people for His name" (Acts 15:14; Revelation18:1). And the earth shall be lightened with His glory.ADItvLIVE
1878	CHRIST OBJECT LESSONS P.79.3• And in this last generation the parable of the mustardseed is to reach a signal and triumphant fulfillment. Thelittle seed will become a tree. The last message ofwarning and mercy is to go to "every nation andkindred and tongue" (Revelation 14:6-14), "to take outof them a people for His name" (Acts 15:14; Revelation18:1). And the earth shall be lightened with His glory.ADtvLIVE
1884	CHRIST OBJECT LESSONS P.79.3• And in this last generation the parable of the mustardseed is to reach a signal and triumphant fulfillment. Thelittle seed will become a tree. The last message ofwarning and mercy is to go to "every nation andkindred and tongue" (Revelation 14:6-14), "to take outof them a people for His name" (Acts 15:14; Revelation18:1). And the earth shall be lightened with His glory.ADItvLIVE
1890	CHRIST OBJECT LESSONS P.79.3• And in this last generation the parable of the mustardseed is to reach a signal and triumphant fulfillment. Thelittle seed will become a tree. The last message ofwarning and mercy is to go to "every nation andkindred and tongue" (Revelation 14:6-14), "to take outof them a people for His name" (Acts 15:14; Revelation18:1). And the earth shall be lightened with His glory.ADtvLIVE
1896	CHRIST OBJECT LESSONS P.79.3• And in this last generation the parable of the mustardseed is to reach a signal and triumphant fulfillment. Thelittle seed will become a tree. The last message ofwarning and mercy is to go to "every nation andkindred and tongue" (Revelation 14:6-14), "to take outof them a people for His name" (Acts 15:14; Revelation18:1). And the earth shall be lightened with His glory.ADtvLIVE
1902	CHRIST OBJECT LESSONS P.79.3• And in this last generation the parable of the mustardseed is to reach a signal and triumphant fulfillment. Thelittle seed will become a tree. The last message ofwarning and mercy is to go to "every nation andkindred and tongue" (Revelation 14:6-14), "to take outof them a people for His name" (Acts 15:14; Revelation18:1). And the earth shall be lightened with His glory.ADItvLIVE
1908	CHRIST OBJECT LESSONS P.79.3• And in this last generation the parable of the mustardseed is to reach a signal and triumphant fulfillment. Thelittle seed will become a tree. The last message ofwarning and mercy is to go to "every nation andkindred and tongue" (Revelation 14:6-14), "to take outof them a people for His name" (Acts 15:14; Revelation18:1). And the earth shall be lightened with His glory.ADtvLIVE
1914	CHRIST OBJECT LESSONS P.79.3• And in this last generation the parable of the mustardseed is to reach a signal and triumphant fulfillment. Thelittle seed will become a tree. The last message ofwarning and mercy is to go to "every nation andkindred and tongue" (Revelation 14:6-14), "to take outof them a people for His name" (Acts 15:14; Revelation18:1). And the earth shall be lightened with His glory.ADtvLIVE
1920	CHRIST OBJECT LESSONS P.79.3• And in this last generation the parable of the mustardseed is to reach a signal and triumphant fulfillment. Thelittle seed will become a tree. The last message ofwarning and mercy is to go to "every nation andkindred and tongue" (Revelation 14:6-14), "to take outof them a people for His name" (Acts 15:14; Revelation18:1). And the earth shall be lightened with His glory.ADItvLIVE
1926	CHRIST OBJECT LESSONS P.79.3• And in this last generation the parable of the mustardseed is to reach a signal and triumphant fulfillment. Thelittle seed will become a tree. The last message ofwarning and mercy is to go to "every nation andkindred and tongue" (Revelation 14:6-14), "to take outof them a people for His name" (Acts 15:14; Revelation18:1). And the earth shall be lightened with His glory.ADItvLIVE
1932	CHRIST OBJECT LESSONS P.79.3• And in this last generation the parable of the mustardseed is to reach a signal and triumphant fulfillment. Thelittle seed will become a tree. The last message ofwarning and mercy is to go to "every nation andkindred and tongue" (Revelation 14:6-14), "to take outof them a people for His name" (Acts 15:14; Revelation18:1). And the earth shall be lightened with His glory.ADItvLIVE
1938	CHRIST OBJECT LESSONS P.79.3• And in this last generation the parable of the mustardseed is to reach a signal and triumphant fulfillment. Thelittle seed will become a tree. The last message ofwarning and mercy is to go to "every nation andkindred and tongue" (Revelation 14:6-14), "to take outof them a people for His name" (Acts 15:14; Revelation18:1). And the earth shall be lightened with His glory.ADtvLIVE
1944	CHRIST OBJECT LESSONS P.79.3• And in this last generation the parable of the mustardseed is to reach a signal and triumphant fulfillment. Thelittle seed will become a tree. The last message ofwarning and mercy is to go to "every nation andkindred and tongue" (Revelation 14:6-14), "to take outof them a people for His name" (Acts 15:14; Revelation18:1). And the earth shall be lightened with His glory.ADtvLIVE
1950	CHRIST OBJECT LESSONS P.79.3• And in this last generation the parable of the mustardseed is to reach a signal and triumphant fulfillment. Thelittle seed will become a tree. The last message ofwarning and mercy is to go to "every nation andkindred and tongue" (Revelation 14:6-14), "to take outof them a people for His name" (Acts 15:14; Revelation18:1). And the earth shall be lightened with His glory.ADItvLIVE
1956	CHRIST OBJECT LESSONS P.79.3• And in this last generation the parable of the mustardseed is to reach a signal and triumphant fulfillment. Thelittle seed will become a tree. The last message ofwarning and mercy is to go to "every nation andkindred and tongue" (Revelation 14:6-14), "to take outof them a people for His name" (Acts 15:14; Revelation18:1). And the earth shall be lightened with His glory.ADItvLIVE
1962	CHRIST OBJECT LESSONS P.79.3• And in this last generation the parable of the mustardseed is to reach a signal and triumphant fulfillment. Thelittle seed will become a tree. The last message ofwarning and mercy is to go to "every nation andkindred and tongue" (Revelation 14:6-14), "to take outof them a people for His name" (Acts 15:14; Revelation18:1). And the earth shall be lightened with His glory.ADLIVE
1968	CHRIST OBJECT LESSONS P.79.3• And in this last generation the parable of the mustardseed is to reach a signal and triumphant fulfillment. Thelittle seed will become a tree. The last message ofwarning and mercy is to go to "every nation andkindred and tongue" (Revelation 14:6-14), "to take outof them a people for His name" (Acts 15:14; Revelation18:1). And the earth shall be lightened with His glory.ADtvLIVE
1974	CHRIST OBJECT LESSONS P.79.3• And in this last generation the parable of the mustardseed is to reach a signal and triumphant fulfillment. Thelittle seed will become a tree. The last message ofwarning and mercy is to go to "every nation andkindred and tongue" (Revelation 14:6-14), "to take outof them a people for His name" (Acts 15:14; Revelation18:1). And the earth shall be lightened with His glory.ADItvLIVE
1980	CHRIST OBJECT LESSONS P.79.3• And in this last generation the parable of the mustardseed is to reach a signal and triumphant fulfillment. Thelittle seed will become a tree. The last message ofwarning and mercy is to go to "every nation andkindred and tongue" (Revelation 14:6-14), "to take outof them a people for His name" (Acts 15:14; Revelation18:1). And the earth shall be lightened with His glory.ADItvLIVE
1986	CHRIST OBJECT LESSONS P.79.3• And in this last generation the parable of the mustardseed is to reach a signal and triumphant fulfillment. Thelittle seed will become a tree. The last message ofwarning and mercy is to go to "every nation andkindred and tongue" (Revelation 14:6-14), "to take outof them a people for His name" (Acts 15:14; Revelation18:1). And the earth shall be lightened with His glory.ADLIVE
1992	CHRIST OBJECT LESSONS P.79.3• And in this last generation the parable of the mustardseed is to reach a signal and triumphant fulfillment. Thelittle seed will become a tree. The last message ofwarning and mercy is to go to "every nation andkindred and tongue" (Revelation 14:6-14), "to take outof them a people for His name" (Acts 15:14; Revelation18:1). And the earth shall be lightened with His glory.ADtvLIVE
1998	CHRIST OBJECT LESSONS P.79.3• And in this last generation the parable of the mustardseed is to reach a signal and triumphant fulfillment. Thelittle seed will become a tree. The last message ofwarning and mercy is to go to "every nation andkindred and tongue" (Revelation 14:6-14), "to take outof them a people for His name" (Acts 15:14; Revelation18:1). And the earth shall be lightened with His glory.ADtvLIVE
2004	CHRIST OBJECT LESSONS P.79.3• And in this last generation the parable of the mustardseed is to reach a signal and triumphant fulfillment. Thelittle seed will become a tree. The last message ofwarning and mercy is to go to "every nation andkindred and tongue" (Revelation 14:6-14), "to take outof them a people for His name" (Acts 15:14; Revelation18:1). And the earth shall be lightened with His glory.ADItvLIVE
2010	CHRIST OBJECT LESSONS P.79.3• And in this last generation the parable of the mustardseed is to reach a signal and triumphant fulfillment. Thelittle seed will become a tree. The last message ofwarning and mercy is to go to "every nation andkindred and tongue" (Revelation 14:6-14), "to take outof them a people for His name" (Acts 15:14; Revelation18:1). And the earth shall be lightened with His glory.ADItvLIVE
2016	CHRIST OBJECT LESSONS P.79.3• And in this last generation the parable of the mustardseed is to reach a signal and triumphant fulfillment. Thelittle seed will become a tree. The last message ofwarning and mercy is to go to "every nation andkindred and tongue" (Revelation 14:6-14), "to take outof them a people for His name" (Acts 15:14; Revelation18:1). And the earth shall be lightened with His glory.ADLIVE
2022	CHRIST OBJECT LESSONS P.79.3• And in this last generation the parable of the mustardseed is to reach a signal and triumphant fulfillment. Thelittle seed will become a tree. The last message ofwarning and mercy is to go to "every nation andkindred and tongue" (Revelation 14:6-14), "to take outof them a people for His name" (Acts 15:14; Revelation18:1). And the earth shall be lightened with His glory.ADtvLIVE
2028	SPIRITUAL GIFTS VOL. 1 P.75• So, I saw, that those who had no experience in the first andsecond angels' messages must receive them from those whohad an experience, and followed down through the messages.As Jesus was crucified, so I saw that these messages havebeen crucified. And as the disciples declared that there wassalvation in no other name under heaven, given among men; so,also, should the servants of God faithfully and fearlesslydeclare that those who embrace but a part of the truthsconnected with the third message must gladly embrace thefirst, second and third messages as God has given them, orhave no part nor lot in the matter.ADtvLIVE
2034	SPIRITUAL GIFTS VOL. 1 P.75• So, I saw, that those who had no experience in the first andsecond angels' messages must receive them from those whohad an experience, and followed down through the messages.As Jesus was crucified, so I saw that these messages havebeen crucified. And as the disciples declared that there wassalvation in no other name under heaven, given among men; so,also, should the servants of God faithfully and fearlesslydeclare that those who embrace but a part of the truthsconnected with the third message must gladly embrace thefirst, second and third messages as God has given them, orhave no part nor lot in the matter.ADtvLIVE
2040	SPIRITUAL GIFTS VOL. 1 P.75• So, I saw, that those who had no experience in the first andsecond angels' messages must receive them from those whohad an experience, and followed down through the messages.As Jesus was crucified, so I saw that these messages havebeen crucified. And as the disciples declared that there wassalvation in no other name under heaven, given among men; so,also, should the servants of God faithfully and fearlesslydeclare that those who embrace but a part of the truthsconnected with the third message must gladly embrace thefirst, second and third messages as God has given them, orhave no part nor lot in the matter.ADtvLIVE
2046	SPIRITUAL GIFTS VOL. 1 P.75• So, I saw, that those who had no experience in the first andsecond angels' messages must receive them from those whohad an experience, and followed down through the messages.As Jesus was crucified, so I saw that these messages havebeen crucified. And as the disciples declared that there wassalvation in no other name under heaven, given among men; so,also, should the servants of God faithfully and fearlesslydeclare that those who embrace but a part of the truthsconnected with the third message must gladly embrace thefirst, second and third messages as God has given them, orhave no part nor lot in the matter.ADtvLIVE
2052	SPIRITUAL GIFTS VOL. 1 P.75• So, I saw, that those who had no experience in the first andsecond angels' messages must receive them from those whohad an experience, and followed down through the messages.As Jesus was crucified, so I saw that these messages havebeen crucified. And as the disciples declared that there wassalvation in no other name under heaven, given among men; so,also, should the servants of God faithfully and fearlesslydeclare that those who embrace but a part of the truthsconnected with the third message must gladly embrace thefirst, second and third messages as God has given them, orhave no part nor lot in the matter.ADtvLIVE
2058	SPIRITUAL GIFTS VOL. 1 P.75• So, I saw, that those who had no experience in the first andsecond angels' messages must receive them from those whohad an experience, and followed down through the messages.As Jesus was crucified, so I saw that these messages havebeen crucified. And as the disciples declared that there wassalvation in no other name under heaven, given among men; so,also, should the servants of God faithfully and fearlesslydeclare that those who embrace but a part of the truthsconnected with the third message must gladly embrace thefirst, second and third messages as God has given them, orhave no part nor lot in the matter.ADtvLIVE
2064	SPIRITUAL GIFTS VOL. 1 P.75• So, I saw, that those who had no experience in the first andsecond angels' messages must receive them from those whohad an experience, and followed down through the messages.As Jesus was crucified, so I saw that these messages havebeen crucified. And as the disciples declared that there wassalvation in no other name under heaven, given among men; so,also, should the servants of God faithfully and fearlesslydeclare that those who embrace but a part of the truthsconnected with the third message must gladly embrace thefirst, second and third messages as God has given them, orhave no part nor lot in the matter.ADtvLIVE
2070	SPIRITUAL GIFTS VOL. 1 P.75• So, I saw, that those who had no experience in the first andsecond angels' messages must receive them from those whohad an experience, and followed down through the messages.As Jesus was crucified, so I saw that these messages havebeen crucified. And as the disciples declared that there wassalvation in no other name under heaven, given among men; so,also, should the servants of God faithfully and fearlesslydeclare that those who embrace but a part of the truthsconnected with the third message must gladly embrace thefirst, second and third messages as God has given them, orhave no part nor lot in the matter.ADtvLIVE
2076	SPIRITUAL GIFTS VOL. 1 P.75• So, I saw, that those who had no experience in the first andsecond angels' messages must receive them from those whohad an experience, and followed down through the messages.As Jesus was crucified, so I saw that these messages havebeen crucified. And as the disciples declared that there wassalvation in no other name under heaven, given among men; so,also, should the servants of God faithfully and fearlesslydeclare that those who embrace but a part of the truthsconnected with the third message must gladly embrace thefirst, second and third messages as God has given them, orhave no part nor lot in the matter.ADtvLIVE
2082	SPIRITUAL GIFTS VOL. 1 P.75• So, I saw, that those who had no experience in the first andsecond angels' messages must receive them from those whohad an experience, and followed down through the messages.As Jesus was crucified, so I saw that these messages havebeen crucified. And as the disciples declared that there wassalvation in no other name under heaven, given among men; so,also, should the servants of God faithfully and fearlesslydeclare that those who embrace but a part of the truthsconnected with the third message must gladly embrace thefirst, second and third messages as God has given them, orhave no part nor lot in the matter.ADtvLIVE
2088	SPIRITUAL GIFTS VOL. 1 P.75• So, I saw, that those who had no experience in the first andsecond angels' messages must receive them from those whohad an experience, and followed down through the messages.As Jesus was crucified, so I saw that these messages havebeen crucified. And as the disciples declared that there wassalvation in no other name under heaven, given among men; so,also, should the servants of God faithfully and fearlesslydeclare that those who embrace but a part of the truthsconnected with the third message must gladly embrace thefirst, second and third messages as God has given them, orhave no part nor lot in the matter.ADLIVE
2094	SPIRITUAL GIFTS VOL. 1 P.75• So, I saw, that those who had no experience in the first andsecond angels' messages must receive them from those whohad an experience, and followed down through the messages.As Jesus was crucified, so I saw that these messages havebeen crucified. And as the disciples declared that there wassalvation in no other name under heaven, given among men; so,also, should the servants of God faithfully and fearlesslydeclare that those who embrace but a part of the truthsconnected with the third message must gladly embrace thefirst, second and third messages as God has given them, orhave no part nor lot in the matter.ADtvLIVE
2100	SPIRITUAL GIFTS VOL. 1 P.75• So, I saw, that those who had no experience in the first andsecond angels' messages must receive them from those whohad an experience, and followed down through the messages.As Jesus was crucified, so I saw that these messages havebeen crucified. And as the disciples declared that there wassalvation in no other name under heaven, given among men; so,also, should the servants of God faithfully and fearlesslydeclare that those who embrace but a part of the truthsconnected with the third message must gladly embrace thefirst, second and third messages as God has given them, orhave no part nor lot in the matter.ADtvLIVE
2106	SPIRITUAL GIFTS VOL. 1 P.75• So, I saw, that those who had no experience in the first andsecond angels' messages must receive them from those whohad an experience, and followed down through the messages.As Jesus was crucified, so I saw that these messages havebeen crucified. And as the disciples declared that there wassalvation in no other name under heaven, given among men; so,also, should the servants of God faithfully and fearlesslydeclare that those who embrace but a part of the truthsconnected with the third message must gladly embrace thefirst, second and third messages as God has given them, orhave no part nor lot in the matter.ADtvLIVE
2112	SPIRITUAL GIFTS VOL. 1 P.75• So, I saw, that those who had no experience in the first andsecond angels' messages must receive them from those whohad an experience, and followed down through the messages.As Jesus was crucified, so I saw that these messages havebeen crucified. And as the disciples declared that there wassalvation in no other name under heaven, given among men; so,also, should the servants of God faithfully and fearlesslydeclare that those who embrace but a part of the truthsconnected with the third message must gladly embrace thefirst, second and third messages as God has given them, orhave no part nor lot in the matter.ADtvLIVE
2118	SPIRITUAL GIFTS VOL. 1 P.75• So, I saw, that those who had no experience in the first andsecond angels' messages must receive them from those whohad an experience, and followed down through the messages.As Jesus was crucified, so I saw that these messages havebeen crucified. And as the disciples declared that there wassalvation in no other name under heaven, given among men; so,also, should the servants of God faithfully and fearlesslydeclare that those who embrace but a part of the truthsconnected with the third message must gladly embrace thefirst, second and third messages as God has given them, orhave no part nor lot in the matter.ADtvLIVE
2124	SPIRITUAL GIFTS VOL. 1 P.75• So, I saw, that those who had no experience in the first andsecond angels' messages must receive them from those whohad an experience, and followed down through the messages.As Jesus was crucified, so I saw that these messages havebeen crucified. And as the disciples declared that there wassalvation in no other name under heaven, given among men; so,also, should the servants of God faithfully and fearlesslydeclare that those who embrace but a part of the truthsconnected with the third message must gladly embrace thefirst, second and third messages as God has given them, orhave no part nor lot in the matter.ADtvLIVE
2130	SPIRITUAL GIFTS VOL. 1 P.75• So, I saw, that those who had no experience in the first andsecond angels' messages must receive them from those whohad an experience, and followed down through the messages.As Jesus was crucified, so I saw that these messages havebeen crucified. And as the disciples declared that there wassalvation in no other name under heaven, given among men; so,also, should the servants of God faithfully and fearlesslydeclare that those who embrace but a part of the truthsconnected with the third message must gladly embrace thefirst, second and third messages as God has given them, orhave no part nor lot in the matter.ADtvLIVE
2136	SPIRITUAL GIFTS VOL. 1 P.75• So, I saw, that those who had no experience in the first andsecond angels' messages must receive them from those whohad an experience, and followed down through the messages.As Jesus was crucified, so I saw that these messages havebeen crucified. And as the disciples declared that there wassalvation in no other name under heaven, given among men; so,also, should the servants of God faithfully and fearlesslydeclare that those who embrace but a part of the truthsconnected with the third message must gladly embrace thefirst, second and third messages as God has given them, orhave no part nor lot in the matter.ADtvLIVE
2142	SPIRITUAL GIFTS VOL. 1 P.75• So, I saw, that those who had no experience in the first andsecond angels' messages must receive them from those whohad an experience, and followed down through the messages.As Jesus was crucified, so I saw that these messages havebeen crucified. And as the disciples declared that there wassalvation in no other name under heaven, given among men; so,also, should the servants of God faithfully and fearlesslydeclare that those who embrace but a part of the truthsconnected with the third message must gladly embrace thefirst, second and third messages as God has given them, orhave no part nor lot in the matter.ADtvLIVE
2148	SPIRITUAL GIFTS VOL. 1 P.75• So, I saw, that those who had no experience in the first andsecond angels' messages must receive them from those whohad an experience, and followed down through the messages.As Jesus was crucified, so I saw that these messages havebeen crucified. And as the disciples declared that there wassalvation in no other name under heaven, given among men; so,also, should the servants of God faithfully and fearlesslydeclare that those who embrace but a part of the truthsconnected with the third message must gladly embrace thefirst, second and third messages as God has given them, orhave no part nor lot in the matter.ADtvLIVE
2154	SPIRITUAL GIFTS VOL. 1 P.75• So, I saw, that those who had no experience in the first andsecond angels' messages must receive them from those whohad an experience, and followed down through the messages.As Jesus was crucified, so I saw that these messages havebeen crucified. And as the disciples declared that there wassalvation in no other name under heaven, given among men; so,also, should the servants of God faithfully and fearlesslydeclare that those who embrace but a part of the truthsconnected with the third message must gladly embrace thefirst, second and third messages as God has given them, orhave no part nor lot in the matter.ADtvLIVE
2160	SPIRITUAL GIFTS VOL. 1 P.75• So, I saw, that those who had no experience in the first andsecond angels' messages must receive them from those whohad an experience, and followed down through the messages.As Jesus was crucified, so I saw that these messages havebeen crucified. And as the disciples declared that there wassalvation in no other name under heaven, given among men; so,also, should the servants of God faithfully and fearlesslydeclare that those who embrace but a part of the truthsconnected with the third message must gladly embrace thefirst, second and third messages as God has given them, orhave no part nor lot in the matter.ADtvLIVE
2166	SPIRITUAL GIFTS VOL. 1 P.75• So, I saw, that those who had no experience in the first andsecond angels' messages must receive them from those whohad an experience, and followed down through the messages.As Jesus was crucified, so I saw that these messages havebeen crucified. And as the disciples declared that there wassalvation in no other name under heaven, given among men; so,also, should the servants of God faithfully and fearlesslydeclare that those who embrace but a part of the truthsconnected with the third message must gladly embrace thefirst, second and third messages as God has given them, orhave no part nor lot in the matter.ADtvLIVE
2172	SPIRITUAL GIFTS VOL. 1 P.75• So, I saw, that those who had no experience in the first andsecond angels' messages must receive them from those whohad an experience, and followed down through the messages.As Jesus was crucified, so I saw that these messages havebeen crucified. And as the disciples declared that there wassalvation in no other name under heaven, given among men; so,also, should the servants of God faithfully and fearlesslydeclare that those who embrace but a part of the truthsconnected with the third message must gladly embrace thefirst, second and third messages as God has given them, orhave no part nor lot in the matter.ADtvLIVE
2178	SPIRITUAL GIFTS VOL. 1 P.75• So, I saw, that those who had no experience in the first andsecond angels' messages must receive them from those whohad an experience, and followed down through the messages.As Jesus was crucified, so I saw that these messages havebeen crucified. And as the disciples declared that there wassalvation in no other name under heaven, given among men; so,also, should the servants of God faithfully and fearlesslydeclare that those who embrace but a part of the truthsconnected with the third message must gladly embrace thefirst, second and third messages as God has given them, orhave no part nor lot in the matter.ADtvLIVE
2184	SPIRITUAL GIFTS VOL. 1 P.75• So, I saw, that those who had no experience in the first andsecond angels' messages must receive them from those whohad an experience, and followed down through the messages.As Jesus was crucified, so I saw that these messages havebeen crucified. And as the disciples declared that there wassalvation in no other name under heaven, given among men; so,also, should the servants of God faithfully and fearlesslydeclare that those who embrace but a part of the truthsconnected with the third message must gladly embrace thefirst, second and third messages as God has given them, orhave no part nor lot in the matter.ADtvLIVE
2190	SPIRITUAL GIFTS VOL. 1 P.75• So, I saw, that those who had no experience in the first andsecond angels' messages must receive them from those whohad an experience, and followed down through the messages.As Jesus was crucified, so I saw that these messages havebeen crucified. And as the disciples declared that there wassalvation in no other name under heaven, given among men; so,also, should the servants of God faithfully and fearlesslydeclare that those who embrace but a part of the truthsconnected with the third message must gladly embrace thefirst, second and third messages as God has given them, orhave no part nor lot in the matter.ADtvLIVE
2196	SPIRITUAL GIFTS VOL. 1 P.75• So, I saw, that those who had no experience in the first andsecond angels' messages must receive them from those whohad an experience, and followed down through the messages.As Jesus was crucified, so I saw that these messages havebeen crucified. And as the disciples declared that there wassalvation in no other name under heaven, given among men; so,also, should the servants of God faithfully and fearlesslydeclare that those who embrace but a part of the truthsconnected with the third message must gladly embrace thefirst, second and third messages as God has given them, orhave no part nor lot in the matter.ADtvLIVE
2202	SPIRITUAL GIFTS VOL. 1 P.75• So, I saw, that those who had no experience in the first andsecond angels' messages must receive them from those whohad an experience, and followed down through the messages.As Jesus was crucified, so I saw that these messages havebeen crucified. And as the disciples declared that there wassalvation in no other name under heaven, given among men; so,also, should the servants of God faithfully and fearlesslydeclare that those who embrace but a part of the truthsconnected with the third message must gladly embrace thefirst, second and third messages as God has given them, orhave no part nor lot in the matter.ADtvLIVE
2208	SPIRITUAL GIFTS VOL. 1 P.75• So, I saw, that those who had no experience in the first andsecond angels' messages must receive them from those whohad an experience, and followed down through the messages.As Jesus was crucified, so I saw that these messages havebeen crucified. And as the disciples declared that there wassalvation in no other name under heaven, given among men; so,also, should the servants of God faithfully and fearlesslydeclare that those who embrace but a part of the truthsconnected with the third message must gladly embrace thefirst, second and third messages as God has given them, orhave no part nor lot in the matter.ADtvLIVE
2214	SPIRITUAL GIFTS VOL. 1 P.75• So, I saw, that those who had no experience in the first andsecond angels' messages must receive them from those whohad an experience, and followed down through the messages.As Jesus was crucified, so I saw that these messages havebeen crucified. And as the disciples declared that there wassalvation in no other name under heaven, given among men; so,also, should the servants of God faithfully and fearlesslydeclare that those who embrace but a part of the truthsconnected with the third message must gladly embrace thefirst, second and third messages as God has given them, orhave no part nor lot in the matter.ADtvLIVE
2220	SPIRITUAL GIFTS VOL. 1 P.75• So, I saw, that those who had no experience in the first andsecond angels' messages must receive them from those whohad an experience, and followed down through the messages.As Jesus was crucified, so I saw that these messages havebeen crucified. And as the disciples declared that there wassalvation in no other name under heaven, given among men; so,also, should the servants of God faithfully and fearlesslydeclare that those who embrace but a part of the truthsconnected with the third message must gladly embrace thefirst, second and third messages as God has given them, orhave no part nor lot in the matter.ADtvLIVE
2226	SPIRITUAL GIFTS VOL. 1 P.75• So, I saw, that those who had no experience in the first andsecond angels' messages must receive them from those whohad an experience, and followed down through the messages.As Jesus was crucified, so I saw that these messages havebeen crucified. And as the disciples declared that there wassalvation in no other name under heaven, given among men; so,also, should the servants of God faithfully and fearlesslydeclare that those who embrace but a part of the truthsconnected with the third message must gladly embrace thefirst, second and third messages as God has given them, orhave no part nor lot in the matter.ADtvLIVE
2232	SPIRITUAL GIFTS VOL. 1 P.75• So, I saw, that those who had no experience in the first andsecond angels' messages must receive them from those whohad an experience, and followed down through the messages.As Jesus was crucified, so I saw that these messages havebeen crucified. And as the disciples declared that there wassalvation in no other name under heaven, given among men; so,also, should the servants of God faithfully and fearlesslydeclare that those who embrace but a part of the truthsconnected with the third message must gladly embrace thefirst, second and third messages as God has given them, orhave no part nor lot in the matter.ADtvLIVE
2238	JEREMIAH 6:16• Thus saith the Lord, Stand ye in the ways, andsee, and ask for the old paths, where is the goodway, and walk therein, and ye shall find rest foryour souls. But they said, We will not walktherein.AD(tvLIVE
2244	JEREMIAH 6:16• Thus saith the Lord, Stand ye in the ways, andsee, and ask for the old paths, where is the goodway, and walk therein, and ye shall find rest foryour souls. But they said, We will not walktherein.ADtvLIVE
2250	JEREMIAH 6:16• Thus saith the Lord, Stand ye in the ways, andsee, and ask for the old paths, where is the goodway, and walk therein, and ye shall find rest foryour souls. But they said, We will not walktherein.ADtvLIVE
2256	JEREMIAH 6:16• Thus saith the Lord, Stand ye in the ways, andsee, and ask for the old paths, where is the goodway, and walk therein, and ye shall find rest foryour souls. But they said, We will not walktherein.ADtvLIVE
2262	JEREMIAH 6:16• Thus saith the Lord, Stand ye in the ways, andsee, and ask for the old paths, where is the goodway, and walk therein, and ye shall find rest foryour souls. But they said, We will not walktherein.ADtvLIVE
2268	JEREMIAH 6:16• Thus saith the Lord, Stand ye in the ways, andsee, and ask for the old paths, where is the goodway, and walk therein, and ye shall find rest foryour souls. But they said, We will not walktherein.ADtvLIVE
2274	JEREMIAH 6:16• Thus saith the Lord, Stand ye in the ways, andsee, and ask for the old paths, where is the goodway, and walk therein, and ye shall find rest foryour souls. But they said, We will not walktherein.ADtvLIVE
2280	JEREMIAH 6:16• Thus saith the Lord, Stand ye in the ways, andsee, and ask for the old paths, where is the goodway, and walk therein, and ye shall find rest foryour souls. But they said, We will not walktherein.ADtvLIVE
2286	JEREMIAH 6:16• Thus saith the Lord, Stand ye in the ways, andsee, and ask for the old paths, where is the goodway, and walk therein, and ye shall find rest foryour souls. But they said, We will not walktherein.ADtvLIVE
2292	JEREMIAH 6:16• Thus saith the Lord, Stand ye in the ways, andsee, and ask for the old paths, where is the goodway, and walk therein, and ye shall find rest foryour souls. But they said, We will not walktherein.ADtvLIVE
2298	JEREMIAH 6:16• Thus saith the Lord, Stand ye in the ways, andsee, and ask for the old paths, where is the goodway, and walk therein, and ye shall find rest foryour souls. But they said, We will not walktherein.ADtvLIVE
2304	JEREMIAH 6:16• Thus saith the Lord, Stand ye in the ways, andsee, and ask for the old paths, where is the goodway, and walk therein, and ye shall find rest foryour souls. But they said, We will not walktherein.ADLIVE
2310	CHRIST OBJECT LESSONS P.228.3• The last message of warning and mercy is tolighten the whole earth with its glory. It is toreach all classes of men, rich and poor, high andlow. "Go out into the highways and hedges,"Christ says,"and compel them to come in, thatMy house may be filled."ADtvLIVE
2316	CHRIST OBJECT LESSONS P.228.3• The last message of warning and mercy is tolighten the whole earth with its glory. It is toreach all classes of men, rich and poor, high andlow. "Go out into the highways and hedges,"Christ says,"and compel them to come in, thatMy house may be filled."ADtvLIVE
2322	CHRIST OBJECT LESSONS P.228.3• The last message of warning and mercy is tolighten the whole earth with its glory. It is toreach all classes of men, rich and poor, high andlow. "Go out into the highways and hedges,"Christ says,"and compel them to come in, thatMy house may be filled."ADItvLIVE
2328	CHRIST OBJECT LESSONS P.228.3• The last message of warning and mercy is tolighten the whole earth with its glory. It is toreach all classes of men, rich and poor, high andlow. "Go out into the highways and hedges,"Christ says,"and compel them to come in, thatMy house may be filled."ADtvLIVE
2334	CHRIST OBJECT LESSONS P.228.3• The last message of warning and mercy is tolighten the whole earth with its glory. It is toreach all classes of men, rich and poor, high andlow. "Go out into the highways and hedges,"Christ says,"and compel them to come in, thatMy house may be filled."ADtvLIVE
2340	CHRIST OBJECT LESSONS P.228.3• The last message of warning and mercy is tolighten the whole earth with its glory. It is toreach all classes of men, rich and poor, high andlow. "Go out into the highways and hedges,"Christ says,"and compel them to come in, thatMy house may be filled."ADtvLIVE
2346	CHRIST OBJECT LESSONS P.228.3• The last message of warning and mercy is tolighten the whole earth with its glory. It is toreach all classes of men, rich and poor, high andlow. "Go out into the highways and hedges,"Christ says,"and compel them to come in, thatMy house may be filled."ADtvLIVE
2352	CHRIST OBJECT LESSONS P.228.3• The last message of warning and mercy is tolighten the whole earth with its glory. It is toreach all classes of men, rich and poor, high andlow. "Go out into the highways and hedges,"Christ says,"and compel them to come in, thatMy house may be filled."ADItvLIVE
2358	REVELATION 1:1-3• 1 The Revelation of Jesus Christ, which God gave untohim, to shew unto his servants things which mustshortly come to pass; and he sent and signified it by hisangel unto his servant John:• 2 Who bare record of the word of God, and of thetestimony of Jesus Christ, and of all things that he saw.• 3 Blessed is he that readeth, and they that hear thewords of this prophecy, and keep those things which arewritten therein: for the time is at hand.AD[tvLIVE
2364	REVELATION 1:1-3• 1 The Revelation of Jesus Christ, which God gave untohim, to shew unto his servants things which mustshortly come to pass; and he sent and signified it by hisangel unto his servant John:• 2 Who bare record of the word of God, and of thetestimony of Jesus Christ, and of all things that he saw.• 3 Blessed is he that readeth, and they that hear thewords of this prophecy, and keep those things which arewritten therein: for the time is at hand.ADtvLIVE
2370	REVELATION 1:1-3• 1 The Revelation of Jesus Christ, which God gave untohim, to shew unto his servants things which mustshortly come to pass; and he sent and signified it by hisangel unto his servant John:• 2 Who bare record of the word of God, and of thetestimony of Jesus Christ, and of all things that he saw.• 3 Blessed is he that readeth, and they that hear thewords of this prophecy, and keep those things which arewritten therein: for the time is at hand.ADtvLIVE
2376	REVELATION 1:1-3• 1 The Revelation of Jesus Christ, which God gave untohim, to shew unto his servants things which mustshortly come to pass; and he sent and signified it by hisangel unto his servant John:• 2 Who bare record of the word of God, and of thetestimony of Jesus Christ, and of all things that he saw.• 3 Blessed is he that readeth, and they that hear thewords of this prophecy, and keep those things which arewritten therein: for the time is at hand.ADItvLIVE
2382	REVELATION 1:1-3• 1 The Revelation of Jesus Christ, which God gave untohim, to shew unto his servants things which mustshortly come to pass; and he sent and signified it by hisangel unto his servant John:• 2 Who bare record of the word of God, and of thetestimony of Jesus Christ, and of all things that he saw.• 3 Blessed is he that readeth, and they that hear thewords of this prophecy, and keep those things which arewritten therein: for the time is at hand.ADtvLIVE
2388	REVELATION 1:1-3• 1 The Revelation of Jesus Christ, which God gave untohim, to shew unto his servants things which mustshortly come to pass; and he sent and signified it by hisangel unto his servant John:• 2 Who bare record of the word of God, and of thetestimony of Jesus Christ, and of all things that he saw.• 3 Blessed is he that readeth, and they that hear thewords of this prophecy, and keep those things which arewritten therein: for the time is at hand.ADItvLIVE
2394	REVELATION 1:1-3• 1 The Revelation of Jesus Christ, which God gave untohim, to shew unto his servants things which mustshortly come to pass; and he sent and signified it by hisangel unto his servant John:• 2 Who bare record of the word of God, and of thetestimony of Jesus Christ, and of all things that he saw.• 3 Blessed is he that readeth, and they that hear thewords of this prophecy, and keep those things which arewritten therein: for the time is at hand.ADtvLIVE
2400	REVELATION 1:1-3• 1 The Revelation of Jesus Christ, which God gave untohim, to shew unto his servants things which mustshortly come to pass; and he sent and signified it by hisangel unto his servant John:• 2 Who bare record of the word of God, and of thetestimony of Jesus Christ, and of all things that he saw.• 3 Blessed is he that readeth, and they that hear thewords of this prophecy, and keep those things which arewritten therein: for the time is at hand.ADtvLIVE
2406	REVELATION 1:1-3• 1 The Revelation of Jesus Christ, which God gave untohim, to shew unto his servants things which mustshortly come to pass; and he sent and signified it by hisangel unto his servant John:• 2 Who bare record of the word of God, and of thetestimony of Jesus Christ, and of all things that he saw.• 3 Blessed is he that readeth, and they that hear thewords of this prophecy, and keep those things which arewritten therein: for the time is at hand.ADItvLIVE
2412	REVELATION 1:1-3• 1 The Revelation of Jesus Christ, which God gave untohim, to shew unto his servants things which mustshortly come to pass; and he sent and signified it by hisangel unto his servant John:• 2 Who bare record of the word of God, and of thetestimony of Jesus Christ, and of all things that he saw.• 3 Blessed is he that readeth, and they that hear thewords of this prophecy, and keep those things which arewritten therein: for the time is at hand.ADItvLIVE
2418	REVELATION 1:1-3• 1 The Revelation of Jesus Christ, which God gave untohim, to shew unto his servants things which mustshortly come to pass; and he sent and signified it by hisangel unto his servant John:• 2 Who bare record of the word of God, and of thetestimony of Jesus Christ, and of all things that he saw.• 3 Blessed is he that readeth, and they that hear thewords of this prophecy, and keep those things which arewritten therein: for the time is at hand.ADItvLIVE
2424	REVELATION 1:1-3• 1 The Revelation of Jesus Christ, which God gave untohim, to shew unto his servants things which mustshortly come to pass; and he sent and signified it by hisangel unto his servant John:• 2 Who bare record of the word of God, and of thetestimony of Jesus Christ, and of all things that he saw.• 3 Blessed is he that readeth, and they that hear thewords of this prophecy, and keep those things which arewritten therein: for the time is at hand.ADLIVE
2430	REVELATION 1:1-3• 1 The Revelation of Jesus Christ, which God gave untohim, to shew unto his servants things which mustshortly come to pass; and he sent and signified it by hisangel unto his servant John:• 2 Who bare record of the word of God, and of thetestimony of Jesus Christ, and of all things that he saw.• 3 Blessed is he that readeth, and they that hear thewords of this prophecy, and keep those things which arewritten therein: for the time is at hand.ADItvLIVE
2436	REVELATION 1:1-3• 1 The Revelation of Jesus Christ, which God gave untohim, to shew unto his servants things which mustshortly come to pass; and he sent and signified it by hisangel unto his servant John:• 2 Who bare record of the word of God, and of thetestimony of Jesus Christ, and of all things that he saw.• 3 Blessed is he that readeth, and they that hear thewords of this prophecy, and keep those things which arewritten therein: for the time is at hand.ADItvLIVE
2442	REVELATION 1:1-3• 1 The Revelation of Jesus Christ, which God gave untohim, to shew unto his servants things which mustshortly come to pass; and he sent and signified it by hisangel unto his servant John:• 2 Who bare record of the word of God, and of thetestimony of Jesus Christ, and of all things that he saw.• 3 Blessed is he that readeth, and they that hear thewords of this prophecy, and keep those things which arewritten therein: for the time is at hand.ADLIVE
2448	REVELATION 1:1-3• 1 The Revelation of Jesus Christ, which God gave untohim, to shew unto his servants things which mustshortly come to pass; and he sent and signified it by hisangel unto his servant John:• 2 Who bare record of the word of God, and of thetestimony of Jesus Christ, and of all things that he saw.• 3 Blessed is he that readeth, and they that hear thewords of this prophecy, and keep those things which arewritten therein: for the time is at hand.ADItvLIVE
2454	REVELATION 1:1-3• 1 The Revelation of Jesus Christ, which God gave untohim, to shew unto his servants things which mustshortly come to pass; and he sent and signified it by hisangel unto his servant John:• 2 Who bare record of the word of God, and of thetestimony of Jesus Christ, and of all things that he saw.• 3 Blessed is he that readeth, and they that hear thewords of this prophecy, and keep those things which arewritten therein: for the time is at hand.ADLIVE
2460	REVELATION 1:1-3• 1 The Revelation of Jesus Christ, which God gave untohim, to shew unto his servants things which mustshortly come to pass; and he sent and signified it by hisangel unto his servant John:• 2 Who bare record of the word of God, and of thetestimony of Jesus Christ, and of all things that he saw.• 3 Blessed is he that readeth, and they that hear thewords of this prophecy, and keep those things which arewritten therein: for the time is at hand.ADItvLIVE
2466	REVELATION 1:1-3• 1 The Revelation of Jesus Christ, which God gave untohim, to shew unto his servants things which mustshortly come to pass; and he sent and signified it by hisangel unto his servant John:• 2 Who bare record of the word of God, and of thetestimony of Jesus Christ, and of all things that he saw.• 3 Blessed is he that readeth, and they that hear thewords of this prophecy, and keep those things which arewritten therein: for the time is at hand.ADtvLIVE
2472	REVELATION 1:1-3• 1 The Revelation of Jesus Christ, which God gave untohim, to shew unto his servants things which mustshortly come to pass; and he sent and signified it by hisangel unto his servant John:• 2 Who bare record of the word of God, and of thetestimony of Jesus Christ, and of all things that he saw.• 3 Blessed is he that readeth, and they that hear thewords of this prophecy, and keep those things which arewritten therein: for the time is at hand.ADItvLIVE
2478	REVELATION 1:1-3• 1 The Revelation of Jesus Christ, which God gave untohim, to shew unto his servants things which mustshortly come to pass; and he sent and signified it by hisangel unto his servant John:• 2 Who bare record of the word of God, and of thetestimony of Jesus Christ, and of all things that he saw.• 3 Blessed is he that readeth, and they that hear thewords of this prophecy, and keep those things which arewritten therein: for the time is at hand.ADItvLIVE
2484	REVELATION 1:1-3• 1 The Revelation of Jesus Christ, which God gave untohim, to shew unto his servants things which mustshortly come to pass; and he sent and signified it by hisangel unto his servant John:• 2 Who bare record of the word of God, and of thetestimony of Jesus Christ, and of all things that he saw.• 3 Blessed is he that readeth, and they that hear thewords of this prophecy, and keep those things which arewritten therein: for the time is at hand.ADItvLIVE
2490	REVELATION 1:1-3• 1 The Revelation of Jesus Christ, which God gave untohim, to shew unto his servants things which mustshortly come to pass; and he sent and signified it by hisangel unto his servant John:• 2 Who bare record of the word of God, and of thetestimony of Jesus Christ, and of all things that he saw.• 3 Blessed is he that readeth, and they that hear thewords of this prophecy, and keep those things which arewritten therein: for the time is at hand.ADLIVE
2496	REVELATION 1:1-3• 1 The Revelation of Jesus Christ, which God gave untohim, to shew unto his servants things which mustshortly come to pass; and he sent and signified it by hisangel unto his servant John:• 2 Who bare record of the word of God, and of thetestimony of Jesus Christ, and of all things that he saw.• 3 Blessed is he that readeth, and they that hear thewords of this prophecy, and keep those things which arewritten therein: for the time is at hand.ADItvLIVE
2502	REVELATION 1:1-3• 1 The Revelation of Jesus Christ, which God gave untohim, to shew unto his servants things which mustshortly come to pass; and he sent and signified it by hisangel unto his servant John:• 2 Who bare record of the word of God, and of thetestimony of Jesus Christ, and of all things that he saw.• 3 Blessed is he that readeth, and they that hear thewords of this prophecy, and keep those things which arewritten therein: for the time is at hand.ADLIVE
2508	REVELATION 1:1-3• 1 The Revelation of Jesus Christ, which God gave untohim, to shew unto his servants things which mustshortly come to pass; and he sent and signified it by hisangel unto his servant John:• 2 Who bare record of the word of God, and of thetestimony of Jesus Christ, and of all things that he saw.• 3 Blessed is he that readeth, and they that hear thewords of this prophecy, and keep those things which arewritten therein: for the time is at hand.ADtvLIVE
2514	REVELATION 1:1-3• 1 The Revelation of Jesus Christ, which God gave untohim, to shew unto his servants things which mustshortly come to pass; and he sent and signified it by hisangel unto his servant John:• 2 Who bare record of the word of God, and of thetestimony of Jesus Christ, and of all things that he saw.• 3 Blessed is he that readeth, and they that hear thewords of this prophecy, and keep those things which arewritten therein: for the time is at hand.ADtvLIVE
2520	REVELATION 1:1-3• 1 The Revelation of Jesus Christ, which God gave untohim, to shew unto his servants things which mustshortly come to pass; and he sent and signified it by hisangel unto his servant John:• 2 Who bare record of the word of God, and of thetestimony of Jesus Christ, and of all things that he saw.• 3 Blessed is he that readeth, and they that hear thewords of this prophecy, and keep those things which arewritten therein: for the time is at hand.ADItvLIVE
2526	REVELATION 1:1-3• 1 The Revelation of Jesus Christ, which God gave untohim, to shew unto his servants things which mustshortly come to pass; and he sent and signified it by hisangel unto his servant John:• 2 Who bare record of the word of God, and of thetestimony of Jesus Christ, and of all things that he saw.• 3 Blessed is he that readeth, and they that hear thewords of this prophecy, and keep those things which arewritten therein: for the time is at hand.ADLIVE
2532	REVELATION 1:1-3• 1 The Revelation of Jesus Christ, which God gave untohim, to shew unto his servants things which mustshortly come to pass; and he sent and signified it by hisangel unto his servant John:• 2 Who bare record of the word of God, and of thetestimony of Jesus Christ, and of all things that he saw.• 3 Blessed is he that readeth, and they that hear thewords of this prophecy, and keep those things which arewritten therein: for the time is at hand.ADtvLIVE
2538	REVELATION 1:1-3• 1 The Revelation of Jesus Christ, which God gave untohim, to shew unto his servants things which mustshortly come to pass; and he sent and signified it by hisangel unto his servant John:• 2 Who bare record of the word of God, and of thetestimony of Jesus Christ, and of all things that he saw.• 3 Blessed is he that readeth, and they that hear thewords of this prophecy, and keep those things which arewritten therein: for the time is at hand.ADLIVE
2544	REVELATION 1:1-3• 1 The Revelation of Jesus Christ, which God gave untohim, to shew unto his servants things which mustshortly come to pass; and he sent and signified it by hisangel unto his servant John:• 2 Who bare record of the word of God, and of thetestimony of Jesus Christ, and of all things that he saw.• 3 Blessed is he that readeth, and they that hear thewords of this prophecy, and keep those things which arewritten therein: for the time is at hand.ADLIVE
2550	DANIEL 12:1• And at that time shall Michael stand up, thegreat prince which standeth for the children ofthy people: and there shall be a time of trouble,such as never was since there was a nation even tothat same time: and at that time thy peopleshall be delivered, every one that shall befound written in the book.ADtvLIVE
2556	DANIEL 12:1• And at that time shall Michael stand up, thegreat prince which standeth for the children ofthy people: and there shall be a time of trouble,such as never was since there was a nation even tothat same time: and at that time thy peopleshall be delivered, every one that shall befound written in the book.ADtvLIVE
2562	DANIEL 12:1• And at that time shall Michael stand up, thegreat prince which standeth for the children ofthy people: and there shall be a time of trouble,such as never was since there was a nation even tothat same time: and at that time thy peopleshall be delivered, every one that shall befound written in the book.ADtvLIVE
2568	DANIEL 12:1• And at that time shall Michael stand up, thegreat prince which standeth for the children ofthy people: and there shall be a time of trouble,such as never was since there was a nation even tothat same time: and at that time thy peopleshall be delivered, every one that shall befound written in the book.ADLIVE
2574	DANIEL 12:1• And at that time shall Michael stand up, thegreat prince which standeth for the children ofthy people: and there shall be a time of trouble,such as never was since there was a nation even tothat same time: and at that time thy peopleshall be delivered, every one that shall befound written in the book.ADLIVE
2580	DANIEL 12:1• And at that time shall Michael stand up, thegreat prince which standeth for the children ofthy people: and there shall be a time of trouble,such as never was since there was a nation even tothat same time: and at that time thy peopleshall be delivered, every one that shall befound written in the book.ADtvLIVE
2586	DANIEL 12:1• And at that time shall Michael stand up, thegreat prince which standeth for the children ofthy people: and there shall be a time of trouble,such as never was since there was a nation even tothat same time: and at that time thy peopleshall be delivered, every one that shall befound written in the book.ADtvLIVE
2592	DANIEL 12:1• And at that time shall Michael stand up, thegreat prince which standeth for the children ofthy people: and there shall be a time of trouble,such as never was since there was a nation even tothat same time: and at that time thy peopleshall be delivered, every one that shall befound written in the book.ADtvLIVE
2598	DANIEL 12:1• And at that time shall Michael stand up, thegreat prince which standeth for the children ofthy people: and there shall be a time of trouble,such as never was since there was a nation even tothat same time: and at that time thy peopleshall be delivered, every one that shall befound written in the book.ADtvLIVE
2604	DANIEL 12:1• And at that time shall Michael stand up, thegreat prince which standeth for the children ofthy people: and there shall be a time of trouble,such as never was since there was a nation even tothat same time: and at that time thy peopleshall be delivered, every one that shall befound written in the book.ADtvLIVE
2610	DANIEL 12:1• And at that time shall Michael stand up, thegreat prince which standeth for the children ofthy people: and there shall be a time of trouble,such as never was since there was a nation even tothat same time: and at that time thy peopleshall be delivered, every one that shall befound written in the book.ADtvLIVE
2616	DANIEL 12:1• And at that time shall Michael stand up, thegreat prince which standeth for the children ofthy people: and there shall be a time of trouble,such as never was since there was a nation even tothat same time: and at that time thy peopleshall be delivered, every one that shall befound written in the book.ADtvLIVE
2622	DANIEL 12:1• And at that time shall Michael stand up, thegreat prince which standeth for the children ofthy people: and there shall be a time of trouble,such as never was since there was a nation even tothat same time: and at that time thy peopleshall be delivered, every one that shall befound written in the book.ADtvLIVE
2628	DANIEL 12:1• And at that time shall Michael stand up, thegreat prince which standeth for the children ofthy people: and there shall be a time of trouble,such as never was since there was a nation even tothat same time: and at that time thy peopleshall be delivered, every one that shall befound written in the book.ADtvLIVE
2634	DANIEL 12:1• And at that time shall Michael stand up, thegreat prince which standeth for the children ofthy people: and there shall be a time of trouble,such as never was since there was a nation even tothat same time: and at that time thy peopleshall be delivered, every one that shall befound written in the book.ADtvLIVE
2640	DANIEL 12:1• And at that time shall Michael stand up, thegreat prince which standeth for the children ofthy people: and there shall be a time of trouble,such as never was since there was a nation even tothat same time: and at that time thy peopleshall be delivered, every one that shall befound written in the book.ADtvLIVE
2646	DANIEL 12:1• And at that time shall Michael stand up, thegreat prince which standeth for the children ofthy people: and there shall be a time of trouble,such as never was since there was a nation even tothat same time: and at that time thy peopleshall be delivered, every one that shall befound written in the book.ADtvLIVE
2652	DANIEL 12:1• And at that time shall Michael stand up, thegreat prince which standeth for the children ofthy people: and there shall be a time of trouble,such as never was since there was a nation even tothat same time: and at that time thy peopleshall be delivered, every one that shall befound written in the book.ADtvLIVE
2658	DANIEL 12:1• And at that time shall Michael stand up, thegreat prince which standeth for the children ofthy people: and there shall be a time of trouble,such as never was since there was a nation even tothat same time: and at that time thy peopleshall be delivered, every one that shall befound written in the book.ADtvLIVE
2664	DANIEL 12:1• And at that time shall Michael stand up, thegreat prince which standeth for the children ofthy people: and there shall be a time of trouble,such as never was since there was a nation even tothat same time: and at that time thy peopleshall be delivered, every one that shall befound written in the book.ADtvLIVE
2670	DARKNESS BEFORE DAWN P.36-38• The events connected with the close of probation andthe work of preparation for the time of trouble, areclearly presented. But multitudes have no moreunderstanding of these important truths than if theyhad never been revealed. Satan watches to catch awayevery impression that would make them wise untosalvation, and the time of trouble will find themunready.ADtvLIVE
2676	DARKNESS BEFORE DAWN P.36-38• The events connected with the close of probation andthe work of preparation for the time of trouble, areclearly presented. But multitudes have no moreunderstanding of these important truths than if theyhad never been revealed. Satan watches to catch awayevery impression that would make them wise untosalvation, and the time of trouble will find themunready.ADtvLIVE
2682	DARKNESS BEFORE DAWN P.36-38• The events connected with the close of probation andthe work of preparation for the time of trouble, areclearly presented. But multitudes have no moreunderstanding of these important truths than if theyhad never been revealed. Satan watches to catch awayevery impression that would make them wise untosalvation, and the time of trouble will find themunready.ADtvLIVE
2688	DARKNESS BEFORE DAWN P.36-38• The events connected with the close of probation andthe work of preparation for the time of trouble, areclearly presented. But multitudes have no moreunderstanding of these important truths than if theyhad never been revealed. Satan watches to catch awayevery impression that would make them wise untosalvation, and the time of trouble will find themunready.ADtvLIVE
2694	DARKNESS BEFORE DAWN P.36-38• The events connected with the close of probation andthe work of preparation for the time of trouble, areclearly presented. But multitudes have no moreunderstanding of these important truths than if theyhad never been revealed. Satan watches to catch awayevery impression that would make them wise untosalvation, and the time of trouble will find themunready.ADtvLIVE
2700	DARKNESS BEFORE DAWN P.36-38• The events connected with the close of probation andthe work of preparation for the time of trouble, areclearly presented. But multitudes have no moreunderstanding of these important truths than if theyhad never been revealed. Satan watches to catch awayevery impression that would make them wise untosalvation, and the time of trouble will find themunready.ADtvLIVE
2706	DARKNESS BEFORE DAWN P.36-38• The events connected with the close of probation andthe work of preparation for the time of trouble, areclearly presented. But multitudes have no moreunderstanding of these important truths than if theyhad never been revealed. Satan watches to catch awayevery impression that would make them wise untosalvation, and the time of trouble will find themunready.ADtvLIVE
2712	DARKNESS BEFORE DAWN P.36-38• The events connected with the close of probation andthe work of preparation for the time of trouble, areclearly presented. But multitudes have no moreunderstanding of these important truths than if theyhad never been revealed. Satan watches to catch awayevery impression that would make them wise untosalvation, and the time of trouble will find themunready.AD[tvLIVE
2718	DARKNESS BEFORE DAWN P.36-38• The events connected with the close of probation andthe work of preparation for the time of trouble, areclearly presented. But multitudes have no moreunderstanding of these important truths than if theyhad never been revealed. Satan watches to catch awayevery impression that would make them wise untosalvation, and the time of trouble will find themunready.ADtvLIVE
2724	DARKNESS BEFORE DAWN P.36-38• The events connected with the close of probation andthe work of preparation for the time of trouble, areclearly presented. But multitudes have no moreunderstanding of these important truths than if theyhad never been revealed. Satan watches to catch awayevery impression that would make them wise untosalvation, and the time of trouble will find themunready.ADLIVE
2730	DARKNESS BEFORE DAWN P.36-38• The events connected with the close of probation andthe work of preparation for the time of trouble, areclearly presented. But multitudes have no moreunderstanding of these important truths than if theyhad never been revealed. Satan watches to catch awayevery impression that would make them wise untosalvation, and the time of trouble will find themunready.ADtvLIVE
2736	DARKNESS BEFORE DAWN P.36-38• The events connected with the close of probation andthe work of preparation for the time of trouble, areclearly presented. But multitudes have no moreunderstanding of these important truths than if theyhad never been revealed. Satan watches to catch awayevery impression that would make them wise untosalvation, and the time of trouble will find themunready.ADtvLIVE
2742	DARKNESS BEFORE DAWN P.36-38• The events connected with the close of probation andthe work of preparation for the time of trouble, areclearly presented. But multitudes have no moreunderstanding of these important truths than if theyhad never been revealed. Satan watches to catch awayevery impression that would make them wise untosalvation, and the time of trouble will find themunready.ADtvLIVE
2748	DARKNESS BEFORE DAWN P.36-38• The events connected with the close of probation andthe work of preparation for the time of trouble, areclearly presented. But multitudes have no moreunderstanding of these important truths than if theyhad never been revealed. Satan watches to catch awayevery impression that would make them wise untosalvation, and the time of trouble will find themunready.ADtvLIVE
2754	DARKNESS BEFORE DAWN P.36-38• The events connected with the close of probation andthe work of preparation for the time of trouble, areclearly presented. But multitudes have no moreunderstanding of these important truths than if theyhad never been revealed. Satan watches to catch awayevery impression that would make them wise untosalvation, and the time of trouble will find themunready.ADtvLIVE
2760	DARKNESS BEFORE DAWN P.36-38• The events connected with the close of probation andthe work of preparation for the time of trouble, areclearly presented. But multitudes have no moreunderstanding of these important truths than if theyhad never been revealed. Satan watches to catch awayevery impression that would make them wise untosalvation, and the time of trouble will find themunready.ADLIVE
2766	DARKNESS BEFORE DAWN P.36-38• The events connected with the close of probation andthe work of preparation for the time of trouble, areclearly presented. But multitudes have no moreunderstanding of these important truths than if theyhad never been revealed. Satan watches to catch awayevery impression that would make them wise untosalvation, and the time of trouble will find themunready.ADtvLIVE
2772	DARKNESS BEFORE DAWN P.36-38• The events connected with the close of probation andthe work of preparation for the time of trouble, areclearly presented. But multitudes have no moreunderstanding of these important truths than if theyhad never been revealed. Satan watches to catch awayevery impression that would make them wise untosalvation, and the time of trouble will find themunready.ADtvLIVE
2778	DARKNESS BEFORE DAWN P.36-38• The events connected with the close of probation andthe work of preparation for the time of trouble, areclearly presented. But multitudes have no moreunderstanding of these important truths than if theyhad never been revealed. Satan watches to catch awayevery impression that would make them wise untosalvation, and the time of trouble will find themunready.ADtvLIVE
2784	DARKNESS BEFORE DAWN P.36-38• The events connected with the close of probation andthe work of preparation for the time of trouble, areclearly presented. But multitudes have no moreunderstanding of these important truths than if theyhad never been revealed. Satan watches to catch awayevery impression that would make them wise untosalvation, and the time of trouble will find themunready.ADtvLIVE
2790	DARKNESS BEFORE DAWN P.36-38• The events connected with the close of probation andthe work of preparation for the time of trouble, areclearly presented. But multitudes have no moreunderstanding of these important truths than if theyhad never been revealed. Satan watches to catch awayevery impression that would make them wise untosalvation, and the time of trouble will find themunready.ADtvLIVE
2796	DARKNESS BEFORE DAWN P.36-38• The events connected with the close of probation andthe work of preparation for the time of trouble, areclearly presented. But multitudes have no moreunderstanding of these important truths than if theyhad never been revealed. Satan watches to catch awayevery impression that would make them wise untosalvation, and the time of trouble will find themunready.ADtvLIVE
2802	DARKNESS BEFORE DAWN P.36-38• The events connected with the close of probation andthe work of preparation for the time of trouble, areclearly presented. But multitudes have no moreunderstanding of these important truths than if theyhad never been revealed. Satan watches to catch awayevery impression that would make them wise untosalvation, and the time of trouble will find themunready.ADtvLIVE
2808	DARKNESS BEFORE DAWN P.36-38• The events connected with the close of probation andthe work of preparation for the time of trouble, areclearly presented. But multitudes have no moreunderstanding of these important truths than if theyhad never been revealed. Satan watches to catch awayevery impression that would make them wise untosalvation, and the time of trouble will find themunready.ADtvLIVE
2814	DARKNESS BEFORE DAWN P.36-38• The events connected with the close of probation andthe work of preparation for the time of trouble, areclearly presented. But multitudes have no moreunderstanding of these important truths than if theyhad never been revealed. Satan watches to catch awayevery impression that would make them wise untosalvation, and the time of trouble will find themunready.ADtvLIVE
2820	DARKNESS BEFORE DAWN P.36-38• The events connected with the close of probation andthe work of preparation for the time of trouble, areclearly presented. But multitudes have no moreunderstanding of these important truths than if theyhad never been revealed. Satan watches to catch awayevery impression that would make them wise untosalvation, and the time of trouble will find themunready.AD[tvLIVE
2826	DARKNESS BEFORE DAWN P.36-38• The events connected with the close of probation andthe work of preparation for the time of trouble, areclearly presented. But multitudes have no moreunderstanding of these important truths than if theyhad never been revealed. Satan watches to catch awayevery impression that would make them wise untosalvation, and the time of trouble will find themunready.ADtvLIVE
2832	DARKNESS BEFORE DAWN P.36-38• The events connected with the close of probation andthe work of preparation for the time of trouble, areclearly presented. But multitudes have no moreunderstanding of these important truths than if theyhad never been revealed. Satan watches to catch awayevery impression that would make them wise untosalvation, and the time of trouble will find themunready.ADLIVE
2838	DARKNESS BEFORE DAWN P.36-38• The events connected with the close of probation andthe work of preparation for the time of trouble, areclearly presented. But multitudes have no moreunderstanding of these important truths than if theyhad never been revealed. Satan watches to catch awayevery impression that would make them wise untosalvation, and the time of trouble will find themunready.ADtvLIVE
2844	DARKNESS BEFORE DAWN P.36-38• The events connected with the close of probation andthe work of preparation for the time of trouble, areclearly presented. But multitudes have no moreunderstanding of these important truths than if theyhad never been revealed. Satan watches to catch awayevery impression that would make them wise untosalvation, and the time of trouble will find themunready.ADtvLIVE
2850	DARKNESS BEFORE DAWN P.36-38• The events connected with the close of probation andthe work of preparation for the time of trouble, areclearly presented. But multitudes have no moreunderstanding of these important truths than if theyhad never been revealed. Satan watches to catch awayevery impression that would make them wise untosalvation, and the time of trouble will find themunready.ADtvLIVE
2856	DARKNESS BEFORE DAWN P.36-38• The events connected with the close of probation andthe work of preparation for the time of trouble, areclearly presented. But multitudes have no moreunderstanding of these important truths than if theyhad never been revealed. Satan watches to catch awayevery impression that would make them wise untosalvation, and the time of trouble will find themunready.ADtvLIVE
2862	DARKNESS BEFORE DAWN P.36-38• The events connected with the close of probation andthe work of preparation for the time of trouble, areclearly presented. But multitudes have no moreunderstanding of these important truths than if theyhad never been revealed. Satan watches to catch awayevery impression that would make them wise untosalvation, and the time of trouble will find themunready.ADtvLIVE
2868	DARKNESS BEFORE DAWN P.36-38• The events connected with the close of probation andthe work of preparation for the time of trouble, areclearly presented. But multitudes have no moreunderstanding of these important truths than if theyhad never been revealed. Satan watches to catch awayevery impression that would make them wise untosalvation, and the time of trouble will find themunready.ADtvLIVE
2874	DARKNESS BEFORE DAWN P.36-38• The events connected with the close of probation andthe work of preparation for the time of trouble, areclearly presented. But multitudes have no moreunderstanding of these important truths than if theyhad never been revealed. Satan watches to catch awayevery impression that would make them wise untosalvation, and the time of trouble will find themunready.ADtvLIVE
2880	GREAT CONTROVERSY P.622• The "time of trouble, such as never was," is soon to open uponus; and we shall need an experience which we do not nowpossess and which many are too indolent to obtain. It is oftenthe case that trouble is greater in anticipation than in reality;but this is not true of the crisis before us. The most vividpresentation cannot reach the magnitude of the ordeal. In thattime of trial, every soul must stand for himself before God."Though Noah, Daniel, and Job" were in the land, "as I live,saith the Lord God, they shall deliver neither son nor daughter;they shall but deliver their own souls by their righteousness.'Ezekiel 14:20.ADLIVE
2886	GREAT CONTROVERSY P.622• The "time of trouble, such as never was," is soon to open uponus; and we shall need an experience which we do not nowpossess and which many are too indolent to obtain. It is oftenthe case that trouble is greater in anticipation than in reality;but this is not true of the crisis before us. The most vividpresentation cannot reach the magnitude of the ordeal. In thattime of trial, every soul must stand for himself before God."Though Noah, Daniel, and Job" were in the land, "as I live,saith the Lord God, they shall deliver neither son nor daughter;they shall but deliver their own souls by their righteousness."Ezekiel 14:20.ADtvLIVE
2892	GREAT CONTROVERSY P.622• The "time of trouble, such as never was," is soon to open uponus; and we shall need an experience which we do not nowpossess and which many are too indolent to obtain. It is oftenthe case that trouble is greater in anticipation than in reality;but this is not true of the crisis before us. The most vividpresentation cannot reach the magnitude of the ordeal. In thattime of trial, every soul must stand for himself before God."Though Noah, Daniel, and Job" were in the land, "as I live,saith the Lord God, they shall deliver neither son nor daughter;they shall but deliver their own souls by their righteousness.'Ezekiel 14:20.ADtvLIVE
2898	GREAT CONTROVERSY P.622• The "time of trouble, such as never was," is soon to open uponus; and we shall need an experience which we do not nowpossess and which many are too indolent to obtain. It is oftenthe case that trouble is greater in anticipation than in reality;but this is not true of the crisis before us. The most vividpresentation cannot reach the magnitude of the ordeal. In thattime of trial, every soul must stand for himself before God."Though Noah, Daniel, and Job" were in the land, "as I live,saith the Lord God, they shall deliver neither son nor daughter;they shall but deliver their own souls by their righteousness.'Ezekiel 14:20.ADtvLIVE
2904	GREAT CONTROVERSY P.622• The "time of trouble, such as never was," is soon to open uponus; and we shall need an experience which we do not nowpossess and which many are too indolent to obtain. It is oftenthe case that trouble is greater in anticipation than in reality;but this is not true of the crisis before us. The most vividpresentation cannot reach the magnitude of the ordeal. In thattime of trial, every soul must stand for himself before God."Though Noah, Daniel, and Job" were in the land, "as I live,saith the Lord God, they shall deliver neither son nor daughter;they shall but deliver their own souls by their righteousness.'Ezekiel 14:20.ADtvLIVE
2910	GREAT CONTROVERSY P.622• The "time of trouble, such as never was," is soon to open uponus; and we shall need an experience which we do not nowpossess and which many are too indolent to obtain. It is oftenthe case that trouble is greater in anticipation than in reality;but this is not true of the crisis before us. The most vividpresentation cannot reach the magnitude of the ordeal. In thattime of trial, every soul must stand for himself before God."Though Noah, Daniel, and Job" were in the land, "as I live,saith the Lord God, they shall deliver neither son nor daughter;they shall but deliver their own souls by their righteousness.'Ezekiel 14:20.ADLIVE
2916	GREAT CONTROVERSY P.622• The "time of trouble, such as never was," is soon to open uponus; and we shall need an experience which we do not nowpossess and which many are too indolent to obtain. It is oftenthe case that trouble is greater in anticipation than in reality;but this is not true of the crisis before us. The most vividpresentation cannot reach the magnitude of the ordeal. In thattime of trial, every soul must stand for himself before God."Though Noah, Daniel, and Job" were in the land, "as I live,saith the Lord God, they shall deliver neither son nor daughter;they shall but deliver their own souls by their righteousness.'Ezekiel 14:20.ADtvLIVE
2922	GREAT CONTROVERSY P.622• The "time of trouble, such as never was," is soon to open uponus; and we shall need an experience which we do not nowpossess and which many are too indolent to obtain. It is oftenthe case that trouble is greater in anticipation than in reality;but this is not true of the crisis before us. The most vividpresentation cannot reach the magnitude of the ordeal. In thattime of trial, every soul must stand for himself before God."Though Noah, Daniel, and Job" were in the land, "as I live,saith the Lord God, they shall deliver neither son nor daughter;they shall but deliver their own souls by their righteousness.'Ezekiel 14:20.ADtvLIVE
2928	GREAT CONTROVERSY P.622• The "time of trouble, such as never was," is soon to open uponus; and we shall need an experience which we do not nowpossess and which many are too indolent to obtain. It is oftenthe case that trouble is greater in anticipation than in reality;but this is not true of the crisis before us. The most vividpresentation cannot reach the magnitude of the ordeal. In thattime of trial, every soul must stand for himself before God."Though Noah, Daniel, and Job" were in the land, "as I live,saith the Lord God, they shall deliver neither son nor daughter;they shall but deliver their own souls by their righteousness.'Ezekiel 14:20.ADtvLIVE
2934	GREAT CONTROVERSY P.622• The "time of trouble, such as never was," is soon to open uponus; and we shall need an experience which we do not nowpossess and which many are too indolent to obtain. It is oftenthe case that trouble is greater in anticipation than in reality;but this is not true of the crisis before us. The most vividpresentation cannot reach the magnitude of the ordeal. In thattime of trial, every soul must stand for himself before God."Though Noah, Daniel, and Job" were in the land, "as I live,saith the Lord God, they shall deliver neither son nor daughter;they shall but deliver their own souls by their righteousness.'Ezekiel 14:20.ADtvLIVE
2940	GREAT CONTROVERSY P.622• The "time of trouble, such as never was," is soon to open uponus; and we shall need an experience which we do not nowpossess and which many are too indolent to obtain. It is oftenthe case that trouble is greater in anticipation than in reality;but this is not true of the crisis before us. The most vividpresentation cannot reach the magnitude of the ordeal. In thattime of trial, every soul must stand for himself before God."Though Noah, Daniel, and Job" were in the land, "as I live,saith the Lord God, they shall deliver neither son nor daughter;they shall but deliver their own souls by their righteousness.'Ezekiel 14:20.ADtvLIVE
2946	GREAT CONTROVERSY P.622• The "time of trouble, such as never was," is soon to open uponus; and we shall need an experience which we do not nowpossess and which many are too indolent to obtain. It is oftenthe case that trouble is greater in anticipation than in reality;but this is not true of the crisis before us. The most vividpresentation cannot reach the magnitude of the ordeal. In thattime of trial, every soul must stand for himself before God."Though Noah, Daniel, and Job" were in the land, "as I live,saith the Lord God, they shall deliver neither son nor daughter;they shall but deliver their own souls by their righteousness.'Ezekiel 14:20.ADtvLIVE
2952	GREAT CONTROVERSY P.622• The "time of trouble, such as never was," is soon to open uponus; and we shall need an experience which we do not nowpossess and which many are too indolent to obtain. It is oftenthe case that trouble is greater in anticipation than in reality;but this is not true of the crisis before us. The most vividpresentation cannot reach the magnitude of the ordeal. In thattime of trial, every soul must stand for himself before God."Though Noah, Daniel, and Job" were in the land, "as I live,saith the Lord God, they shall deliver neither son nor daughter;they shall but deliver their own souls by their righteousness.'Ezekiel 14:20.ADtvLIVE
2958	GREAT CONTROVERSY P.622• The "time of trouble, such as never was," is soon to open uponus; and we shall need an experience which we do not nowpossess and which many are too indolent to obtain. It is oftenthe case that trouble is greater in anticipation than in reality;but this is not true of the crisis before us. The most vividpresentation cannot reach the magnitude of the ordeal. In thattime of trial, every soul must stand for himself before God."Though Noah, Daniel, and Job" were in the land, "as I live,saith the Lord God, they shall deliver neither son nor daughter;they shall but deliver their own souls by their righteousness.'Ezekiel 14:20.ADtvLIVE
2964	GREAT CONTROVERSY P.622• The "time of trouble, such as never was," is soon to open uponus; and we shall need an experience which we do not nowpossess and which many are too indolent to obtain. It is oftenthe case that trouble is greater in anticipation than in reality;but this is not true of the crisis before us. The most vividpresentation cannot reach the magnitude of the ordeal. In thattime of trial, every soul must stand for himself before God."Though Noah, Daniel, and Job" were in the land, "as I live,saith the Lord God, they shall deliver neither son nor daughter;they shall but deliver their own souls by their righteousness.'Ezekiel 14:20.ADtvLIVE
2970	GREAT CONTROVERSY P.622• The "time of trouble, such as never was," is soon to open uponus; and we shall need an experience which we do not nowpossess and which many are too indolent to obtain. It is oftenthe case that trouble is greater in anticipation than in reality;but this is not true of the crisis before us. The most vividpresentation cannot reach the magnitude of the ordeal. In thattime of trial, every soul must stand for himself before God."Though Noah, Daniel, and Job" were in the land, "as I live,saith the Lord God, they shall deliver neither son nor daughter;they shall but deliver their own souls by their righteousness.'Ezekiel 14:20.ADLIVE
2976	GREAT CONTROVERSY P.622• The "time of trouble, such as never was," is soon to open uponus; and we shall need an experience which we do not nowpossess and which many are too indolent to obtain. It is oftenthe case that trouble is greater in anticipation than in reality;but this is not true of the crisis before us. The most vividpresentation cannot reach the magnitude of the ordeal. In thattime of trial, every soul must stand for himself before God."Though Noah, Daniel, and Job" were in the land, "as I live,saith the Lord God, they shall deliver neither son nor daughter;they shall but deliver their own souls by their righteousness.'Ezekiel 14:20.ADtvLIVE
2982	GREAT CONTROVERSY P.622• The "time of trouble, such as never was," is soon to open uponus; and we shall need an experience which we do not nowpossess and which many are too indolent to obtain. It is oftenthe case that trouble is greater in anticipation than in reality;but this is not true of the crisis before us. The most vividpresentation cannot reach the magnitude of the ordeal. In thattime of trial, every soul must stand for himself before God."Though Noah, Daniel, and Job" were in the land, "as I live,saith the Lord God, they shall deliver neither son nor daughter;they shall but deliver their own souls by their righteousness.'Ezekiel 14:20.AllDtvLIVE
2988	GREAT CONTROVERSY P.622• The "time of trouble, such as never was," is soon to open uponus; and we shall need an experience which we do not nowpossess and which many are too indolent to obtain. It is oftenthe case that trouble is greater in anticipation than in reality;but this is not true of the crisis before us. The most vividpresentation cannot reach the magnitude of the ordeal. In thattime of trial, every soul must stand for himself before God."Though Noah, Daniel, and Job" were in the land, "as I live,saith the Lord God, they shall deliver neither son nor daughter;they shall but deliver their own souls by their righteousness."Ezekiel 14:20.ADItvLIVE
2994	GREAT CONTROVERSY P.622• The "time of trouble, such as never was," is soon to open uponus; and we shall need an experience which we do not nowpossess and which many are too indolent to obtain. It is oftenthe case that trouble is greater in anticipation than in reality;but this is not true of the crisis before us. The most vividpresentation cannot reach the magnitude of the ordeal. In thattime of trial, every soul must stand for himself before God."Though Noah, Daniel, and Job" were in the land, "as I live,saith the Lord God, they shall deliver neither son nor daughter;they shall but deliver their own souls by their righteousness.'Ezekiel 14:20.ADtvLIVE
3000	GREAT CONTROVERSY P.622• The "time of trouble, such as never was," is soon to open uponus; and we shall need an experience which we do not nowpossess and which many are too indolent to obtain. It is oftenthe case that trouble is greater in anticipation than in reality;but this is not true of the crisis before us. The most vividpresentation cannot reach the magnitude of the ordeal. In thattime of trial, every soul must stand for himself before God."Though Noah, Daniel, and Job" were in the land, "as I live,saith the Lord God, they shall deliver neither son nor daughter;they shall but deliver their own souls by their righteousness.'Ezekiel 14:20.ADItvLIVE
3006	GREAT CONTROVERSY P.622• The "time of trouble, such as never was," is soon to open uponus; and we shall need an experience which we do not nowpossess and which many are too indolent to obtain. It is oftenthe case that trouble is greater in anticipation than in reality;but this is not true of the crisis before us. The most vividpresentation cannot reach the magnitude of the ordeal. In thattime of trial, every soul must stand for himself before God."Though Noah, Daniel, and Job" were in the land, "as I live,saith the Lord God, they shall deliver neither son nor daughter;they shall but deliver their own souls by their righteousness.'Ezekiel 14:20.ADtvLIVE
3012	GREAT CONTROVERSY P.622• The "time of trouble, such as never was," is soon to open uponus; and we shall need an experience which we do not nowpossess and which many are too indolent to obtain. It is oftenthe case that trouble is greater in anticipation than in reality;but this is not true of the crisis before us. The most vividpresentation cannot reach the magnitude of the ordeal. In thattime of trial, every soul must stand for himself before God."Though Noah, Daniel, and Job" were in the land, "as I live,saith the Lord God, they shall deliver neither son nor daughter;they shall but deliver their own souls by their righteousness.'Ezekiel 14:20.ADtvLIVE
3018	GREAT CONTROVERSY P.622• The "time of trouble, such as never was," is soon to open uponus; and we shall need an experience which we do not nowpossess and which many are too indolent to obtain. It is oftenthe case that trouble is greater in anticipation than in reality;but this is not true of the crisis before us. The most vividpresentation cannot reach the magnitude of the ordeal. In thattime of trial, every soul must stand for himself before God."Though Noah, Daniel, and Job" were in the land, "as I live,saith the Lord God, they shall deliver neither son nor daughter;they shall but deliver their own souls by their righteousness.'Ezekiel 14:20.ADtvLIVE
3024	GREAT CONTROVERSY P.622• The "time of trouble, such as never was," is soon to open uponus; and we shall need an experience which we do not nowpossess and which many are too indolent to obtain. It is oftenthe case that trouble is greater in anticipation than in reality;but this is not true of the crisis before us. The most vividpresentation cannot reach the magnitude of the ordeal. In thattime of trial, every soul must stand for himself before God."Though Noah, Daniel, and Job" were in the land, "as I live,saith the Lord God, they shall deliver neither son nor daughter;they shall but deliver their own souls by their righteousness.'Ezekiel 14:20.ADtvLIVE
3030	GREAT CONTROVERSY P.622• The "time of trouble, such as never was," is soon to open uponus; and we shall need an experience which we do not nowpossess and which many are too indolent to obtain. It is oftenthe case that trouble is greater in anticipation than in reality;but this is not true of the crisis before us. The most vividpresentation cannot reach the magnitude of the ordeal. In thattime of trial, every soul must stand for himself before God."Though Noah, Daniel, and Job" were in the land, "as I live,saith the Lord God, they shall deliver neither son nor daughter;they shall but deliver their own souls by their righteousness.'Ezekiel 14:20.ADItvLIVE
3036	GREAT CONTROVERSY P.622• The "time of trouble, such as never was," is soon to open uponus; and we shall need an experience which we do not nowpossess and which many are too indolent to obtain. It is oftenthe case that trouble is greater in anticipation than in reality;but this is not true of the crisis before us. The most vividpresentation cannot reach the magnitude of the ordeal. In thattime of trial, every soul must stand for himself before God."Though Noah, Daniel, and Job" were in the land, "as I live,saith the Lord God, they shall deliver neither son nor daughter;they shall but deliver their own souls by their righteousness."Ezekiel 14:20.ADtvLIVE
3042	GREAT CONTROVERSY P.622• The "time of trouble, such as never was," is soon to open uponus; and we shall need an experience which we do not nowpossess and which many are too indolent to obtain. It is oftenthe case that trouble is greater in anticipation than in reality;but this is not true of the crisis before us. The most vividpresentation cannot reach the magnitude of the ordeal. In thattime of trial, every soul must stand for himself before God."Though Noah, Daniel, and Job" were in the land, "as I live,saith the Lord God, they shall deliver neither son nor daughter;they shall but deliver their own souls by their righteousness."Ezekiel 14:20.ADItvLIVE
3048	GREAT CONTROVERSY P.622• The "time of trouble, such as never was," is soon to open uponus; and we shall need an experience which we do not nowpossess and which many are too indolent to obtain. It is oftenthe case that trouble is greater in anticipation than in reality;but this is not true of the crisis before us. The most vividpresentation cannot reach the magnitude of the ordeal. In thattime of trial, every soul must stand for himself before God."Though Noah, Daniel, and Job" were in the land, "as I live,saith the Lord God, they shall deliver neither son nor daughter;they shall but deliver their own souls by their righteousness."Ezekiel 14:20.AllDLIVE
3054	GREAT CONTROVERSY P.622• The "time of trouble, such as never was," is soon to open uponus; and we shall need an experience which we do not nowpossess and which many are too indolent to obtain. It is oftenthe case that trouble is greater in anticipation than in reality;but this is not true of the crisis before us. The most vividpresentation cannot reach the magnitude of the ordeal. In thattime of trial, every soul must stand for himself before God."Though Noah, Daniel, and Job" were in the land, "as I live,saith the Lord God, they shall deliver neither son nor daughter;they shall but deliver their own souls by their righteousness.'Ezekiel 14:20.AllDItvLIVE
3060	GREAT CONTROVERSY P.622• The "time of trouble, such as never was," is soon to open uponus; and we shall need an experience which we do not nowpossess and which many are too indolent to obtain. It is oftenthe case that trouble is greater in anticipation than in reality;but this is not true of the crisis before us. The most vividpresentation cannot reach the magnitude of the ordeal. In thattime of trial, every soul must stand for himself before God."Though Noah, Daniel, and Job" were in the land, "as I live,saith the Lord God, they shall deliver neither son nor daughter;they shall but deliver their own souls by their righteousness."Ezekiel 14:20.ADtvLIVE
3066	GREAT CONTROVERSY P.622• The "time of trouble, such as never was," is soon to open uponus; and we shall need an experience which we do not nowpossess and which many are too indolent to obtain. It is oftenthe case that trouble is greater in anticipation than in reality;but this is not true of the crisis before us. The most vividpresentation cannot reach the magnitude of the ordeal. In thattime of trial, every soul must stand for himself before God."Though Noah, Daniel, and Job" were in the land, "as I live,saith the Lord God, they shall deliver neither son nor daughter;they shall but deliver their own souls by their righteousness.'Ezekiel 14:20.ADtvLIVE
3072	GREAT CONTROVERSY P.622• The "time of trouble, such as never was," is soon to open uponus; and we shall need an experience which we do not nowpossess and which many are too indolent to obtain. It is oftenthe case that trouble is greater in anticipation than in reality;but this is not true of the crisis before us. The most vividpresentation cannot reach the magnitude of the ordeal. In thattime of trial, every soul must stand for himself before God."Though Noah, Daniel, and Job" were in the land, "as I live,saith the Lord God, they shall deliver neither son nor daughter;they shall but deliver their own souls by their righteousness.'Ezekiel 14:20.ADtvLIVE
3078	GREAT CONTROVERSY P.622• The "time of trouble, such as never was," is soon to open uponus; and we shall need an experience which we do not nowpossess and which many are too indolent to obtain. It is oftenthe case that trouble is greater in anticipation than in reality;but this is not true of the crisis before us. The most vividpresentation cannot reach the magnitude of the ordeal. In thattime of trial, every soul must stand for himself before God."Though Noah, Daniel, and Job" were in the land, "as I live,saith the Lord God, they shall deliver neither son nor daughter;they shall but deliver their own souls by their righteousness.'Ezekiel 14:20.AllDtvLIVE
3084	GREAT CONTROVERSY P.622• The "time of trouble, such as never was," is soon to open uponus; and we shall need an experience which we do not nowpossess and which many are too indolent to obtain. It is oftenthe case that trouble is greater in anticipation than in reality;but this is not true of the crisis before us. The most vividpresentation cannot reach the magnitude of the ordeal. In thattime of trial, every soul must stand for himself before God."Though Noah, Daniel, and Job" were in the land, "as I live,saith the Lord God, they shall deliver neither son nor daughter;they shall but deliver their own souls by their righteousness.'Ezekiel 14:20.ADtvLIVE
3090	GREAT CONTROVERSY P.622• The "time of trouble, such as never was," is soon to open uponus; and we shall need an experience which we do not nowpossess and which many are too indolent to obtain. It is oftenthe case that trouble is greater in anticipation than in reality;but this is not true of the crisis before us. The most vividpresentation cannot reach the magnitude of the ordeal. In thattime of trial, every soul must stand for himself before God."Though Noah, Daniel, and Job" were in the land, "as I live,saith the Lord God, they shall deliver neither son nor daughter;they shall but deliver their own souls by their righteousness.'Ezekiel 14:20.ADtvLIVE
3096	GREAT CONTROVERSY P.622• The "time of trouble, such as never was," is soon to open uponus; and we shall need an experience which we do not nowpossess and which many are too indolent to obtain. It is oftenthe case that trouble is greater in anticipation than in reality;but this is not true of the crisis before us. The most vividpresentation cannot reach the magnitude of the ordeal. In thattime of trial, every soul must stand for himself before God."Though Noah, Daniel, and Job" were in the land, "as I live,saith the Lord God, they shall deliver neither son nor daughter;they shall but deliver their own souls by their righteousness.'Ezekiel 14:20.ADLIVE
3102	GREAT CONTROVERSY P.622• The "time of trouble, such as never was," is soon to open uponus; and we shall need an experience which we do not nowpossess and which many are too indolent to obtain. It is oftenthe case that trouble is greater in anticipation than in reality;but this is not true of the crisis before us. The most vividpresentation cannot reach the magnitude of the ordeal. In thattime of trial, every soul must stand for himself before God."Though Noah, Daniel, and Job" were in the land, "as I live,saith the Lord God, they shall deliver neither son nor daughter;they shall but deliver their own souls by their righteousness.'Ezekiel 14:20.ADtvLIVE
3108	GREAT CONTROVERSY P.622• The "time of trouble, such as never was," is soon to open uponus; and we shall need an experience which we do not nowpossess and which many are too indolent to obtain. It is oftenthe case that trouble is greater in anticipation than in reality;but this is not true of the crisis before us. The most vividpresentation cannot reach the magnitude of the ordeal. In thattime of trial, every soul must stand for himself before God."Though Noah, Daniel, and Job" were in the land, "as I live,saith the Lord God, they shall deliver neither son nor daughter;they shall but deliver their own souls by their righteousness.'Ezekiel 14:20.ADtvLIVE
3114	GREAT CONTROVERSY P.622• The "time of trouble, such as never was," is soon to open uponus; and we shall need an experience which we do not nowpossess and which many are too indolent to obtain. It is oftenthe case that trouble is greater in anticipation than in reality;but this is not true of the crisis before us. The most vividpresentation cannot reach the magnitude of the ordeal. In thattime of trial, every soul must stand for himself before God."Though Noah, Daniel, and Job" were in the land, "as I live,saith the Lord God, they shall deliver neither son nor daughter;they shall but deliver their own souls by their righteousness.'Ezekiel 14:20.ADtvLIVE
3120	GREAT CONTROVERSY P.622• The "time of trouble, such as never was," is soon to open uponus; and we shall need an experience which we do not nowpossess and which many are too indolent to obtain. It is oftenthe case that trouble is greater in anticipation than in reality;but this is not true of the crisis before us. The most vividpresentation cannot reach the magnitude of the ordeal. In thattime of trial, every soul must stand for himself before God."Though Noah, Daniel, and Job" were in the land, "as I live,saith the Lord God, they shall deliver neither son nor daughter;they shall but deliver their own souls by their righteousness.'Ezekiel 14:20.AllDtvLIVE
3126	GREAT CONTROVERSY P.622• The "time of trouble, such as never was," is soon to open uponus; and we shall need an experience which we do not nowpossess and which many are too indolent to obtain. It is oftenthe case that trouble is greater in anticipation than in reality;but this is not true of the crisis before us. The most vividpresentation cannot reach the magnitude of the ordeal. In thattime of trial, every soul must stand for himself before God."Though Noah, Daniel, and Job" were in the land, "as I live,saith the Lord God, they shall deliver neither son nor daughter;they shall but deliver their own souls by their righteousness.'Ezekiel 14:20.ADtvLIVE
3132	GREAT CONTROVERSY P.622• The "time of trouble, such as never was," is soon to open uponus; and we shall need an experience which we do not nowpossess and which many are too indolent to obtain. It is oftenthe case that trouble is greater in anticipation than in reality;but this is not true of the crisis before us. The most vividpresentation cannot reach the magnitude of the ordeal. In thattime of trial, every soul must stand for himself before God."Though Noah, Daniel, and Job" were in the land, "as I live,saith the Lord God, they shall deliver neither son nor daughter;they shall but deliver their own souls by their righteousness.'Ezekiel 14:20.ADLIVE
3138	GREAT CONTROVERSY P.622• The "time of trouble, such as never was," is soon to open uponus; and we shall need an experience which we do not nowpossess and which many are too indolent to obtain. It is oftenthe case that trouble is greater in anticipation than in reality;but this is not true of the crisis before us. The most vividpresentation cannot reach the magnitude of the ordeal. In thattime of trial, every soul must stand for himself before God."Though Noah, Daniel, and Job" were in the land, "as I live,saith the Lord God, they shall deliver neither son nor daughter;they shall but deliver their own souls by their righteousness.'Ezekiel 14:20.ADtvLIVE
3144	GREAT CONTROVERSY P.622• The "time of trouble, such as never was," is soon to open uponus; and we shall need an experience which we do not nowpossess and which many are too indolent to obtain. It is oftenthe case that trouble is greater in anticipation than in reality;but this is not true of the crisis before us. The most vividpresentation cannot reach the magnitude of the ordeal. In thattime of trial, every soul must stand for himself before God."Though Noah, Daniel, and Job" were in the land, "as I live,saith the Lord God, they shall deliver neither son nor daughter;they shall but deliver their own souls by their righteousness.'Ezekiel 14:20.ADtvLIVE
3150	GREAT CONTROVERSY P.622• The "time of trouble, such as never was," is soon to open uponus; and we shall need an experience which we do not nowpossess and which many are too indolent to obtain. It is oftenthe case that trouble is greater in anticipation than in reality;but this is not true of the crisis before us. The most vividpresentation cannot reach the magnitude of the ordeal. In thattime of trial, every soul must stand for himself before God."Though Noah, Daniel, and Job" were in the land, "as I live,saith the Lord God, they shall deliver neither son nor daughter;they shall but deliver their own souls by their righteousness.'Ezekiel 14:20.ADtvLIVE
3156	GREAT CONTROVERSY P.622• The "time of trouble, such as never was," is soon to open uponus; and we shall need an experience which we do not nowpossess and which many are too indolent to obtain. It is oftenthe case that trouble is greater in anticipation than in reality;but this is not true of the crisis before us. The most vividpresentation cannot reach the magnitude of the ordeal. In thattime of trial, every soul must stand for himself before God."Though Noah, Daniel, and Job" were in the land, "as I live,saith the Lord God, they shall deliver neither son nor daughter;they shall but deliver their own souls by their righteousness.'Ezekiel 14:20.ADtvLIVE
3162	GREAT CONTROVERSY P.622• The "time of trouble, such as never was," is soon to open uponus; and we shall need an experience which we do not nowpossess and which many are too indolent to obtain. It is oftenthe case that trouble is greater in anticipation than in reality;but this is not true of the crisis before us. The most vividpresentation cannot reach the magnitude of the ordeal. In thattime of trial, every soul must stand for himself before God."Though Noah, Daniel, and Job" were in the land, "as I live,saith the Lord God, they shall deliver neither son nor daughter;they shall but deliver their own souls by their righteousness.'Ezekiel 14:20.AllDtvLIVE
3168	GREAT CONTROVERSY P.622• The "time of trouble, such as never was," is soon to open uponus; and we shall need an experience which we do not nowpossess and which many are too indolent to obtain. It is oftenthe case that trouble is greater in anticipation than in reality;but this is not true of the crisis before us. The most vividpresentation cannot reach the magnitude of the ordeal. In thattime of trial, every soul must stand for himself before God."Though Noah, Daniel, and Job" were in the land, "as I live,saith the Lord God, they shall deliver neither son nor daughter;they shall but deliver their own souls by their righteousness.'Ezekiel 14:20.ADItvLIVE
3174	GREAT CONTROVERSY P.622• The "time of trouble, such as never was," is soon to open uponus; and we shall need an experience which we do not nowpossess and which many are too indolent to obtain. It is oftenthe case that trouble is greater in anticipation than in reality;but this is not true of the crisis before us. The most vividpresentation cannot reach the magnitude of the ordeal. In thattime of trial, every soul must stand for himself before God."Though Noah, Daniel, and Job" were in the land, "as I live,saith the Lord God, they shall deliver neither son nor daughter;they shall but deliver their own souls by their righteousness.'Ezekiel 14:20.ADtvLIVE
3180	GREAT CONTROVERSY P.622• The "time of trouble, such as never was," is soon to open uponus; and we shall need an experience which we do not nowpossess and which many are too indolent to obtain. It is oftenthe case that trouble is greater in anticipation than in reality;but this is not true of the crisis before us. The most vividpresentation cannot reach the magnitude of the ordeal. In thattime of trial, every soul must stand for himself before God."Though Noah, Daniel, and Job" were in the land, "as I live,saith the Lord God, they shall deliver neither son nor daughter;they shall but deliver their own souls by their righteousness.'Ezekiel 14:20.ADItvLIVE
3186	GREAT CONTROVERSY P.622• The "time of trouble, such as never was," is soon to open uponus; and we shall need an experience which we do not nowpossess and which many are too indolent to obtain. It is oftenthe case that trouble is greater in anticipation than in reality;but this is not true of the crisis before us. The most vividpresentation cannot reach the magnitude of the ordeal. In thattime of trial, every soul must stand for himself before God."Though Noah, Daniel, and Job" were in the land, "as I live,saith the Lord God, they shall deliver neither son nor daughter;they shall but deliver their own souls by their righteousness.'Ezekiel 14:20.ADtvLIVE
3192	GREAT CONTROVERSY P.622• The "time of trouble, such as never was," is soon to open uponus; and we shall need an experience which we do not nowpossess and which many are too indolent to obtain. It is oftenthe case that trouble is greater in anticipation than in reality;but this is not true of the crisis before us. The most vividpresentation cannot reach the magnitude of the ordeal. In thattime of trial, every soul must stand for himself before God."Though Noah, Daniel, and Job" were in the land, "as I live,saith the Lord God, they shall deliver neither son nor daughter;they shall but deliver their own souls by their righteousness.'Ezekiel 14:20.ADtvLIVE
3198	GREAT CONTROVERSY P.622• The "time of trouble, such as never was," is soon to open uponus; and we shall need an experience which we do not nowpossess and which many are too indolent to obtain. It is oftenthe case that trouble is greater in anticipation than in reality;but this is not true of the crisis before us. The most vividpresentation cannot reach the magnitude of the ordeal. In thattime of trial, every soul must stand for himself before God."Though Noah, Daniel, and Job" were in the land, "as I live,saith the Lord God, they shall deliver neither son nor daughter;they shall but deliver their own souls by their righteousness.'Ezekiel 14:20.ADItvLIVE
3204	GREAT CONTROVERSY P.622• The "time of trouble, such as never was," is soon to open uponus; and we shall need an experience which we do not nowpossess and which many are too indolent to obtain. It is oftenthe case that trouble is greater in anticipation than in reality;but this is not true of the crisis before us. The most vividpresentation cannot reach the magnitude of the ordeal. In thattime of trial, every soul must stand for himself before God."Though Noah, Daniel, and Job" were in the land, "as I live,saith the Lord God, they shall deliver neither son nor daughter;they shall but deliver their own souls by their righteousness.'Ezekiel 14:20.ADtvLIVE
3210	GREAT CONTROVERSY P.622• The "time of trouble, such as never was," is soon to open uponus; and we shall need an experience which we do not nowpossess and which many are too indolent to obtain. It is oftenthe case that trouble is greater in anticipation than in reality;but this is not true of the crisis before us. The most vividpresentation cannot reach the magnitude of the ordeal. In thattime of trial, every soul must stand for himself before God."Though Noah, Daniel, and Job" were in the land, "as I live,saith the Lord God, they shall deliver neither son nor daughter;they shall but deliver their own souls by their righteousness.'Ezekiel 14:20.ADtvLIVE
3216	GREAT CONTROVERSY P.622• The "time of trouble, such as never was," is soon to open uponus; and we shall need an experience which we do not nowpossess and which many are too indolent to obtain. It is oftenthe case that trouble is greater in anticipation than in reality;but this is not true of the crisis before us. The most vividpresentation cannot reach the magnitude of the ordeal. In thattime of trial, every soul must stand for himself before God."Though Noah, Daniel, and Job" were in the land, "as I live,saith the Lord God, they shall deliver neither son nor daughter;they shall but deliver their own souls by their righteousness.'Ezekiel 14:20.ADtvLIVE
3222	GREAT CONTROVERSY P.622• The "time of trouble, such as never was," is soon to open uponus; and we shall need an experience which we do not nowpossess and which many are too indolent to obtain. It is oftenthe case that trouble is greater in anticipation than in reality;but this is not true of the crisis before us. The most vividpresentation cannot reach the magnitude of the ordeal. In thattime of trial, every soul must stand for himself before God."Though Noah, Daniel, and Job" were in the land, "as I live,saith the Lord God, they shall deliver neither son nor daughter;they shall but deliver their own souls by their righteousness.'Ezekiel 14:20.ADtvLIVE
3228	GREAT CONTROVERSY P.622• The "time of trouble, such as never was," is soon to open uponus; and we shall need an experience which we do not nowpossess and which many are too indolent to obtain. It is oftenthe case that trouble is greater in anticipation than in reality;but this is not true of the crisis before us. The most vividpresentation cannot reach the magnitude of the ordeal. In thattime of trial, every soul must stand for himself before God."Though Noah, Daniel, and Job" were in the land, "as I live,saith the Lord God, they shall deliver neither son nor daughter;they shall but deliver their own souls by their righteousness.'Ezekiel 14:20.AILDItvLIVE
3234	GREAT CONTROVERSY P.622• The "time of trouble, such as never was," is soon to open uponus; and we shall need an experience which we do not nowpossess and which many are too indolent to obtain. It is oftenthe case that trouble is greater in anticipation than in reality;but this is not true of the crisis before us. The most vividpresentation cannot reach the magnitude of the ordeal. In thattime of trial, every soul must stand for himself before God."Though Noah, Daniel, and Job" were in the land, "as I live,saith the Lord God, they shall deliver neither son nor daughter;they shall but deliver their own souls by their righteousness.'Ezekiel 14:20.ADtvLIVE
3240	GREAT CONTROVERSY P.622• The "time of trouble, such as never was," is soon to open uponus; and we shall need an experience which we do not nowpossess and which many are too indolent to obtain. It is oftenthe case that trouble is greater in anticipation than in reality;but this is not true of the crisis before us. The most vividpresentation cannot reach the magnitude of the ordeal. In thattime of trial, every soul must stand for himself before God."Though Noah, Daniel, and Job" were in the land, "as I live,saith the Lord God, they shall deliver neither son nor daughter;they shall but deliver their own souls by their righteousness.'Ezekiel 14:20.ADtvLIVE
3246	GREAT CONTROVERSY P.622• The "time of trouble, such as never was," is soon to open uponus; and we shall need an experience which we do not nowpossess and which many are too indolent to obtain. It is oftenthe case that trouble is greater in anticipation than in reality;but this is not true of the crisis before us. The most vividpresentation cannot reach the magnitude of the ordeal. In thattime of trial, every soul must stand for himself before God."Though Noah, Daniel, and Job" were in the land, "as I live,saith the Lord God, they shall deliver neither son nor daughter;they shall but deliver their own souls by their righteousness.'Ezekiel 14:20.ADtvLIVE
3252	GREAT CONTROVERSY P.622• The "time of trouble, such as never was," is soon to open uponus; and we shall need an experience which we do not nowpossess and which many are too indolent to obtain. It is oftenthe case that trouble is greater in anticipation than in reality;but this is not true of the crisis before us. The most vividpresentation cannot reach the magnitude of the ordeal. In thattime of trial, every soul must stand for himself before God."Though Noah, Daniel, and Job" were in the land, "as I live,saith the Lord God, they shall deliver neither son nor daughter;they shall but deliver their own souls by their righteousness.'Ezekiel 14:20.ADItvLIVE
3258	GREAT CONTROVERSY P.622• The "time of trouble, such as never was," is soon to open uponus; and we shall need an experience which we do not nowpossess and which many are too indolent to obtain. It is oftenthe case that trouble is greater in anticipation than in reality;but this is not true of the crisis before us. The most vividpresentation cannot reach the magnitude of the ordeal. In thattime of trial, every soul must stand for himself before God."Though Noah, Daniel, and Job" were in the land, "as I live,saith the Lord God, they shall deliver neither son nor daughter;they shall but deliver their own souls by their righteousness.'Ezekiel 14:20.ADItvLIVE
3264	GREAT CONTROVERSY P.622• The "time of trouble, such as never was," is soon to open uponus; and we shall need an experience which we do not nowpossess and which many are too indolent to obtain. It is oftenthe case that trouble is greater in anticipation than in reality;but this is not true of the crisis before us. The most vividpresentation cannot reach the magnitude of the ordeal. In thattime of trial, every soul must stand for himself before God."Though Noah, Daniel, and Job" were in the land, "as I live,saith the Lord God, they shall deliver neither son nor daughter;they shall but deliver their own souls by their righteousness.'Ezekiel 14:20.ADtvLIVE
3270	GREAT CONTROVERSY P.622• The "time of trouble, such as never was," is soon to open uponus; and we shall need an experience which we do not nowpossess and which many are too indolent to obtain. It is oftenthe case that trouble is greater in anticipation than in reality;but this is not true of the crisis before us. The most vividpresentation cannot reach the magnitude of the ordeal. In thattime of trial, every soul must stand for himself before God."Though Noah, Daniel, and Job" were in the land, "as I live,saith the Lord God, they shall deliver neither son nor daughter;they shall but deliver their own souls by their righteousness.'Ezekiel 14:20.ADItvLIVE
3276	GREAT CONTROVERSY P.622• The "time of trouble, such as never was," is soon to open uponus; and we shall need an experience which we do not nowpossess and which many are too indolent to obtain. It is oftenthe case that trouble is greater in anticipation than in reality;but this is not true of the crisis before us. The most vividpresentation cannot reach the magnitude of the ordeal. In thattime of trial, every soul must stand for himself before God."Though Noah, Daniel, and Job" were in the land, "as I live,saith the Lord God, they shall deliver neither son nor daughter;they shall but deliver their own souls by their righteousness.'Ezekiel 14:20.ADtvLIVE
3282	GREAT CONTROVERSY P.622• The "time of trouble, such as never was," is soon to open uponus; and we shall need an experience which we do not nowpossess and which many are too indolent to obtain. It is oftenthe case that trouble is greater in anticipation than in reality;but this is not true of the crisis before us. The most vividpresentation cannot reach the magnitude of the ordeal. In thattime of trial, every soul must stand for himself before God."Though Noah, Daniel, and Job" were in the land, "as I live,saith the Lord God, they shall deliver neither son nor daughter;they shall but deliver their own souls by their righteousness.'Ezekiel 14:20.ADtvLIVE
3288	GREAT CONTROVERSY P.622• The "time of trouble, such as never was," is soon to open uponus; and we shall need an experience which we do not nowpossess and which many are too indolent to obtain. It is oftenthe case that trouble is greater in anticipation than in reality;but this is not true of the crisis before us. The most vividpresentation cannot reach the magnitude of the ordeal. In thattime of trial, every soul must stand for himself before God."Though Noah, Daniel, and Job" were in the land, "as I live,saith the Lord God, they shall deliver neither son nor daughter;they shall but deliver their own souls by their righteousness.'Ezekiel 14:20.ADtvLIVE
3294	GREAT CONTROVERSY P.622• The "time of trouble, such as never was," is soon to open uponus; and we shall need an experience which we do not nowpossess and which many are too indolent to obtain. It is oftenthe case that trouble is greater in anticipation than in reality;but this is not true of the crisis before us. The most vividpresentation cannot reach the magnitude of the ordeal. In thattime of trial, every soul must stand for himself before God."Though Noah, Daniel, and Job" were in the land, "as I live,saith the Lord God, they shall deliver neither son nor daughter;they shall but deliver their own souls by their righteousness."Ezekiel 14:20.ADtvLIVE
3300	GREAT CONTROVERSY P.622• The "time of trouble, such as never was," is soon to open uponus; and we shall need an experience which we do not nowpossess and which many are too indolent to obtain. It is oftenthe case that trouble is greater in anticipation than in reality;but this is not true of the crisis before us. The most vividpresentation cannot reach the magnitude of the ordeal. In thattime of trial, every soul must stand for himself before God."Though Noah, Daniel, and Job" were in the land, "as I live,saith the Lord God, they shall deliver neither son nor daughter;they shall but deliver their own souls by their righteousness.'Ezekiel 14:20.ADtvLIVE
3306	GREAT CONTROVERSY P.622• The "time of trouble, such as never was," is soon to open uponus; and we shall need an experience which we do not nowpossess and which many are too indolent to obtain. It is oftenthe case that trouble is greater in anticipation than in reality;but this is not true of the crisis before us. The most vividpresentation cannot reach the magnitude of the ordeal. In thattime of trial, every soul must stand for himself before God."Though Noah, Daniel, and Job" were in the land, "as I live,saith the Lord God, they shall deliver neither son nor daughter;they shall but deliver their own souls by their righteousness.'Ezekiel 14:20.ADtvLIVE
3312	GREAT CONTROVERSY P.622• The "time of trouble, such as never was," is soon to open uponus; and we shall need an experience which we do not nowpossess and which many are too indolent to obtain. It is oftenthe case that trouble is greater in anticipation than in reality;but this is not true of the crisis before us. The most vividpresentation cannot reach the magnitude of the ordeal. In thattime of trial, every soul must stand for himself before God."Though Noah, Daniel, and Job" were in the land, "as I live,saith the Lord God, they shall deliver neither son nor daughter;they shall but deliver their own souls by their righteousness.'Ezekiel 14:20.ADtvLIVE
3318	GREAT CONTROVERSY P.622• The "time of trouble, such as never was," is soon to open uponus; and we shall need an experience which we do not nowpossess and which many are too indolent to obtain. It is oftenthe case that trouble is greater in anticipation than in reality;but this is not true of the crisis before us. The most vividpresentation cannot reach the magnitude of the ordeal. In thattime of trial, every soul must stand for himself before God."Though Noah, Daniel, and Job" were in the land, "as I live,saith the Lord God, they shall deliver neither son nor daughter;they shall but deliver their own souls by their righteousness.'Ezekiel 14:20.ADtvLIVE
3324	GREAT CONTROVERSY P.622• The "time of trouble, such as never was," is soon to open uponus; and we shall need an experience which we do not nowpossess and which many are too indolent to obtain. It is oftenthe case that trouble is greater in anticipation than in reality;but this is not true of the crisis before us. The most vividpresentation cannot reach the magnitude of the ordeal. In thattime of trial, every soul must stand for himself before God."Though Noah, Daniel, and Job" were in the land, "as I live,saith the Lord God, they shall deliver neither son nor daughter;they shall but deliver their own souls by their righteousness.'Ezekiel 14:20.AllDLIVE
3330	GREAT CONTROVERSY P.622• The "time of trouble, such as never was," is soon to open uponus; and we shall need an experience which we do not nowpossess and which many are too indolent to obtain. It is oftenthe case that trouble is greater in anticipation than in reality;but this is not true of the crisis before us. The most vividpresentation cannot reach the magnitude of the ordeal. In thattime of trial, every soul must stand for himself before God."Though Noah, Daniel, and Job" were in the land, "as I live,saith the Lord God, they shall deliver neither son nor daughter;they shall but deliver their own souls by their righteousness.'Ezekiel 14:20.ADtvLIVE
3336	GREAT CONTROVERSY P.622• The "time of trouble, such as never was," is soon to open uponus; and we shall need an experience which we do not nowpossess and which many are too indolent to obtain. It is oftenthe case that trouble is greater in anticipation than in reality;but this is not true of the crisis before us. The most vividpresentation cannot reach the magnitude of the ordeal. In thattime of trial, every soul must stand for himself before God."Though Noah, Daniel, and Job" were in the land, "as I live,saith the Lord God, they shall deliver neither son nor daughter;they shall but deliver their own souls by their righteousness.'Ezekiel 14:20.ADtvLIVE
3342	GREAT CONTROVERSY P.622• The "time of trouble, such as never was," is soon to open uponus; and we shall need an experience which we do not nowpossess and which many are too indolent to obtain. It is oftenthe case that trouble is greater in anticipation than in reality;but this is not true of the crisis before us. The most vividpresentation cannot reach the magnitude of the ordeal. In thattime of trial, every soul must stand for himself before God."Though Noah, Daniel, and Job" were in the land, "as I live,saith the Lord God, they shall deliver neither son nor daughter;they shall but deliver their own souls by their righteousness.'Ezekiel 14:20.ADItvLIVE
3348	GREAT CONTROVERSY P.622• The "time of trouble, such as never was," is soon to open uponus; and we shall need an experience which we do not nowpossess and which many are too indolent to obtain. It is oftenthe case that trouble is greater in anticipation than in reality;but this is not true of the crisis before us. The most vividpresentation cannot reach the magnitude of the ordeal. In thattime of trial, every soul must stand for himself before God."Though Noah, Daniel, and Job" were in the land, "as I live,saith the Lord God, they shall deliver neither son nor daughter;they shall but deliver their own souls by their righteousness.'Ezekiel 14:20.ADItvLIVE
3354	GREAT CONTROVERSY P.622• The "time of trouble, such as never was," is soon to open uponus; and we shall need an experience which we do not nowpossess and which many are too indolent to obtain. It is oftenthe case that trouble is greater in anticipation than in reality;but this is not true of the crisis before us. The most vividpresentation cannot reach the magnitude of the ordeal. In thattime of trial, every soul must stand for himself before God."Though Noah, Daniel, and Job" were in the land, "as I live,saith the Lord God, they shall deliver neither son nor daughter;they shall but deliver their own souls by their righteousness.'Ezekiel 14:20.AllD.tvLIVE
3360	GREAT CONTROVERSY P.622• The "time of trouble, such as never was," is soon to open uponus; and we shall need an experience which we do not nowpossess and which many are too indolent to obtain. It is oftenthe case that trouble is greater in anticipation than in reality;but this is not true of the crisis before us. The most vividpresentation cannot reach the magnitude of the ordeal. In thattime of trial, every soul must stand for himself before God."Though Noah, Daniel, and Job" were in the land, "as I live,saith the Lord God, they shall deliver neither son nor daughter;they shall but deliver their own souls by their righteousness.'Ezekiel 14:20.ADItvLIVE
3366	GREAT CONTROVERSY P.622• The "time of trouble, such as never was," is soon to open uponus; and we shall need an experience which we do not nowpossess and which many are too indolent to obtain. It is oftenthe case that trouble is greater in anticipation than in reality;but this is not true of the crisis before us. The most vividpresentation cannot reach the magnitude of the ordeal. In thattime of trial, every soul must stand for himself before God."Though Noah, Daniel, and Job" were in the land, "as I live,saith the Lord God, they shall deliver neither son nor daughter;they shall but deliver their own souls by their righteousness.'Ezekiel 14:20.AllDItvLIVE
3372	JOHN 16:13• Howbeit when he, the Spirit of truth, is come, hewill guide you into all truth: for he shall notspeak of himself; but whatsoever he shall hear,that shall he speak: and he will shew you thingsto come.ADtvLIVE
3378	JOHN 16:13• Howbeit when he, the Spirit of truth, is come, hewill guide you into all truth: for he shall notspeak of himself; but whatsoever he shall hear,that shall he speak: and he will shew you thingsto come.ADtvLIVE
3384	JOHN 16:13• Howbeit when he, the Spirit of truth, is come, hewill guide you into all truth: for he shall notspeak of himself; but whatsoever he shall hear,that shall he speak: and he will shew you thingsto come.ADtvLIVE
3390	JOHN 16:13• Howbeit when he, the Spirit of truth, is come, hewill guide you into all truth: for he shall notspeak of himself; but whatsoever he shall hear,that shall he speak: and he will shew you thingsto come.ADtvLIVE
3396	JOHN 16:13• Howbeit when he, the Spirit of truth, is come, hewill guide you into all truth: for he shall notspeak of himself; but whatsoever he shall hear,that shall he speak: and he will shew you thingsto come.ADtvLIVE
3402	JOHN 16:13• Howbeit when he, the Spirit of truth, is come, hewill guide you into all truth: for he shall notspeak of himself; but whatsoever he shall hear,that shall he speak: and he will shew you thingsto come.ADtvLIVE
3408	JOHN 16:13• Howbeit when he, the Spirit of truth, is come, hewill guide you into all truth: for he shall notspeak of himself; but whatsoever he shall hear,that shall he speak: and he will shew you thingsto come.ADtvLIVE
3414	JOHN 16:13• Howbeit when he, the Spirit of truth, is come, hewill guide you into all truth: for he shall notspeak of himself; but whatsoever he shall hear,that shall he speak: and he will shew you thingsto come.ADtvLIVE
3420	JOHN 16:13• Howbeit when he, the Spirit of truth, is come, hewill guide you into all truth: for he shall notspeak of himself; but whatsoever he shall hear,that shall he speak: and he will shew you thingsto come.ADtvLIVE
3426	TESTIMONIES TO MINISTERS AND GOSPEL WORKERS P. 112.2• There is need of a much closer study of the word of God;especially should Daniel and the Revelation have attentionas never before in the history of our work. We may have less tosay in some lines, in regard to the Roman power and the papacy;but we should call attention to what the prophets and apostleshave written under the inspiration of the Holy Spirit of God.AllDtvLIVE
3432	TESTIMONIES TO MINISTERS AND GOSPEL WORKERS P. 112.2• There is need of a much closer study of the word of God;especially should Daniel and the Revelation have attentionas never before in the history of our work. We may have less tosay in some lines, in regard to the Roman power and the papacy;but we should call attention to what the prophets and apostleshave written under the inspiration of the Holy Spirit of God.ADtvLIVE
3438	TESTIMONIES TO MINISTERS AND GOSPEL WORKERS P. 112.2• There is need of a much closer study of the word of God;especially should Daniel and the Revelation have attentionas never before in the history of our work. We may have less tosay in some lines, in regard to the Roman power and the papacy;but we should call attention to what the prophets and apostleshave written under the inspiration of the Holy Spirit of God.ADLIVE
3444	TESTIMONIES TO MINISTERS AND GOSPEL WORKERS P. 112.2• There is need of a much closer study of the word of God;especially should Daniel and the Revelation have attentionas never before in the history of our work. We may have less tosay in some lines, in regard to the Roman power and the papacy;but we should call attention to what the prophets and apostleshave written under the inspiration of the Holy Spirit of God.Engage With UsWrite your questions and comments in the chat!ADLIVE
3450	TESTIMONIES TO MINISTERS AND GOSPEL WORKERS P. 112.2• There is need of a much closer study of the word of God;especially should Daniel and the Revelation have attentionas never before in the history of our work. We may have less tosay in some lines, in regard to the Roman power and the papacy;but we should call attention to what the prophets and apostleshave written under the inspiration of the Holy Spirit of God.Engage With UsWrite your questions and comments in the chat!AD[tvLIVE
3456	TESTIMONIES TO MINISTERS AND GOSPEL WORKERS P. 112.2• There is need of a much closer study of the word of God;especially should Daniel and the Revelation have attentionas never before in the history of our work. We may have less tosay in some lines, in regard to the Roman power and the papacy;but we should call attention to what the prophets and apostleshave written under the inspiration of the Holy Spirit of God.Engage With UsWrite your questions and comments in the chat!AD[tvLIVE
3462	TESTIMONIES TO MINISTERS AND GOSPEL WORKERS P. 112.2• There is need of a much closer study of the word of God;especially should Daniel and the Revelation have attentionas never before in the history of our work. We may have less tosay in some lines, in regard to the Roman power and the papacy;but we should call attention to what the prophets and apostleshave written under the inspiration of the Holy Spirit of God.Engage With UsWrite your questions and comments in the chat!AllD[tvLIVE
3468	AD[tvLIVETESTIMONIES TO MINISTERS AND GOSPEL WORKERS P. 112.2• There is need of a much closer study of the word of God;especially should Daniel and the Revelation have attentionas never before in the history of our work. We may have less tosay in some lines, in regard to the Roman power and the papacy;but we should call attention to what the prophets and apostleshave written under the inspiration of the Holy Spirit of God.MacKenzie DrebitVice President
3474	TESTIMONIES TO MINISTERS AND GOSPEL WORKERS P. 112.2• There is need of a much closer study of the word of God;especially should Daniel and the Revelation have attentionas never before in the history of our work. We may have less tosay in some lines, in regard to the Roman power and the papacy;but we should call attention to what the prophets and apostleshave written under the inspiration of the Holy Spirit of God.ADtvLIVE
3480	TESTIMONIES TO MINISTERS AND GOSPEL WORKERS P. 112.2• There is need of a much closer study of the word of God;especially should Daniel and the Revelation have attentionas never before in the history of our work. We may have less tosay in some lines, in regard to the Roman power and the papacy;but we should call attention to what the prophets and apostleshave written under the inspiration of the Holy Spirit of God.ADItvLIVE
3486	TESTIMONIES TO MINISTERS AND GOSPEL WORKERS P. 112.2• There is need of a much closer study of the word of God;especially should Daniel and the Revelation have attentionas never before in the history of our work. We may have less tosay in some lines, in regard to the Roman power and the papacy;but we should call attention to what the prophets and apostleshave written under the inspiration of the Holy Spirit of God.ADItvLIVE
3492	TESTIMONIES TO MINISTERS AND GOSPEL WORKERS P. 112.2• There is need of a much closer study of the word of God;especially should Daniel and the Revelation have attentionas never before in the history of our work. We may have less tosay in some lines, in regard to the Roman power and the papacy;but we should call attention to what the prophets and apostleshave written under the inspiration of the Holy Spirit of God.ADtvLIVE
3498	DONATETESTIMONIES TO MINISTERS AND GOSPEL WORKERS P. 112.2• There is need of a much closer study of the word of God;especially should Daniel and the Revelation have attentionas never before in the history of our work. We may have less tosay in some lines, in regard to the Roman power and the papacy;but we should call attention to what the prophets and apostleshave written under the inspiration of the Holy Spirit of God.ADItvLIVE
3504	DONATETESTIMONIES TO MINISTERS AND GOSPEL WORKERS P. 112.2• There is need of a much closer study of the word of God;especially should Daniel and the Revelation have attentionas never before in the history of our work. We may have less tosay in some lines, in regard to the Roman power and the papacy;but we should call attention to what the prophets and apostleshave written under the inspiration of the Holy Spirit of God.ADtvLIVE
3510	DONATETESTIMONIES TO MINISTERS AND GOSPEL WORKERS P. 112.2• There is need of a much closer study of the word of God;especially should Daniel and the Revelation have attentionas never before in the history of our work. We may have less tosay in some lines, in regard to the Roman power and the papacy;but we should call attention to what the prophets and apostleshave written under the inspiration of the Holy Spirit of God.ADtvLIVE
3516	TESTIMONIES TO MINISTERS AND GOSPEL WORKERS P. 112.2• There is need of a much closer study of the word of God;especially should Daniel and the Revelation have attentionas never before in the history of our work. We may have less tosay in some lines, in regard to the Roman power and the papacy;but we should call attention to what the prophets and apostleshave written under the inspiration of the Holy Spirit of God.ADItvLIVE
3522	TESTIMONIES TO MINISTERS AND GOSPEL WORKERS P. 112.2• There is need of a much closer study of the word of God;especially should Daniel and the Revelation have attentionas never before in the history of our work. We may have less tosay in some lines, in regard to the Roman power and the papacy;but we should call attention to what the prophets and apostleshave written under the inspiration of the Holy Spirit of God.ADtvLIVE
3528	DONATETESTIMONIES TO MINISTERS AND GOSPEL WORKERS P. 112.2• There is need of a much closer study of the word of God;especially should Daniel and the Revelation have attentionas never before in the history of our work. We may have less tosay in some lines, in regard to the Roman power and the papacy;but we should call attention to what the prophets and apostleshave written under the inspiration of the Holy Spirit of God.ADItvLIVE
3534	TESTIMONIES TO MINISTERS AND GOSPEL WORKERS P. 112.2• There is need of a much closer study of the word of God;especially should Daniel and the Revelation have attentionas never before in the history of our work. We may have less tosay in some lines, in regard to the Roman power and the papacy;but we should call attention to what the prophets and apostleshave written under the inspiration of the Holy Spirit of God.ADtvLIVE
3540	DONATETESTIMONIES TO MINISTERS AND GOSPEL WORKERS P. 114.3• When the books of Daniel and Revelation arebetter understood, believers will have anentirely different religious experience.They will be given such glimpses of the opengates of heaven that heart and mind will beimpressed with the character that all mustdevelop in order to realize the blessedness whichis to be the reward of the pure in heart.ADtvLIVE
3546	DONATETESTIMONIES TO MINISTERS AND GOSPEL WORKERS P. 114.3• When the books of Daniel and Revelation arebetter understood, believers will have anentirely different religious experience.They will be given such glimpses of the opengates of heaven that heart and mind will beimpressed with the character that all mustdevelop in order to realize the blessedness whichis to be the reward of the pure in heart.ADtvLIVE
3552	DONATETESTIMONIES TO MINISTERS AND GOSPEL WORKERS P. 114.3• When the books of Daniel and Revelation arebetter understood, believers will have anentirely different religious experience.They will be given such glimpses of the opengates of heaven that heart and mind will beimpressed with the character that all mustdevelop in order to realize the blessedness whichis to be the reward of the pure in heart.ADtvLIVE
3558	TESTIMONIES TO MINISTERS AND GOSPEL WORKERS P. 114.3• When the books of Daniel and Revelation arebetter understood, believers will have anentirely different religious experience.They will be given such glimpses of the opengates of heaven that heart and mind will beimpressed with the character that all mustdevelop in order to realize the blessedness whichis to be the reward of the pure in heart.ADtvLIVE
3564	DONATETESTIMONIES TO MINISTERS AND GOSPEL WORKERS P. 114.3• When the books of Daniel and Revelation arebetter understood, believers will have anentirely different religious experience.They will be given such glimpses of the opengates of heaven that heart and mind will beimpressed with the character that all mustdevelop in order to realize the blessedness whichis to be the reward of the pure in heart.ADItvLIVE
3570	DONATETESTIMONIES TO MINISTERS AND GOSPEL WORKERS P. 114.3• When the books of Daniel and Revelation arebetter understood, believers will have anentirely different religious experience.They will be given such glimpses of the opengates of heaven that heart and mind will beimpressed with the character that all mustdevelop in order to realize the blessedness whichis to be the reward of the pure in heart.ADtvLIVE
3576	DONATETESTIMONIES TO MINISTERS AND GOSPEL WORKERS P. 114.3• When the books of Daniel and Revelation arebetter understood, believers will have anentirely different religious experience.They will be given such glimpses of the opengates of heaven that heart and mind will beimpressed with the character that all mustdevelop in order to realize the blessedness whichis to be the reward of the pure in heart.ADtvLIVE
3582	DONATETESTIMONIES TO MINISTERS AND GOSPEL WORKERS P. 114.3• When the books of Daniel and Revelation arebetter understood, believers will have anentirely different religious experience.They will be given such glimpses of the opengates of heaven that heart and mind will beimpressed with the character that all mustdevelop in order to realize the blessedness whichis to be the reward of the pure in heart.ADLIVE
3588	DONATETESTIMONIES TO MINISTERS AND GOSPEL WORKERS P. 114.3• When the books of Daniel and Revelation arebetter understood, believers will have anentirely different religious experience.They will be given such glimpses of the opengates of heaven that heart and mind will beimpressed with the character that all mustdevelop in order to realize the blessedness whichis to be the reward of the pure in heart.ADLIVE
3594	DONATETESTIMONIES TO MINISTERS AND GOSPEL WORKERS P. 114.3• When the books of Daniel and Revelation arebetter understood, believers will have anentirely different religious experience.They will be given such glimpses of the opengates of heaven that heart and mind will beimpressed with the character that all mustdevelop in order to realize the blessedness whichis to be the reward of the pure in heart.ADItvLIVE
3600	TESTIMONIES TO MINISTERS AND GOSPEL WORKERS P. 114.3• When the books of Daniel and Revelation arebetter understood, believers will have anentirely different religious experience.They will be given such glimpses of the opengates of heaven that heart and mind will beimpressed with the character that all mustdevelop in order to realize the blessedness whichis to be the reward of the pure in heart.ADItvLIVE
3606	TESTIMONIES TO MINISTERS AND GOSPEL WORKERS P. 114.3• When the books of Daniel and Revelation arebetter understood, believers will have anentirely different religious experience.They will be given such glimpses of the opengates of heaven that heart and mind will beimpressed with the character that all mustdevelop in order to realize the blessedness whichis to be the reward of the pure in heart.ADtvLIVE
3612	DONATETESTIMONIES TO MINISTERS AND GOSPEL WORKERS P. 114.3• When the books of Daniel and Revelation arebetter understood, believers will have anentirely different religious experience.They will be given such glimpses of the opengates of heaven that heart and mind will beimpressed with the character that all mustdevelop in order to realize the blessedness whichis to be the reward of the pure in heart.ADtvLIVE
3618	TESTIMONIES TO MINISTERS AND GOSPEL WORKERS P. 114.3• When the books of Daniel and Revelation arebetter understood, believers will have anentirely different religious experience.They will be given such glimpses of the opengates of heaven that heart and mind will beimpressed with the character that all mustdevelop in order to realize the blessedness whichis to be the reward of the pure in heart.ADItvLIVE
3624	TESTIMONIES TO MINISTERS AND GOSPEL WORKERS P. 114.3• When the books of Daniel and Revelation arebetter understood, believers will have anentirely different religious experience.They will be given such glimpses of the opengates of heaven that heart and mind will beimpressed with the character that all mustdevelop in order to realize the blessedness whichis to be the reward of the pure in heart.ADLIVE
3630	DONATETESTIMONIES TO MINISTERS AND GOSPEL WORKERS P. 114.3• When the books of Daniel and Revelation arebetter understood, believers will have anentirely different religious experience.They will be given such glimpses of the opengates of heaven that heart and mind will beimpressed with the character that all mustdevelop in order to realize the blessedness whichis to be the reward of the pure in heart.ADItvLIVE
3636	DONATETESTIMONIES TO MINISTERS AND GOSPEL WORKERS P. 114.3• When the books of Daniel and Revelation arebetter understood, believers will have anentirely different religious experience.They will be given such glimpses of the opengates of heaven that heart and mind will beimpressed with the character that all mustdevelop in order to realize the blessedness whichis to be the reward of the pure in heart.ADtvLIVE
3642	DONATETESTIMONIES TO MINISTERS AND GOSPEL WORKERS P. 114.3• When the books of Daniel and Revelation arebetter understood, believers will have anentirely different religious experience.They will be given such glimpses of the opengates of heaven that heart and mind will beimpressed with the character that all mustdevelop in order to realize the blessedness whichis to be the reward of the pure in heart.ADtvLIVE
3648	TESTIMONIES TO MINISTERS AND GOSPEL WORKERS P. 114.3• When the books of Daniel and Revelation arebetter understood, believers will have anentirely different religious experience.They will be given such glimpses of the opengates of heaven that heart and mind will beimpressed with the character that all mustdevelop in order to realize the blessedness whichis to be the reward of the pure in heart.ADtvLIVE
3654	DONATETESTIMONIES TO MINISTERS AND GOSPEL WORKERS P. 114.3• When the books of Daniel and Revelation arebetter understood, believers will have anentirely different religious experience.They will be given such glimpses of the opengates of heaven that heart and mind will beimpressed with the character that all mustdevelop in order to realize the blessedness whichis to be the reward of the pure in heart.ADtvLIVE
3660	DONATETESTIMONIES TO MINISTERS AND GOSPEL WORKERS P. 114.3• When the books of Daniel and Revelation arebetter understood, believers will have anentirely different religious experience.They will be given such glimpses of the opengates of heaven that heart and mind will beimpressed with the character that all mustdevelop in order to realize the blessedness whichis to be the reward of the pure in heart.ADtvLIVE
3666	DONATETESTIMONIES TO MINISTERS AND GOSPEL WORKERS P. 114.3• When the books of Daniel and Revelation arebetter understood, believers will have anentirely different religious experience.They will be given such glimpses of the opengates of heaven that heart and mind will beimpressed with the character that all mustdevelop in order to realize the blessedness whichis to be the reward of the pure in heart.ADItvLIVE
3672	TESTIMONIES TO MINISTERS AND GOSPEL WORKERS P. 114.3• When the books of Daniel and Revelation arebetter understood, believers will have anentirely different religious experience.They will be given such glimpses of the opengates of heaven that heart and mind will beimpressed with the character that all mustdevelop in order to realize the blessedness whichis to be the reward of the pure in heart.ADItvLIVE
3678	TESTIMONIES TO MINISTERS AND GOSPEL WORKERS P. 114.3• When the books of Daniel and Revelation arebetter understood, believers will have anentirely different religious experience.They will be given such glimpses of the opengates of heaven that heart and mind will beimpressed with the character that all mustdevelop in order to realize the blessedness whichis to be the reward of the pure in heart.ADtvLIVE
3684	TESTIMONIES TO MINISTERS AND GOSPEL WORKERS P. 114.3• When the books of Daniel and Revelation arebetter understood, believers will have anentirely different religious experience.They will be given such glimpses of the opengates of heaven that heart and mind will beimpressed with the character that all mustdevelop in order to realize the blessedness whichis to be the reward of the pure in heart.ADtvLIVE
3690	DONATETESTIMONIES TO MINISTERS AND GOSPEL WORKERS P. 114.3• When the books of Daniel and Revelation arebetter understood, believers will have anentirely different religious experience.They will be given such glimpses of the opengates of heaven that heart and mind will beimpressed with the character that all mustdevelop in order to realize the blessedness whichis to be the reward of the pure in heart.ADtvLIVE
3696	DONATETESTIMONIES TO MINISTERS AND GOSPEL WORKERS P. 114.3• When the books of Daniel and Revelation arebetter understood, believers will have anentirely different religious experience.They will be given such glimpses of the opengates of heaven that heart and mind will beimpressed with the character that all mustdevelop in order to realize the blessedness whichis to be the reward of the pure in heart.ADLIVE
3702	TESTIMONIES TO MINISTERS AND GOSPEL WORKERS P. 114.3• When the books of Daniel and Revelation arebetter understood, believers will have anentirely different religious experience.They will be given such glimpses of the opengates of heaven that heart and mind will beimpressed with the character that all mustdevelop in order to realize the blessedness whichis to be the reward of the pure in heart.ADtvLIVE
3708	DONATETESTIMONIES TO MINISTERS AND GOSPEL WORKERS P. 114.3• When the books of Daniel and Revelation arebetter understood, believers will have anentirely different religious experience.They will be given such glimpses of the opengates of heaven that heart and mind will beimpressed with the character that all mustdevelop in order to realize the blessedness whichis to be the reward of the pure in heart.ADItvLIVE
3714	TESTIMONIES TO MINISTERS AND GOSPEL WORKERS P. 114.3• When the books of Daniel and Revelation arebetter understood, believers will have anentirely different religious experience.They will be given such glimpses of the opengates of heaven that heart and mind will beimpressed with the character that all mustdevelop in order to realize the blessedness whichis to be the reward of the pure in heart.ADItvLIVE
3720	DONATETESTIMONIES TO MINISTERS AND GOSPEL WORKERS P. 114.3• When the books of Daniel and Revelation arebetter understood, believers will have anentirely different religious experience.They will be given such glimpses of the opengates of heaven that heart and mind will beimpressed with the character that all mustdevelop in order to realize the blessedness whichis to be the reward of the pure in heart.ADLIVE
3726	DONATETESTIMONIES TO MINISTERS AND GOSPEL WORKERS P. 114.3• When the books of Daniel and Revelation arebetter understood, believers will have anentirely different religious experience.They will be given such glimpses of the opengates of heaven that heart and mind will beimpressed with the character that all mustdevelop in order to realize the blessedness whichis to be the reward of the pure in heart.ADItvLIVE
3732	TESTIMONIES TO MINISTERS AND GOSPEL WORKERS P. 114.3• When the books of Daniel and Revelation arebetter understood, believers will have anentirely different religious experience.They will be given such glimpses of the opengates of heaven that heart and mind will beimpressed with the character that all mustdevelop in order to realize the blessedness whichis to be the reward of the pure in heart.ADtvLIVE
3738	TESTIMONIES TO MINISTERS AND GOSPEL WORKERS P. 114.3• When the books of Daniel and Revelation arebetter understood, believers will have anentirely different religious experience.They will be given such glimpses of the opengates of heaven that heart and mind will beimpressed with the character that all mustdevelop in order to realize the blessedness whichis to be the reward of the pure in heart.AlliDItvLIVE
3744	DONATETESTIMONIES TO MINISTERS AND GOSPEL WORKERS P. 114.3• When the books of Daniel and Revelation arebetter understood, believers will have anentirely different religious experience.They will be given such glimpses of the opengates of heaven that heart and mind will beimpressed with the character that all mustdevelop in order to realize the blessedness whichis to be the reward of the pure in heart.ADtvLIVE
3750	DONATETESTIMONIES TO MINISTERS AND GOSPEL WORKERS P. 114.3• When the books of Daniel and Revelation arebetter understood, believers will have anentirely different religious experience.They will be given such glimpses of the opengates of heaven that heart and mind will beimpressed with the character that all mustdevelop in order to realize the blessedness whichis to be the reward of the pure in heart.ADtvLIVE
3756	TESTIMONIES TO MINISTERS AND GOSPEL WORKERS P. 114.3• When the books of Daniel and Revelation arebetter understood, believers will have anentirely different religious experience.They will be given such glimpses of the opengates of heaven that heart and mind will beimpressed with the character that all mustdevelop in order to realize the blessedness whichis to be the reward of the pure in heart.ADtvLIVE
3762	DONATETESTIMONIES TO MINISTERS AND GOSPEL WORKERS P. 114.3• When the books of Daniel and Revelation arebetter understood, believers will have anentirely different religious experience.They will be given such glimpses of the opengates of heaven that heart and mind will beimpressed with the character that all mustdevelop in order to realize the blessedness whichis to be the reward of the pure in heart.ADLIVE
3768	DONATEDANIEL 12:4• But thou, O Daniel, shut up the words, and sealthe book, even to the time of the end: many shallrun to and fro, and knowledge shall be increased.ADLIVE
3774	DONATEDANIEL 12:4• But thou, O Daniel, shut up the words, and sealthe book, even to the time of the end: many shallrun to and fro, and knowledge shall be increased.ADtvLIVE
3780	DONATEDANIEL 12:4• But thou, O Daniel, shut up the words, and sealthe book, even to the time of the end: many shallrun to and fro, and knowledge shall be increased.ADtvLIVE
3786	DONATEDANIEL 12:4• But thou, O Daniel, shut up the words, and sealthe book, even to the time of the end: many shallrun to and fro, and knowledge shall be increased.ADtvLIVE
3792	DANIEL 12:4• But thou, O Daniel, shut up the words, and sealthe book, even to the time of the end: many shallrun to and fro, and knowledge shall be increased.ADtvLIVE
3798	DONATEDANIEL 12:4• But thou, O Daniel, shut up the words, and sealthe book, even to the time of the end: many shallrun to and fro, and knowledge shall be increased.ADtvLIVE
3804	DONATEDANIEL 12:4• But thou, O Daniel, shut up the words, and sealthe book, even to the time of the end: many shallrun to and fro, and knowledge shall be increased.ADtvLIVE
3810	DONATEDANIEL 12:4• But thou, O Daniel, shut up the words, and sealthe book, even to the time of the end: many shallrun to and fro, and knowledge shall be increased.ADtvLIVE
3816	DANIEL 12:4• But thou, O Daniel, shut up the words, and sealthe book, even to the time of the end: many shallrun to and fro, and knowledge shall be increased.AD[tvLIVE
3822	DANIEL 12:4• But thou, O Daniel, shut up the words, and sealthe book, even to the time of the end: many shallrun to and fro, and knowledge shall be increased.ADtvLIVE
3828	DONATEDANIEL 12:4• But thou, O Daniel, shut up the words, and sealthe book, even to the time of the end: many shallrun to and fro, and knowledge shall be increased.ADtvLIVE
3834	DONATEDANIEL 12:4• But thou, O Daniel, shut up the words, and sealthe book, even to the time of the end: many shallrun to and fro, and knowledge shall be increased.ADtvLIVE
3840	DONATEDANIEL 12:4• But thou, O Daniel, shut up the words, and sealthe book, even to the time of the end: many shallrun to and fro, and knowledge shall be increased.ADtvLIVE
3846	DONATEDANIEL 12:4• But thou, O Daniel, shut up the words, and sealthe book, even to the time of the end: many shallrun to and fro, and knowledge shall be increased.ADtvLIVE
3852	DONATEDANIEL 12:4• But thou, O Daniel, shut up the words, and sealthe book, even to the time of the end: many shallrun to and fro, and knowledge shall be increased.ADtvLIVE
3858	DONATEDANIEL 12:4• But thou, O Daniel, shut up the words, and sealthe book, even to the time of the end: many shallrun to and fro, and knowledge shall be increased.ADtvLIVE
3864	DONATEDANIEL 12:4• But thou, O Daniel, shut up the words, and sealthe book, even to the time of the end: many shallrun to and fro, and knowledge shall be increased.ADtvLIVE
3870	DANIEL 12:4• But thou, O Daniel, shut up the words, and sealthe book, even to the time of the end: many shallrun to and fro, and knowledge shall be increased.ADtvLIVE
3876	DONATEDANIEL 12:4• But thou, O Daniel, shut up the words, and sealthe book, even to the time of the end: many shallrun to and fro, and knowledge shall be increased.ADtvLIVE
3882	DONATEDANIEL 12:4• But thou, O Daniel, shut up the words, and sealthe book, even to the time of the end: many shallrun to and fro, and knowledge shall be increased.ADtvLIVE
3888	DANIEL 12:4• But thou, O Daniel, shut up the words, and sealthe book, even to the time of the end: many shallrun to and fro, and knowledge shall be increased.ADtvLIVE
3894	DANIEL 12:4• But thou, O Daniel, shut up the words, and sealthe book, even to the time of the end: many shallrun to and fro, and knowledge shall be increased.ADtvLIVE
3900	DONATEDANIEL 12:4• But thou, O Daniel, shut up the words, and sealthe book, even to the time of the end: many shallrun to and fro, and knowledge shall be increased.ADLIVE
3906	DONATEDANIEL 12:4• But thou, O Daniel, shut up the words, and sealthe book, even to the time of the end: many shallrun to and fro, and knowledge shall be increased.ADtvLIVE
3912	DONATEDANIEL 12:4• But thou, O Daniel, shut up the words, and sealthe book, even to the time of the end: many shallrun to and fro, and knowledge shall be increased.ADLIVE
3918	DONATEDANIEL 12:4• But thou, O Daniel, shut up the words, and sealthe book, even to the time of the end: many shallrun to and fro, and knowledge shall be increased.ADtvLIVE
3924	DANIEL 12:4• But thou, O Daniel, shut up the words, and sealthe book, even to the time of the end: many shallrun to and fro, and knowledge shall be increased.ADLIVE
3930	DONATEDANIEL 12:4• But thou, O Daniel, shut up the words, and sealthe book, even to the time of the end: many shallrun to and fro, and knowledge shall be increased.ADtvLIVE
3936	DANIEL 12:4• But thou, O Daniel, shut up the words, and sealthe book, even to the time of the end: many shallrun to and fro, and knowledge shall be increased.ADtvLIVE
3942	DONATEDANIEL 12:4• But thou, O Daniel, shut up the words, and sealthe book, even to the time of the end: many shallrun to and fro, and knowledge shall be increased.AD[tvLIVE
3948	DONATEDANIEL 12:4• But thou, O Daniel, shut up the words, and sealthe book, even to the time of the end: many shallrun to and fro, and knowledge shall be increased.ADtvLIVE
3954	DONATEDANIEL 12:4• But thou, O Daniel, shut up the words, and sealthe book, even to the time of the end: many shallrun to and fro, and knowledge shall be increased.ADtvLIVE
3960	DONATEDANIEL 12:4• But thou, O Daniel, shut up the words, and sealthe book, even to the time of the end: many shallrun to and fro, and knowledge shall be increased.ADtvLIVE
3966	DONATEDANIEL 12:4• But thou, O Daniel, shut up the words, and sealthe book, even to the time of the end: many shallrun to and fro, and knowledge shall be increased.ADtvLIVE
3972	DONATEDANIEL 12:4• But thou, O Daniel, shut up the words, and sealthe book, even to the time of the end: many shallrun to and fro, and knowledge shall be increased.ADtvLIVE
3978	DONATEDANIEL 12:4• But thou, O Daniel, shut up the words, and sealthe book, even to the time of the end: many shallrun to and fro, and knowledge shall be increased.AD(tvLIVE
3984	DONATEDANIEL 12:4• But thou, O Daniel, shut up the words, and sealthe book, even to the time of the end: many shallrun to and fro, and knowledge shall be increased.ADtvLIVE
3990	DONATEDANIEL 12:4• But thou, O Daniel, shut up the words, and sealthe book, even to the time of the end: many shallrun to and fro, and knowledge shall be increased.ADtvLIVE
3996	DONATEDANIEL 12:4• But thou, O Daniel, shut up the words, and sealthe book, even to the time of the end: many shallrun to and fro, and knowledge shall be increased.ADtvLIVE
4002	DONATEDANIEL 12:4• But thou, O Daniel, shut up the words, and sealthe book, even to the time of the end: many shallrun to and fro, and knowledge shall be increased.ADtvLIVE
4008	DONATEDANIEL 12:4• But thou, O Daniel, shut up the words, and sealthe book, even to the time of the end: many shallrun to and fro, and knowledge shall be increased.ADtvLIVE
4014	DANIEL 12:4• But thou, O Daniel, shut up the words, and sealthe book, even to the time of the end: many shallrun to and fro, and knowledge shall be increased.AD(tvLIVE
4020	DONATEDANIEL 12:4• But thou, O Daniel, shut up the words, and sealthe book, even to the time of the end: many shallrun to and fro, and knowledge shall be increased.ADtvLIVE
4026	DONATEAD[tvLIVEDANIEL 12:4• But thou, O Daniel, shut up the words, and sealthe book, even to the time of the end: many shallrun to and fro, and knowledge shall be increased.
4032	DONATEADItvLIVEDANIEL 12:4• But thou, O Daniel, shut up the words, and sealthe book, even to the time of the end: many shallrun to and fro, and knowledge shall be increased.
4038	DONATEADLIVEDANIEL 12:4• But thou, O Daniel, shut up the words, and sealthe book, even to the time of the end: many shallrun to and fro, and knowledge shall be increased.
4044	DONATEAD[tvLIVEDANIEL 12:4• But thou, O Daniel, shut up the words, and sealthe book, even to the time of the end: many shallrun to and fro, and knowledge shall be increased.
4050	DONATEADLIVE
4056	DONATEADLIVE
4062	DONATEADLIVE
4068	DONATEAllD.tvLIVE
4074	DONATEADtvLIVE
4080	DONATEADLIVE
4086	DONATEAllLIVEtv
4092	DONATEADLIVE
4098	DONATEADLIVE
4104	DONATEAlILIVEtv
4110	DONATEADLIVE
4116	DONATEDtvLIVE
4122	ADtvLIVEDONATETim BrownHappy Sabbath!!! Thank you too Sheila!
4128	ADLIVEDONATETim BrownHappy Sabbath!!! Thank you too Sheila!
4134	DONATEADLIVE
4140	DONATEADLIVE
4146	DONATEADLIVE
4152	DONATEAllDLIVEtv|
4158	DtvLIVEDONATEJackery riddenIf understanding the Three Angels' Messages is necessary for salvation, does this mean thatintellectual ability or access to education affects a person's chance of being saved?
4164	ADtvLIVEDONATEJackery riddenIf understanding the Three Angels' Messages is necessary for salvation, does this mean thatintellectual ability or access to education affects a person's chance of being saved?
4170	AD[tvLIVEDONATEJackery riddenIf understanding the Three Angels' Messages is necessary for salvation, does this mean thatintellectual ability or access to education affects a person's chance of being saved?
4176	D.tvLIVEDONATEJackery riddenIf understanding the Three Angels' Messages is necessary for salvation, does this mean thatintellectual ability or access to education affects a person's chance of being saved?
4182	DtvLIVEDONATEJackery riddenIf understanding the Three Angels' Messages is necessary for salvation, does this mean thatintellectual ability or access to education affects a person's chance of being saved?
4188	DtvLIVEDONATEJackery riddenIf understanding the Three Angels' Messages is necessary for salvation, does this mean thatintellectual ability or access to education affects a person's chance of being saved?
4194	AlLD.tvLIVEDONATEJackery riddenIf understanding the Three Angels' Messages is necessary for salvation, does this mean thatintellectual ability or access to education affects a person's chance of being saved?
4200	DtvLIVEDONATEJackery riddenIf understanding the Three Angels' Messages is necessary for salvation, does this mean thatintellectual ability or access to education affects a person's chance of being saved?
4206	D.tvLIVEDONATEJackery riddenIf understanding the Three Angels' Messages is necessary for salvation, does this mean thatintellectual ability or access to education affects a person's chance of being saved?
4212	ADLIVEDONATEJackery riddenIf understanding the Three Angels' Messages is necessary for salvation, does this mean thatintellectual ability or access to education affects a person's chance of being saved?
4218	AD(tvLIVEDONATEJackery riddenIf understanding the Three Angels' Messages is necessary for salvation, does this mean thatintellectual ability or access to education affects a person's chance of being saved?
4224	DtvLIVEDONATEJackery riddenIf understanding the Three Angels' Messages is necessary for salvation, does this mean thatintellectual ability or access to education affects a person's chance of being saved?
4230	ADtvLIVEDONATEJackery riddenIf understanding the Three Angels' Messages is necessary for salvation, does this mean thatintellectual ability or access to education affects a person's chance of being saved?
4236	DONATEThe TrujamaicanHappy Sabbath family!!!ADtvLIVE
4242	DONATETheTrujamaicanHappy Sabbath family!!!ADLIVE
4248	DONATETheTrujamaicanHappy Sabbath family!!!ADLIVE
4254	DONATETheTrujamaicanHappy Sabbath family!!!ADLIVE
4260	DONATEThe TrujamaicanHappy Sabbath family!!!ADLIVE
4266	DONATEADtvLIVE
4272	DONATEADLIVE
4278	DONATEADLIVE
4284	DONATEADLIVE
4290	DONATEADLIVE
4296	DONATEADLIVE
4302	DONATEADLIVE
4308	DONATEADLIVE
4314	ADtvLIVEDONATECarol PilieroHappy Sabbath from Connecticut USA!
4320	ADLIVEDONATECarol PilieroHappy Sabbath from Connecticut USA!
4326	ADLIVEDONATECarol PilieroHappy Sabbath from Connecticut USA!
4332	ADLIVEDONATECarol PilieroHappy Sabbath from Connecticut USA!
4338	ADLIVEDONATECarol PilieroHappy Sabbath from Connecticut USA!
4344	ADLIVEDONATECarol PilieroHappy Sabbath from Connecticut USA!
4350	DONATEADLIVE
4356	DONATEADLIVE
4362	DONATEADLIVE
4368	DONATEAILD.tvLIVE
4374	DONATEADLIVE
4380	DONATEADLIVE
4386	DONATEADtvLIVE
4392	DONATEADLIVE
4398	DONATEADtvLIVE
4404	DONATEADtvLIVE
4410	DONATEADLIVE
4416	DONATEADLIVE
4422	DONATEtvLIVE
4428	DONATEADLIVE
4434	DONATEAILD.tvLIVE
4440	DONATEADLIVE
4446	DONATEADLIVE
4452	DONATEADLIVE
4458	DONATEADLIVE
4464	DONATEADtvLIVE
4470	DONATEALD.tvLIVE
4476	DONATEMMelanieDvery goodAD[tvLIVE
4482	DONATEMMelanievery goodADtvLIVE
4488	DONATEADLIVE
4494	DONATEAllDLIVEtv
4500	DONATEADLIVE
4506	DONATEADtvLIVE
4512	DONATEAllD.tvLIVE
4518	ADtvLIVEDONATEHerbaddictWhy is this message so unpopular even though we see that it's so important?
4524	ADtvLIVEDONATEHerbaddictWhy is this message so unpopular even though we see that it's so important?
4530	ADtvLIVEDONATEHerbaddictWhy is this message so unpopular even though we see that it's so important?
4536	ADLIVEDONATEHerbaddictWhy is this message so unpopular even though we see that it's so important?
4542	ADLIVEDONATEHerbaddictWhy is this message so unpopular even though we see that it's so important?
4548	ADLIVEDONATEHerbaddictWhy is this message so unpopular even though we see that it's so important?
4554	ADtvLIVEDONATESPIRITUAL GIFTS VOL. 1 P.75• So, I saw, that those who had no experience in the first andsecond angels' messages must receive them from those whohad an experience, and followed down through the messages.As Jesus was crucified, so I saw that these messages havebeen crucified. And as the disciples declared that there wassalvation in no other name under heaven, given among men; so,also, should the servants of God faithfully and fearlesslydeclare that those who embrace but a part of the truthsconnected with the third message must gladly embrace thefirst, second and third messages as God has given them, orhave no part nor lot in the matter.HerbaddictWhy is this message so unpopular even though we see that it's so important?
4560	ADtvLIVEDONATESPIRITUAL GIFTS VOL. 1 P.75• So, I saw, that those who had no experience in the first andsecond angels' messages must receive them from those whohad an experience, and followed down through the messages.As Jesus was crucified, so I saw that these messages havebeen crucified. And as the disciples declared that there wassalvation in no other name under heaven, given among men; so,also, should the servants of God faithfully and fearlesslydeclare that those who embrace but a part of the truthsconnected with the third message must gladly embrace thefirst, second and third messages as God has given them, orhave no part nor lot in the matter.HerbaddictWhy is this message so unpopular even though we see that it's so important?
4566	AllD.tvLIVEDONATESPIRITUAL GIFTS VOL. 1 P.75• So, I saw, that those who had no experience in the first andsecond angels' messages must receive them from those whohad an experience, and followed down through the messages.As Jesus was crucified, so I saw that these messages havebeen crucified. And as the disciples declared that there wassalvation in no other name under heaven, given among men; so,also, should the servants of God faithfully and fearlesslydeclare that those who embrace but a part of the truthsconnected with the third message must gladly embrace thefirst, second and third messages as God has given them, orhave no part nor lot in the matter.HerbaddictWhy is this message so unpopular even though we see that it's so important?
4572	ADtvLIVEDONATESPIRITUAL GIFTS VOL. 1 P.75• So, I saw, that those who had no experience in the first andsecond angels' messages must receive them from those whohad an experience, and followed down through the messages.As Jesus was crucified, so I saw that these messages havebeen crucified. And as the disciples declared that there wassalvation in no other name under heaven, given among men; so,also, should the servants of God faithfully and fearlesslydeclare that those who embrace but a part of the truthsconnected with the third message must gladly embrace thefirst, second and third messages as God has given them, orhave no part nor lot in the matter.HerbaddictWhy is this message so unpopular even though we see that it's so important?
4578	ADtvLIVEDONATESPIRITUAL GIFTS VOL. 1 P.75• So, I saw, that those who had no experience in the first andsecond angels' messages must receive them from those whohad an experience, and followed down through the messages.As Jesus was crucified, so I saw that these messages havebeen crucified. And as the disciples declared that there wassalvation in no other name under heaven, given among men; so,also, should the servants of God faithfully and fearlesslydeclare that those who embrace but a part of the truthsconnected with the third message must gladly embrace thefirst, second and third messages as God has given them, orhave no part nor lot in the matter.HerbaddictWhy is this message so unpopular even though we see that it's so important?
4584	ADtvLIVEDONATESPIRITUAL GIFTS VOL. 1 P.75• So, I saw, that those who had no experience in the first andsecond angels' messages must receive them from those whohad an experience, and followed down through the messages.As Jesus was crucified, so I saw that these messages havebeen crucified. And as the disciples declared that there wassalvation in no other name under heaven, given among men; so,also, should the servants of God faithfully and fearlesslydeclare that those who embrace but a part of the truthsconnected with the third message must gladly embrace thefirst, second and third messages as God has given them, orhave no part nor lot in the matter.HerbaddictWhy is this message so unpopular even though we see that it's so important?
4590	AD[tvLIVEDONATEJEREMIAH 6:16• Thus saith the Lord, Stand ye in the ways, andsee, and ask for the old paths, where is the goodway, and walk therein, and ye shall find rest foryour souls. But they said, We will not walktherein.HerbaddictWhy is this message so unpopular even though we see that it's so important?
4596	JEREMIAH 6:16• Thus saith the Lord, Stand ye in the ways, andsee, and ask for the old paths, where is the goodway, and walk therein, and ye shall find rest foryour souls. But they said, We will not walktherein.ADtvLIVE
4602	DONATEJEREMIAH 6:16• Thus saith the Lord, Stand ye in the ways, andsee, and ask for the old paths, where is the goodway, and walk therein, and ye shall find rest foryour souls. But they said, We will not walktherein.ADtvLIVE
4608	DONATEADLIVE
4614	DONATEADLIVE
4620	DONATEADLIVE
4626	DONATEAlID.LIVEtv
4632	DONATEADLIVE
4638	DONATEADtvLIVE
4644	DONATEjackie crawfordGod BlessADtvLIVE
4650	DONATEjackie crawfordGod BlessADtvLIVE
4656	DONATEjackie crawfordGod BlessADtvLIVE
4662	DONATEADtvLIVE
4668	DONATEADtvLIVE
4674	DONATEADLIVE
4680	DONATEADLIVE
4686	DONATEADLIVE
4692	DONATEDLIVEtv
4698	DONATEADLIVE
4704	DONATEADtvLIVE
4710	DONATEADtvLIVE
4716	DONATE* Someone scanned the QR codeADLIVE
4722	DONATEADtvLIVE
4728	DONATEADLIVE
4734	DONATEADLIVE
4740	DONATEADLIVE
4746	DONATEDanielle SmithThanks MackenzieADtvLIVE
4752	DONATEDanielle SmithThanks MackenzieAD(tvLIVE
4758	DONATEDanielle SmithThanks MackenzieADtvLIVE
4764	ADLIVEDONATEYour Health, Your Choice, Your Life!HOW CAN WE INTRODUCE THIS TO OUR CHURCHES THAT MAY SEE US ASFANATICAL
4770	ADLIVEDONATEYour Health, Your Choice, Your Life!HOW CAN WE INTRODUCE THIS TO OUR CHURCHES THAT MAY SEE US ASFANATICAL
4776	ADLIVEDONATEYour Health, Your Choice, Your Life!HOW CAN WE INTRODUCE THIS TO OUR CHURCHES THAT MAY SEE US ASFANATICAL
4782	ADLIVEDONATEYour Health, Your Choice, Your Life!HOW CAN WE INTRODUCE THIS TO OUR CHURCHES THAT MAY SEE US ASFANATICAL
4788	ADLIVEDONATEYour Health, Your Choice, Your Life!HOW CAN WE INTRODUCE THIS TO OUR CHURCHES THAT MAY SEE US ASFANATICAL
4794	ADLIVEDONATEYour Health, Your Choice, Your Life!HOW CAN WE INTRODUCE THIS TO OUR CHURCHES THAT MAY SEE US ASFANATICAL
4800	ADLIVEDONATEYour Health, Your Choice, Your Life!HOW CAN WE INTRODUCE THIS TO OUR CHURCHES THAT MAY SEE US ASFANATICAL
4806	ADLIVEDONATEYour Health, Your Choice, Your Life!HOW CAN WE INTRODUCE THIS TO OUR CHURCHES THAT MAY SEE US ASFANATICAL
4812	ADLIVEDONATEYour Health, Your Choice, Your Life!HOW CAN WE INTRODUCE THIS TO OUR CHURCHES THAT MAY SEE US ASFANATICAL
4818	ADLIVEDONATEYour Health, Your Choice, Your Life!HOW CAN WE INTRODUCE THIS TO OUR CHURCHES THAT MAY SEE US ASFANATICAL
4824	ADLIVEDONATEYour Health, Your Choice, Your Life!HOW CAN WE INTRODUCE THIS TO OUR CHURCHES THAT MAY SEE US ASFANATICAL
4830	ADLIVEDONATEYour Health, Your Choice, Your Life!HOW CAN WE INTRODUCE THIS TO OUR CHURCHES THAT MAY SEE US ASFANATICAL
4836	ADLIVEDONATEYour Health, Your Choice, Your Life!HOW CAN WE INTRODUCE THIS TO OUR CHURCHES THAT MAY SEE US ASFANATICAL
4842	ADtvLIVEDONATEYour Health, Your Choice, Your Life!HOW CAN WE INTRODUCE THIS TO OUR CHURCHES THAT MAY SEE US ASFANATICAL
4848	ADLIVEDONATEYour Health, Your Choice, Your Life!HOW CAN WE INTRODUCE THIS TO OUR CHURCHES THAT MAY SEE US ASFANATICAL
4854	ADLIVEDONATEYour Health, Your Choice, Your Life!HOW CAN WE INTRODUCE THIS TO OUR CHURCHES THAT MAY SEE US ASFANATICAL
4860	DONATEADLIVE
4866	DONATEADLIVE
4872	DONATEADLIVE
4878	DONATEADtvLIVE
4884	DONATEADLIVE
4890	DONATEADLIVE
4896	DONATEADtvLIVE
4902	DONATEADLIVE
4908	DONATEADLIVE
4914	DONATEADLIVE
4920	DONATEADLIVE
4926	DONATEADLIVE
4932	ADLIVEDONATEAmazing DiscoveriesE: support@amazingdiscoveries.org P: 1-866-572-9457
4938	ADtvLIVEDONATEAmazing DiscoveriesE: support@amazingdiscoveries.org P: 1-866-572-9457
4944	ADLIVEDONATEAmazing DiscoveriesE: support@amazingdiscoveries.org P: 1-866-572-9457
4950	ADLIVEDONATEAmazing DiscoveriesE: support@amazingdiscoveries.org P: 1-866-572-9457
4956	ADtvLIVEDONATEAmazing DiscoveriesE: support@amazingdiscoveries.org P: 1-866-572-9457
4962	ADLIVEDONATEAmazing DiscoveriesE: support@amazingdiscoveries.org P: 1-866-572-9457
4968	ADLIVEDONATEAmazing DiscoveriesE: support@amazingdiscoveries.org P: 1-866-572-9457
4974	ADtvLIVEDONATEAmazing DiscoveriesE: support@amazingdiscoveries.org P: 1-866-572-9457
4980	ADLIVEDONATEAmazing DiscoveriesE: support@amazingdiscoveries.org P: 1-866-572-9457
4986	ADLIVEDONATEAmazing DiscoveriesE: support@amazingdiscoveries.org P: 1-866-572-9457
4992	ADtvLIVEDONATEAmazing DiscoveriesE: support@amazingdiscoveries.org P: 1-866-572-9457
4998	ADtvLIVEDONATECarol PilieroThank you for that, McKenzie!
5004	ADtvLIVEDONATECarol PilieroThank you for that, McKenzie!
5010	ADLIVEDONATECarol PilieroThank you for that, McKenzie!
5016	ADtvLIVEDONATECarol PilieroThank you for that, McKenzie!
5022	DONATEADLIVE
5028	DONATEADLIVE
5034	DONATEADLIVE
5040	DONATEAILD.tv)LIVE
5046	DONATEAllILIVEtv
5052	DONATEADLIVE
5058	DONATEADtvLIVE
5064	DONATEADLIVE
5070	ADLIVEDONATEconnie patonMay God continue to Bless you AD, Thanks
5076	ADtvLIVEDONATEconnie patonMay God continue to Bless you AD, Thanks
5082	ADtvLIVEDONATEconnie patonMay God continue to Bless you AD, Thanks
5088	ADLIVEDONATEconnie patonMay God continue to Bless you AD, Thanks
5094	ADtvLIVEDONATEconnie patonMay God continue to Bless you AD, Thanks
5100	ADtvLIVEDONATEconnie patonMay God continue to Bless you AD, Thanks
5106	DONATEADLIVE
5112	DONATEADLIVE
5118	DONATEADLIVE
5124	DONATEADLIVE
5130	DONATEADLIVE
5136	DONATEADLIVE
5142	DONATEAllDtvLIVE
5148	DONATEADLIVE
5154	DONATEADLIVE
5160	ADLIVEDONATEJudgmentDayDocumentary.com
5166	ADLIVEDONATEJudgmentDayDocumentary.com
5172	ADtvLIVEDONATEJudgmentDayDocumentary.com
5178	ADLIVEDONATEJudgmentDayDocumentary.com
5184	DONATEADLIVE
5190	DONATEAllD• 0.JUDGMENT DAY10 WEEK BIBLE STUDYNEXT STUDY FRIDAYDECEMBER 6 AT 5:00PM PST
5196	DONATEDtvJUDGMENT DAY10 WEEK BIBLE STUDYNEXT STUDY FRIDAYDECEMBER 6 AT 5:00PM PST
