0	WHEN IS THETIME OF THE END?DANIELJUDGMENT DAY STUDYWEEK 2
6	WHEN IS THETIME OF THE END?DANIELJUDGMENT DAY STUDYWEEK 2
12	WHEN IS THETIME OF THE END?DANIELJUDGMENT DAY STUDYWEEK 2
18	WHEN IS THETIME OF THE END?DANIELJUDGMENT DAY STUDYWEEK 2
24	WHEN IS THETIME OF THE END?DANIELJUDGMENT DAY STUDYWEEK 2
30	WHEN IS THETIME OF THE END?DANIELJUDGMENT DAY STUDYWEEK 2
36	WHEN IS THETIME OF THE END?DANIELJUDGMENT DAY STUDYWEEK 2
42	WHEN IS THETIME OF THE END?DANIELJUDGMENT DAY STUDYWEEK 2
48	WHEN IS THETIME OF THE END?DANIELJUDGMENT DAY STUDYWEEK 2
54	WHEN IS THETIME OF THE END?DANIELJUDGMENT DAY STUDYWEEK 2
60	WHEN IS THETIME OF THE END?DANIELJUDGMENT DAY STUDYWEEK 2
66	WHEN IS THETIME OF THE END?DANIELJUDGMENT DAY STUDYWEEK 2
72	WHEN IS THETIME OF THE END?DANIELJUDGMENT DAY STUDYWEEK 2
78	WHEN IS THETIME OF THE END?DANIELJUDGMENT DAY STUDYWEEK 2
84	WHEN IS THETIME OF THE END?DANIELJUDGMENT DAY STUDYWEEK 2
90	WHEN IS THETIME OF THE END?DANIELJUDGMENT DAY STUDYWEEK 2
96	WHEN IS THETIME OF THE END?DANIELJUDGMENT DAY STUDYWEEK 2
102	WHEN IS THETIME OF THE END?DANIELJUDGMENT DAY STUDYWEEK 2
108	WHEN IS THETIME OF THE END?DANIELJUDGMENT DAY STUDYWEEK 2
114	WHEN IS THETIME OF THE END?DANIELJUDGMENT DAY STUDYWEEK 2
120	WHEN IS THETIME OF THE END?DANIELJUDGMENT DAY STUDYWEEK 2
126	WHEN IS THETIME OF THE END?DANIELJUDGMENT DAY STUDYWEEK 2
132	WHEN IS THETIME OF THE END?DANIELJUDGMENT DAY STUDYWEEK 2
138	WHEN IS THETIME OF THE END?DANIELJUDGMENT DAY STUDYWEEK 2
144	WHEN IS THETIME OF THE END?DANIELJUDGMENT DAY STUDYWEEK 2
150	WHEN IS THETIME OF THE END?DANIELJUDGMENT DAY STUDYWEEK 2
156	WHEN IS THETIME OF THE END?DANIELJUDGMENT DAY STUDYWEEK 2
162	WHEN IS THETIME OF THE END?DANIELJUDGMENT DAY STUDYWEEK 2
168	WHEN IS THETIME OF THE END?DANIELJUDGMENT DAY STUDYWEEK 2
174	WHEN IS THETIME OF THE END?DANIELJUDGMENT DAY STUDYWEEK 2
180	WHEN IS THETIME OF THE END?DANIELJUDGMENT DAY STUDYWEEK 2
186	WHEN IS THETIME OF THE END?DANIELJUDGMENT DAY STUDYWEEK 2
192	WHEN IS THETIME OF THE END?DANIELJUDGMENT DAY STUDYWEEK 2
198	WHEN IS THETIME OF THE END?DANIELJUDGMENT DAY STUDYWEEK 2
204	WHEN IS THETIME OF THE END?DANIELJUDGMENT DAY STUDYWEEK 2
210	WHEN IS THETIME OF THE END?DANIELJUDGMENT DAY STUDYWEEK 2
216	WHEN IS THETIME OF THE END?DANIELJUDGMENT DAY STUDYWEEK 2
222	WHEN IS THETIME OF THE END?DANIELJUDGMENT DAY STUDYWEEK 2
228	WHEN IS THETIME OF THE END?DANIELJUDGMENT DAY STUDYWEEK 2
234	WHEN IS THETIME OF THE END?DANIELJUDGMENT DAY STUDYWEEK 2
240	WHEN IS THETIME OF THE END?DANIELJUDGMENT DAY STUDYWEEK 2
246	WHEN IS THETIME OF THE END?DANIELJUDGMENT DAY STUDYWEEK 2
252	WHEN IS THETIME OF THE END?DANIELJUDGMENT DAY STUDYWEEK 2
258	WHEN IS THETIME OF THE END?DANIELJUDGMENT DAY STUDYWEEK 2
264	WHEN IS THETIME OF THE END?DANIELJUDGMENT DAY STUDYWEEK 2
270	WHEN IS THETIME OF THE END?DANIELJUDGMENT DAY STUDYWEEK 2
276	WHEN IS THETIME OF THE END?DANIELJUDGMENT DAY STUDYWEEK 2
282	WHEN IS THETIME OF THE END?DANIELJUDGMENT DAY STUDYWEEK 2
288	WHEN IS THETIME OF THE END?DANIELJUDGMENT DAY STUDYWEEK 2
294	
300	
306	
312	
318	ALD
324	
330	Welcome to Judgment Day StudiesThank you for joining for our 10 week studies!ALD
336	Welcome to Judgment Day StudiesThank you for joining for our 10 week studies!ALD
342	ALD
348	MacKenzie DrebitVice PresidentALD
354	MacKenzie DrebitVice PresidentALD
360	ALD.
366	AIR.WHEN IS THETIME OF THE END?DANIELJUDGMENT DAY STUDYWEEK 2
372	AIR.WHEN IS THETIME OF THE END?DANIELJUDGMENT DAY STUDYWEEK 2
378	
384	ALD
390	Welcome to Judgment Day StudiesThank you for joining for our 10 week studies!ALD
396	
402	ALD
408	MacKenzie DrebitVice PresidentALD
414	ALD.
420	
426	ALD
432	ALD
438	ALD
444	ALD
450	ALD
456	ALD
462	ALD
468	ALD
474	ALD
480	
486	ALD
492	ALR
498	
504	For Free Bookmarks Go To:bookmarks.amazingdiscoveries.orgALD
510	For Free Bookmarks Go To:bookmarks.amazingdiscoveries.orgALD
516	ALD
522	For Free Bookmarks Go To:bookmarks.amazingdiscoveries.orgALD
528	For Free Bookmarks Go To:bookmarks.amazingdiscoveries.orgALD
534	For Free Bookmarks Go To:bookmarks.amazingdiscoveries.orgALD
540	
546	ALD
552	ALD
558	WHEN IS THETIME OF THE END?DANIELJUDGMENT DAY STUDYWEEK 2
564	WHEN IS THETIME OF THE END?ARDANIELJUDGMENT DAY STUDYWEEK 2
570	WHEN IS THETIME OF THE END?ARDANIELJUDGMENT DAY STUDYWEEK 2
576	WHEN IS THETIME OF THE END?DANIELJUDGMENT DAY STUDYWEEK 2
582	AIR.WHEN IS THETIME OF THE END?DANIELJUDGMENT DAY STUDYWEEK 2
588	AIR.WHEN IS THETIME OF THE END?DANIELJUDGMENT DAY STUDYWEEK 2
594	WHEN IS THETIME OF THE END?DANIELJUDGMENT DAY STUDYWEEK 2
600	WHEN IS THETIME OF THE END?DANIELJUDGMENT DAY STUDYWEEK 2
606	AIR.WHEN IS THETIME OF THE END?DANIELJUDGMENT DAY STUDYWEEK 2
612	WHEN IS THETIME OF THE END?ARDANIELWe will return in just a moment!Fixing audio issues. Thank you for your patience.JUDGMENT DAY STUDYWEEK 2
618	AIR.WHEN IS THETIME OF THE END?DANIELWe will return in just a moment!Fixing audio issues. Thank you for your patience.JUDGMENT DAY STUDYWEEK 2
624	WHEN IS THETIME OF THE END?.ARDANIELWe will return in just a moment!Fixing audio issues. Thank you for your patience.JUDGMENT DAY STUDYWEEK 2
630	AIR.WHEN IS THETIME OF THE END?DANIELWe will return in just a moment!Fixing audio issues. Thank you for your patience.JUDGMENT DAY STUDYWEEK 2
636	ALD
642	ALD
648	ALD
654	ALD
660	ALD
666	ALD
672	ALD
678	For Free Bookmarks Go To:bookmarks.amazingdiscoveries.orgALD
684	ALD
690	ALD
696	ALDJudgmentDayDocumentary.com
702	ALDJudgmentDayDocumentary.com
708	ALDDONATEJudgmentDayDocumentary.com
714	ALDDONATEJudgmentDayDocumentary.com
720	DONATEALD
726	DONATE
732	ALDDONATEEngage With UsWrite your questions and comments in the chat!
738	DONATEEngage With UsWrite your questions and comments in the chat!
744	ALDDONATEEngage With UsWrite your questions and comments in the chat!
750	DONATEALD
756	DONATEALD
762	DONATEALD
768	DONATE
774	EN IS THEIME OF THE END?ARDANIELJUDGMENT DAY STUDYWEEK 2
780	EN IS THEIME OF THE END?AIR.DANIELJUDGMENT DAY STUDYWEEK 2
786	EN IS THEIME OF THE END?We will return in just a moment!Fixing audio issues. Thank you for your patience.DANIELJUDGMENT DAY STUDYWEEK 2
792	EN IS THETIME OF THE END?AIR.DANIELWe will return in just a moment!Fixing audio issues. Thank you for your patience.JUDGMENT DAY STUDYWEEK 2
798	EN IS THETIME OF THE END?ARDANIELWe will return in just a moment!Fixing audio issues. Thank you for your patience.JUDGMENT DAY STUDYWEEK 2
804	EN IS THETIME OF THE END?ARDANIELWe will return in just a moment!Fixing audio issues. Thank you for your patience.JUDGMENT DAY STUDYWEEK 2
810	EN IS THEIME OF THE END?AIR.DANIELWe will return in just a moment!Fixing audio issues. Thank you for your patience.JUDGMENT DAY STUDYWEEK 2
816	EN IS THEIME OF THE END?We will return in just a moment!Fixing audio issues. Thank you for your patience.DANIELJUDGMENT DAY STUDYWEEK 2
822	EN IS THEIME OF THE END?ARDANIELWe will return in just a moment!Fixing audio issues. Thank you for your patience.JUDGMENT DAY STUDYWEEK 2
828	EN IS THEIME OF THE END?ARDANIELWe will return in just a moment!Fixing audio issues. Thank you for your patience.JUDGMENT DAY STUDYWEEK 2
834	EN IS THETIME OF THE END?ARDANIELWe will return in just a moment!Fixing audio issues. Thank you for your patience.JUDGMENT DAY STUDYWEEK 2
840	EN IS THETIME OF THE END?We will return in just a moment!Fixing audio issues. Thank you for your patience.DANIELJUDGMENT DAY STUDYWEEK 2
846	EN IS THETIME OF THE END?AID.We will return in just a moment!Fixing audio issues. Thank you for your patience.DANIELZaMOn BanJUDGMENT DAY STUDYWEEK 2
852	EN IS THEIME OF THE END?ARDANIELWe will return in just a moment!Fixing audio issues. Thank you for your patience.JUDGMENT DAY STUDYWEEK 2
858	EN IS THETIME OF THE END?AIR.DANIELWe will return in just a moment!Fixing audio issues. Thank you for your patience.JUDGMENT DAY STUDYWEEK 2
864	EN IS THEIME OF THE END?ARDANIELWe will return in just a moment!Fixing audio issues. Thank you for your patience.JUDGMENT DAY STUDYWEEK 2
870	EN IS THEIME OF THE END?We will return in just a moment!Fixing audio issues. Thank you for your patience.DANIELJUDGMENT DAY STUDYWEEK 2
876	EN IS THEIME OF THE END?We will return in just a moment!Fixing audio issues. Thank you for your patience.DANIELJUDGMENT DAY STUDYWEEK 2
882	DONATEWe will return in just a moment!Fixing audio issues. Thank you for your patience.ALD
888	DONATEALD
894	DONATEALD.
900	DONATE4 Someone scanned the QR codeALD
906	DONATEALD
912	DONATEALD.
918	DONATEALD
924	DONATEALD
930	DONATEALD
936	DONATEALR
942	DONATEALD
948	DONATEALD
954	ALD
960	ALD
966	DONATE
972	DONATE
978	ALD
984	DONATEALD.
990	DONATEALD
996	DONATE
1002	DONATEALD.
1008	DONATEALD
1014	DONATEALD
1020	DONATEALD
1026	DONATE
1032	DONATEALD
1038	DONATEAIR.
1044	DONATEALD
1050	DONATEALD
1056	ALR
1062	ALR
1068	ALD
1074	DONATEALD
1080	ALD
1086	DONATEALD.
1092	DONATEALD
1098	DONATEALD
1104	DONATEALD.
1110	DONATEALD
1116	DONATEMacKenzie DrebitVice PresidentALD
1122	DONATEMacKenzie DrebitVice President
1128	DONATEALD
1134	DONATEALD
1140	DONATEALD
1146	
1152	ALD.DONATEMACKENZIE DREBIT
1158	DONATEAR.
1164	ALD.
1170	ADLIVEtw
1176	AD.
1182	AD
1188	ADLIVE
1194	ADLIVE
1200	AD.farm.amazingdiscoveries.org
1206	AIR.farm.amazingdiscoveries.org
1212	ADNEVEDONATEfarm.amazingdiscoveries.org
1218	AD.farm.amazingdiscoveries.org
1224	ADLIVEfarm.amazingdiscoveries.org
1230	ADLIVEfarm.amazingdiscoveries.org
1236	ADHIVEfarm.amazingdiscoveries.org
1242	AID.farm.amazingdiscoveries.org
1248	AD.farm.amazingdiscoveries.org
1254	AID.LIVEfarm.amazingdiscoveries.org
1260	AID!farm.amazingdiscoveries.org
1266	ADIDONATEfarm.amazingdiscoveries.org
1272	ALD• tVLIVEfarm.amazingdiscoveries.org
1278	AlD.farm.amazingdiscoveries.org
1284	ALDDONATEfarm.amazingdiscoveries.org
1290	ALR
1296	ALD
1302	DONATE
1308	ALDDONATEfarm.amazingdiscoveries.org
1314	ALDDONATEfarm.amazingdiscoveries.org
1320	ALDDONATEfarm.amazingdiscoveries.org
1326	DONATEALD.
1332	DONATEALD
1338	DONATEALD
1344	DONATE2UNSEALINGThe Little BookWelcome to Judgment Day StudiesThank you for joining for our 10 week studies!AD.• 0?
1350	DONATE2UNSEALINGThe Little BookWelcome to Judgment Day StudiesThank you for joining for our 10 week studies!AD.• 0?
1356	DONATEAD.2UNSEALINGThe Little Book?
1362	DONATEAD.2UNSEALINGThe Little Book?
1368	DONATEAD.2UNSEALINGThe Little Book?
1374	DONATEAD.2UNSEALINGThe Little Book?
1380	DONATEAD.2UNSEALINGThe Little Book?
1386	DONATE2UNSEALINGThe Little BookStudy Notes Link in Comments!Check the comments for the link to download the study notes.AD.• 0?
1392	DONATE2UNSEALINGThe Little BookStudy Notes Link in Comments!Check the comments for the link to download the study notes.AD.?
1398	DONATEAD.• 02UNSEALINGThe Little Book?
1404	DONATEAD.• 02UNSEALINGThe Little Book?
1410	DONATEAD.2UNSEALINGThe Little Book?
1416	DONATEALD.TESTIMONIES TO MINISTERS AND GOSPEL WORKERS P.114.3• When the books of Daniel and Revelation arebetter understood, believers will have anentirely different religious experience.They will be given such glimpses of the opengates of heaven that heart and mind will beimpressed with the character that all mustdevelop in order to realize the blessedness whichis to be the reward of the pure in heart.
1422	ADLIVEDONATETESTIMONIES TO MINISTERS AND GOSPEL WORKERS P. 114.3• When the books of Daniel and Revelation arebetter understood, believers will have anentirely different religious experience.hey will be given such glimpses of the opergates of heaven that heart and mind will beimpressed with the character that all mustdevelop in order to realize the blessedness whichis to be the reward of the pure in heart.MacKenzie DrebitVice President
1428	DONATEADILIVETESTIMONIES TO MINISTERS AND GOSPEL WORKERS P. 114.3• When the books of Daniel and Revelation arebetter understood, believers will have anentirely different religious experience.hey will be given such glimpses of the opergates of heaven that heart and mind will beimpressed with the character that all mustdevelop in order to realize the blessedness whichis to be the reward of the pure in heart.
1434	DONATEALD.TESTIMONIES TO MINISTERS AND GOSPEL WORKERS P.114.3• When the books of Daniel and Revelation arebetter understood, believers will have anentirely different religious experience.They will be given such glimpses of the opengates of heaven that heart and mind will beimpressed with the character that all mustdevelop in order to realize the blessedness whichis to be the reward of the pure in heart.
1440	DONATEADILIVETESTIMONIES TO MINISTERS AND GOSPEL WORKERS P. 114.3• When the books of Daniel and Revelation arebetter understood, believers will have anentirely different religious experience.hey will be given such glimpses of the opergates of heaven that heart and mind will beimpressed with the character that all mustdevelop in order to realize the blessedness whichis to be the reward of the pure in heart.
1446	DONATEALDTESTIMONIES TO MINISTERS AND GOSPEL WORKERS P. 114.3• When the books of Daniel and Revelation arebetter understood, believers will have anentirely different religious experience.hey will be given such glimpses of the opergates of heaven that heart and mind will beimpressed with the character that all mustdevelop in order to realize the blessedness whichis to be the reward of the pure in heart.
1452	DONATEADILIVETESTIMONIES TO MINISTERS AND GOSPEL WORKERS P. 114.3• When the books of Daniel and Revelation arebetter understood, believers will have anentirely different religious experience.hey will be given such glimpses of the opergates of heaven that heart and mind will beimpressed with the character that all mustdevelop in order to realize the blessedness whichis to be the reward of the pure in heart.
1458	DONATEADItvLIVETESTIMONIES TO MINISTERS AND GOSPEL WORKERS P. 114.3• When the books of Daniel and Revelation arebetter understood, believers will have anentirely different religious experience.hey will be given such glimpses of the opergates of heaven that heart and mind will beimpressed with the character that all mustdevelop in order to realize the blessedness whichis to be the reward of the pure in heart.
1464	DONATEALDTESTIMONIES TO MINISTERS AND GOSPEL WORKERS P.114.3• When the books of Daniel and Revelation arebetter understood, believers will have anentirely different religious experience.hey will be given such glimpses of the opergates of heaven that heart and mind will beimpressed with the character that all mustdevelop in order to realize the blessedness whichis to be the reward of the pure in heart.
1470	DONATEADILIVETESTIMONIES TO MINISTERS AND GOSPEL WORKERS P.114.3• When the books of Daniel and Revelation arebetter understood, believers will have anentirely different religious experience.hey will be given such glimpses of the opergates of heaven that heart and mind will beimpressed with the character that all mustdevelop in order to realize the blessedness whichis to be the reward of the pure in heart.
1476	DONATEADILIVETESTIMONIES TO MINISTERS AND GOSPEL WORKERS P. 114.3• When the books of Daniel and Revelation arebetter understood, believers will have anentirely different religious experience.hey will be given such glimpses of the opergates of heaven that heart and mind will beimpressed with the character that all mustdevelop in order to realize the blessedness whichis to be the reward of the pure in heart.
1482	DONATEAD.COUNSELS TO WRITERS AND EDITORS P. 175.3• We have a most important work to do,—the work ofproclaiming the third angel's message. We are facingthe most important issues that men have ever beencalled to meet. All should understand the truthscontained in the three messages; for they are essentialto salvation.
1488	ADtvLIVECOUNSELS TO WRITERS AND EDITORS P. 175.3• We have a most important work to do,—the work ofproclaiming the third angel's message. We are facingthe most important issues that men have ever beencalled to meet. All should understand the truthscontained in the three messages; for they are essentialto salvation.
1494	DONATEAD.COUNSELS TO WRITERS AND EDITORS P. 175.3• We have a most important work to do,—the work ofproclaiming the third angel's message. We are facingthe most important issues that men have ever beencalled to meet. All should understand the truthscontained in the three messages; for they are essentialto salvation.
1500	DONATEADtyLIVECOUNSELS TO WRITERS AND EDITORS P. 175.3• We have a most important work to do,—the work ofproclaiming the third angel's message. We are facingthe most important issues that men have ever beencalled to meet. All should understand the truthscontained in the three messages; for they are essentialto salvation.
1506	DONATEAD.COUNSELS TO WRITERS AND EDITORS P. 175.3• We have a most important work to do,—the work ofproclaiming the third angel's message. We are facingthe most important issues that men have ever beencalled to meet. All should understand the truthscontained in the three messages; for they are essentialto salvation.
1512	COUNSELS TO WRITERS AND EDITORS P. 175.3• We have a most important work to do,—the work ofproclaiming the third angel's message. We are facingthe most important issues that men have ever beencalled to meet. All should understand the truthscontained in the three messages; for they are essentialto salvation.
1518	DONATEAD.COUNSELS TO WRITERS AND EDITORS P. 175.3• We have a most important work to do,—the work ofproclaiming the third angel's message. We are facingthe most important issues that men have ever beencalled to meet. All should understand the truthscontained in the three messages; for they are essentialto salvation.
1524	DONATEADtvLIVESPIRITUAL GIFTS VOL. 1 P.75• So, I saw, that those who had no experience in the first andsecond angels' messages must receive them from those whohad an experience, and followed down through the messages.As Jesus was crucified, so I saw that these messages havebeen crucified. And as the disciples declared that there wassalvation in no other name under heaven, given among men; so,also, should the servants of God faithfully and fearlesslydeclare that those who embrace but a part of the truthsconnected with the third message must gladly embrace thefirst, second and third messages as God has given them, orhave no part nor lot in the matter.
1530	DONATEADtvLIVESPIRITUAL GIFTS VOL. 1 P.75• So, I saw, that those who had no experience in the first andsecond angels' messages must receive them from those whohad an experience, and followed down through the messages.As Jesus was crucified, so I saw that these messages havebeen crucified. And as the disciples declared that there wassalvation in no other name under heaven, given among men; so,also, should the servants of God faithfully and fearlesslydeclare that those who embrace but a part of the truthsconnected with the third message must gladly embrace thefirst, second and third messages as God has given them, orhave no part nor lot in the matter.
1536	DONATEAD.SPIRITUAL GIFTS VOL. 1 P.75• So, I saw, that those who had no experience in the first andsecond angels' messages must receive them from those whohad an experience, and followed down through the messages.As Jesus was crucified, so I saw that these messages havebeen crucified. And as the disciples declared that there wassalvation in no other name under heaven, given among men; so,also, should the servants of God faithfully and fearlesslydeclare that those who embrace but a part of the truthsconnected with the third message must gladly embrace thefirst, second and third messages as God has given them, orhave no part nor lot in the matter.
1542	DONATEADtvLIVESPIRITUAL GIFTS VOL. 1 P.75• So, I saw, that those who had no experience in the first andsecond angels' messages must receive them from those whohad an experience, and followed down through the messages.As Jesus was crucified, so I saw that these messages havebeen crucified. And as the disciples declared that there wassalvation in no other name under heaven, given among men; so,also, should the servants of God faithfully and fearlesslydeclare that those who embrace but a part of the truthsconnected with the third message must gladly embrace thefirst, second and third messages as God has given them, orhave no part nor lot in the matter.
1548	DONATEADtyLIVESPIRITUAL GIFTS VOL. 1 P.75• So, I saw, that those who had no experience in the first andsecond angels' messages must receive them from those whohad an experience, and followed down through the messages.As Jesus was crucified, so I saw that these messages havebeen crucified. And as the disciples declared that there wassalvation in no other name under heaven, given among men; so,also, should the servants of God faithfully and fearlesslydeclare that those who embrace but a part of the truthsconnected with the third message must gladly embrace thefirst, second and third messages as God has given them, orhave no part nor lot in the matter.
1554	DONATEADLIVESPIRITUAL GIFTS VOL. 1 P.75• So, I saw, that those who had no experience in the first andsecond angels' messages must receive them from those whohad an experience, and followed down through the messages.As Jesus was crucified, so I saw that these messages havebeen crucified. And as the disciples declared that there wassalvation in no other name under heaven, given among men; so,also, should the servants of God faithfully and fearlesslydeclare that those who embrace but a part of the truthsconnected with the third message must gladly embrace thefirst, second and third messages as God has given them, orhave no part nor lot in the matter.
1560	DONATEADtvLIVESPIRITUAL GIFTS VOL. 1 P.75• So, I saw, that those who had no experience in the first andsecond angels' messages must receive them from those whohad an experience, and followed down through the messages.As Jesus was crucified, so I saw that these messages havebeen crucified. And as the disciples declared that there wassalvation in no other name under heaven, given among men; so,also, should the servants of God faithfully and fearlesslydeclare that those who embrace but a part of the truthsconnected with the third message must gladly embrace thefirst, second and third messages as God has given them, orhave no part nor lot in the matter.
1566	DONATEADLIVESPIRITUAL GIFTS VOL. 1 P.75• So, I saw, that those who had no experience in the first andsecond angels' messages must receive them from those whohad an experience, and followed down through the messages.As Jesus was crucified, so I saw that these messages havebeen crucified. And as the disciples declared that there wassalvation in no other name under heaven, given among men; so,also, should the servants of God faithfully and fearlesslydeclare that those who embrace but a part of the truthsconnected with the third message must gladly embrace thefirst, second and third messages as God has given them, orhave no part nor lot in the matter.
1572	ADLIVESPIRITUAL GIFTS VOL. 1 P.75• So, I saw, that those who had no experience in the first andsecond angels' messages must receive them from those whohad an experience, and followed down through the messages.As Jesus was crucified, so I saw that these messages havebeen crucified. And as the disciples declared that there wassalvation in no other name under heaven, given among men; so,also, should the servants of God faithfully and fearlesslydeclare that those who embrace but a part of the truthsconnected with the third message must gladly embrace thefirst, second and third messages as God has given them, orhave no part nor lot in the matter.
1578	DONATEADLIVESPIRITUAL GIFTS VOL. 1 P.75• So, I saw, that those who had no experience in the first andsecond angels' messages must receive them from those whohad an experience, and followed down through the messages.As Jesus was crucified, so I saw that these messages havebeen crucified. And as the disciples declared that there wassalvation in no other name under heaven, given among men; so,also, should the servants of God faithfully and fearlesslydeclare that those who embrace but a part of the truthsconnected with the third message must gladly embrace thefirst, second and third messages as God has given them, orhave no part nor lot in the matter.
1584	DONATEADLIVESPIRITUAL GIFTS VOL. 1 P.75• So, I saw, that those who had no experience in the first andsecond angels' messages must receive them from those whohad an experience, and followed down through the messages.As Jesus was crucified, so I saw that these messages havebeen crucified. And as the disciples declared that there wassalvation in no other name under heaven, given among men; so,also, should the servants of God faithfully and fearlesslydeclare that those who embrace but a part of the truthsconnected with the third message must gladly embrace thefirst, second and third messages as God has given them, orhave no part nor lot in the matter.
1590	ADLIVEDONATESPIRITUAL GIFTS VOL. 1 P.75• So, I saw, that those who had no experience in the first andsecond angels' messages must receive them from those whohad an experience, and followed down through the messages.As Jesus was crucified, so I saw that these messages havebeen crucified. And as the disciples declared that there wassalvation in no other name under heaven, given among men; so,also, should the servants of God faithfully and fearlesslydeclare that those who embrace but a part of the truthsconnected with the third message must gladly embrace thefirst, second and third messages as God has given them, orhave no part nor lot in the matter.Check out last week's studyGo to judgmentdaydocumentary.com
1596	ADLIVEDONATESPIRITUAL GIFTS VOL. 1 P.75• So, I saw, that those who had no experience in the first andsecond angels' messages must receive them from those whohad an experience, and followed down through the messages.As Jesus was crucified, so I saw that these messages havebeen crucified. And as the disciples declared that there wassalvation in no other name under heaven, given among men; so,also, should the servants of God faithfully and fearlesslydeclare that those who embrace but a part of the truthsconnected with the third message must gladly embrace thefirst, second and third messages as God has given them, orhave no part nor lot in the matter.We will return in just a moment!Fixing audio issues. Thank you for your patience.
1602	DONATEAD.SPIRITUAL GIFTS VOL. 1 P.75• So, I saw, that those who had no experience in the first andsecond angels' messages must receive them from those whohad an experience, and followed down through the messages.As Jesus was crucified, so I saw that these messages havebeen crucified. And as the disciples declared that there wassalvation in no other name under heaven, given among men; so,also, should the servants of God faithfully and fearlesslydeclare that those who embrace but a part of the truthsconnected with the third message must gladly embrace thefirst, second and third messages as God has given them, orhave no part nor lot in the matter.
1608	DONATEADtyLIVESPIRITUAL GIFTS VOL. 1 P.75• So, I saw, that those who had no experience in the first andsecond angels' messages must receive them from those whohad an experience, and followed down through the messages.As Jesus was crucified, so I saw that these messages havebeen crucified. And as the disciples declared that there wassalvation in no other name under heaven, given among men; so,also, should the servants of God faithfully and fearlesslydeclare that those who embrace but a part of the truthsconnected with the third message must gladly embrace thefirst, second and third messages as God has given them, orhave no part nor lot in the matter.
1614	DONATEADLIVESPIRITUAL GIFTS VOL. 1 P.75• So, I saw, that those who had no experience in the first andsecond angels' messages must receive them from those whohad an experience, and followed down through the messages.As Jesus was crucified, so I saw that these messages havebeen crucified. And as the disciples declared that there wassalvation in no other name under heaven, given among men; so,also, should the servants of God faithfully and fearlesslydeclare that those who embrace but a part of the truthsconnected with the third message must gladly embrace thefirst, second and third messages as God has given them, orhave no part nor lot in the matter.
1620	DONATEADtvLIVESPIRITUAL GIFTS VOL. 1 P.75• So, I saw, that those who had no experience in the first andsecond angels' messages must receive them from those whohad an experience, and followed down through the messages.As Jesus was crucified, so I saw that these messages havebeen crucified. And as the disciples declared that there wassalvation in no other name under heaven, given among men; so,also, should the servants of God faithfully and fearlesslydeclare that those who embrace but a part of the truthsconnected with the third message must gladly embrace thefirst, second and third messages as God has given them, orhave no part nor lot in the matter.
1626	ADtvLIVESPIRITUAL GIFTS VOL. 1 P.75• So, I saw, that those who had no experience in the first andsecond angels' messages must receive them from those whohad an experience, and followed down through the messages.As Jesus was crucified, so I saw that these messages havebeen crucified. And as the disciples declared that there wassalvation in no other name under heaven, given among men; so,also, should the servants of God faithfully and fearlesslydeclare that those who embrace but a part of the truthsconnected with the third message must gladly embrace thefirst, second and third messages as God has given them, orhave no part nor lot in the matter.
1632	DONATEADtvLIVESPIRITUAL GIFTS VOL. 1 P.75• So, I saw, that those who had no experience in the first andsecond angels' messages must receive them from those whohad an experience, and followed down through the messages.As Jesus was crucified, so I saw that these messages havebeen crucified. And as the disciples declared that there wassalvation in no other name under heaven, given among men; so,also, should the servants of God faithfully and fearlesslydeclare that those who embrace but a part of the truthsconnected with the third message must gladly embrace thefirst, second and third messages as God has given them, orhave no part nor lot in the matter.
1638	DONATEAD.DANIEL 12:4• But thou, O Daniel, shut up the words, and sealthe book, even to the time of the end: many shallrun to and fro, and knowledge shall be increased
1644	AD.DANIEL 12:4• But thou, O Daniel, shut up the words, and sealthe book, even to the time of the end: many shallrun to and fro, and knowledge shall be increased
1650	DONATEAD.DANIEL 12:4• But thou, O Daniel, shut up the words, and sealthe book, even to the time of the end: many shallrun to and fro, and knowledge shall be increased
1656	DONATEAL.DANIEL 12:4• But thou, O Daniel, shut up the words, and sealthe book, even to the time of the end: many shallrun to and fro, and knowledge shall be increased
1662	DONATEAD.DANIEL 12:4• But thou, O Daniel, shut up the words, and sealthe book, even to the time of the end: many shallrun to and fro, and knowledge shall be increased
1668	DONATEAD.DANIEL 12:4• But thou, O Daniel, shut up the words, and sealthe book, even to the time of the end: many shallrun to and fro, and knowledge shall be increased
1674	DONATEAD.DANIEL 12:4• But thou, O Daniel, shut up the words, and sealthe book, even to the time of the end: many shallrun to and fro, and knowledge shall be increased
1680	DONATEAD.DANIEL 12:4• But thou, O Daniel, shut up the words, and sealthe book, even to the time of the end: many shallrun to and fro, and knowledge shall be increased
1686	DONATEADLIVEDANIEL 12:4-10• 4 But thou, O Daniel, shut up the words, and seal the book, evento the time of the end: many shall run to and fro, and knowledgeshall be increased.• 5 Then I Daniel looked, and, behold, there stood other two, theone on this side of the bank of the river, and the other on thatside of the bank of the river.• 6 And one said to the man clothed in linen, which was upon thewaters of the river, How long shall it be to the end of thesewonders?
1692	DONATEADtyLIVEDANIEL 12:4-10• 4 But thou, O Daniel, shut up the words, and seal the book, evento the time of the end: many shall run to and fro, and knowledgeshall be increased.• 5 Then 1 Daniel looked, and, behold, there stood other two, theone on this side of the bank of the river, and the other on thatside of the bank of the river.• 6 And one said to the man clothed in linen, which was upon thewaters of the river, How long shall it be to the end of thesewonders?
1698	ADLIVEDANIEL 12:4-10• 4 But thou, O Daniel, shut up the words, and seal the book, evento the time of the end: many shall run to and fro, and knowledgeshall be increased.• 5 Then I Daniel looked, and, behold, there stood other two, theone on this side of the bank of the river, and the other on thatside of the bank of the river.• 6 And one said to the man clothed in linen, which was upon thewaters of the river, How long shall it be to the end of thesewonders?
1704	ADLIVEDANIEL 12:4-10• 4 But thou, O Daniel, shut up the words, and seal the book, evento the time of the end: many shall run to and fro, and knowledgeshall be increased.• 5 Then I Daniel looked, and, behold, there stood other two, theone on this side of the bank of the river, and the other on thatside of the bank of the river.• 6 And one said to the man clothed in linen, which was upon thewaters of the river, How long shall it be to the end of thesewonders?
1710	ADtvLIVEDANIEL 12:4-10• 4 But thou, O Daniel, shut up the words, and seal the book, evento the time of the end: many shall run to and fro, and knowledgeshall be increased.• 5 Then I Daniel looked, and, behold, there stood other two, theone on this side of the bank of the river, and the other on thatside of the bank of the river.• 6 And one said to the man clothed in linen, which was upon thewaters of the river, How long shall it be to the end of thesewonders?
1716	ADtvLIVEDANIEL 12:4-10• 4 But thou, O Daniel, shut up the words, and seal the book, evento the time of the end: many shall run to and fro, and knowledgeshall be increased.• 5 Then I Daniel looked, and, behold, there stood other two, theone on this side of the bank of the river, and the other on thatside of the bank of the river.• 6 And one said to the man clothed in linen, which was upon thewaters of the river, How long shall it be to the end of thesewonders?
1722	ADLIVEDANIEL 12:4-10• 4 But thou, O Daniel, shut up the words, and seal the book, evento the time of the end: many shall run to and fro, and knowledgeshall be increased.• 5 Then I Daniel looked, and, behold, there stood other two, theone on this side of the bank of the river, and the other on thatside of the bank of the river.• 6 And one said to the man clothed in linen, which was upon thewaters of the river, How long shall it be to the end of thesewonders?
1728	ADtvLIVEDANIEL 12:4-10• 4 But thou, O Daniel, shut up the words, and seal the book, evento the time of the end: many shall run to and fro, and knowledgeshall be increased.• 5 Then I Daniel looked, and, behold, there stood other two, theone on this side of the bank of the river, and the other on thatside of the bank of the river.• 6 And one said to the man clothed in linen, which was upon thewaters of the river, How long shall it be to the end of thesewonders?
1734	ADLIVEDANIEL 12:4-10• 4 But thou, O Daniel, shut up the words, and seal the book, evento the time of the end: many shall run to and fro, and knowledgeshall be increased.• 5 Then I Daniel looked, and, behold, there stood other two, theone on this side of the bank of the river, and the other on thatside of the bank of the river.• 6 And one said to the man clothed in linen, which was upon thewaters of the river, How long shall it be to the end of thesewonders?
1740	Someone scanned the OR codeADLIVEDANIEL 12:4-10• 4 But thou, O Daniel, shut up the words, and seal the book, evento the time of the end: many shall run to and fro, and knowledgeshall be increased.• 5 Then I Daniel looked, and, behold, there stood other two, theone on this side of the bank of the river, and the other on thatside of the bank of the river.• 6 And one said to the man clothed in linen, which was upon thewaters of the river, How long shall it be to the end of thesewonders?
1746	ADLIVEDANIEL 12:4-10• 7 And I heard the man clothed in linen, which was upon the waters ofthe river, when he held up his right hand and his left hand untoheaven, and sware by him that liveth for ever that it shall be for atime, times, and an half; and when he shall have accomplished toscatter the power of the holy people, all these things shall be finished.• 8 And I heard, but I understood not: then said I, O my Lord, whatshall be the end of these things?• 9 And he said, Go thy way, Daniel: for the words are closed up andsealed till the time of the end.• 10 Many shall be purified, and made white, and tried; but the wickedshall do wickedly: and none of the wicked shall understand; but thewise shall understand.
1752	ADLIVEDANIEL 12:4-10• 7 And I heard the man clothed in linen, which was upon the waters ofthe river, when he held up his right hand and his left hand untoheaven, and sware by him that liveth for ever that it shall be for atime, times, and an half; and when he shall have accomplished toscatter the power of the holy people, all these things shall be finished.• 8 And I heard, but I understood not: then said I, O my Lord, whatshall be the end of these things?• 9 And he said, Go thy way, Daniel: for the words are closed up andsealed till the time of the end.• 10 Many shall be purified, and made white, and tried; but the wickedshall do wickedly: and none of the wicked shall understand; but thewise shall understand.
1758	ADLIVEDANIEL 12:4-10• 7 And I heard the man clothed in linen, which was upon the waters ofthe river, when he held up his right hand and his left hand untoheaven, and sware by him that liveth for ever that it shall be for atime, times, and an half; and when he shall have accomplished toscatter the power of the holy people, all these things shall be finished.• 8 And I heard, but I understood not: then said I, O my Lord, whatshall be the end of these things?• 9 And he said, Go thy way, Daniel: for the words are closed up andsealed till the time of the end.• 10 Many shall be purified, and made white, and tried; but the wickedshall do wickedly: and none of the wicked shall understand; but thewise shall understand.
1764	ADLIVEDANIEL 12:4-10• 7 And I heard the man clothed in linen, which was upon the waters ofthe river, when he held up his right hand and his left hand untoheaven, and sware by him that liveth for ever that it shall be for atime, times, and an half; and when he shall have accomplished toscatter the power of the holy people, all these things shall be finished.• 8 And I heard, but I understood not: then said I, O my Lord, whatshall be the end of these things?• 9 And he said, Go thy way, Daniel: for the words are closed up andsealed till the time of the end.• 10 Many shall be purified, and made white, and tried; but the wickedshall do wickedly: and none of the wicked shall understand; but thewise shall understand.
1770	ADLIVEDANIEL 12:4-10• 7 And I heard the man clothed in linen, which was upon the waters ofthe river, when he held up his right hand and his left hand untoheaven, and sware by him that liveth for ever that it shall be for atime, times, and an half; and when he shall have accomplished toscatter the power of the holy people, all these things shall be finished.• 8 And I heard, but I understood not: then said I, O my Lord, whatshall be the end of these things?• 9 And he said, Go thy way, Daniel: for the words are closed up andsealed till the time of the end.• 10 Many shall be purified, and made white, and tried; but the wickedshall do wickedly: and none of the wicked shall understand; but thewise shall understand.
1776	ADLIVEDANIEL 12:4-10• 7 And I heard the man clothed in linen, which was upon the waters ofthe river, when he held up his right hand and his left hand untoheaven, and sware by him that liveth for ever that it shall be for atime, times, and an half; and when he shall have accomplished toscatter the power of the holy people, all these things shall be finished.• 8 And I heard, but I understood not: then said I, O my Lord, whatshall be the end of these things?• 9 And he said, Go thy way, Daniel: for the words are closed up andsealed till the time of the end.• 10 Many shall be purified, and made white, and tried; but the wickedshall do wickedly: and none of the wicked shall understand; but thewise shall understand.
1782	ADLIVEDANIEL 12:4-10• 7 And I heard the man clothed in linen, which was upon the waters ofthe river, when he held up his right hand and his left hand untoheaven, and sware by him that liveth for ever that it shall be for atime, times, and an half; and when he shall have accomplished toscatter the power of the holy people, all these things shall be finished.• 8 And I heard, but I understood not: then said I, O my Lord, whatshall be the end of these things?• 9 And he said, Go thy way, Daniel: for the words are closed up andsealed till the time of the end.• 10 Many shall be purified, and made white, and tried; but the wickedshall do wickedly: and none of the wicked shall understand; but thewise shall understand.
1788	ADLIVEDANIEL 12:4-10• 7 And I heard the man clothed in linen, which was upon the waters ofthe river, when he held up his right hand and his left hand untoheaven, and sware by him that liveth for ever that it shall be for atime, times, and an half; and when he shall have accomplished toscatter the power of the holy people, all these things shall be finished.• 8 And I heard, but I understood not: then said I, O my Lord, whatshall be the end of these things?• 9 And he said, Go thy way, Daniel: for the words are closed up andsealed till the time of the end.• 10 Many shall be purified, and made white, and tried; but the wickedshall do wickedly: and none of the wicked shall understand; but thewise shall understand.
1794	ADLIVEDANIEL 12:4-10• 7 And I heard the man clothed in linen, which was upon the waters ofthe river, when he held up his right hand and his left hand untoheaven, and sware by him that liveth for ever that it shall be for atime, times, and an half; and when he shall have accomplished toscatter the power of the holy people, all these things shall be finished.• 8 And I heard, but I understood not: then said I, O my Lord, whatshall be the end of these things?• 9 And he said, Go thy way, Daniel: for the words are closed up andsealed till the time of the end.• 10 Many shall be purified, and made white, and tried; but the wickedshall do wickedly: and none of the wicked shall understand; but thewise shall understand.
1800	ADLIVEDANIEL 12:4-10• 7 And I heard the man clothed in linen, which was upon the waters ofthe river, when he held up his right hand and his left hand untoheaven, and sware by him that liveth for ever that it shall be for atime, times, and an half; and when he shall have accomplished toscatter the power of the holy people, all these things shall be finished.• 8 And I heard, but I understood not: then said I, O my Lord, whatshall be the end of these things?• 9 And he said, Go thy way, Daniel: for the words are closed up andsealed till the time of the end.• 10 Many shall be purified, and made white, and tried; but the wickedshall do wickedly: and none of the wicked shall understand; but thewise shall understand.
1806	ADLIVEDANIEL 12:4-10• 7 And I heard the man clothed in linen, which was upon the waters ofthe river, when he held up his right hand and his left hand untoheaven, and sware by him that liveth for ever that it shall be for atime, times, and an half; and when he shall have accomplished toscatter the power of the holy people, all these things shall be finished.• 8 And I heard, but I understood not: then said I, O my Lord, whatshall be the end of these things?• 9 And he said, Go thy way, Daniel: for the words are closed up andsealed till the time of the end.• 10 Many shall be purified, and made white, and tried; but the wickedshall do wickedly: and none of the wicked shall understand; but thewise shall understand.
1812	ADtvLIVEDANIEL 12:4-10• 7 And I heard the man clothed in linen, which was upon the waters ofthe river, when he held up his right hand and his left hand untoheaven, and sware by him that liveth for ever that it shall be for atime, times, and an half; and when he shall have accomplished toscatter the power of the holy people, all these things shall be finished.• 8 And I heard, but I understood not: then said I, O my Lord, whatshall be the end of these things?• 9 And he said, Go thy way, Daniel: for the words are closed up andsealed till the time of the end.• 10 Many shall be purified, and made white, and tried; but the wickedshall do wickedly: and none of the wicked shall understand; but thewise shall understand.
1818	ADtvLIVEDANIEL 12:4-10• 7 And I heard the man clothed in linen, which was upon the waters ofthe river, when he held up his right hand and his left hand untoheaven, and sware by him that liveth for ever that it shall be for atime, times, and an half; and when he shall have accomplished toscatter the power of the holy people, all these things shall be finished.• 8 And I heard, but I understood not: then said I, O my Lord, whatshall be the end of these things?• 9 And he said, Go thy way, Daniel: for the words are closed up andsealed till the time of the end.• 10 Many shall be purified, and made white, and tried; but the wickedshall do wickedly: and none of the wicked shall understand; but thewise shall understand.
1824	ADLIVEDANIEL 12:4-10• 7 And I heard the man clothed in linen, which was upon the waters ofthe river, when he held up his right hand and his left hand untoheaven, and sware by him that liveth for ever that it shall be for atime, times, and an half; and when he shall have accomplished toscatter the power of the holy people, all these things shall be finished.• 8 And I heard, but I understood not: then said I, O my Lord, whatshall be the end of these things?• 9 And he said, Go thy way, Daniel: for the words are closed up andsealed till the time of the end• 10 Many shall be purified, and made white, and tried; but the wickedshall do wickedly: and none of the wicked shall understand; but thewise shall understand.
1830	ADLIVEDANIEL 12:4-10• 7 And I heard the man clothed in linen, which was upon the waters ofthe river, when he held up his right hand and his left hand untoheaven, and sware by him that liveth for ever that it shall be for atime, times, and an half; and when he shall have accomplished toscatter the power of the holy people, all these things shall be finished.• 8 And I heard, but I understood not: then said I, O my Lord, whatshall be the end of these things?• 9 And he said, Go thy way, Daniel: for the words are closed up andsealed till the time of the end• 10 Many shall be purified, and made white, and tried; but the wickedshall do wickedly: and none of the wicked shall understand; but thewise shall understand.
1836	ADLIVEDANIEL 12:4-10• 7 And I heard the man clothed in linen, which was upon the waters ofthe river, when he held up his right hand and his left hand untoheaven, and sware by him that liveth for ever that it shall be for atime, times, and an half; and when he shall have accomplished toscatter the power of the holy people, all these things shall be finished.• 8 And I heard, but I understood not: then said I, O my Lord, whatshall be the end of these things?• 9 And he said, Go thy way, Daniel: for the words are closed up andsealed till the time of the end.• 10 Many shall be purified, and made white, and tried; but the wickedshall do wickedly: and none of the wicked shall understand; but thewise shall understand.
1842	ADLIVEDANIEL 12:4-10• 7 And I heard the man clothed in linen, which was upon the waters ofthe river, when he held up his right hand and his left hand untoheaven, and sware by him that liveth for ever that it shall be for atime, times, and an half; and when he shall have accomplished toscatter the power of the holy people, all these things shall be finished.• 8 And I heard, but I understood not: then said I, O my Lord, whatshall be the end of these things?• 9 And he said, Go thy way, Daniel: for the words are closed up andsealed till the time of the end.• 10 Many shall be purified, and made white, and tried; but the wickedshall do wickedly: and none of the wicked shall understand; but thewise shall understand.
1848	ADLIVEDANIEL 12:4-10• 7 And I heard the man clothed in linen, which was upon the waters ofthe river, when he held up his right hand and his left hand untoheaven, and sware by him that liveth for ever that it shall be for ahalf; and when he shall have accomplished toscatter the power of the holy people, all these things shall be finished.• 8 And I heard, but I understood not: then said I, O my Lord, whatshall be the end of these things?• 9 And he said, Go thy way, Daniel: for the words are closed up andsealed till the time of the end.• 10 Many shall be purified, and made white, and tried; but the wickedshall do wickedly: and none of the wicked shall understand; but thewise shall understand.
1854	ADLIVEDANIEL 12:4-10• 7 And I heard the man clothed in linen, which was upon the waters ofthe river, when he held up his right hand and his left hand untoheaven, and sware by him that liveth for ever that it shall be for atime, times, and an half; and when he shall have accomplished toscatter the power of the holy people, all these things shall be finished.• 8 And I heard, but I understood not: then said I, O my Lord, whatshall be the end of these things?• 9 And he said, Go thy way, Daniel: for the words are closed up andsealed till the time of the end• 10 Many shall be purified, and made white, and tried; but the wickedshall do wickedly: and none of the wicked shall understand; but thewise shall understand.
1860	ADLIVEDANIEL 12:4-10• 7 And I heard the man clothed in linen, which was upon the waters ofthe river, when he held up his right hand and his left hand untoheaven, and sware by him that liveth for ever that it shall be for ahalf; and when he shall have accomplished toscatter the power of the holy people, all these things shall be finished.• 8 And I heard, but I understood not: then said I, O my Lord, whatshall be the end of these things?• 9 And he said, Go thy way, Daniel: for the words are closed up andsealed till the time of the end.• 10 Many shall be purified, and made white, and tried; but the wickedshall do wickedly: and none of the wicked shall understand; but thewise shall understand.
1866	ADLIVEDANIEL 12:4-10• 7 And I heard the man clothed in linen, which was upon the waters ofthe river, when he held up his right hand and his left hand untoheaven, and sware by him that liveth for ever that it shall be for atime, times, and an half; and when he shall have accomplished toscatter the power of the holy people, all these things shall be finished.• 8 And I heard, but I understood not: then said I, O my Lord, whatshall be the end of these things?• 9 And he said, Go thy way, Daniel: for the words are closed up andsealed till the time of the end.• 10 Many shall be purified, and made white, and tried; but the wickedshall do wickedly: and none of the wicked shall understand; but thewise shall understand.
1872	ADLIVEDANIEL 12:4-10• 7 And I heard the man clothed in linen, which was upon the waters ofthe river, when he held up his right hand and his left hand untoheaven, and sware by him that liveth for ever that it shall be for atime, times, and an half; and when he shall have accomplished toscatter the power of the holy people, all these things shall be finished• 8 And I heard, but I understood not: then said I, O my Lord, whatshall be the end of these things?• 9 And he said, Go thy way, Daniel: for the words are closed up andsealed till the time of the end.• 10 Many shall be purified, and made white, and tried; but the wickedshall do wickedly: and none of the wicked shall understand; but thewise shall understand.
1878	ADLIVEDANIEL 12:4-10• 7 And I heard the man clothed in linen, which was upon the waters ofthe river, when he held up his right hand and his left hand untoheaven, and sware by him that liveth for ever that it shall be for atime, times, and an half; and when he shall have accomplished toscatter the power of the holy people, all these things shall be finished.• 8 And I heard, but I understood not: then said I, O my Lord, whatshall be the end of these things?• 9 And he said, Go thy way, Daniel: for the words are closed up andsealed till the time of the end.• 10 Many shall be purified, and made white, and tried; but the wickedshall do wickedly: and none of the wicked shall understand; but thewise shall understand.
1884	ADLIVEDANIEL 12:4-10• 7 And I heard the man clothed in linen, which was upon the waters ofthe river, when he held up his right hand and his left hand untoheaven, and sware by him that liveth for ever that it shall be for atime, times, and an half; and when he shall have accomplished toscatter the power of the holy people, all these things shall be finished.• 8 And I heard, but I understood not: then said I, O my Lord, whatshall be the end of these things?• 9 And he said, Go thy way, Daniel: for the words are closed up andsealed till the time of the end.• 10 Many shall be purified, and made white, and tried; but the wickedshall do wickedly: and none of the wicked shall understand; but thewise shall understand.
1890	ADtvLIVEREVELATION 10:1, 2• 1 And I saw another mighty angel come down from heaven,clothed with a cloud: and a rainbow was upon his head, and hisface was as it were the sun, and his feet as pillars of fire:• 2 And he had in his hand a little book open: and he set his rightfoot upon the sea, and his left foot on the earth,
1896	ADtyLIVEREVELATION 10:1, 2• 1 And I saw another mighty angel come down from heaven,clothed with a cloud: and a rainbow was upon his head, and hisface was as it were the sun, and his feet as pillars of fire:• 2 And he had in his hand a little book open: and he set his rightfoot upon the sea, and his left foot on the earth,
1902	ADLIVEREVELATION 10:1, 2• 1 And I saw another mighty angel come down from heaven,clothed with a cloud: and a rainbow was upon his head, and hisface was as it were the sun, and his feet as pillars of fire:• 2 And he had in his hand a little book open: and he set his rightfoot upon the sea, and his left foot on the earth,
1908	ALDREVELATION 10:1,2• 1 And I saw another mighty angel come down from heaven,clothed with a cloud: and a rainbow was upon his head, and hisface was as it were the sun, and his feet as pillars of fire:• 2 And he had in his hand a little book open: and he set his rightfoot upon the sea, and his left foot on the earth,
1914	ADtyLIVEREVELATION 10:1, 2• 1 And I saw another mighty angel come down from heaven,clothed with a cloud: and a rainbow was upon his head, and hisface was as it were the sun, and his feet as pillars of fire:• 2 And he had in his hand a little book open: and he set his rightfoot upon the sea, and his left foot on the earth,
1920	ADLIVEDANIEL 12:4-10• 7 And I heard the man clothed in linen, which was upon the waters ofthe river, when he held up his right hand and his left hand untoheaven, and sware by him that liveth for ever that it shall be for atime, times, and an half; and when he shall have accomplished toscatter the power of the holy people, all these things shall be finished• 8 And I heard, but I understood not: then said I, O my Lord, whatshall be the end of these things?• 9 And he said, Go thy way, Daniel: for the words are closed up andsealed till the time of the end.• 10 Many shall be purified, and made white, and tried; but the wickedshall do wickedly: and none of the wicked shall understand; but thewise shall understand.
1926	ADLIVEDANIEL 12:4-10• 4 But thou, O Daniel, shut up the words, and seal the book, evento the time of the end: many shall run to and fro, and knowledgeshall be increased.• 5 Then I Daniel looked, and, behold, there stood other two, theone on this side of the bank of the river, and the other on thatside of the bank of the river.• 6 And one said to the man clothed in linen, which was upon thewaters of the river, How long shall it be to the end of thesewonders?
1932	ADtyLIVEREVELATION 10:1, 2• 1 And I saw another mighty angel come down from heaven,clothed with a cloud: and a rainbow was upon his head, and hisface was as it were the sun, and his feet as pillars of fire:• 2 And he had in his hand a little book open: and he set his rightfoot upon the sea, and his left foot on the earth,
1938	ALDREVELATION 10:1, 2• 1 And I saw another mighty angel come down from heaven,clothed with a cloud: and a rainbow was upon his head, and hisface was as it were the sun, and his feet as pillars of fire:• 2 And he had in his hand a little book open: and he set his rightfoot upon the sea, and his left foot on the earth,
1944	ADItyLIVEREVELATION 10:1,2• 1 And I saw another mighty angel come down from heaven,clothed with a cloud: and a rainbow was upon his head, and hisface was as it were the sun, and his feet as pillars of fire:• 2 And he had in his hand a little book open: and he set his rightfoot upon the sea, and his left foot on the earth,
1950	REVELATION 10:1,2• 1 And I saw another mighty angel come down from heaven,clothed with a cloud: and a rainbow was upon his head, and hisface was as it were the sun, and his feet as pillars of fire:• 2 And he had in his hand a little book open: and he set his rightfoot upon the sea, and his left foot on the earth,
1956	ADtvLIVEREVELATION 10:1, 2• 1 And I saw another mighty angel come down from heaven,clothed with a cloud: and a rainbow was upon his head, and hisface was as it were the sun, and his feet as pillars of fire:• 2 And he had in his hand a little book open: and he set his rightfoot upon the sea, and his left foot on the earth,
1962	ADtyLIVEREVELATION 10:1,2• 1 And I saw another mighty angel come down from heaven,clothed with a cloud: and a rainbow was upon his head, and hisface was as it were the sun, and his feet as pillars of fire:• 2 And he had in his hand a little book open: and he set his rightfoot upon the sea, and his left foot on the earth,
1968	ALD.REVELATION 12:14• 14 And to the woman were given two wings of a great eagle, thatshe might fly into the wilderness, into her place, where she isnourished for a time, and times, and half a time, from theface of the serpent.
1974	AD.REVELATION 12:14• 14 And to the woman were given two wings of a great eagle, thatshe might fly into the wilderness, into her place, where she isnourished for a time, and times, and half a time, from theface of the serpent.
1980	AR.REVELATION 12:14• 14 And to the woman were given two wings of a great eagle, thatshe might fly into the wilderness, into her place, where she isnourished for a time, and times, and half a time, from theface of the serpent.
1986	AD.REVELATION 12:14• 14 And to the woman were given two wings of a great eagle, thatshe might fly into the wilderness, into her place, where she isnourished for a time, and times, and half a time, from theface of the serpent.
1992	ALD.REVELATION 12:14• 14 And to the woman were given two wings of a great eagle, thatshe might fly into the wilderness, into her place, where she isnourished for a time, and times, and half a time, from theface of the serpent.
1998	ALD.REVELATION 12:14• 14 And to the woman were given two wings of a great eagle, thatshe might fly into the wilderness, into her place, where she isnourished for a time, and times, and half a time, from theface of the serpent.
2004	ALDREVELATION 12:14• 14 And to the woman were given two wings of a great eagle, thatshe might fly into the wilderness, into her place, where she isnourished for a time, and times, and half a time, from theface of the serpent.
2010	ALD.REVELATION 12:14• 14 And to the woman were given two wings of a great eagle, thatshe might fly into the wilderness, into her place, where she isnourished for a time, and times, and half a time, from theface of the serpent.
2016	ALD.REVELATION 12:14• 14 And to the woman were given two wings of a great eagle, thatshe might fly into the wilderness, into her place, where she isnourished for a time, and times, and half a time, from theface of the serpent.
2022	AD.REVELATION 12:14• 14 And to the woman were given two wings of a great eagle, thatshe might fly into the wilderness, into her place, where she isnourished for a time, and times, and half a time, from theface of the serpent.
2028	AD.REVELATION 12:14• 14 And to the woman were given two wings of a great eagle, thatshe might fly into the wilderness, into her place, where she isnourished for a time, and times, and half a time, from theface of the serpent.
2034	AD.REVELATION 12:14• 14 And to the woman were given two wings of a great eagle, thatshe might fly into the wilderness, into her place, where she isnourished for a time, and times, and half a time, from theface of the serpent.
2040	AD.REVELATION 12:6• 6 And the woman fled into the wilderness, where she hath aplace prepared of God, that they should feed her there athousand two hundred and threescore days.1260 YEARS
2046	AD.REVELATION 12:6• 6 And the woman fled into the wilderness, where she hath aplace prepared of God, that they should feed her there athousand two hundred and threescore days.1260 YEARS
2052	AD.REVELATION 12:6• 6 And the woman fled into the wilderness, where she hath aplace prepared of God, that they should feed her there athousand two hundred and threescore days.1260 YEARS
2058	AD.REVELATION 12:6• 6 And the woman fled into the wilderness, where she hath aplace prepared of God, that they should feed her there athousand two hundred and threescore days.1260 YEARS
2064	AD.REVELATION 12:6• 6 And the woman fled into the wilderness, where she hath aplace prepared of God, that they should feed her there athousand two hundred and threescore days.1260 YEARS
2070	AD.REVELATION 12:6• 6 And the woman fled into the wilderness, where she hath aplace prepared of God, that they should feed her there athousand two hundred and threescore days.1260 YEARS
2076	AD.REVELATION 12:6• 6 And the woman fled into the wilderness, where she hath aplace prepared of God, that they should feed her there athousand two hundred and threescore days.1260 YEARS
2082	AD.REVELATION 12:6• 6 And the woman fled into the wilderness, where she hath aplace prepared of God, that they should feed her there athousand two hundred and threescore days.1260 YEARS
2088	AD.REVELATION 12:6• 6 And the woman fled into the wilderness, where she hath aplace prepared of God, that they should feed her there athousand two hundred and threescore days.1260 YEARS
2094	AD.REVELATION 12:6• 6 And the woman fled into the wilderness, where she hath aplace prepared of God, that they should feed her there athousand two hundred and threescore days.1260 YEARS
2100	ADtv)LIVEREVELATION 12:6• 6 And the woman fled into the wilderness, where she hath aplace prepared of God, that they should feed her there athousand two hundred and threescore days.1260 YEARSWrite your answers in the chat!
2106	AD.REVELATION 12:6• 6 And the woman fled into the wilderness, where she hath aplace prepared of God, that they should feed her there athousand two hundred and threescore days.1260 YEARSWrite your answers in the chat!
2112	AD.REVELATION 12:6• 6 And the woman fled into the wilderness, where she hath aplace prepared of God, that they should feed her there athousand two hundred and threescore days.1260 YEARS
2118	AD.REVELATION 12:6• 6 And the woman fled into the wilderness, where she hath aplace prepared of God, that they should feed her there athousand two hundred and threescore days.1260 YEARS
2124	AD.REVELATION 12:6• 6 And the woman fled into the wilderness, where she hath aplace prepared of God, that they should feed her there athousand two hundred and threescore days.1260 YEARS
2130	AD.REVELATION 12:6• 6 And the woman fled into the wilderness, where she hath aplace prepared of God, that they should feed her there athousand two hundred and threescore days.1260 YEARS
2136	AR.REVELATION 12:6• 6 And the woman fled into the wilderness, where she hath aplace prepared of God, that they should feed her there athousand two hundred and threescore days.1260 YEARS
2142	AD.REVELATION 12:6• 6 And the woman fled into the wilderness, where she hath aplace prepared of God, that they should feed her there athousand two hundred and threescore days.1260 YEARS
2148	AL.REVELATION 12:6• 6 And the woman fled into the wilderness, where she hath aplace prepared of God, that they should feed her there athousand two hundred and threescore days.1260 YEARS
2154	AD.REVELATION 12:6• 6 And the woman fled into the wilderness, where she hath aplace prepared of God, that they should feed her there athousand two hundred and threescore days.1260 YEARS
2160	AD.REVELATION 12:6• 6 And the woman fled into the wilderness, where she hath aplace prepared of God, that they should feed her there athousand two hundred and threescore days.1260 YEARS
2166	AD.REVELATION 12:6• 6 And the woman fled into the wilderness, where she hath aplace prepared of God, that they should feed her there athousand two hundred and threescore days.1260 YEARS
2172	AD.REVELATION 12:6• 6 And the woman fled into the wilderness, where she hath aplace prepared of God, that they should feed her there athousand two hundred and threescore days.1260 YEARS
2178	AD.REVELATION 12:6• 6 And the woman fled into the wilderness, where she hath aplace prepared of God, that they should feed her there athousand two hundred and threescore days.1260 YEARS
2184	AD.REVELATION 12:6• 6 And the woman fled into the wilderness, where she hath aplace prepared of God, that they should feed her there athousand two hundred and threescore days.1260 YEARSMacKenzie DrebitVice President
2190	AD.REVELATION 12:6• 6 And the woman fled into the wilderness, where she hath aplace prepared of God, that they should feed her there athousand two hundred and threescore days.1260 YEARS
2196	AD.REVELATION 12:6• 6 And the woman fled into the wilderness, where she hath aplace prepared of God, that they should feed her there athousand two hundred and threescore days.1260 YEARS
2202	AD.REVELATION 12:6• 6 And the woman fled into the wilderness, where she hath aplace prepared of God, that they should feed her there athousand two hundred and threescore days.1260 YEARS
2208	AD.REVELATION 12:6• 6 And the woman fled into the wilderness, where she hath aplace prepared of God, that they should feed her there athousand two hundred and threescore days.1260 YEARS
2214	AD.REVELATION 12:6• 6 And the woman fled into the wilderness, where she hath aplace prepared of God, that they should feed her there athousand two hundred and threescore days.1260 YEARS
2220	AD.REVELATION 12:6• 6 And the woman fled into the wilderness, where she hath aplace prepared of God, that they should feed her there athousand two hundred and threescore days.1260 YEARS
2226	AD.REVELATION 12:6• 6 And the woman fled into the wilderness, where she hath aplace prepared of God, that they should feed her there athousand two hundred and threescore days.1260 YEARS
2232	ADtyLIVEREVELATION 12:6• 6 And the woman fled into the wilderness, where she hath aplace prepared of God, that they should feed her there athousand two hundred and threescore days.1260 YEARSTroy Elias1260 prophetic days or 1260 literal years
2238	AD.REVELATION 12:6• 6 And the woman fled into the wilderness, where she hath aplace prepared of God, that they should feed her there athousand two hundred and threescore days.1260 YEARSconnie patonyear for a day Numbers14:34
2244	REVELATION 12:6• 6 And the woman fled into the wilderness, where she hath aplace prepared of God, that they should feed her there athousand two hundred and threescore days.1260 YEARSMichael Dillingham360 days in a biblical year times 3.5
2250	AD.REVELATION 12:6• 6 And the woman fled into the wilderness, where she hath aplace prepared of God, that they should feed her there athousand two hundred and threescore days.1260 YEARS
2256	AD.REVELATION 12:6• 6 And the woman fled into the wilderness, where she hath aplace prepared of God, that they should feed her there athousand two hundred and threescore days.1260 YEARSJanet Richardson538 to 1798!
2262	AD.REVELATION 12:6• 6 And the woman fled into the wilderness, where she hath aplace prepared of God, that they should feed her there athousand two hundred and threescore days.1260 YEARS
2268	AD.REVELATION 12:6• 6 And the woman fled into the wilderness, where she hath aplace prepared of God, that they should feed her there athousand two hundred and threescore days.1260 YEARS
2274	AD.REVELATION 12:6• 6 And the woman fled into the wilderness, where she hath aplace prepared of God, that they should feed her there athousand two hundred and threescore days.1260 YEARS
2280	AD.REVELATION 12:6• 6 And the woman fled into the wilderness, where she hath aplace prepared of God, that they should feed her there athousand two hundred and threescore days.1260 YEARS
2286	AD.REVELATION 12:6• 6 And the woman fled into the wilderness, where she hath aplace prepared of God, that they should feed her there athousand two hundred and threescore days.1260 YEARS
2292	AD.REVELATION 12:6• 6 And the woman fled into the wilderness, where she hath aplace prepared of God, that they should feed her there athousand two hundred and threescore days.1260 YEARS
2298	AD.REVELATION 12:6• 6 And the woman fled into the wilderness, where she hath aplace prepared of God, that they should feed her there athousand two hundred and threescore days.1260 YEARS
2304	AD.REVELATION 12:6• 6 And the woman fled into the wilderness, where she hath aplace prepared of God, that they should feed her there athousand two hundred and threescore days.1260 YEARS
2310	ADLIVEREVELATION 12:6• 6 And the woman fled into the wilderness, where she hath aplace prepared of God, that they should feed her there athousand two hundred and threescore days.1260 YEARSNum 14:34After the number of the days in which ye searched the land, even forty days, each day for a year, shall ye bear your iniquities, even fortyyears, and ye shall know my breach of promise.
2316	ADLIVEREVELATION 12:6• 6 And the woman fled into the wilderness, where she hath aplace prepared of God, that they should feed her there athousand two hundred and threescore days.1260 YEARSNum 14:34After the number of the days in which ye searched the land, even forty days, each day for a year, shall ye bear your iniquities, even fortyyears, and ye shall know my breach of promise.
2322	ADLIVEREVELATION 12:6• 6 And the woman fled into the wilderness, where she hath aplace prepared of God, that they should feed her there athousand two hundred and threescore days.1260 YEARSNum 14:34After the number of the days in which ye searched the land, even forty days, each day for a year, shall ye bear your iniquities, even fortyyears, and ye shall know my breach of promise.
2328	AD.REVELATION 12:6• 6 And the woman fled into the wilderness, where she hath aplace prepared of God, that they should feed her there athousand two hundred and threescore days.1260 YEARS
2334	AD.REVELATION 12:6• 6 And the woman fled into the wilderness, where she hath aplace prepared of God, that they should feed her there athousand two hundred and threescore days.1260 YEARS
2340	AD.REVELATION 12:6• 6 And the woman fled into the wilderness, where she hath aplace prepared of God, that they should feed her there athousand two hundred and threescore days.1260 YEARS
2346	AD.REVELATION 12:6• 6 And the woman fled into the wilderness, where she hath aplace prepared of God, that they should feed her there athousand two hundred and threescore days.1260 YEARS
2352	AD.REVELATION 12:6• 6 And the woman fled into the wilderness, where she hath aplace prepared of God, that they should feed her there athousand two hundred and threescore days.1260 YEARS
2358	ADLIVEREVELATION 12:6• 6 And the woman fled into the wilderness, where she hath aplace prepared of God, that they should feed her there athousand two hundred and threescore days.1260 YEARSEzekiel 4:6And when thou hast accomplished them, lie again on thy right side, and thou shalt bear the iniquity of the house of Judah forty days: 1have appointed thee each day for a year.
2364	ADLIVEREVELATION 12:6• 6 And the woman fled into the wilderness, where she hath aplace prepared of God, that they should feed her there athousand two hundred and threescore days.1260 YEARSEzekiel 4:6And when thou hast accomplished them, lie again on thy right side, and thou shalt bear the iniquity of the house of Judah forty days: 1have appointed thee each day for a year.
2370	AD.REVELATION 12:6• 6 And the woman fled into the wilderness, where she hath aplace prepared of God, that they should feed her there athousand two hundred and threescore days.1260 YEARS
2376	AD.REVELATION 12:6• 6 And the woman fled into the wilderness, where she hath aplace prepared of God, that they should feed her there athousand two hundred and threescore days.1260 YEARS
2382	AD.DANIEL 7:25• 25 And he shall speak great words against the most High, andshall wear out the saints of the most High, and think to changetimes and laws: and they shall be given into his hand until atime and times and the dividing of time.
2388	AD.DANIEL 7:25• 25 And he shall speak great words against the most High, andshall wear out the saints of the most High, and think to changetimes and laws: and they shall be given into his hand until atime and times and the dividing of time.
2394	AD.DANIEL 7:25• 25 And he shall speak great words against the most High, andshall wear out the saints of the most High, and think to changetimes and laws: and they shall be given into his hand until atime and times and the dividing of time.
2400	AD.DANIEL 7:25• 25 And he shall speak great words against the most High, andshall wear out the saints of the most High, and think to changetimes and laws: and they shall be given into his hand until atime and times and the dividing of time.
2406	AD.DANIEL 7:25• 25 And he shall speak great words against the most High, andshall wear out the saints of the most High, and think to changetimes and laws: and they shall be given into his hand until atime and times and the dividing of time.
2412	AD.DANIEL 7:25• 25 And he shall speak great words against the most High, andshall wear out the saints of the most High, and think to changetimes and laws: and they shall be given into his hand until atime and times and the dividing of time.
2418	AD.DANIEL 7:25• 25 And he shall speak great words against the most High, andshall wear out the saints of the most High, and think to changetimes and laws: and they shall be given into his hand until atime and times and the dividing of time.
2424	AD.DANIEL 7:25• 25 And he shall speak great words against the most High, andshall wear out the saints of the most High, and think to changetimes and laws: and they shall be given into his hand until atime and times and the dividing of time.
2430	AD.DANIEL 7:25• 25 And he shall speak great words against the most High, andshall wear out the saints of the most High, and think to changetimes and laws: and they shall be given into his hand until atime and times and the dividing of time.
2436	AD.DANIEL 7:25• 25 And he shall speak great words against the most High, andshall wear out the saints of the most High, and think to changetimes and laws: and they shall be given into his hand until atime and times and the dividing of time.
2442	BIBLYAR.
2448	BIBLYAR.
2454	BIBLYAR.
2460	BIBLYAD.
2466	BIBLYAR.
2472	BIBLYAR.
2478	BIBLY
2484	BIBLYAD.
2490	BIBLYAD.
2496	BIBLYAR.
2502	BIBLYAR.
2508	BIBLYAR.
2514	BIBLYAR.
2520	BIBLYAD.
2526	BIBLYAR.
2532	BIBLYAR.
2538	BIBLYAD.
2544	BIBLYAL.
2550	BIBLEAR.
2556	BIBLYAR.
2562	BIBLYAR.
2568	BIBLYAR.
2574	FEBRUARY 151798• 0AD.
2580	FEBRUARY 151798AD.
2586	FEBRUARY 151798• 0AR.
2592	FEBRUARY 151798AD.
2598	UNSEALING THE LITTLE BOOK
2604	UNSEALING THE LITTLE BOOK
2610	UNSEALING THE LITTLE BOOKAIR.
2616	UNSEALING THE LITTLE BOOK
2622	UNSEALING THE LITTLE BOOKAIR.
2628	UNSEALING THE LITTLE BOOK
2634	UNSEALING THE LITTLE BOOKAIR.
2640	UNSEALING THE LITTLE BOOKAIR.
2646	UNSEALING THE LITTLE BOOK
2652	UNSEALING THE LITTLE BOOKAIR.
2658	UNSEALING THE LITTLE BOOKAD.
2664	UNSEALING THE LITTLE BOOK
2670	UNSEALING THE LITTLE BOOKAIR.
2676	UNSEALING THE LITTLE BOOKAIR.
2682	UNSEALING THE LITTLE BOOK
2688	UNSEALING THE LITTLE BOOK
2694	UNSEALING THE LITTLE BOOK
2700	UNSEALING THE LITTLE BOOKAD
2706	UNSEALING THE LITTLE BOOKAD.
2712	UNSEALING THE LITTLE BOOK
2718	UNSEALING THE LITTLE BOOK
2724	UNSEALING THE LITTLE BOOK
2730	ALD.MEMOIRS OF WILLIAM MILLER P.246.2• We were interested in seeing his old family Bible, which cost$18.50, and his quarto copy of Cruden's Concordance, whichwas originally purchased, in 1798, for $8. These two books werealmost the only ones he looked at while preparing his lectures.
2736	ALDMEMOIRS OF WILLIAM MILLER P.246.2• We were interested in seeing his old family Bible, which cost$18.50, and his quarto copy of Cruden's Concordance, whichwas originally purchased, in 1798, for $8. These two books werealmost the only ones he looked at while preparing his lectures.
2742	ALD.MEMOIRS OF WILLIAM MILLER P.246.2• We were interested in seeing his old family Bible, which cost$18.50, and his quarto copy of Cruden's Concordance, whichwas originally purchased, in 1798, for $8. These two books werealmost the only ones he looked at while preparing his lectures.
2748	ALDMEMOIRS OF WILLIAM MILLER P.246.2• We were interested in seeing his old family Bible, which cost$18.50, and his quarto copy of Cruden's Concordance, whichwas originally purchased, in 1798, for $8. These two books werealmost the only ones he looked at while preparing his lectures.
2754	ALDMEMOIRS OF WILLIAM MILLER P.246.2• We were interested in seeing his old family Bible, which cost$18.50, and his quarto copy of Cruden's Concordance, whichwas originally purchased, in 1798, for $8. These two books werealmost the only ones he looked at while preparing his lectures.
2760	DONATEALD.MEMOIRS OF WILLIAM MILLER P.246.2• We were interested in seeing his old family Bible, which cost$18.50, and his quarto copy of Cruden's Concordance, whichwas originally purchased, in 1798, for $8. These two books werealmost the only ones he looked at while preparing his lectures.
2766	DONATEALDMEMOIRS OF WILLIAM MILLER P.246.2• We were interested in seeing his old family Bible, which cost$18.50, and his quarto copy of Cruden's Concordance, whichwas originally purchased, in 1798, for $8. These two books werealmost the only ones he looked at while preparing his lectures.
2772	AD.DONATEMEMOIRS OF WILLIAM MILLER P.246.2• We were interested in seeing his old family Bible, which cost$18.50, and his quarto copy of Cruden's Concordance, whichwas originally purchased, in 1798, for $8. These two books werealmost the only ones he looked at while preparing his lectures.Engage With UsWrite your questions and comments in the chat!
2778	ALD.MEMOIRS OF WILLIAM MILLER P.246.2• We were interested in seeing his old family Bible, which cost$18.50, and his quarto copy of Cruden's Concordance, whichwas originally purchased, in 1798, for $8. These two books werealmost the only ones he looked at while preparing his lectures.
2784	ALD.MEMOIRS OF WILLIAM MILLER P.246.2• We were interested in seeing his old family Bible, which cost$18.50, and his quarto copy of Cruden's Concordance, whichwas originally purchased, in 1798, for $8. These two books werealmost the only ones he looked at while preparing his lectures.
2790	ALDMEMOIRS OF WILLIAM MILLER P.246.2• We were interested in seeing his old family Bible, which cost$18.50, and his quarto copy of Cruden's Concordance, whichwas originally purchased, in 1798, for $8. These two books werealmost the only ones he looked at while preparing his lectures.
2796	ADLIVEDONATEMEMOIRS OF WILLIAM MILLER P.246.2• We were interested in seeing his old family Bible, which cost$18.50, and his quarto copy of Cruden's Concordance, whichwas originally purchased, in 1798, for $8. These two books werealmost the only ones he looked at while preparing his lectures.Study more about "when is the time of the end?"Find the article in our Read section
2802	DONATELibrariesUniversity of MissouriPrices and Wages by Decade: 1790-1799• Average annual earnings in the U.S., 1790sAccording to historian John Bach McMaster, average earnings in the 1790s was *$65 ayear, with food and perhaps lodging.* Source: History of the People of the United States.v. 2. p. 617,https://ibraryguides.missouri.edu/pricesandwag93/1790-1799Study more about "when is the time of the end?"Find the article in our Read section
2808	DONATEAR.LibrariesUniversity of MissouriPrices and Wages by Decade: 1790-1799• Average annual earnings in the U.S., 1790sAccording to historian John Bach McMaster, average earnings in the 1790s was $65 ayear, with food and perhaps lodging.* Source: History of the People of the United States.v. 2. p. 617.DRANhttps://library&uides.missouri.edu/pricesandw3g93/1790-1799
2814	DONATEAD.LibrariesUniversity of MissouriPrices and Wages by Decade: 1790-1799• Average annual earnings in the U.S., 1790sAccording to historian John Bach McMaster, average earnings in the 1790s was *$65 ayear, with food and perhaps lodging.* Source: History of the People of the United States.v. 2, p. 617.https://library&uides.missouri.edu/pricesandwag9s/1790-1799
2820	DONATEAD.LibrariesUniversity of MissouriPrices and Wages by Decade: 1790-1799• Average annual earnings in the U.S., 1790sAccording to historian John Bach McMaster, average earnings in the 1790s was $65 ayear, with food and perhaps lodging.* Source: History of the People of the United States,v. 2. p. 617.https://libraryguides.missouri.edu/pricesandw3g93/1790-1799
2826	DONATEAR.LibrariesUniversity of MissouriPrices and Wages by Decade: 1790-1799• Average annual earnings in the U.S., 1790sAccording to historian John Bach McMaster, average earnings in the 1790s was *$65 ayear, with food and perhaps lodging.* Source: History of the People of the United States.v. 2. p. 617-https:/libraryguides.missouri.edu/pricesandwag93/1790-1799
2832	DONATEAD.LibrariesUniversity of MissouriPrices and Wages by Decade: 1790-1799• Average annual earnings in the U.S., 1790sAccording to historian John Bach McMaster, average earnings in the 1790s was '$65 ayear, with food and perhaps lodging.* Source: History of the People of the United States.v. 2. p. 617-https://libraryguides.missouri.edu/pricesandw3g9s/1790-1799
2838	DONATEAD.LibrariesUniversity of MissouriPrices and Wages by Decade: 1790-1799• Average annual earnings in the U.S., 1790sAccording to historian John Bach McMaster, average earnings in the 1790s was *$65 ayear, with food and perhaps lodging.* Source: History of the People of the United States,v. 2. p. 617,https://libraryguides.missouri.edu/pricesandwag9s/1790-1799
2844	DONATEAD.LibrariesUniversity of MissouriPrices and Wages by Decade: 1790-1799• Average annual earnings in the U.S., 1790sAccording to historian John Bach McMaster, average earnings in the 1790s was *$65 ayear, with food and perhaps lodging.* Source: History of the People of the United States,v. 2, p. 617.DRINhttps://libraryguides.missouri.edu/pricesandwag9s/1790-1799
2850	DONATEAD.LibrariesUniversity of MissouriPrices and Wages by Decade: 1790-1799• Average annual earnings in the U.S., 1790sAccording to historian John Bach McMaster, average earnings in the 1790s was '$65 ayear, with food and perhaps lodging." Source: History of the People of the United States,v. 2. p. 617-https://libraryguides.missouri.edu/pricesandw3g9s/1790-1799
2856	DONATEAR.LibrariesUniversity of MissouriPrices and Wages by Decade: 1790-1799• Average annual earnings in the U.S., 1790sAccording to historian John Bach McMaster, average earnings in the 1790s was *$65 ayear, with food and perhaps lodging.* Source: History of the People of the United States.v. 2. p. 617.https:/libraryguides.missouri.edu/pricesandwag9s/1790-1799
2862	DONATEADLIVEGREAT CONTROVERSY P.320• Endeavoring to lay aside all preconceived opinions, and dispensingwith commentaries, he compared scripture with scripture by the aid.of the marginal references and the concordance. He pursued hisstudy in a regular and methodical manner; beginning with Genesis.and reading verse by verse, heproceeded no faster than the meaningof the several passages so unfolded as to leave him free from allembarrassment. When he found anything obscure, it was his customto compare it with every other text which seemed to have anyreference to the matter under consideration. Every word waspermitted to have its proper bearing upon the subject of the text, andf his view of it harmonized with every collateral passage, it ceasecto be a difficulty.
2868	DONATEADLIVEGREAT CONTROVERSY P.320• Endeavoring to lay aside all preconceived opinions, and dispensingwith commentaries, he compared scripture with seripture by the aicf the marginal references and the concordance. He pursued hisstudy in a regular and methodical manner; beginning with Genesis.and reading verse by verse, heproceeded no faster than the meaningof the several passages so unfolded as to leave him free from allembarrassment. When he found anything obscure, it was his customto compare it with every other text which seemed to have anyreference to the matter under consideration. Every word waspermitted to have its proper bearing upon the subject of the text, andf his view of it harmonized with every collateral passage, it ceasedto be a difficulty.
2874	DONATEADtvLIVEGREAT CONTROVERSY P.320• Endeavoring to lay aside all preconceived opinions, and dispensingwith commentaries, he compared scripture with seripture by the aicf the marginal references and the concordance. He pursued hisstudy in a regular and methodical manner; beginning with Genesis.and reading verse by verse, heproceeded no faster than the meaningof the several passages so unfolded as to leave him free from alembarrassment. When he found anything obscure, it was his customto compare it with every other text which seemed to have anyreference to the matter under consideration. Every word waspermitted to have its proper bearing upon the subject of the text, andf his view of it harmonized with every collateral passage, it ceasedto be a difficulty.
2880	DONATEADLIVEGREAT CONTROVERSY P.320• Endeavoring to lay aside all preconceived opinions, and dispensingwith commentaries, he compared scripture with scripture by the aid.of the marginal references and the concordance. He pursued hisstudy in a regular and methodical manner; beginning with Genesis.and reading verse by verse, heproceeded no faster than the meaningof the several passages so unfolded as to leave him free from allembarrassment. When he found anything obscure, it was his customto compare it with every other text which seemed to have anyreference to the matter under consideration. Every word waspermitted to have its proper bearing upon the subject of the text, andf his view of it harmonized with every collateral passage, it ceasecto be a difficulty.
2886	DONATEADtyLIVEGREAT CONTROVERSY P.320• Endeavoring to lay aside all preconceived opinions, and dispensingwith commentaries, he compared scripture with seripture by the aicf the marginal references and the concordance. He pursued hisstudy in a regular and methodical manner; beginning with Genesis.and reading verse by verse, heproceeded no faster than the meaningof the several passages so unfolded as to leave him free from allembarrassment. When he found anything obscure, it was his customto compare it with every other text which seemed to have anyreference to the matter under consideration. Every word waspermitted to have its proper bearing upon the subject of the text, andf his view of it harmonized with every collateral passage, it ceasedto be a difficulty.
2892	DONATEADLIVEGREAT CONTROVERSY P.320• Endeavoring to lay aside all preconceived opinions, and dispensingwith commentaries, he compared scripture with seripture by the aicf the marginal references and the concordance. He pursued hi:study in a regular and methodical manner; beginning with Genesis.and reading verse by verse, heproceeded no faster than the meaningof the several passages so unfolded as to leave him free from allembarrassment. When he found anything obscure, it was his customto compare it with every other text which seemed to have anyreference to the matter under consideration. Every word waspermitted to have its proper bearing upon the subject of the text, andf his view of it harmonized with every collateral passage, it ceasedto be a difficulty.
2898	DONATEADtvLIVEGREAT CONTROVERSY P.320• Endeavoring to lay aside all preconceived opinions, and dispensingwith commentaries, he compared scripture with seripture by the aicf the marginal references and the concordance. He pursued hisstudy in a regular and methodical manner; beginning with Genesis.and reading verse by verse, heproceeded no faster than the meaningof the several passages so unfolded as to leave him free from allembarrassment. When he found anything obscure, it was his customto compare it with every other text which seemed to have anyreference to the matter under consideration. Every word waspermitted to have its proper bearing upon the subject of the text, andf his view of it harmonized with every collateral passage, it ceasedto be a difficulty.
2904	DONATEADtvLIVEGREAT CONTROVERSY P.320• Endeavoring to lay aside all preconceived opinions, and dispensingwith commentaries, he compared scripture with seripture by the aicf the marginal references and the concordance. He pursued hisstudy in a regular and methodical manner; beginning with Genesis.and reading verse by verse, heproceeded no faster than the meaningof the several passages so unfolded as to leave him free from allembarrassment. When he found anything obscure, it was his customto compare it with every other text which seemed to have anyreference to the matter under consideration. Every word waspermitted to have its proper bearing upon the subject of the text, andf his view of it harmonized with every collateral passage, it ceasedto be a difficulty.
2910	DONATEADLIVEGREAT CONTROVERSY P.320• Endeavoring to lay aside all preconceived opinions, and dispensingwith commentaries, he compared scripture with seripture by the aicf the marginal references and the concordance. He pursued hisstudy in a regular and methodical manner; beginning with Genesis.and reading verse by verse, heproceeded no faster than the meaningof the several passages so unfolded as to leave him free from allembarrassment. When he found anything obscure, it was his customto compare it with every other text which seemed to have anyreference to the matter under consideration. Every word waspermitted to have its proper bearing upon the subject of the text, andf his view of it harmonized with every collateral passage, it ceasedto be a difficulty.
2916	DONATEADLIVEGREAT CONTROVERSY P.320• Endeavoring to lay aside all preconceived opinions, and dispensingwith commentaries, he compared scripture with seripture by the aicf the marginal references and the concordance. He pursued hi:study in a regular and methodical manner; beginning with Genesis.and reading verse by verse, heproceeded no faster than the meaningof the several passages so unfolded as to leave him free from allembarrassment. When he found anything obscure, it was his customto compare it with every other text which seemed to have anyreference to the matter under consideration. Every word waspermitted to have its proper bearing upon the subject of the text, andf his view of it harmonized with every collateral passage, it ceasedto be a difficulty.
2922	DONATEADtvLIVEGREAT CONTROVERSY P.320• Endeavoring to lay aside all preconceived opinions, and dispensingwith commentaries, he compared scripture with seripture by the aicf the marginal references and the concordance. He pursued hisstudy in a regular and methodical manner; beginning with Genesis.and reading verse by verse, heproceeded no faster than the meaningof the several passages so unfolded as to leave him free from allembarrassment. When he found anything obscure, it was his customto compare it with every other text which seemed to have anyreference to the matter under consideration. Every word waspermitted to have its proper bearing upon the subject of the text, andf his view of it harmonized with every collateral passage, it ceasedto be a difficulty.
2928	GREAT CONTROVERSY P.320• Endeavoring to lay aside all preconceived opinions, and dispensingwith commentaries, he compared scripture with seripture by the aicf the marginal references and the concordance. He pursued hisstudy in a regular and methodical manner; beginning with Genesis.and reading verse by verse, heproceeded no faster than the meaningof the several passages so unfolded as to leave him free from allembarrassment. When he found anything obscure, it was his customto compare it with every other text which seemed to have anyreference to the matter under consideration. Every word waspermitted to have its proper bearing upon the subject of the text, andf his view of it harmonized with every collateral passage, it ceasedto be a difficulty.
2934	ADDONATEGREAT CONTROVERSY P.320• Endeavoring to lay aside all preconceived opinions, and dispensingwith commentaries, he compared scripture with serpture by the aicf the marginal references and the concordance. He pursued hisstudy in a regular and methodical manner; beginning with Genesis.and reading verse by verse, heproceeded no faster than the meaningof the several passages so unfolded as to leave him free from allembarrassment. When he found anything obscure, it was his customto compare it with every other text which seemed to have anyreference to the matter under consideration. Every word waspermitted to have its proper bearing upon the subject of the text, andf his view of it harmonized with every collateral passage, it ceasedto be a difficulty.
2940	ADDONATEGREAT CONTROVERSY P.320• Endeavoring to lay aside all preconceived opinions, and dispensingwith commentaries, he compared scripture with seripture by the aicf the marginal references and the concordance. He pursued hisstudy in a regular and methodical manner; beginning with Genesis.and reading verse by verse, heproceeded no faster than the meaningof the several passages so unfolded as to leave him free from allembarrassment. When he found anything obscure, it was his customto compare it with every other text which seemed to have anyreference to the matter under consideration. Every word waspermitted to have its proper bearing upon the subject of the text, andf his view of it harmonized with every collateral passage, it ceasedto be a difficulty.
2946	DONATEGREAT CONTROVERSY P.320• Endeavoring to lay aside all preconceived opinions, and dispensingvith commentaries, he compared scripture with seripture by the aicf the marginal references and the concordance. He pursued hisstudy in a regular and methodical manner; beginning with Genesis.and reading verse by verse, heproceeded no faster than the meaningof the several passages so unfolded as to leave him free from alembarrassment. When he found anything obscure, it was his customto compare it with every other text which seemed to have anyreference to the matter under consideration. Every word wasermitted to have its proper bearing upon the subject of the text, anohis view of it harmonized with every collateral passage, it ceaseto be a difficulty.
2952	DONATEGREAT CONTROVERSY P.320• Endeavoring to lay aside all preconceived opinions, and dispensingwith commentaries, he compared scripture with seripture by the aicf the marginal references and the concordance. He pursued hisstudy in a regular and methodical manner; beginning with Genesis.and reading verse by verse, heproceeded no faster than the meaningof the several passages so unfolded as to leave him free from allembarrassment. When he found anything obscure, it was his customto compare it with every other text which seemed to have anyreference to the matter under consideration. Every word waspermitted to have its proper bearing upon the subject of the text, andf his view of it harmonized with every collateral passage, it ceasedto be a difficulty.
2958	ADDONATEGREAT CONTROVERSY P.320• Endeavoring to lay aside all preconceived opinions, and dispensingwith commentaries, he compared scripture with serpture by the aicf the marginal references and the concordance. He pursued hisstudy in a regular and methodical manner; beginning with Genesis.and reading verse by verse, heproceeded no faster than the meaningof the several passages so unfolded as to leave him free from alembarrassment. When he found anything obscure, it was his customto compare it with every other text which seemed to have anyreference to the matter under consideration. Every word waspermitted to have its proper bearing upon the subject of the text, andf his view of it harmonized with every collateral passage, it ceasedto be a difficulty.
2964	ADLIVEDONATEGREAT CONTROVERSY P.320• Endeavoring to lay aside all preconceived opinions, and dispensingwith commentaries, he compared scripture with seripture by the aicf the marginal references and the concordance. He pursued hisstudy in a regular and methodical manner; beginning with Genesis.and reading verse by verse, heproceeded no faster than the meaningof the several passages so unfolded as to leave him free from allembarrassment. When he found anything obscure, it was his customto compare it with every other text which seemed to have anyreference to the matter under consideration. Every word waspermitted to have its proper bearing upon the subject of the text, andf his view of it harmonized with every collateral passage, it ceasedto be a difficulty.
2970	ADLIVEDONATEGREAT CONTROVERSY P.320• Endeavoring to lay aside all preconceived opinions, and dispensingwith commentaries, he compared scripture with scripture by the aid.of the marginal references and the concordance. He pursued hisstudy in a regular and methodical manner; beginning with Genesis.and reading verse by verse, heproceeded no faster than the meaningof the several passages so unfolded as to leave him free from allembarrassment. When he found anything obseure, it was his customto compare it with every other text which seemed to have anyreference to the matter under consideration. Every word waspermitted to have its proper bearing upon the subject of the text, andf his view of it harmonized with every collateral passage, it ceasedto be a difficulty.Learn more about Miller on our siteSearch "William Miller" on our site to read our article.
2976	DONATEGREAT CONTROVERSY P.320• Endeavoring to lay aside all preconceived opinions, and dispensingwith commentaries, he compared scripture with scripture by the aidof the marginal references and the concordance. He pursued hisstudy in a regular and methodical manner; beginning with Genesis.and reading verse by verse, heproceeded no faster than the meaningof the several passages so unfolded as to leave him free from allembarrassment. When he found anything obscure, it was his customto compare it with every other text which seemed to have anyreference to the matter under consideration. Every word waspermitted to have its proper bearing upon the subject of the text, andif his view of it harmonized with every collateral passage, it ceasedto be a difficulty.Learn more about Miller on our siteSearch "William Miller" on our site to read our article.
2982	DONATEGREAT CONTROVERSY P.320• Endeavoring to lay aside all preconceived opinions, and dispensingwith commentaries, he compared scripture with seripture by the aicf the marginal references and the concordance. He pursued hisstudy in a regular and methodical manner; beginning with Genesis.and reading verse by verse, he proceeded no faster than the meaningof the several passages so unfolded as to leave him free from allembarrassment. When he found anything obscure, it was his customto compare it with every other text which seemed to have anyreference to the matter under consideration. Every word waspermitted to have its proper bearing upon the subject of the text, andf his view of it harmonized with every collateral passage, it ceasedto be a difficulty.
2988	DONATEGREAT CONTROVERSY P.320• Endeavoring to lay aside all preconceived opinions, and dispensingwith commentaries, he compared scripture with senipture by the autf the marginal references and the concordance. He pursued hisstudy in a regular and methodical manner; beginning with Genesis.and reading verse by verse, heproceeded no faster than the meaningof the several passages so unfolded as to leave him free from allembarrassment. When he found anything obscure, it was his customto compare it with every other text which seemed to have anyreference to the matter under consideration. Every word waspermitted to have its proper bearing upon the subject of the text, andf his view of it harmonized with every collateral passage, it ceasedto be a difficulty.
2994	DONATEGREAT CONTROVERSY P.320• Endeavoring to lay aside all preconceived opinions, and dispensingwith commentaries, he compared scripture with seripture by the aicf the marginal references and the concordance. He pursued hi:study in a regular and methodical manner; beginning with Genesis.and reading verse by verse, heproceeded no faster than the meaningof the several passages so unfolded as to leave him free from allembarrassment. When he found anything obscure, it was his customto compare it with every other text which seemed to have anyreference to the matter under consideration. Every word waspermitted to have its proper bearing upon the subject of the text, andf his view of it harmonized with every collateral passage, it ceasedto be a difficulty.
3000	DONATEGREAT CONTROVERSY P.320• Endeavoring to lay aside all preconceived opinions, and dispensingvith commentaries, he compared scripture with scripture by the aicf the marginal references and the concordance. He pursued hi:study in a regular and methodical manner; beginning with Genesis.and reading verse by verse, heproceeded no faster than the meaningof the several passages so unfolded as to leave him free from allembarrassment. When he found anything obscure, it was his customto compare it with every other text which seemed to have anyreference to the matter under consideration. Every word waspermitted to have its proper bearing upon the subject of the text, andf his view of it harmonized with every collateral passage, it ceasedto be a difficulty.
3006	DONATEGREAT CONTROVERSY P.320• Endeavoring to lay aside all preconceived opinions, and dispensingwith commentaries, he compared scripture with seripture by the aicf the marginal references and the concordance. He pursued hisstudy in a regular and methodical manner; beginning with Genesis.and reading verse by verse, heproceeded no faster than the meaningof the several passages so unfolded as to leave him free from allembarrassment. When he found anything obscure, it was his customto compare it with every other text which seemed to have anyreference to the matter under consideration. Every word waspermitted to have its proper bearing upon the subject of the text, andf his view of it harmonized with every collateral passage, it ceasedto be a difficulty.
3012	DONATEGREAT CONTROVERSY P.320• Endeavoring to lay aside all preconceived opinions, and dispensingwith commentaries, he compared scripture with seripture by the aicf the marginal references and the concordance. He pursued hisstudy in a regular and methodical manner; beginning with Genesis.and reading verse by verse, heproceeded no faster than the meaningof the several passages so unfolded as to leave him free from allembarrassment. When he found anything obscure, it was his customto compare it with every other text which seemed to have anyreference to the matter under consideration. Every word waspermitted to have its proper bearing upon the subject of the text, andf his view of it harmonized with every collateral passage, it ceasedto be a difficulty.
3018	DONATEGREAT CONTROVERSY P.320• Endeavoring to lay aside all preconceived opinions, and dispensingwith commentaries, he compared scripture with seripture by the aicf the marginal references and the concordance. He pursued hisstudy in a regular and methodical manner; beginning with Genesis.and reading verse by verse, heproceeded no faster than the meaningof the several passages so unfolded as to leave him free from allembarrassment. When he found anything obscure, it was his customto compare it with every other text which seemed to have anyreference to the matter under consideration. Every word waspermitted to have its proper bearing upon the subject of the text, andf his view of it harmonized with every collateral passage, it ceasedto be a difficulty.
3024	DONATEGREAT CONTROVERSY P.320• Endeavoring to lay aside all preconceived opinions, and dispensingwith commentaries, he compared scripture with senipture by the aif the marginal references and the concordance. He pursued hisstudy in a regular and methodical manner; beginning with Genesis.and reading verse by verse, heproceeded no faster than the meaningof the several passages so unfolded as to leave him free from allembarrassment. When he found anything obscure, it was his customto compare it with every other text which seemed to have anyreference to the matter under consideration. Every word wasermitted to have its proper bearing upon the subject of the text, anohis view of it harmonized with every collateral passage, it ceaseto be a difficulty.
3030	DONATEGREAT CONTROVERSY P.320• Endeavoring to lay aside all preconceived opinions, and dispensingwith commentaries, he compared scripture with seripture by the auf the marginal references and the concordance. He pursued hisstudy in a regular and methodical manner; beginning with Genesis.and reading verse by verse, heproceeded no faster than the meaningof the several passages so unfolded as to leave him free from allembarrassment. When he found anything obscure, it was his customto compare it with every other text which seemed to have anyreference to the matter under consideration. Every word waspermitted to have its proper bearing upon the subject of the text, andf his view of it harmonized with every collateral passage, it ceasedto be a difficulty.
3036	DONATEGREAT CONTROVERSY P.320• Endeavoring to lay aside all preconceived opinions, and dispensingwith commentaries, he compared scripture with seripture by the aicf the marginal references and the concordance. He pursued hisstudy in a regular and methodical manner; beginning with Genesis.and reading verse by verse, heproceeded no faster than the meaningof the several passages so unfolded as to leave him free from allembarrassment. When he found anything obscure, it was his customto compare it with every other text which seemed to have anyreference to the matter under consideration. Every word waspermitted to have its proper bearing upon the subject of the text, andf his view of it harmonized with every collateral passage, it ceasedto be a difficulty.
3042	DONATEGREAT CONTROVERSY P.320• Endeavoring to lay aside all preconceived opinions, and dispensingvith commentaries, he compared scripture with seripture by the aicf the marginal references and the concordance. He pursued hi:study in a regular and methodical manner; beginning with Genesis.and reading verse by verse, heproceeded no faster than the meaningof the several passages so unfolded as to leave him free from allembarrassment. When he found anything obscure, it was his customto compare it with every other text which seemed to have anyreference to the matter under consideration. Every word waspermitted to have its proper bearing upon the subject of the text, andf his view of it harmonized with every collateral passage, it ceasedto be a difficulty.
3048	DONATEGREAT CONTROVERSY P.320• Endeavoring to lay aside all preconceived opinions, and dispensingwith commentaries, he compared scripture with scripture by the autf the marginal references and the concordance. He pursued hi:study in a regular and methodical manner; beginning with Genesis.and reading verse by verse, heproceeded no faster than the meaningof the several passages so unfolded as to leave him free from allembarrassment. When he found anything obscure, it was his customto compare it with every other text which seemed to have anyreference to the matter under consideration. Every word waspermitted to have its proper bearing upon the subject of the text, andf his view of it harmonized with every collateral passage, it ceasedto be a difficulty.
3054	DONATEGREAT CONTROVERSY P.320• Endeavoring to lay aside all preconceived opinions, and dispensingwith commentaries, he compared scripture with seripture by the aicof the marginal references and the concordance. He pursued hisstudy in a regular and methodical manner; beginning with Genesis.and reading verse by verse, heproceeded no faster than the meaningof the several passages so unfolded as to leave him free from alembarrassment. When he found anything obscure, it was his customto compare it with every other text which seemed to have anyreference to the matter under consideration. Every word waspermitted to have its proper bearing upon the subject of the text, andf his view of it harmonized with every collateral passage, it ceasedto be a difficulty.
3060	DONATEGREAT CONTROVERSY P.320• Endeavoring to lay aside all preconceived opinions, and dispensingwith commentaries, he compared scripture with seripture by the aicf the marginal references and the concordance. He pursued hisstudy in a regular and methodical manner; beginning with Genesis.and reading verse by verse, heproceeded no faster than the meaningof the several passages so unfolded as to leave him free from allembarrassment. When he found anything obscure, it was his customto compare it with every other text which seemed to have anyreference to the matter under consideration. Every word waspermitted to have its proper bearing upon the subject of the text, andf his view of it harmonized with every collateral passage, it ceasedto be a difficulty.
3066	DONATEGREAT CONTROVERSY P.320• Endeavoring to lay aside all preconceived opinions, and dispensingwith commentaries, he compared scripture with serpture by the autf the marginal references and the concordance. He pursued hisstudy in a regular and methodical manner; beginning with Genesis.and reading verse by verse, heproceeded no faster than the meaningof the several passages so unfolded as to leave him free from allembarrassment. When he found anything obscure, it was his customto compare it with every other text which seemed to have anyreference to the matter under consideration. Every word waspermitted to have its proper bearing upon the subject of the text, andf his view of it harmonized with every collateral passage, it ceasedto be a difficulty.
3072	DONATEGREAT CONTROVERSY P.320• Endeavoring to lay aside all preconceived opinions, and dispensingwith commentaries, he compared scripture with seripture by the aicf the marginal references and the concordance. He pursued hisstudy in a regular and methodical manner; beginning with Genesis.and reading verse by verse, heproceeded no faster than the meaningof the several passages so unfolded as to leave him free from allembarrassment. When he found anything obscure, it was his customto compare it with every other text which seemed to have anyreference to the matter under consideration. Every word waspermitted to have its proper bearing upon the subject of the text, andf his view of it harmonized with every collateral passage, it ceasedto be a difficulty.
3078	DONATE
3084	Study more about "when is the time of the end?"Find the article in our Read sectionDONATE
3090	DONATEWrite your answers in the chat!
3096	DONATE
3102	SEPT. 11,1814DONATE
3108	SEPT. 11,1814DONATE
3114	DONATE
3120	DONATEMEMOIRS OF WILLIAM MILLER P.48-53 ~ 1853 SB• "Fort Scott,September 11, 1814. 20 minutes past 2 o'clock, P.M.{1853 SB, MWM 47.3}• "SIR: - It is over! it is done! the British fleet has struck to theAmerican flag! Great slaughter on both sides. They are in plainview, where I am now writing. My God! the sight was majestic, itwas noble, it was grand. This morning, at ten o'clock, the Britishopened a very heavy and destructive fire upon us, both by waterand land; their congreve rockets flew like hailstones about us,and round shot and grape from every quarter. You have no ide:of the battle. Our force was small. but how bravely they fought!..Three of my men are wounded - by a shell which burst withintwo feet of me….."WM. MILLER.
3126	DONATEMEMOIRS OF WILLIAM MILLER P.48-53 ~ 1853 SB• "Fort Scott, September 11, 1814. 20 minutes past 2 o'clock, P.M.{1853 SB, MWM 47.3}• "SIR: - It is over! it is done! the British fleet has struck to theAmerican flag! Great slaughter on both sides. They are in plainview, where I am now writing. My God! the sight was majestic, itwas noble, it was grand. This morning, at ten o'clock, the Britishopened a very heavy and destructive fire upon us, both by waterand land; their congreve rockets flew like hailstones about us.nd round shot and grape trom every quarter. You have no ide:of the battle. Our force was small. but how bravely they fought..Three of my men are wounded - by a shell which burst withintwo feet of me…."WM. MILLER.
3132	DONATEMEMOIRS OF WILLIAM MILLER P.48-53 ~ 1853 SB• "Fort Scott, September 11, 1814. 20 minutes past 2 o'clock, P.M.{1853 SB, MWM 47.3}• "SIR: - It is over! it is done! the British fleet has struck to theAmerican flag! Great slaughter on both sides. They are in plainview, where I am now writing. My God! the sight was majestic, itwas noble, it was grand. This morning, at ten o'clock, the Britishopened a very heavy and destructive fire upon us, both by waterand land; their congreve rockets flew like hailstones about us,and round shot and grape from every quarter. You have no ide:of the battle. Our force was small. but how bravely they fought:...Three of my men are wounded - by a shell which burst withintwo feet of me..."WM. MILLER.Study Notes Link in Comments!Check the comments for the link to download the study notes.
3138	DONATEMEMOIRS OF WILLIAM MILLER P.48-53 ~ 1853 SB• "Fort Scott, September 11, 1814. 20 minutes past 2 o'clock, P.M.{1853 SB, MWM 47.3}• "SIR: - It is over! it is done! the British fleet has struck to theAmerican flag! Great slaughter on both sides. They are in plainview, where I am now writing. My God! the sight was majestic, itwas noble, it was grand. This morning, at ten o'clock, the Britishopened a very heavy and destructive fire upon us, both by waterand land; their congreve rockets flew like hailstones about us,and round shot and grape from every quarter. You have no ide:of the battle. Our force was small. but how bravely they fought!...Three of my men are wounded - by a shell which burst withintwo feet of me….."WM. MILLER.Study Notes Link in Comments!Check the comments for the link to download the study notes.
3144	DONATEMEMOIRS OF WILLIAM MILLER P.48-53 ~ 1853 SB• "Fort Scott, September 11, 1814. 20 minutes past 2 o'clock, P.M.{1853 SB, MWM 47.3}• "SIR: - It is over! it is done! the British fleet has struck to theAmerican flag! Great slaughter on both sides. They are in plainview, where I am now writing. My God! the sight was majestic, itwas noble, it was grand. This morning, at ten o'clock, the Britishopened a very heavy and destructive fire upon us, both by waterand land; their congreve rockets flew like hailstones about us.and round shot and grape from every quarter. You have no ideaof the battle. Our force was small. but how bravely they fought!...Three of my men are wounded - by a shell which burst withintwo feet of me….."WM. MILLER.
3150	DONATEMEMOIRS OF WILLIAM MILLER P.48-53 ~ 1853 SB• "Fort Scott, September 11, 1814. 20 minutes past 2 o'clock, P.M.{1853 SB, MWM 47.3}• "SIR: - It is over! it is done! the British fleet has struck to theAmerican flag! Great slaughter on both sides. They are in plainview, where I am now writing. My God! the sight was majestic, itwas noble, it was grand. This morning, at ten o'clock, the Britishopened a very heavy and destructive fire upon us, both by waterand land; their congreve rockets flew like hailstones about us,and round shot and grape from every quarter. You have no ide:of the battle. Our force was small. but how bravely they fought!...Three of my men are wounded - by a shell which burst withintwo feet of me…."WM. MILLER.
3156	DONATEMEMOIRS OF WILLIAM MILLER P.48-53 ~ 1853 SB• "Fort Scott, September 11, 1814. 20 minutes past 2 o'clock, P.M.{1853 SB, MWM 47-3}• "SIR: - It is over! it is done! the British fleet has struck to theAmerican flag! Great slaughter on both sides. They are in plainview, where I am now writing. My God! the sight was majestic, itwas noble, it was grand. This morning, at ten o'clock, the Britishopened a very heavy and destructive fire upon us, both by waterand and one are a cheats day i hai on the it in...Three of my men are wounded - by a shell which burst withintwo feet of me….."WM. MILLER.
3162	DONATEMEMOIRS OF WILLIAM MILLER P.48-53 ~ 1853 SB• "Fort Scott, September 11, 1814. 20 minutes past 2 o'clock, P.M.{1853 SB, MWM 47.3}• "SIR: - It is over! it is done! the British fleet has struck to theAmerican flag! Great slaughter on both sides. They are in plainview, where I am now writing. My God! the sight was majestic, itwas noble, it was grand. This morning, at ten o'clock, the Britishopened a very heavy and destructive fire upon us, both by waterand land; their congreve rockets flew like hailstones about usand round shot and grape from every quarter. You have no ide:of the battle. Our force was small. but how bravely they fought!...Three of my men are wounded - by a shell which burst withintwo feet of me..."WM. MILLER.
3168	DONATEMEMOIRS OF WILLIAM MILLER P.48-53 ~ 1853 SB• "Fort Scott, September 11, 1814. 20 minutes past 2 o'clock, P.M.{1853 SB, MWM 47.3}• "SIR: - It is over! it is done! the British fleet has struck to theAmerican flag! Great slaughter on both sides. They are in plainview, where I am now writing. My God! the sight was majestic, itwas noble, it was grand. This morning, at ten o'clock, the Britishopened a very heavy and destructive fire upon us, both by waterand land; their congreve rockets flew like hailstones about us,and round shot and grape from every quarter. You have no ideaof the battle. Our force was small. but how bravely they fought!...Three of my men are wounded - by a shell which burst withintwo feet of me…."WM. MILLER.
3174	DONATEMEMOIRS OF WILLIAM MILLER P.48-53 ~ 1853 SB• "Fort Scott, September 11, 1814. 20 minutes past 2 o'clock, P.M.{1853 SB, MWM 47.3}• "SIR: - It is over! it is done! the British fleet has struck to theAmerican flag! Great slaughter on both sides. They are in plainview, where I am now writing. My God! the sight was majestic, itwas noble, it was grand. This morning, at ten o'clock, the Britishopened a very heavy and destructive fire upon us, both by waterand land; their congreve rockets flew like hailstones about us,and round shot and grape from every quarter. You have no ide:of the battle. Our force was small. but how bravely they fought!...Three of my men are wounded - by a shell which burst withintwo feet of me….."WM. MILLER.
3180	DONATEMEMOIRS OF WILLIAM MILLER P.48-53 ~ 1853 SB• "Fort Scott, September 11, 1814. 20 minutes past 2 o'clock, P.M.{1853 SB, MWM 47.3}• "SIR: - It is over! it is done! the British fleet has struck to theAmerican flag! Great slaughter on both sides. They are in plainview, where I am now writing. My God! the sight was majestic, itwas noble, it was grand. This morning, at ten o'clock, the Britishopened a very heavy and destructive fire upon us, both by waterand land; their congreve rockets flew like hailstones about us,and round shot and grape from every quarter. You have no ide:of the battle. Our force was small. but how bravely they fought!...Three of my men are wounded - by a shell which burst withintwo feet of me…."WM. MILLER.
3186	DONATEMEMOIRS OF WILLIAM MILLER P.48-53 ~ 1853 SB• "Fort Scott, September 11, 1814. 20 minutes past 2 o'clock, P.M.{18,53 SB, MWM 47.3}• "SIR: - It is over! it is done! the British fleet has struck to theAmerican flag! Great slaughter on both sides. They are in plainview, where I am now writing. My God! the sight was majestic, itwas noble, it was grand. This morning, at ten o'clock, the Britishopened a very heavy and destructive fire upon us, both by water...Three of my men are wounded - by a shell which burst withintwo feet of me….."WM. MILLER.
3192	DONATEMEMOIRS OF WILLIAM MILLER P.48-53 ~ 1853 SB• "Fort Scott, September 11, 1814. 20 minutes past 2 o'clock, P.M.{18,53 SB, MWM 47.3}• "SIR: - It is over! it is done! the British fleet has struck to theAmerican flag! Great slaughter on both sides. They are in plainview, where I am now writing. My God! the sight was majestic, itwas noble, it was grand. This morning, at ten o'clock, the Britishopened a very heavy and destructive fire upon us, both by waterand ento are chat day it hai on the i thin...Three of my men are wounded - by a shell which burst withintwo feet of me….."WM. MILLER.
3198	DONATEMEMOIRS OF WILLIAM MILLER P.48-53 ~ 1853 SB• "Fort Scott, September 11, 1814. 20 minutes past 2 o'clock, P.M.{1853 SB, MWM 47.3}• "SIR: - It is over! it is done! the British fleet has struck to theAmerican flag! Great slaughter on both sides. They are in plainview, where I am now writing. My God! the sight was majestic, itwas noble, it was grand. This morning, at ten o'clock, the Britishopened a very heavy and destructive fire upon us, both by waterand land; their congreve rockets flew like hailstones about us,and round shot and grape from every quarter. You have no ide:of the battle. Our force was small. but how bravely they fought!...Three of my men are wounded - by a shell which burst withintwo feet of me….."WM. MILLER.Learn more about Miller on our siteSearch "William Miller" on our site to read our article.
3204	DONATEMEMOIRS OF WILLIAM MILLER P.48-53 ~ 1853 SB• "Fort Scott, September 11, 1814. 20 minutes past 2 o'clock, P.M.{1853 SB, MWM 47.3}• "SIR: - It is over! it is done! the British fleet has struck to theAmerican flag! Great slaughter on both sides. They are in plainview, where I am now writing. My God! the sight was majestic, itwas noble, it was grand. This morning, at ten o'clock, the Britishopened a very heavy and destructive fire upon us, both by waterand end one are a cheats day i hai on the it vich...Three of my men are wounded - by a shell which burst withintwo feet of me….."WM. MILLER.
3210	DONATEMEMOIRS OF WILLIAM MILLER P.48-53 ~ 1853 SB• "Fort Scott, September 11, 1814. 20 minutes past 2 o'clock, P.M.{1853 SB, MWM 47.3}• "SIR: - It is over! it is done! the British fleet has struck to theAmerican flag! Great slaughter on both sides. They are in plainview, where I am now writing. My God! the sight was majestic, itwas noble, it was grand. This morning, at ten o'clock, the Britishopened a very heavy and destructive fire upon us, both by waterand land; their congreve rockets flew like hailstones about us.and round shot and grape from every quarter. You have no ideaof the battle. Our force was small. but how bravely they fought!...Three of my men are wounded - by a shell which burst withintwo feet of me….."WM. MILLER.
3216	DONATEMEMOIRS OF WILLIAM MILLER P.48-53 ~ 1853 SB• "Fort Scott, September 11, 1814. 20 minutes past 2 o'clock, P.M.{1853 SB, MWM 47.3}• "SIR: - It is over! it is done! the British fleet has struck to theAmerican flag! Great slaughter on both sides. They are in plainview, where I am now writing. My God! the sight was majestic, itwas noble, it was grand. This morning, at ten o'clock, the Britishopened a very heavy and destructive fire upon us, both by waterand land; their congreve rockets flew like hailstones about us,and round shot and grape from every quarter. You have no ideaof the battle. Our force was small. but how bravely they fought!...Three of my men are wounded - by a shell which burst withintwo feet of me…."WM. MILLER.
3222	DONATEMEMOIRS OF WILLIAM MILLER P.48-53 ~ 1853 SB• "Fort Scott, September 11, 1814. 20 minutes past 2 o'clock, P.M.{1853 SB, MWM 47.3}• "SIR: - It is over! it is done! the British fleet has struck to theAmerican flag! Great slaughter on both sides. They are in plainview, where I am now writing. My God! the sight was majestic, itwas noble, it was grand. This morning, at ten o'clock, the Britishopened a very heavy and destructive fire upon us, both by waterand and to are chat day it hai on the i thin...Three of my men are wounded - by a shell which burst withintwo feet of me….."WM. MILLER.
3228	DONATEMEMOIRS OF WILLIAM MILLER P.48-53 ~ 1853 SB• The triumph of the American arms at Plattsburgh was truly "a signal" one.And if ever it was proper to ascribe such an event to "the Almighty,I wasproper on this occasion. It is not very often the case, however, that anwhich pervaded, in an unusual degree, the whole United States forceengaged. Napoleon had beaten the mightiest armies that Europe had everraised, in an almost uninterrupted succession of battles, during more thanten years. The troops of England, with their allies, had now the reputationof having at last beaten Napoleon. And these English troops, withoverwhelming numbers in their favor, entered the field against those of theUnited States, at Plattsburgh. What, then, in all human estimation, hadthis "apology for an army" to expect?
3234	DONATEMEMOIRS OF WILLIAM MILLER P.48-53 ~ 1853 SB• The triumph of the American arms at Plattsburgh was truly"a signal" one.And if ever it was proper to ascribe such an event to "the Almighty,which pervaded, in an unusual degree, the whole United States forceengaged. Napoleon had beaten the mightiest armies that Europe had everraised, in an almost uninterrupted succession of battles, during more thanten years. The troops of England, with their allies, had now the reputatiorof having at last beaten Napoleon. And these English troops, withoverwhelming numbers in their favor, entered the field against those of theUnited States, at Plattsburgh. What, then, in all human estimation, hadthis "apology for an army" to expect?
3240	DONATEMEMOIRS OF WILLIAM MILLER P.48-53 ~ 1853 SB• The triumph of the American arms at Plattsburgh was truly "a signal" one.And if ever it was proper to ascribe such an event to "the Almighty,which pervaded, in an unusual degree, the whole United States forceengaged. Napoleon had beaten the mightiest armies that Europe had everraised, in an almost uninterrupted succession of battles, during more thanten years. The troops of England, with their allies, had now the reputationf having at last beaten Napoleon. And these English troops, withverwhelming numbers in their favor, entered the field against those of theUnited States,at Plattsburgh. What, then, in all human estimation, hadthis "apology for an army" to expect?
3246	DONATEMEMOIRS OF WILLIAM MILLER P.48-53 ~ 1853 SB• The triumph of the American arms at Plattsburgh was truly "a signal" oneand if ever it was proper to ascribe such an event to "the AlmightyNsaswhich pervaded, in an unusual degree, the whole United States forceengaged. Napoleon had beaten the mightiest armies that Europe had everaised, in an almost uninterrupted succession of battles, during more thaen years. The troops of England, with their allies, had now the reputatiof having at last beaten Napoleon. And these English troops, withverwhelming numbers in their favor, entered the field against those of theUnited States,at Plattsburgh. What, then, in all human estimation, hadthis "apology for an army" to expect?
3252	DONATEMEMOIRS OF WILLIAM MILLER P.48-53 ~ 1853 SB• The triumph of the American arms at Plattsburgh was truly "a signal" one.And if ever it was proper to ascribe such an event to "the Almighty,I waswhich pervaded, in an unusual degree, the whole United States forceengaged. Napoleon had beaten the mightiest armies that Europe had everraised, in an almost uninterrupted succession of battles, during more thanten years. The troops of England, with their allies, had now the reputatiorof having at last beaten Napoleon. And these English troops, withoverwhelming numbers in their favor, entered the field against those of theUnited States,at Plattsburgh. What, then, in all human estimation, hadthis "apology for an army" to expect?
3258	DONATEMEMOIRS OF WILLIAM MILLER P.48-53 ~ 1853 SB• The triumph of the American arms at Plattsburgh was truly "a signal" oneand if ever it was proper to ascribe such an event to "the Almightykwaswhich pervaded, in an unusual degree, the whole United States forceengaged. Napoleon had beaten the mightiest armies that Europe had everraised, in an almost uninterrupted succession of battles, during more thanten years. The troops of England, with their allies, had now the reputatiorof having at last beaten Napoleon. And these English troops, withoverwhelming numbers in their favor, entered the field against those of theUnited States, at Plattsburgh. What, then, in all human estimation, hadthis "apology for an army" to expect?
3264	DONATEMEMOIRS OF WILLIAM MILLER P.48-53 ~ 1853 SB• The triumph of the American arms at Plattsburgh was truly "a signal" onema never i was proper lo aschibe such an evento me amisheKwaswhich pervaded, in an unusual degree, the whole United States forceengaged. Napoleon had beaten the mightiest armies that Europe had everaised, in an almost uninterrupted succession of battles, during more thaten years. The troops of England, with their allies, had now the reputationf having at last beaten Napoleon. And these English troops, witlverwhelming numbers in their favor, entered the field against those of theUnited States,at Plattsburgh. What, then, in all human estimation, hadthis "apology for an army" to expect?
3270	DONATEMEMOIRS OF WILLIAM MILLER P.48-53 ~ 1853 SB• The triumph of the American arms at Plattsburgh was truly "a signal" oneand if ever it was proper to ascribe such an event to "the Almightywhich pervaded, in an unusual degree, the whole United States forceengaged. Napoleon had beaten the mightiest armies that Europe had everaised, in an almost uninterrupted succession of battles, during more thaten years. The troops of England, with their allies, had now the reputationf having at last beaten Napoleon. And these English troops, witlverwhelming numbers in their favor, entered the field against those of theUnited States, at Plattsburgh. What, then, in all human estimation, hadthis "apology for an army" to expect?
3276	DONATEMEMOIRS OF WILLIAM MILLER P.48-53 ~ 1853 SB• The triumph of the American arms at Plattsburgh was truly "a signal" oneand if ever it was proper to ascribe such an event to "the AlmightyI waswhich pervaded, in an unusual degree, the whole United States forceengaged. Napoleon had beaten the mightiest armies that Europe had everaised, in an almost uninterrupted succession of battles, during more thaten years. The troops of England, with their allies, had now the reputatiorf having at last beaten Napoleon. And these English troops, withverwhelming numbers in their favor, entered the field against those of theUnited States,at Plattsburgh. What, then, in all human estimation, hadthis "apology for an army" to expect?
3282	DONATEMEMOIRS OF WILLIAM MILLER P.48-53 ~ 1853 SB• The triumph of the American arms at Plattsburgh was truly "a signal" oneand if ever it was proper to ascribe such an event to "the AlmightyX waswhich pervaded, in an unusual degree, the whole United States forceengaged. Napoleon had beaten the mightiest armies that Europe had everraised, in an almost uninterrupted succession of battles, during more thanten years. The troops of England, with their allies, had now the reputationf having at last beaten Napoleon. And these English troops, withverwhelming numbers in their favor, entered the field against those of theUnited States,at Plattsburgh. What, then, in all human estimation, hadthis "apology for an army" to expect?
3288	DONATEMEMOIRS OF WILLIAM MILLER P.48-53 ~ 1853 SB• The triumph of the American arms at Plattsburgh was truly "a signal" one.And if ever it was proper to ascribe such an event to "the Almighty,I waswhich pervaded, in an unusual degree, the whole United States forceengaged. Napoleon had beaten the mightiest armies that Europe had everaised, in an almost uninterrupted succession of battles, during more thaen years. The troops of England, with their allies, had now the reputatiohaving at last beaten Napoleon. And these English troops, witverwhelming numbers in their favor, entered the field against those of thUnited States,at Plattsburgh. What, then, in all human estimation, hadthis "apology for an army" to expect?
3294	DONATEMEMOIRS OF WILLIAM MILLER P.48-53 ~ 1853 SB• The triumph of the American arms at Plattsburgh was truly "a signal" one.And if ever it was proper to ascribe such an event to "the Almighty,kwaswhich pervaded, in an unusual degree, the whole United States forceengaged. Napoleon had beaten the mightiest armies that Europe had everaised, in an almost uninterrupted succession of battles, during more thaten years. The troops of England, with their allies, had now the reputatiorf having at last beaten Napoleon. And these English troops, witlverwhelming numbers in their favor, entered the field against those of theUnited States, at Plattsburgh. What, then, in all human estimation, hadthis "apology for an army" to expect?
3300	DONATEMEMOIRS OF WILLIAM MILLER P.48-53 ~ 1853 SB• "Many occurrences served to weaken my confidence in the correctness ofdeistical principles. I was led frequently to compare this country to that ofthe children ofIsrael, before whom God drove out the inhabitants of theirland. It seemed to me that the Supreme Being mustinterests of this country in an especial manner, and delivered us from thehands of our enemies. I was particularly impressed with this view when Iwas in the battle of Plattsburgh, when, with 1500 regulars, and about 4000volunteers, we defeated the British, who were 15,000 strong; we being alsolukes the come see tient of the batte men i the or Me do theas almost certain; and yet we were victorious. So surprising a result,against such odds, did seem to me like the work of a mightier power than
3306	DONATEMEMOIRS OF WILLIAM MILLER P.48-53 ~ 1853 SB• "Many occurrences served to weaken my confidence in the correctness ofdeistical principles. I was led frequently to compare this country to that ofIsrael, before whom God drove out the inhabitants of theirland. It seemed to me that the Supreme Being mustinterests of this country in an especial manner, and delivered us from thewas in the battle of Plattsburgh, when, with 1500 regulars, and about 4000volunteers, we defeated the British, who were 15,000 strong; we being alsoace At the come ence mend on the batie me loked upon our owed ee theas almost certain; and yet we were victorious. So surprising a result,against such odds, did seem to me like the work of a mightier power than
3312	DONATEMEMOIRS OF WILLIAM MILLER P.48-53 ~ 1853 SB• "Many occurrences served to weaken my confidence in the correctness ofdeistical principles. I was led frequently to compare this country to that ofIsrael, before whom God drove out the inhabitants of theirland. It seemed to me that the Supreme Being mustinterests of this country in an especial manner, and delivered us from thewas in the battle of Plattsburgh, when, with 1500 regulars, and about 4000volunteers, we defeated the British, who were 15,000 strong; we being alsoTake At the come encement on the batie me looked upon our owed ee theas almost certain; and yet we were victorious. So surprising a result,against such odds, did seem to me like the work of a mightier power than
3318	DONATEMEMOIRS OF WILLIAM MILLER P.48-53 ~ 1853 SB• "Many occurrences served to weaken my confidence in the correctness ofdeistical principles. I was led frequently to compare this country to that ofthe children ofIsrael, before whom God drove out the inhabitants of theirland. It seemed to me that the Supreme Being mustinterests of this country in an especial manner, and delivered us from thewas in the battle of Plattsburgh, when, with 1500 regulars, and about 4000volunteers, we defeated the British, who were 15,000 strong; we being alsosuccessful, at the same time, inan engagement with the British fleet on theake, At the commencement of the battle, we lonker unon our own detesas almost certain; and yet we were victorious. So surprising a result,against such odds, did seem to me like the work of a mightier power than
3324	DONATEMEMOIRS OF WILLIAM MILLER P.48-53 ~ 1853 SB• "Many occurrences served to weaken my confidence in the correctness ofdeistical principles. I was led frequently to compare this country to that ofthe children ofIsrael, before whom God drove out the inhabitants of theirland. It seemed to me that the Supreme Being mustinterests of this country in an especial manner, and delivered us from thehands of our enemies. I was particularly impressed with this view when Iwas in the battle of Plattsburgh, when, with 1500 regulars, and about 4000volunteers, we defeated the British, who were 15.000 strong; we being alsosuccessful, at the same time, inan engagement with the British fleet on theake, At the commencement of the battle, we looked unon our own detesas almost certain; and yet we were victorious. So surprising a result,against such odds, did seem to me like the work of a mightier power thanLearn more about Miller on our siteSearch "William Miller" on our site to read our article.
3330	DONATEMEMOIRS OF WILLIAM MILLER P.48-53 ~ 1853 SB• "Many occurrences served to weaken my confidence in the correctness ofdeistical principles. I was led frequently to compare this country to that ofthe children ofIsrael, before whom God drove out the inhabitants of theirland. It seemed to me that the Supreme Being mustinterests of this country in an especial manner, and delivered us from thehands of our enemies. I was particularly impressed with this view when Iwas in the battle of Plattsburgh, when, with 1500 regulars, and about 4000volunteers, we deteated the British, who were 15.000 strong; we being alsolukes the come sence tient if the earle men with the rot Wed of theas almost certain; and yet we were victorious. So surprising a result,against such odds, did seem to me like the work of a mightier power thanLearn more about Miller on our siteSearch "William Miller" on our site to read our article.
3336	DONATEMEMOIRS OF WILLIAM MILLER P.48-53 ~ 1853 SB• "Many occurrences served to weaken my confidence in the correctness ofdeistical principles. I was led frequently to compare this country to that ofthe children ofIsrael, before whom God drove out the inhabitants of theirland. It seemed to me that the Supreme Being mustinterests of this country in an especial manner, and delivered us from thehands of our enemies. I was particularly impressed with this view when Iwas in the battle of Plattsburgh, when, with 1500 regulars, and about 4000volunteers, we defeated the British, who were 15,000 strong; we being alsolukes the the see tint of the batement ih the our Neded theas almost certain; and yet we were victorious. So surprising a result,against such odds, did seem to me like the work of a mightier power than
3342	DONATEMEMOIRS OF WILLIAM MILLER P.48-53 ~ 1853 SB• "Many occurrences served to weaken my confidence in the correctness ofdeistical principles. I was led frequently to compare this country to that ofthe children ofIsrael, before whom God drove out the inhabitants of theirland. It seemed to me that the Supreme Being must have watched over theinterests of this country in an especial manner, and delivered us from thewas in the battle of Plattsburgh, when, with 1500 regulars, and about 4000volunteers, we defeated the British, who were 15,000 strong; we being alsoTake At the come enement on the batie me looked upon our one eie theas almost certain; and yet we were victorious. So surprising a result,against such odds, did seem to me like the work of a mightier power than
3348	DONATEMEMOIRS OF WILLIAM MILLER P.48-53 ~ 1853 SB• "Many occurrences served to weaken my confidence in the correctness ofdeistical principles. I was led frequently to compare this country to that ofthe children ofIsrael, before whom God drove out the inhabitants of theirland. It seemed to me that the Supreme Being mustinterests of this country in an especial manner, and delivered us from thehands of our enemies. I was particularly impressed with this view when Iwas in the battle of Plattsburgh, when, with 1500 regulars, and about 4000volunteers, we defeated the British, who were 15,000 strong; we being alsolukes the come see tient of the baile men with the or Me do theas almost certain; and yet we were victorious. So surprising a result,against such odds, did seem to me like the work of a mightier power than
3354	DONATEMEMOIRS OF WILLIAM MILLER P.48-53 ~ 1853 SB• "Many occurrences served to weaken my confidence in the correctness ofdeistical principles. I was led frequently to compare this country to that ofthe children ofIsrael, before whom God drove out the inhabitants of theirland. It seemed to me that the Supreme Being must have watched over theinterests of this country in an especial manner, and delivered us from thehands of our enemies. I was particularly impressed with this view when 1was in the battle of Plattsburgh, when, with 1500 regulars, and about 4000volunteers, we defeated the British, who were 15,000 strong; we being alsolukes the co the sence tient of the eate men with the rot We do theas almost certain; and yet we were victorious. So surprising a result,against such odds, did seem to me like the work of a mightier power than
3360	DONATEMEMOIRS OF WILLIAM MILLER P.48-53 ~ 1853 SB• "Many occurrences served to weaken my confidence in the correctness ofdeistical principles. I was led frequently to compare this country to that ofthe children ofIsrael, before whom God drove out the inhabitants of theirland. It seemed to me that the Supreme Being must have watched over thointerests of this country in an especial manner, and delivered us from thehands of our enemies. I was particularly impressed with this view when Iwas in the battle of Plattsburgh, when, with 1500 regulars, and about 4000volunteers, we defeated the British, who were 15,000 strong; we being alsosuccessful, at the same time, inan engagement with the British fleet on theake, At the commencement of the battle, we looked unon our own detesas almost certain; and yet we were victorious. So surprising a result,against such odds, did seem to me like the work of a mightier power than
3366	DONATEMEMOIRS OF WILLIAM MILLER P.48-53 ~ 1853 SB• "Many occurrences served to weaken my confidence in the correctness ofdeistical principles. I was led frequently to compare this country to that ofthe children ofIsrael, before whom God drove out the inhabitants of theirland. It seemed to me that the Supreme Being musinterests of this country in an especial manner, and delivered us from thewas in the battle of Plattsburgh, when, with 1500 regulars, and about 4000volunteers, we defeated the British, who were 15,000 strong; we being alsoace At the come enement of the batteme looked upon our owed ee theas almost certain; and yet we were victorious. So surprising a result,against such odds, did seem to me like the work of a mightier power than
3372	DONATEMEMOIRS OF WILLIAM MILLER P.48-53 ~ 1853 SB• "Many occurrences served to weaken my confidence in the correctness ofdeistical principles. I was led frequently to compare this country to that ofthe children ofIsrael, before whom God drove out the inhabitants of theirland. It seemed to me that the Supreme Being must have watched over theinterests of this country in an especial manner, and delivered us from thewas in the battle of Plattsburgh, when, with 1500 regulars, and about 4000volunteers, we defeated the British, who were 15,000 strong; we being alsolukes the the sence tient if the earlee me no with the rot Wede theas almost certain; and yet we were victorious. So surprising a result,against such odds, did seem to me like the work of a mightier power than
3378	DONATEMEMOIRS OF WILLIAM MILLER P.48-53 ~ 1853 SB• "Many occurrences served to weaken my confidence in the correctness ofdeistical principles. I was led frequently to compare this country to that ofthe children ofIsrael, before whom God drove out the inhabitants of theirland. It seemed to me that the Supreme Being mustinterests of this country in an especial manner, and delivered us from thewas in the battle of Plattsburgh, when, with 1500 regulars, and about 4000volunteers, we defeated the British, who were 15,000 strong; we being alsolukes the he see tient of the atle men ih the our Meded theas almost certain; and yet we were victorious. So surprising a result,against such odds, did seem to me like the work of a mightier power than
3384	DONATEMEMOIRS OF WILLIAM MILLER P.48-53 ~ 1853 SB• "Many occurrences served to weaken my confidence in the correctness ofdeistical principles. I was led frequently to compare this country to that ofthe children ofIsrael, before whom God drove out the inhabitants of theirland. It seemed to me that the Supreme Being mustinterests of this country in an especial manner, and delivered us from thewas in the battle of Plattsburgh, when, with 1500 regulars, and about 4000volunteers, we defeated the British, who were 15,000 strong; we being alsoTake At the come enement on the batie me looked upon our owed ee theas almost certain; and yet we were victorious. So surprising a result,against such odds, did seem to me like the work of a mightier power thanman.
3390	DONATEMEMOIRS OF WILLIAM MILLER P.48-53 ~ 1853 SB• "Many occurrences served to weaken my confidence in the correctness ofdeistical principles. I was led frequently to compare this country to that ofthe children ofIsrael, before whom God drove out the inhabitants of theirland. It seemed to me that the Supreme Being mustinterests of this country in an especial manner, and delivered us from thewas in the battle of Plattsburgh, when, with 1500 regulars, and about 4000volunteers, we defeated the British, who were 15,000 strong; we being alsolukes the cohe see tient of the baile men with the our he do theas almost certain; and yet we were victorious. So surprising a result,against such odds, did seem to me like the work of a mightier power than
3396	DONATEMEMOIRS OF WILLIAM MILLER P.48-53 ~ 1853 SB• "Many occurrences served to weaken my confidence in the correctness ofdeistical principles. I was led frequently to compare this country to that ofthe children ofIsrael, before whom God drove out the inhabitants of theirland. It seemed to me that the Supreme Being mustinterests of this country in an especial manner, and delivered us from thewas in the battle of Plattsburgh, when, with 1500 regulars, and about 4000volunteers, we defeated the British, who were 15,000 strong; we being alsolukes the come sence tient of the earle men ith the or Me do theas almost certain; and yet we were victorious. So surprising a result,against such odds, did seem to me like the work of a mightier power than
3402	DONATEMEMOIRS OF WILLIAM MILLER P.48-53 ~ 1853 SB• "Many occurrences served to weaken my confidence in the correctness ofdeistical principles. I was led frequently to compare this country to that ofthe children ofIsrael, before whom God drove out the inhabitants of theirland. It seemed to me that the Supreme Being mustinterests of this country in an especial manner, and delivered us from thewas in the battle of Plattsburgh, when, with 1500 regulars, and about 4000volunteers, we defeated the British, who were 15,000 strong; we being alsolukes the he see tient of the baile men ith te or Me do theas almost certain; and yet we were victorious. So surprising a result,against such odds, did seem to me like the work of a mightier power than
3408	DONATEMEMOIRS OF WILLIAM MILLER P.48-53 ~ 1853 SB• "Many occurrences served to weaken my confidence in the correctness ofdeistical principles. I was led frequently to compare this country to that ofthe children ofIsrael, before whom God drove out the inhabitants of theirland. It seemed to me that the Supreme Being mustinterests of this country in an especial manner, and delivered us from thehands of our enemies. I was particularly impressed with this view when Iwas in the battle of Plattsburgh, when, with 1500 regulars, and about 4000volunteers, we deteated the British, who were 15.000 strong; we being alsolukes the come see tient of the balee men with the or We do theas almost certain; and yet we were victorious. So surprising a result,against such odds, did seem to me like the work of a mightier power than
3414	DONATEMEMOIRS OF WILLIAM MILLER P.48-53 ~ 1853 SB• "Many occurrences served to weaken my confidence in the correctness ofdeistical principles. I was led frequently to compare this country to that ofthe children ofIsrael, before whom God drove out the inhabitants of theirland. It seemed to me that the Supreme Being must have watched over theinterests of this country in an especial manner, and delivered us from thewas in the battle of Plattsburgh, when, with 1500 regulars, and about 4000volunteers, we defeated the British, who were 15,000 strong; we being alsolukes the he sence tient of the earle men with the rot We dee theas almost certain; and yet we were victorious. So surprising a result,against such odds, did seem to me like the work of a mightier power than
3420	DONATEMEMOIRS OF WILLIAM MILLER P.48-53 ~ 1853 SB• "Many occurrences served to weaken my confidence in the correctness ofdeistical principles. I was led frequently to compare this country to that ofthe children ofIsrael, before whom God drove out the inhabitants of theirland. It seemed to me that the Supreme Being must have watched over theinterests of this country in an especial manner, and delivered us from thewas in the battle of Plattsburgh, when, with 1500 regulars, and about 4000volunteers, we defeated the British, who were 15.000 strong; we being alsoace At the come sentement on the bate me looked upon our owed eie theas almost certain; and yet we were victorious. So surprising a result,against such odds, did seem to me like the work of a mightier power than
3426	DONATEMEMOIRS OF WILLIAM MILLER P.48-53 ~ 1853 SB• "Many occurrences served to weaken my confidence in the correctness ofdeistical principles. I was led frequently to compare this country to that ofIsrael, before whom God drove out the inhabitants of theirland. It seemed to me that the Supreme Being mustinterests of this country in an especial manner, and delivered us from thewas in the battle of Plattsburgh, when, with 1500 regulars, and about 4000volunteers, we defeated the British, who were 15,000 strong; we being alsoace At the come enemind of the batteme looked upon our owed ee theas almost certain; and yet we were victorious. So surprising a result,against such odds, did seem to me like the work of a mightier power than
3432	DONATEMEMOIRS OF WILLIAM MILLER P.48-53 ~ 1853 SB• "Many occurrences served to weaken my confidence in the correctness ofdeistical principles. I was led frequently to compare this country to that ofthe children ofIsrael, before whom God drove out the inhabitants of theirland. It seemed to me that the Supreme Being must have watched over thointerests of this country in an especial manner, and delivered us from thewas in the battle of Plattsburgh, when, with 1500 regulars, and about 4000volunteers, we defeated the British, who were 15.000 strong; we being alsolukes the co the sence tient if the earle men with the rot We do theas almost certain; and yet we were victorious. So surprising a result,against such odds, did seem to me like the work of a mightier power than
3438	DONATEMEMOIRS OF WILLIAM MILLER P.48-53 ~ 1853 SB• "Many occurrences served to weaken my confidence in the correctness ofdeistical principles. I was led frequently to compare this country to that ofthe children ofIsrael, before whom God drove out the inhabitants of theirland. It seemed to me that the Supreme Being mustinterests of this country in an especial manner, and delivered us from thewas in the battle of Plattsburgh, when, with 1500 regulars, and about 4000volunteers, we defeated the British, who were 15.000 strong; we being alsolukes the come see tient of the batte men with the Bour Need theas almost certain; and yet we were victorious. So surprising a result,against such odds, did seem to me like the work of a mightier power than
3444	DONATEMEMOIRS OF WILLIAM MILLER P.48-53 ~ 1853 SB• "Many occurrences served to weaken my confidence in the correctness ofdeistical principles. I was led frequently to compare this country to that ofthe children ofIsrael, before whom God drove out the inhabitants of theirland. It seemed to me that the Supreme Being mustinterests of this country in an especial manner, and delivered us from thewas in the battle of Plattsburgh, when, with 1500 regulars, and about 4000volunteers, we defeated the British, who were 15,000 strong; we being alsoace At the come enement on the batie me looked upon our owed ee theas almost certain; and yet we were victorious. So surprising a result,against such odds, did seem to me like the work of a mightier power than
3450	DONATEMEMOIRS OF WILLIAM MILLER P.48-53 ~ 1853 SB• "Many occurrences served to weaken my confidence in the correctness ofdeistical principles. I was led frequently to compare this country to that ofthe children ofIsrael, before whom God drove out the inhabitants of theirland. It seemed to me that the Supreme Being mustinterests of this country in an especial manner, and delivered us from thewas in the battle of Plattsburgh, when, with 1500 regulars, and about 4000volunteers, we defeated the British, who were 15,000 strong; we being alsolukes the he see tient of the battle men with the our Meded theas almost certain; and yet we were victorious. So surprising a result,against such odds, did seem to me like the work of a mightier power than
3456	DONATEMEMOIRS OF WILLIAM MILLER P.48-53 ~ 1853 SB• "Many occurrences served to weaken my confidence in the correctness ofdeistical principles. I was led frequently to compare this country to that ofthe children ofIsrael, before whom God drove out the inhabitants of theirland. It seemed to me that the Supreme Being mustinterests of this country in an especial manner, and delivered us from thewas in the battle of Plattsburgh, when, with 1500 regulars, and about 4000volunteers, we defeated the British, who were 15,000 strong; we being alsosuccessful, at the same time, inan engagement with the British fleet on theake, At the commencement of the battle, we looked unon our own detesas almost certain; and yet we were victorious. So surprising a result,against such odds, did seem to me like the work of a mightier power than
3462	DONATEMEMOIRS OF WILLIAM MILLER P.48-53 ~ 1853 SB• "Many occurrences served to weaken my confidence in the correctness ofdeistical principles. I was led frequently to compare this country to that ofthe children ofIsrael, before whom God drove out the inhabitants of theirland. It seemed to me that the Supreme Being mustinterests of this country in an especial manner, and delivered us from thehands of our enemies. I was particularly impressed with this view when Iwas in the battle of Plattsburgh, when, with 1500 regulars, and about 4000volunteers, we defeated the British, who were 15,000 strong; we being alsolukes the come see tient of the batte me with the our We do theas almost certain; and yet we were victorious. So surprising a result,against such odds, did seem to me like the work of a mightier power than
3468	DONATEMEMOIRS OF WILLIAM MILLER P.48-53 ~ 1853 SB• "Many occurrences served to weaken my confidence in the correctness ofdeistical principles. I was led frequently to compare this country to that ofthe children ofIsrael, before whom God drove out the inhabitants of theirland. It seemed to me that the Supreme Being must have watched over theinterests of this country in an especial manner, and delivered us from thehands of our enemies. I was particularly impressed with this view when Iwas in the battle of Plattsburgh, when, with 1500 regulars, and about 4000volunteers, we defeated the British, who were 15.000 strong; we being alsolukes the he sence tient if the earle men with the rot Wed of theas almost certain; and yet we were victorious. So surprising a result,against such odds, did seem to me like the work of a mightier power than
3474	DONATEMEMOIRS OF WILLIAM MILLER P.48-53 ~ 1853 SB• "Many occurrences served to weaken my confidence in the correctness ofdeistical principles. I was led frequently to compare this country to that ofthe children ofIsrael, before whom God drove out the inhabitants of theirland. It seemed to me that the Supreme Being mustinterests of this country in an especial manner, and delivered us from thewas in the battle of Plattsburgh, when, with 1500 regulars, and about 4000volunteers, we defeated the British, who were 15,000 strong; we being alsolukes the co the see tient of the atle me with the our he do theas almost certain; and yet we were victorious. So surprising a result,against such odds, did seem to me like the work of a mightier power than
3480	DONATEMEMOIRS OF WILLIAM MILLER P.48-53 ~ 1853 SB• "Many occurrences served to weaken my confidence in the correctness ofdeistical principles. I was led frequently to compare this country to that ofIsrael, before whom God drove out the inhabitants of theirland. It seemed to me that the Supreme Being mustinterests of this country in an especial manner, and delivered us from thewas in the battle of Plattsburgh, when, with 1500 regulars, and about 4000volunteers, we defeated the British, who were 15,000 strong; we being alsosuccessful, at the same time, inan engagement with the British fleet on theake, At the commencement of the battle, we looked unon our own detesas almost certain; and yet we were victorious. So surprising a result,against such odds, did seem to me like the work of a mightier power than
3486	DONATETHE YEARWITHOUT SUMMER:1816KILLIAX N"ICKES PRESENS• ЛІСКОГУ2 В ХГІДОУХУХ
3492	DONATETHE YEARWITHOUT SUMMER:1816•• XICEOLAHEROES AKEROS
3498	DONATETHE YEARWITHOUT SUMMER:1816KILLIAXA"ACRORE SAGLONEY"
3504	DONATETHE YEARWITHOUT SUMMER:1816ILLIAX K. KLINGAX,•* AICXOYZ B XIXOYXYX
3510	DONATETHE YEARWITHOUT SUMMER:1816"CARE FRERORES
3516	DONATETHE YEARWITHOUT SUMMER:1816
3522	DONATETHE YEARWITHOUT SUMMER:1816AND TAL TOLCANOCANE FIREAEngage With UsWrite your questions and comments in the chat!
3528	DONATETHE YEARWITHOUT SUMMER:1816AND TAL TOLCANOEngage With UsWrite your questions and comments in the chat!
3534	DONATE1816: THE YEAR WITHOUT A SUMMERALSO KNOWN AS "EIGHTEEN HUNDRED AND FROZE TO DEATH"• Every month of the year had a hard frost.• The Year Without A Summer had a far-reaching impact. Crop failures caused hoardingand bie price increases for acricultura commodities. People went nunery, Farmers cavy• On May 12, strong winds and Treczing temperatures from Canada Killed the buds on truetrees. Inch-thick ice formed on ponds and streams from Maine to Upstate New York. Bythe end of May, corn plants froze in central Maine-Jerome wrote in his autobiography that he walked to work that day in Plymouth, Con...wearing heavy woolen clothes, an overcoat and mittens
3540	DONATE1816: THE YEAR WITHOUT A SUMMERALSO KNOWN AS "EIGHTEEN HUNDRED AND FROZE TO DEATH"• Every month of the year had a hard frost.• The Year Without A Summer had a far-reaching impact. Crop failures caused hoardingand bie price increases for acricultura commodities. People went nunery, Farmers cavy• On May 12, strong winds and treczing temperatures from Canada Killed the buds on truetrees. Inch-thick ice formed on ponds and streams from Maine to Upstate New York. Bythe end of May, corn plants froze in central Maine.Jerome wrote in his autobiography that he walked to work that day in Plymouth, Con...rome wrote in his autevearing heavy woolen clothes, an overcoat and mittens
3546	DONATE1816: THE YEAR WITHOUT A SUMMERALSO KNOWN AS "EIGHTEEN HUNDRED AND FROZE TO DEATH"• Every month of the year had a hard frost.• The Year Without A Summer had a far-reaching impact. Crop failures caused hoardingand bie price increases tor acricultural commodities. People went nunery, Farmers cavyapore the melancholy plight of their constituents found themselves out of office• On May 12, Strong winds and treczing temperatures from Canada Killed the buds on truetrees. Inch-thick ice formed on ponds and streams from Maine to Upstate New York. Bythe end of May, corn plants froze in central MaineJerome wrote in his autobiography that he wiThe walked to work that day in Plymouth, Con...wearing heavy woolen clothes, an overcoat and mittens.
3552	DONATE1816: THE YEAR WITHOUT A SUMMERALSO KNOWN AS "EIGHTEEN HUNDRED AND FROZE TO DEATH"• Every month of the year had a hard frost.• The Year Without A Summer had a far-reaching impact. Crop failures caused hoardingand bie price increases tor acricultura commodities. People went nunery, Farmers cavyapore the melancholy plight of theil constituents found themselves out of office• On May 12, Strong winds and treczing temperatures from Canada Killed the buds on truerecs. Inch-thick ice formed on ponds and streams from Maine to Upstate New York. Byhe end of May, corn plants froze in central MaineJerome wrote in his autobiography that he wiThe walked to work that day in Plymouth, Con...wearing heavy woolen clothes, an overcoat and mittens.
3558	DONATE1816: THE YEAR WITHOUT A SUMMERALSO KNOWN AS "EIGHTEEN HUNDRED AND FROZE TO DEATH"• Every month of the year had a hard frost.• The Year Without A Summer had a far-reaching impact. Crop failures caused hoardingand bie price increases tor acricultura commodities. People went nunery, Farmers cavyapore the melancholy fight of their constituents found them selves out of office• On May 12, Strong wins and treczing temperatures from Canada Killed the buds on truetrees. Inch-thick ice formed on ponds and streams from Maine to Upstate New York. Bythe end of May, corn plants froze in central MaineJerome wrote in his autobiography that he walked to work that day in Plymouth, Con...wearing heavy wooden clothes, an overcoat and mittens.
3564	DONATE1816: THE YEAR WITHOUT A SUMMERALSO KNOWN AS "EIGHTEEN HUNDRED AND FROZE TO DEATH"• Every month of the year had a hard frost.• The Year Without A Summer had a far-reaching impact. Crop failures caused hoardingand bie price increases for acricultural commodities. People went nunery, Farmers cavy• On May 12, strong winds and Treczing temperatures from Canada Killed the buds on truetrees. Inch-thick ice formed on ponds and streams from Maine to Upstate New York. Byhe end of May, corn plants froze in central Maine.Jerome wrote in his autobiography that he walked to work that day in Plymouth, Con...wearing heavy woolen clothes, an overcoat and mittens,
3570	DONATE1816: THE YEAR WITHOUT A SUMMERALSO KNOWN AS "EIGHTEEN HUNDRED AND FROZE TO DEATH"• Every month of the year had a hard frost.• The Year Without A Summer had a far-reaching impact. Crop failures caused hoardingand bie price increases tor acricultura commodities. People went nunery, Farmers cavyapore the melancholy plight of their constituents found them selves out of office• On May 12, Strong winds and troczing temperatures from Canada Killed the buds on truetrees. Inch-thick ice formed on ponds and streams from Maine to Upstate New York. Bythe end of May, corn plants froze in central Mainehis autobiography that he walked to work that day in Plymouth, Con...wrarine heavy woolen clothes, an overcoat and mittens.
3576	DONATE1816: THE YEAR WITHOUT A SUMMERALSO KNOWN AS "EIGHTEEN HUNDRED AND FROZE TO DEATH"• Every month of the year had a hard frost.• The Year Without A Summer had a far-reaching impact. Crop failures caused hoardingand bie price increases for aericultura commodities. People went nunery, Farmers cavy• On May 12, strong winds and Treczing temperatures from Canada Killed the buds on truetrees. Inch-thick ice formed on ponds and streams from Maine to Upstate New York. Bythe end of May, corn plants froze in central Maine-Jerome wrote in his autobiography that he walked to work that day in Plymouth, Con...wearing heavy woolen clothes, an overcoat and mittens.
3582	DONATE1816: THE YEAR WITHOUT A SUMMERALSO KNOWN AS "EIGHTEEN HUNDRED AND FROZE TO DEATH"• Every month of the year had a hard frost.• The Year Without A Summer had a far-reaching impact. Crop failures caused hoardingand bie price increases tor aericultura commodities. People went nunery, Farmers cavyapore the melancholy plight of their constituents found themselves out of office• On May 12, Strong winds and Treczing temperatures from Canada Killed the buds on truetrees. Inch-thick ice formed on ponds and streams from Maine to Upstate New York. Bythe end of May, corn plants froze in central MaineJerome wrote in his autobiography that he walked to work that day in Plymouth, Con...wearing heavy woolen clothes, an overcoat and mittens.
3588	DONATE1816: THE YEAR WITHOUT A SUMMERALSO KNOWN AS "EIGHTEEN HUNDRED AND FROZE TO DEATH"• Every month of the year had a hard frost.• The Year Without A Summer had a far-reaching impact. Crop failures caused hoardingand bie price increases tor agricultura commodities. People went nunery, Farers cavyapore the melancholy plight of their constituents found them selves out of office• On May 12, Strong winds and Troczing temperatures from Canada Killed the buds on truetrocs. Inch-thick ice formed on ponds and streams from Maine to Upstate New York. Bythe end of May, corn plants froze in central MaineJerome wrote in his autobiography that he walked to work that day in Plymouth, Con...wearing heavy woolen clothes, an overcoat and mittens.
3594	DONATE1816: THE YEAR WITHOUT A SUMMERALSO KNOWN AS "EIGHTEEN HUNDRED AND FROZE TO DEATH"• Every month of the year had a hard frost.• The Year Without A Summer had a far-reaching impact. Crop failures caused hoardingand bie price increases tor agricultura commodities. People went nunery, Farmers cavyapore the melancholy plight of their constituents found them selves out of office• On May 12, Strong wins and treczing temperatures from Canada Killed the buds on truetrees. Inch-thick ice formed on ponds and streams from Maine to Upstate New York. Bythe end of May, corn plants froze in central MaineJerome wrote in his autobiography that he walked to work that day in Plymouth, Con...wearing heavy woolen clothes, an overcoat and mittens.
3600	DONATE1816: THE YEAR WITHOUT A SUMMERALSO KNOWN AS "EIGHTEEN HUNDRED AND FROZE TO DEATH"• Every month of the year had a hard frost.• The Year Without A Summer had a far-reaching impact. Crop failures caused hoardingand bie price increases tor acricultura commodities. People went nunery, Farmers cavyapore the melancholy plight of their constituents found themselves out of office• On May 12, Strong winds and Treczing temperatures from Canada Killed the buds on truerecs. Inch-thick ice formed on ponds and streams from Maine to Upstate New York. Byhe end of May, com plants froze in central MaineJerome wrote in his autobiography that he walked to work that day in Plymouth, Con...wearing heavy woolen clothes, an overcoat and mittens.
3606	DONATE1816: THE YEAR WITHOUT A SUMMERALSO KNOWN AS "EIGHTEEN HUNDRED AND FROZE TO DEATH"• Every month of the year had a hard frost.• The Year Without A Summer had a far-reaching impact. Crop failures caused hoardingand bie price increases tor acricultura commodities. People went nunery, Farmers cavyapore the melancholy plight of their constituents found themselves out of office• On May 12, strong winds and troczing temperatures from Canada Killed the buds on truetrees. Inch-thick ice formed on ponds and streams from Maine to Upstate New York. Bhe end of May, corn plants froze in central Maine.Jerome wrote in his autobiography that he walked to work that day in Plymouth, Con...wearing heavy woolen clothes, an overcoat and mittens.
3612	DONATE1816: THE YEAR WITHOUT A SUMMERALSO KNOWN AS "EIGHTEEN HUNDRED AND FROZE TO DEATH"• Every month of the year had a hard frost.• The Year Without A Summer had a far-reaching impact. Crop failures caused hoardingand bie price increases tor acricultura commodities. People went nunery, Farmers cavyapore the melancholy plight of their constituents found themselves out of office• On May 12, Strong winds and troczing temperatures from Canada Killed the buds on trutrecs. Inch-thick ice formed on ponds and streams from Maine to Upstate New York. Byhe end of May, corn plants froze in central MaineJerome wrote in his autobiography that he walked to work that day in Plymouth, Con...wearing heavy woolen clothes, an overcoat and mittens.
3618	DONATE1816: THE YEAR WITHOUT A SUMMERALSO KNOWN AS "EIGHTEEN HUNDRED AND FROZE TO DEATH"• Every month of the year had a hard frost.• The Year Without A Summer had a far-reaching impact. Crop failures caused hoardingand bie price increases tor acricultura commodities. People went nunery, Farmers cavyapore the melancholy plight of they constituents found themselves out of office• On May 12, strong winds and Troczing temperatures from Canada Killed the buds on truetrees. Inch-thick ice formed on ponds and streams from Maine to Upstate New York. Bhe end of May, corn plants froze in central Maine.Jerome wrote in his autobiography that he walked to work that day in Plymouth, Con...wearing heavy wooden clothes, an overcoat and mittens.
3624	
3630	
3636	
3642	
3648	DONATE
3654	
3660	DONATE
3666	
3672	DONATE
3678	
3684	DONATEMEMOIRS OF WILLIAM MILLER P.69 ~ 1853 SB• He then devoted himself to the prayerful reading of the Word.He laid aside all commentaries, and used the marginalreferences and his Concordance as his only helps. He saw thathe must distinguish between the Bible and all the peculiar andpartisan interpretations of it. The Bible was older than them all,must be above them all; and he placed it there. He saw that itmust correct all interpretations; and, in correcting them, its ownpure light would shine without the mists which traditionarybelief had involved it in.
3690	DONATEMEMOIRS OF WILLIAM MILLER P.69 ~ 1853 SB• He then devoted himself to the prayerful reading of the Word.He laid aside all commentaries, and used the marginalreferences and his Concordance as his only helps. He saw thathe must distinguish between the Bible and all the peculiar andpartisan interpretations of it. The Bible was older than them all,must be above them all; and he placed it there. He saw that itmust correct all interpretations; and, in correcting them, its ownpure light would shine without the mists which traditionarybeliet had involved it in.
3696	DONATEMEMOIRS OF WILLIAM MILLER P.69 ~ 1853 SB• He then devoted himself to the prayerful reading of the Word.He laid aside all commentaries, and used the marginalreferences and his Concordance as his only helps. He saw thathe must distinguish between the Bible and all the peculiar andpartisan interpretations of it. The Bible was older than them all,must be above them all; and he placed it there. He saw that itmust correct all interpretations; and, in correcting them, its ownpure light would shine without the mists which traditionarybeliet had involved it in.
3702	DONATEMEMOIRS OF WILLIAM MILLER P.69 ~ 1853 SB• He then devoted himself to the prayerful reading of the Word.He laid aside all commentaries, and used the marginalreferences and his Concordance as his only helps. He saw thathe must distinguish between the Bible and all the peculiar andpartisan interpretations of it. The Bible was older than them all,must be above them all; and he placed it there. He saw that itmust correct all interpretations; and, in correcting them, its ownpure light would shine without the mists which traditionarybeliet had involved it in.Study Notes Link in Comments!Check the comments for the link to download the study notes.
3708	DONATEMEMOIRS OF WILLIAM MILLER P.69 ~ 1853 SB• He then devoted himself to the prayerful reading of the Word.He laid aside all commentaries, and used the marginalreferences and his Concordance as his only helps. He saw thathe must distinguish between the Bible and all the peculiar andpartisan interpretations of it. The Bible was older than them all,must be above them all; and he placed it there. He saw that itmust correct all interpretations; and, in correcting them, its ownpure light would shine without the mists which traditionarybeliet had involved it in.Study Notes Link in Comments!Check the comments for the link to download the study notes.
3714	DONATEMEMOIRS OF WILLIAM MILLER P.69 ~ 1853 SB• He then devoted himself to the prayerful reading of the Word.He laid aside all commentaries, and used the marginalreferences and his Concordance as his only helps. He saw thathe must distinguish between the Bible and all the peculiar andpartisan interpretations of it. The Bible was older than them all,must be above them all; and he placed it there. He saw that itmust correct all interpretations; and, in correcting them, its ownpure light would shine without the mists which traditionarybeliet had involved it in.
3720	DONATEMEMOIRS OF WILLIAM MILLER P.69 ~ 1853 SB• He then devoted himself to the prayerful reading of the Word.He laid aside all commentaries, and used the marginalreferences and his Concordance as his only helps. He saw thathe must distinguish between the Bible and all the peculiar andpartisan interpretations of it. The Bible was older than them all,must be above them all; and he placed it there. He saw that itmust correct all interpretations; and, in correcting them, its ownpure light would shine without the mists which traditionarybeliet had involved it in.
3726	DONATEMEMOIRS OF WILLIAM MILLER P.69 ~ 1853 SB• He then devoted himself to the prayerful reading of the Word.He laid aside all commentaries, and used the marginalreferences and his Concordance as his only helps. He saw thathe must distinguish between the Bible and all the peculiar andpartisan interpretations of it. The Bible was older than them all,must be above them all; and he placed it there. He saw that itmust correct all interpretations; and, in correcting them, its ownpure light would shine without the mists which traditionarybeliet had involved it in.
3732	DONATEMEMOIRS OF WILLIAM MILLER P.69 ~ 1853 SB• He then devoted himself to the prayerful reading of the Word.He laid aside all commentaries, and used the marginalreferences and his Concordance as his only helps. He saw thathe must distinguish between the Bible and all the peculiar andpartisan interpretations of it. The Bible was older than them all,must be above them all; and he placed it there. He saw that itmust correct all interpretations; and, in correcting them, its ownpure light would shine without the mists which traditionarybeliet had involved it in.
3738	DONATEMEMOIRS OF WILLIAM MILLER P.69 ~ 1853 SB• He then devoted himself to the prayerful reading of the Word.He laid aside all commentaries, and used the marginalreferences and his Concordance as his only helps. He saw thathe must distinguish between the Bible and all the peculiar andpartisan interpretations of it. The Bible was older than them all,must be above them all; and he placed it there. He saw that itmust correct all interpretations; and, in correcting them, its ownpure light would shine without the mists which traditionarybeliet had involved it in.
3744	DONATEMEMOIRS OF WILLIAM MILLER P.69 ~ 1853 SB• He then devoted himself to the prayerful reading of the Word.He laid aside all commentaries, and used the marginalreferences and his Concordance as his only helps. He saw thathe must distinguish between the Bible and all the peculiar andpartisan interpretations of it. The Bible was older than them all,must be above them all; and he placed it there. He saw that itmust correct all interpretations; and, in correcting them, its ownpure light would shine without the mists which traditionarybeliet had involved it in.
3750	DONATEMEMOIRS OF WILLIAM MILLER P.69 ~ 1853 SB• He became puzzled only to be delighted, and delighted only topersevere the more in penetrating its beauties and mysteries. Hismanner of studying the Bible is thus described by himself:determined to lay aside all my prepossessions, to thoroughlycompare Scripture with Scripture, and to pursue its study in a regularand methodical manner. I commenced with Genesis, and read versey verse, proceeding no faster than the meaning of the severapassages should be so unfolded as to leave me free fromembarrassment respecting any mysticisms or contradictions.Whenever I found anything obscure, my practice was to compare itwith all collateral passages; and, by the help of Cruden, I examinedall the texts of Scripture in which were found any of the prominentwords contained in any obscure portion.Ann HanelThank you for thr resource.
3756	DONATEMEMOIRS OF WILLIAM MILLER P.69 ~ 1853 SB• He became puzzled only to be delighted, and delighted only topersevere the more the entrating its beauties and mysteries. Hismanner of studying the Bible is thus described by himself:determined to lay aside all my prepossessions, to thoroughlycompare Scripture with Scripture, and to pursue its study in a regularand methodical manner. I commenced with Genesis, and read verseby verse, proceeding no faster than the meaning of the severalpassages should be so unfolded as to leave me free fromembarrassment respecting any mysticisms or contradictions.Whenever I found anything obscure, my practice was to compare itwith all collateral passages; and, by the help of Cruden, I examinedall the texts of Scripture in which were found any of the prominentwords contained in any obscure portion.
3762	DONATEMEMOIRS OF WILLIAM MILLER P.69 ~ 1853 SB• He became puzzled only to be delighted, and delighted only topersevere the more in penetrating its beauties and mysteries. Hismanner of studying the Bible is thus described by himself:determined to lay aside all my prepossessions, to thoroughlycompare Scripture with Scripture, and to pursue its study in a regulasand methodical manner. I commenced with Genesis, and read versey verse, proceeding no faster than the meaning of the severapassages should be so unfolded as to leave me free fromembarrassment respecting any mysticisms or contradictions.Whenever I found anything obscure, my practice was to compare itwith all collateral passages; and, by the help of Cruden, I examinedall the texts of Scripture in which were found any of the prominentwords contained in any obscure portion.Jen HillAmazing Discoveries is teaching truth! Praise the Lord!
3768	DONATEMEMOIRS OF WILLIAM MILLER P.69 ~ 1853 SB• He became puzzled only to be delighted, and delighted only topersevere the more in penetrating its beauties and mysteries. Hismanner of studying the Bible is thus described by himself:determined to lay aside all my prepossessions, to thoroughlycompare Scripture with Scripture, and to pursue its study in a regularand methodical manner. I commenced with Genesis, and read verseby verse, proceeding no faster than the meaning of the severalpassages should be so unfolded as to leave me free fromembarrassment respecting any mysticisms or contradictions.Whenever I found anything obscure, my practice was to compare itwith all collateral passages; and, by the help of Cruden, I examinedall the texts of Scripture in which were found any of the prominentwords contained in any obscure portion.
3774	DONATEMEMOIRS OF WILLIAM MILLER P.69 ~ 1853 SB• He became puzzled only to be delighted, and delighted only toperseer of studying the Bible is thus described by himstri, Hisdetermined to lay aside all my prepossessions, to thoroughlycompare Scripture with Scripture, and to pursue its study in a regularand methodical manner. I commenced with Genesisand read verseby verse, proceeding no faster than the meaning of the severalpassages should be so unfolded as to leave me free fromembarrassment respecting any mysticisms or contradictions.Whenever I found anything obscure, my practice was to compare itwith all collateral passages; and, by the help of Cruden, I examinedall the texts of Scripture in which were found any of the prominentwords contained in any obscure portion.
3780	DONATEMEMOIRS OF WILLIAM MILLER P.69 ~ 1853 SB• Then, by letting every word have its proper bearing on thesubject of the text, if my view of it harmonized with everycollateral passage in the Bible, it ceased to be a difficulty. In thisway I pursued the study of the Bible, in my first perusal of it, forabout two years, and was fully satisfied that it is its owninterpreter.MMichelle SharpAmen! God bless amazing Discoveries
3786	DONATEMEMOIRS OF WILLIAM MILLER P.69 ~ 1853 SB• Then, by letting every word have its proper bearing on thesubject of the text, if my view of it harmonized with everycollateral passage in the Bible, it ceased to be a difficulty. In thisway I pursued the study of the Bible, in my first perusal of it, forabout two years, and was fully satisfied that it is its owninterpreter.
3792	DONATEMEMOIRS OF WILLIAM MILLER P.69 ~ 1853 SB• Then, by letting every word have its proper bearing on thesubject of the text, if my view of it harmonized with everycollateral passage in the Bible, it ceased to be a difficulty. In thisway I pursued the study of the Bible, in my first perusal of it, forabout two years, and was fully satisfied that it is its owninterpreter.Study Notes Link in Comments!Check the comments for the link to download the study notes.
3798	DONATEMEMOIRS OF WILLIAM MILLER P.69 ~ 1853 SB• Then, by letting every word have its proper bearing on thesubject of the text, if my view of it harmonized with everycollateral passage in the Bible, it ceased to be a difficulty. In thisway I pursued the study of the Bible, in my first perusal of it, forabout two years, and was fully satisfied that it is its owninterpreter.
3804	DONATEMEMOIRS OF WILLIAM MILLER P.69 ~ 1853 SB• Then, by letting every word have its proper bearing on thesubject of the text, if my view of it harmonized with everycollateral passage in the Bible, it ceased to be a difficulty. In thisway I pursued the study of the Bible, in my first perusal of it, forabout two years, and was fully satisfied that it is its owninterpreter.Anthony DeanePowerful! What a Mighty God we Serve!
3810	DONATEMEMOIRS OF WILLIAM MILLER P.69 ~ 1853 SB• Then, by letting every word have its proper bearing on thesubject of the text, if my view of it harmonized with everycollateral passage in the Bible, it ceased to be a difficulty. In thisway I pursued the study of the Bible, in my first perusal of it, forabout two years, and was fully satisfied that it is its owninterpreter.
3816	DONATEMEMOIRS OF WILLIAM MILLER P.69 ~ 1853 SB• Then, by letting every word have its proper bearing on thesubject of the text, if my view of it harmonized with everycollateral passage in the Bible, it ceased to be a difficulty. In thisway I pursued the study of the Bible, in my first perusal of it, forabout two years, and was fully satisfied that it is its owninterpreter.WynfeatherThat's Beautiful
3822	DONATEMEMOIRS OF WILLIAM MILLER P.69 ~ 1853 SB• Then, by letting every word have its proper bearing on thesubject of the text, if my view of it harmonized with everycollateral passage in the Bible, it ceased to be a difficulty. In thisway I pursued the study of the Bible, in my first perusal of it, forabout two years, and was fully satisfied that it is its owninterpreter.
3828	DONATEMEMOIRS OF WILLIAM MILLER P.69 ~ 1853 SB• Then, by letting every word have its proper bearing on thesubject of the text, if my view of it harmonized with everycollateral passage in the Bible, it ceased to be a difficulty. In thisway I pursued the study of the Bible, in my first perusal of it, forabout two years, and was fully satisfied that it is its owninterpreter.
3834	DONATEMEMOIRS OF WILLIAM MILLER P.69 ~ 1853 SB• Then, by letting every word have its proper bearing on thesubject of the text, if my view of it harmonized with everycollateral passage in the Bible, it ceased to be a difficulty. In thisway I pursued the study of the Bible, in my first perusal of it, forabout two years, and was fully satisfied that it is its owninterpreter.
3840	DONATEMEMOIRS OF WILLIAM MILLER P.69 ~ 1853 SB• Then, by letting every word have its proper bearing on thesubject of the text, if my view of it harmonized with everycollateral passage in the Bible, it ceased to be a difficulty. In thisway I pursued the study of the Bible, in my first perusal of it, forabout two years, and was fully satisfied that it is its owninterpreter.
3846	DONATEMEMOIRS OF WILLIAM MILLER P.69 ~ 1853 SB• Then, by letting every word have its proper bearing on thesubject of the text, if my view of it harmonized with everycollateral passage in the Bible, it ceased to be a difficulty. In thisway I pursued the study of the Bible, in my first perusal of it, forabout two years, and was fully satisfied that it is its owninterpreter.
3852	DONATEMEMOIRS OF WILLIAM MILLER P.69 ~ 1853 SB• Then, by letting every word have its proper bearing on thesubject of the text, if my view of it harmonized with everycollateral passage in the Bible, it ceased to be a difficulty. In thisway I pursued the study of the Bible, in my first perusal of it, forabout two years, and was fully satisfied that it is its owninterpreter.
3858	DONATEMEMOIRS OF WILLIAM MILLER P.69 ~ 1853 SB• Then, by letting every word have its proper bearing on thesubject of the text, if my view of it harmonized with everycollateral passage in the Bible, it ceased to be a difficulty. In thisway I pursued the study of the Bible, in my first perusal of it, forabout two years, and was fully satisfied that it is its owninterpreter.For Free Bookmarks Go To:bookmarks.amazingdiscoveries.org
3864	DONATEMEMOIRS OF WILLIAM MILLER P.69 ~ 1853 SB• Then, by letting every word have its proper bearing on thesubject of the text, if my view of it harmonized with everycollateral passage in the Bible, it ceased to be a difficulty. In thisway I pursued the study of the Bible, in my first perusal of it, forabout two years, and was fully satisfied that it is its owninterpreter.
3870	DONATEMEMOIRS OF WILLIAM MILLER P.69 ~ 1853 SB• Then, by letting every word have its proper bearing on thesubject of the text, if my view of it harmonized with everycollateral passage in the Bible, it ceased to be a difficulty. In thisway I pursued the study of the Bible, in my first perusal of it, forabout two years, and was fully satisfied that it is its owninterpreter.William Miller's RulesRule of InterpretationAlD
3876	DONATEMEMOIRS OF WILLIAM MILLER P.69 ~ 1853 SB• Then, by letting every word have its proper bearing on thesubject of the text, if my view of it harmonized with everycollateral passage in the Bible, it ceased to be a difficulty. In thisway I pursued the study of the Bible, in my first perusal of it, forabout two years, and was fully satisfied that it is its owninterpreter.William Miller's RulesRule of InterpretationD
3882	DONATEMEMOIRS OF WILLIAM MILLER P.69 ~ 1853 SB• I found that, by a comparison of Scripture with history, alltheprophecies, as far as they have been fulfilled, had beenfulfilled literally; that all the various figures, metaphorsparables, similitudes, etc., of the Bible, were either explained intheir immediate connection, or the terms in which they wereexpressed were defined in other portions of the word; and, whenthus explained, are to be literally understood in accordance withsuch explanation. I was thus satisfied that the Bible is a systemof revealed truths, so clearly and simply given that the'wayfaring man, though a fool, need not err therein.""
3888	DONATEMEMOIRS OF WILLIAM MILLER P.69 ~ 1853 SB• I found that, by a comparison of Scripture with history, allthe prophecies, as far as they have been fulfilled, had beenfulfilled literally; that all the various figures, metaphorsparables, similitudes, etc., of the Bible, were either explained intheir immediate connection, or the terms in which they wereexpressed were defined in other portions of the word; and, whenthus explained, are to be literally understood in accordance withsuch explanation. I was thus satisfied that the Bible is a systemof revealed truths, so clearly and simply given that the'wayfaring man, though a fool, need not err therein.""
3894	DONATEMEMOIRS OF WILLIAM MILLER P.69 ~ 1853 SB• I found that, by a comparison of Scripture with history, allthe prophecies, as far as they have been fulfilled, had beenfulfilled literally; that all the various figures, metaphorsparables, similitudes, etc., of the Bible, were either explained intheir immediate connection, or the terms in which they wereexpressed were defined in other portions of the word; and, whenthus explained, are to be literally understood in accordance withsuch explanation. I was thus satisfied that the Bible is a systemof revealed truths, so clearly and simply given that thewayfaring man, though a fool, need not err therein.
3900	DONATEMEMOIRS OF WILLIAM MILLER P.69 ~ 1853 SB• I found that, by a comparison of Scripture with history, allthe prophecies, as far as they have been fulfilled, had beenfulfilled literally; that all the various figures, metaphorsparables, similitudes, etc., of the Bible, were either explained intheir immediate connection, or the terms in which they wereexpressed were defined in other portions of the word; and, whenthus explained, are to be literally understood in accordance withsuch explanation. I was thus satisfied that the Bible is a systemof revealed truths, so clearly and simply given that thewayfaring man, though a fool, need not err therein."MacKenzie DrebitVice President
3906	DONATEMEMOIRS OF WILLIAM MILLER P.69 ~ 1853 SB• I found that, by a comparison of Scripture with history, allthe prophecies, as far as they have been fulfilled, had beenfulfilled literally; that all the various figures, metaphorsparables, similitudes, etc., of the Bible, were either explained intheir immediate connection, or the terms in which they wereexpressed were defined in other portions of the word; and, whenthus explained, are to be literally understood in accordance withsuch explanation. I was thus satisfied that the Bible is a systemof revealed truths, so clearly and simply given that the'wayfaring man, though a fool, need not err therein.""
3912	Someone scanned the OR codeDONATEMEMOIRS OF WILLIAM MILLER P.69 ~ 1853 SB• I found that, by a comparison of Scripture with history, allthe prophecies, as far as they have been fulfilled, had beenfulfilled literally; that all the various figures, metaphorsparables, similitudes, etc., of the Bible, were either explained intheir immediate connection, or the terms in which they wereexpressed were defined in other portions of the word; and, whenthus explained, are to be literally understood in accordance withsuch explanation. I was thus satisfied that the Bible is a systemof revealed truths, so clearly and simply given that the'wayfaring man, though a fool, need not err therein.
3918	Someone scanned the OR codeDONATEMEMOIRS OF WILLIAM MILLER P.69 ~ 1853 SB• I found that, by a comparison of Scripture with history, allthe prophecies, as far as they have been fulfilled, had beenfulfilled literally; that all the various figures, metaphorsparables, similitudes, etc., of the Bible, were either explained intheir immediate connection, or the terms in which they wereexpressed were defined in other portions of the word; and, whenthus explained, are to be literally understood in accordance withsuch explanation. I was thus satisfied that the Bible is a systemof revealed truths, so clearly and simply given that the'wayfaring man, though a fool, need not err therein.
3924	DONATEMEMOIRS OF WILLIAM MILLER P.69 ~ 1853 SB• I found that, by a comparison of Scripture with history, allthe prophecies, as far as they have been fulfilled, had beenfulfilled literally; that all the various figures, metaphorsparables, similitudes, etc., of the Bible, were either explained intheir immediate connection, or the terms in which they wereexpressed were defined in other portions of the word; and, whenthus explained, are to be literally understood in accordance withsuch explanation. I was thus satisfied that the Bible is a systemof revealed truths, so clearly and simply given that the'wayfaring man, though a fool, need not err therein.""
3930	DONATEMEMOIRS OF WILLIAM MILLER P.69 ~ 1853 SB• I found that, by a comparison of Scripture with history, allthe prophecies, as far as they have been fulfilled, had beenfulfilled literally; that all the various figures, metaphorsparables, similitudes, etc., of the Bible, were either explained intheir immediate connection, or the terms in which they wereexpressed were defined in other portions of the word; and, whenthus explained, are to be literally understood in accordance withsuch explanation. I was thus satisfied that the Bible is a systemof revealed truths, so clearly and simply given that thewayfaring man, though a fool, need not err therein.
3936	DONATEMEMOIRS OF WILLIAM MILLER P.69 ~ 1853 SB• I found that, by a comparison of Scripture with history, allthe prophecies, as far as they have been fulfilled, had beenfulfilled literally; that all the various figures, metaphorsparables, similitudes, etc., of the Bible, were either explained intheir immediate connection, or the terms in which they wereexpressed were defined in other portions of the word; and, whenthus explained, are to be literally understood in accordance withsuch explanation. I was thus satisfied that the Bible is a systemof revealed truths, so clearly and simply given that the'wayfaring man, though a fool, need not err therein.""
3942	DONATEMEMOIRS OF WILLIAM MILLER P.69 ~ 1853 SB• I found that, by a comparison of Scripture with history, allthe prophecies, as far as they have been fulfilled, had beenfulfilled literally; that all the various figures, metaphorsparables, similitudes, etc., of the Bible, were either explained intheir immediate connection, or the terms in which they wereexpressed were defined in other portions of the word; and, whenthus explained, are to be literally understood in accordance withsuch explanation. I was thus satisfied that the Bible is a systemof revealed truths, so clearly and simply given that the'wayfaring man, though a fool, need not err therein.
3948	DONATEMEMOIRS OF WILLIAM MILLER P.69 ~ 1853 SB• I found that, by a comparison of Scripture with history, allthe prophecies, as far as they have been fulfilled, had beenfulfilled literally; that all the various figures, metaphorsparables, similitudes, etc., of the Bible, were either explained intheir immediate connection, or the terms in which they wereexpressed were defined in other portions of the word; and, whenthus explained, are to be literally understood in accordance withsuch explanation. I was thus satisfied that the Bible is a systemof revealed truths, so clearly and simply given that thewayfaring man, though a fool, need not err therein.You can read Miller's Rules now on our siteSearch "William Miller" on our site
3954	DONATEMEMOIRS OF WILLIAM MILLER P.69 ~ 1853 SB• I found that, by a comparison of Scripture with history, allthe prophecies, as far as they have been fulfilled, had beenfulfilled literally; that all the various figures, metaphorsparables, similitudes, etc., of the Bible, were either explained intheir immediate connection, or the terms in which they wereexpressed were defined in other portions of the word; and, whenthus explained, are to be literally understood in accordance withsuch explanation. I was thus satisfied that the Bible is a systemof revealed truths, so clearly and simply given that thewayfaring man, though a fool, need not err therein.You can read Miller's Rules now on our siteSearch "William Miller" on our site
3960	DONATEMEMOIRS OF WILLIAM MILLER P.69 ~ 1853 SB• I found that, by a comparison of Scripture with history, allthe prophecies, as far as they have been fulfilled, had beenfulfilled literally; that all the various figures, metaphorsparables, similitudes, etc., of the Bible, were either explained intheir immediate connection, or the terms in which they wereexpressed were defined in other portions of the word; and, whenthus explained, are to be literally understood in accordance withsuch explanation. I was thus satisfied that the Bible is a systemof revealed truths, so clearly and simply given that thewayfaring man, though a fool, need not err therein.You can read Miller's Rules now on our siteSearch "William Miller" on our site
3966	DONATEMEMOIRS OF WILLIAM MILLER P.69 ~ 1853 SB• I found that, by a comparison of Scripture with history, allthe prophecies, as far as they have been fulfilled, had beenfulfilled literally; that all the various figures, metaphorsparables, similitudes, etc., of the Bible, were either explained intheir immediate connection, or the terms in which they wereexpressed were defined in other portions of the word; and, whenthus explained, are to be literally understood in accordance withsuch explanation. I was thus satisfied that the Bible is a systemof revealed truths, so clearly and simply given that the'wayfaring man, though a fool, need not err therein.""
3972	DONATEMEMOIRS OF WILLIAM MILLER P.69 ~ 1853 SB• I found that, by a comparison of Scripture with history, allthe prophecies, as far as they have been fulfilled, had beenfulfilled literally; that all the various figures, metaphorsparables, similitudes, etc., of the Bible, were either explained intheir immediate connection, or the terms in which they wereexpressed were defined in other portions of the word; and, whenthus explained, are to be literally understood in accordance withsuch explanation. I was thus satisfied that the Bible is a systemof revealed truths, so clearly and simply given that the'wayfaring man, though a fool, need not err therein.""
3978	DONATEMEMOIRS OF WILLIAM MILLER P.69 ~ 1853 SB• I found that, by a comparison of Scripture with history, allthe prophecies, as far as they have been fulfilled, had beenfulfilled literally; that all the various figures, metaphorsparables, similitudes, etc., of the Bible, were either explained intheir immediate connection, or the terms in which they wereexpressed were defined in other portions of the word; and, whenthus explained, are to be literally understood in accordance withsuch explanation. I was thus satisfied that the Bible is a systemof revealed truths, so clearly and simply given that thewayfaring man, though a fool, need not err therein.You can read Miller's Rules now on our siteSearch "William Miller" on our site amazingdiscoveries.org
3984	DONATEMEMOIRS OF WILLIAM MILLER P.69 ~ 1853 SB• I found that, by a comparison of Scripture with history, allthe prophecies, as far as they have been fulfilled, had beenfulfilled literally; that all the various figures, metaphorsparables, similitudes, etc., of the Bible, were either explained intheir immediate connection, or the terms in which they wereexpressed were defined in other portions of the word; and, whenthus explained, are to be literally understood in accordance withsuch explanation. I was thus satisfied that the Bible is a systemof revealed truths, so clearly and simply given that thewayfaring man, though a fool, need not err therein.You can read Miller's Rules now on our siteSearch "William Miller" on our site amazingdiscoveries.org
3990	DONATEMEMOIRS OF WILLIAM MILLER P.69 ~ 1853 SB• I found that, by a comparison of Scripture with history, allthe prophecies, as far as they have been fulfilled, had beenfulfilled literally; that all the various figures, metaphorsparables, similitudes, etc., of the Bible, were either explained intheir immediate connection, or the terms in which they wereexpressed were defined in other portions of the word; and, whenthus explained, are to be literally understood in accordance withsuch explanation. I was thus satisfied that the Bible is a systemof revealed truths, so clearly and simply given that the'wayfaring man, though a fool, need not err therein.""
3996	Someone scanned the OR codeDONATEMEMOIRS OF WILLIAM MILLER P.69 ~ 1853 SB• I found that, by a comparison of Scripture with history, allthe prophecies, as far as they have been fulfilled, had beenfulfilled literally; that all the various figures, metaphorsparables, similitudes, etc., of the Bible, were either explained intheir immediate connection, or the terms in which they wereexpressed were defined in other portions of the word; and, whenthus explained, are to be literally understood in accordance withsuch explanation. I was thus satisfied that the Bible is a systemof revealed truths, so clearly and simply given that thewayfaring man, though a fool, need not err therein.
4002	Someone scanned the OR codeDONATEMEMOIRS OF WILLIAM MILLER P.69 ~ 1853 SB• I found that, by a comparison of Scripture with history, allthe prophecies, as far as they have been fulfilled, had beenfulfilled literally; that all the various figures, metaphorsparables, similitudes, etc., of the Bible, were either explained intheir immediate connection, or the terms in which they wereexpressed were defined in other portions of the word; and, whenthus explained, are to be literally understood in accordance withsuch explanation. I was thus satisfied that the Bible is a systemof revealed truths, so clearly and simply given that thewayfaring man, though a fool, need not err therein.Study more about "when is the time of the end?"Find the article in our Read section
4008	DONATEMEMOIRS OF WILLIAM MILLER P.69 ~ 1853 SB• I found that, by a comparison of Scripture with history, allthe prophecies, as far as they have been fulfilled, had beenfulfilled literally; that all the various figures, metaphors.parables, similitudes, etc., of the Bible, were either explained intheir immediate connection, or the terms in which they wereexpressed were defined in other portions of the word; and, whenthus explained, are to be literally understood in accordance withsuch explanation. I was thus satisfied that the Bible is a systemof revealed truths, so clearly and simply given that thewayfaring man, though a fool, need not err therein.Study more about "when is the time of the end?"Find the article in our Read section
4014	DONATEMEMOIRS OF WILLIAM MILLER P.69 ~ 1853 SB• I found that, by a comparison of Scripture with history, allthe prophecies, as far as they have been fulfilled, had beenfulfilled literally; that all the various figures, metaphorsparables, similitudes, etc., of the Bible, were either explained intheir immediate connection, or the terms in which they wereexpressed were defined in other portions of the word; and, whenthus explained, are to be literally understood in accordance withsuch explanation. I was thus satisfied that the Bible is a systemof revealed truths, so clearly and simply given that the'wayfaring man, though a fool, need not err therein.
4020	DONATEMEMOIRS OF WILLIAM MILLER P.69 ~ 1853 SB• I found that, by a comparison of Scripture with history, allthe prophecies, as far as they have been fulfilled, had beenfulfilled literally; that all the various figures, metaphorsparables, similitudes, etc., of the Bible, were either explained intheir immediate connection, or the terms in which they wereexpressed were defined in other portions of the word; and, whenthus explained, are to be literally understood in accordance withsuch explanation. I was thus satisfied that the Bible is a systemof revealed truths, so clearly and simply given that the'wayfaring man, though a fool, need not err therein.""
4026	DONATEMEMOIRS OF WILLIAM MILLER P.69 ~ 1853 SB• I found that, by a comparison of Scripture with history, allthe prophecies, as far as they have been fulfilled, had beenfulfilled literally; that all the various figures, metaphorsparables, similitudes, etc., of the Bible, were either explained intheir immediate connection, or the terms in which they wereexpressed were defined in other portions of the word; and, whenthus explained, are to be literally understood in accordance withsuch explanation. I was thus satisfied that the Bible is a systemof revealed truths, so clearly and simply given that thewayfaring man, though a fool, need not err therein."
4032	DONATEMEMOIRS OF WILLIAM MILLER P.69 ~ 1853 SB• I found that, by a comparison of Scripture with history, allthe prophecies, as far as they have been fulfilled, had beenfulfilled literally; that all the various figures, metaphorsparables, similitudes, etc., of the Bible, were either explained intheir immediate connection, or the terms in which they wereexpressed were defined in other portions of the word; and, whenthus explained, are to be literally understood in accordance withsuch explanation. I was thus satisfied that the Bible is a systemof revealed truths, so clearly and simply given that the'wayfaring man, though a fool, need not err therein.""
4038	DONATEMEMOIRS OF WILLIAM MILLER P.69 ~ 1853 SB• I found that, by a comparison of Scripture with history, allthe prophecies, as far as they have been fulfilled, had beenfulfilled literally; that all the various figures, metaphorsparables, similitudes, etc., of the Bible, were either explained intheir immediate connection, or the terms in which they wereexpressed were defined in other portions of the word; and, whenthus explained, are to be literally understood in accordance withsuch explanation. I was thus satisfied that the Bible is a systemof revealed truths, so clearly and simply given that the'wayfaring man, though a fool, need not err therein.MYRLANDE RICHARDSON@Amazing Discoveries I love the faithful humble spirit of Miller
4044	DONATEMEMOIRS OF WILLIAM MILLER P.69 ~ 1853 SB• I found that, by a comparison of Scripture with history, allthe prophecies, as far as they have been fulfilled, had beenfulfilled literally; that all the various figures, metaphorsparables, similitudes, etc., of the Bible, were either explained intheir immediate connection, or the terms in which they wereexpressed were defined in other portions of the word; and, whenthus explained, are to be literally understood in accordance withsuch explanation. I was thus satisfied that the Bible is a systemof revealed truths, so clearly and simply given that the'wayfaring man, though a fool, need not err therein.""
4050	DONATEMEMOIRS OF WILLIAM MILLER P.69 ~ 1853 SB• I found that, by a comparison of Scripture with history, allthe prophecies, as far as they have been fulfilled, had beenfulfilled literally; that all the various figures, metaphorsparables, similitudes, etc., of the Bible, were either explained intheir immediate connection, or the terms in which they wereexpressed were defined in other portions of the word; and, whenthus explained, are to be literally understood in accordance withsuch explanation. I was thus satisfied that the Bible is a systemof revealed truths, so clearly and simply given that the'wayfaring man, though a fool, need not err therein.""
4056	DONATEMEMOIRS OF WILLIAM MILLER P.69 ~ 1853 SB• I found that, by a comparison of Scripture with history, allthe prophecies, as far as they have been fulfilled, had beenfulfilled literally; that all the various figures, metaphorsparables, similitudes, etc., of the Bible, were either explained intheir immediate connection, or the terms in which they wereexpressed were defined in other portions of the word; and, whenthus explained, are to be literally understood in accordance withsuch explanation. I was thus satisfied that the Bible is a systemof revealed truths, so clearly and simply given that the'wayfaring man, though a fool, need not err therein.""
4062	DONATEMEMOIRS OF WILLIAM MILLER P.69 ~ 1853 SB• I found that, by a comparison of Scripture with history, allthe prophecies, as far as they have been fulfilled, had beenfulfilled literally; that all the various figures, metaphorsparables, similitudes, etc., of the Bible, were either explained intheir immediate connection, or the terms in which they wereexpressed were defined in other portions of the word; and, whenthus explained, are to be literally understood in accordance withsuch explanation. I was thus satisfied that the Bible is a systemof revealed truths, so clearly and simply given that thewayfaring man, though a fool, need not err therein."
4068	DONATEEARLY WRITINGS P.229.1• God sent His angel to move upon the heart of a farmer who hadnot believed the Bible, to lead him to search the prophecies.Angels of God repeatedly visited that chosen one, to guide hismind and open to his understanding prophecies which had everbeen dark to God's people. The commencement of the chainof truth was given to him, and he was led on to search for linkafter link, until he looked with wonder and admiration upon theWord of God.
4074	DONATEEARLY WRITINGS P.229.1• God sent His angel to move upon the heart of a farmer who hadnot believed the Bible, to lead him to search the prophecies.Angels of God repeatedly visited that chosen one, to guide hismind and open to his understanding prophecies which had everbeen dark to God's people. The commencement of the chainof truth was given to him, and he was led on to search for linkafter link, until he looked with wonder and admiration upon theWord of God.
4080	DONATEEARLY WRITINGS P.229.1• God sent His angel to move upon the heart of a farmer who hadnot believed the Bible, to lead him to search the prophecies.Angels of God repeatedly visited that chosen one, to guide hismind and open to his understanding prophecies which had everbeen dark to God's people. The commencement of the chainof truth was given to him, and he was led on to search for linkafter link, until he looked with wonder and admiration upon theWord of God.
4086	DONATEEARLY WRITINGS P.229.1• God sent His angel to move upon the heart of a farmer who hadnot believed the Bible, to lead him to search the prophecies.Angels of God repeatedly visited that chosen one, to guide hismind and open to his understanding prophecies which had everbeen dark to God's people. The commencement of the chainof truth was given to him, and he was led on to search for linkafter link, until he looked with wonder and admiration upon theWord of God.
4092	DONATEEARLY WRITINGS P.229.1• God sent His angel to move upon the heart of a farmer who hadnot believed the Bible, to lead him to search the prophecies.Angels of God repeatedly visited that chosen one, to guide hismind and open to his understanding prophecies which had everbeen dark to God's people. The commencement of the chainof truth was given to him, and he was led on to search for linkafter link, until he looked with wonder and admiration upon theWord of God.
4098	DONATEEARLY WRITINGS P.229.1• God sent His angel to move upon the heart of a farmer who hadnot believed the Bible, to lead him to search the prophecies.Angels of God repeatedly visited that chosen one, to guide hismind and open to his understanding prophecies which had everbeen dark to God's people. The commencement of the chainof truth was given to him, and he was led on to search for linkafter link, until he looked with wonder and admiration upon theWord of God.
4104	DONATEEARLY WRITINGS P.229.1• God sent His angel to move upon the heart of a farmer who hadnot believed the Bible, to lead him to search the prophecies.Angels of God repeatedly visited that chosen one, to guide hismind and open to his understanding prophecies which had everbeen dark to God's people. The commencement of the chainof truth was given to him, and he was led on to search for linkafter link, until he looked with wonder and admiration upon theWord of God.
4110	DONATEEARLY WRITINGS P.229.1• God sent His angel to move upon the heart of a farmer who hadnot believed the Bible, to lead him to search the prophecies.Angels of God repeatedly visited that chosen one, to guide hismind and open to his understanding prophecies which had everbeen dark to God's people. The commencement of the chainof truth was given to him, and he was led on to search for linkafter link, until he looked with wonder and admiration upon theWord of God.
4116	DONATEEARLY WRITINGS P.229.1• God sent His angel to move upon the heart of a farmer who hadnot believed the Bible, to lead him to search the prophecies.Angels of God repeatedly visited that chosen one, to guide hismind and open to his understanding prophecies which had everbeen dark to God's people. The commencement of the chainof truth was given to him, and he was led on to search for linkafter link, until he looked with wonder and admiration upon theWord of God.
4122	DONATEEARLY WRITINGS P.229.1• God sent His angel to move upon the heart of a farmer who hadnot believed the Bible, to lead him to search the prophecies.Angels of God repeatedly visited that chosen one, to guide hismind and open to his understanding prophecies which had everbeen dark to God's people. The commencement of the chainof truth was given to him, and he was led on to search for linkafter link, until he looked with wonder and admiration upon theWord of God.
4128	DONATEEARLY WRITINGS P.229.1• God sent His angel to move upon the heart of a farmer who hadnot believed the Bible, to lead him to search the prophecies.Angels of God repeatedly visited that chosen one, to guide hismind and open to his understanding prophecies which had everbeen dark to God's people. The commencement of the chainof truth was given to him, and he was led on to search for linkafter link, until he looked with wonder and admiration upon theWord of God.
4134	DONATEEARLY WRITINGS P.229.1• God sent His angel to move upon the heart of a farmer who hadnot believed the Bible, to lead him to search the prophecies.Angels of God repeatedly visited that chosen one, to guide hismind and open to his understanding prophecies which had everbeen dark to God's people. The commencement of the chainof truth was given to him, and he was led on to search for linkafter link, until he looked with wonder and admiration upon theWord of God.Engage With UsWrite your questions and comments in the chat!
4140	DONATEEARLY WRITINGS P.229.1• God sent His angel to move upon the heart of a farmer who hadnot believed the Bible, to lead him to search the prophecies.Angels of God repeatedly visited that chosen one, to guide hismind and open to his understanding prophecies which had everbeen dark to God's people. The commencement of the chainof truth was given to him, and he was led on to search for linkafter link, until he looked with wonder and admiration upon theWord of God.Engage With UsWrite your questions and comments in the chat!
4146	DONATEEARLY WRITINGS P.229.1• God sent His angel to move upon the heart of a farmer who hadnot believed the Bible, to lead him to search the prophecies.Angels of God repeatedly visited that chosen one, to guide hismind and open to his understanding prophecies which had everbeen dark to God's people. The commencement of the chainof truth was given to him, and he was led on to search for linkafter link, until he looked with wonder and admiration upon theWord of God.
4152	DONATEEARLY WRITINGS P.229.1• God sent His angel to move upon the heart of a farmer who hadnot believed the Bible, to lead him to search the prophecies.Angels of God repeatedly visited that chosen one, to guide hismind and open to his understanding prophecies which had everbeen dark to God's people. The commencement of the chainof truth was given to him, and he was led on to search for linkafter link, until he looked with wonder and admiration upon theWord of God.
4158	DONATEEARLY WRITINGS P.229.1• God sent His angel to move upon the heart of a farmer who hadnot believed the Bible, to lead him to search the prophecies.Angels of God repeatedly visited that chosen one, to guide hismind and open to his understanding prophecies which had everbeen dark to God's people. The commencement of the chainof truth was given to him, and he was led on to search for linkafter link, until he looked with wonder and admiration upon theWord of God.Check out last week's studyGo to judgmentdaydocumentary.com
4164	DONATEEARLY WRITINGS P.229.1• God sent His angel to move upon the heart of a farmer who hadnot believed the Bible, to lead him to search the prophecies.Angels of God repeatedly visited that chosen one, to guide hismind and open to his understanding prophecies which had everbeen dark to God's people. The commencement of the chainof truth was given to him, and he was led on to search for linkafter link, until he looked with wonder and admiration upon theWord of God.
4170	DONATEEARLY WRITINGS P.229.1• God sent His angel to move upon the heart of a farmer who hadnot believed the Bible, to lead him to search the prophecies.Angels of God repeatedly visited that chosen one, to guide hismind and open to his understanding prophecies which had everbeen dark to God's people. The commencement of the chainof truth was given to him, and he was led on to search for linkafter link, until he looked with wonder and admiration upon theWord of God.
4176	DONATEMEMOIRS OF WILLIAM MILLER P.69 ~ 1853 SB• He resolved to lay aside all preconceived opinions, and toreceive, with child-like simplicity, the natural and obviousmeaning of Scripture. He pursued the study of the Bible with themost intense interest, - whole nights, as well as days, beingdevoted to that object. At times delighted with truth, whichshone forth from the sacred volume, making clear to hisunderstanding the great plan of God for the redemption of fallenman; and at times puzzled and almost distracted by seeminglyinexplicable or contradictory passages, he persevered, until theapplication of his great principle of interpretation wastriumphant.
4182	DONATEMEMOIRS OF WILLIAM MILLER P.69 ~ 1853 SB• He resolved to lay aside all preconceived opinions, and toreceive, with child-like simplicity, the natural and obviousmeaning of Scripture. He pursued the study of the Bible with themost intense interest, - whole nights, as well as days, beingdevoted to that object. At times delighted with truth, whichshone forth from the sacred volume, making clear to hisunderstanding the great plan of God for the redemption of fallenman; and at times puzzled and almost distracted by seeminglyinexplicable or contradictory passages, he persevered, until theapplication of his great principle of interpretation wastriumphant.
4188	DONATEMEMOIRS OF WILLIAM MILLER P.69 ~ 1853 SB• He resolved to lay aside all preconceived opinions, and toreceive, with child-like simplicity, the natural and obviousmeaning of Scripture. He pursued the study of the Bible with themost intense interest, - whole nights, as well as days, beingdevoted to that object. At times delighted with truth, whichshone forth from the sacred volume, making clear to hisunderstanding the great plan of God for the redemption of fallenman; and at times puzzled and almost distracted by seeminglyinexplicable or contradictory passages, he persevered, until theapplication of his great principle of interpretation wastriumphant.
4194	DONATEMEMOIRS OF WILLIAM MILLER P.69 ~ 1853 SB• He resolved to lay aside all preconceived opinions, and toreceive, with child-like simplicity, the natural and obviousmeaning of Scripture. He pursued the study of the Bible with themost intense interest, - whole nights, as well as days, beingdevoted to that object. At times delighted with truth, whichshone forth from the sacred volume, making clear to hisunderstanding the great plan of God for the redemption of fallenman; and at times puzzled and almost distracted by seeminglyinexplicable or contradictory passages, he persevered, until theapplication of his great principle of interpretation wastriumphant.
4200	DONATEMEMOIRS OF WILLIAM MILLER P.69 ~ 1853 SB• He resolved to lay aside all preconceived opinions, and toreceive, with child-like simplicity, the natural and obviousmeaning of Scripture. He pursued the study of the Bible with themost intense interest, - whole nights, as well as days, beingdevoted to that object. At times delighted with truth, whichshone forth from the sacred volume, making clear to hisunderstanding the great plan of God for the redemption of fallenman; and at times puzzled and almost distracted by seeminglyinexplicable or contradictory passages, he persevered, until theapplication of his great principle of interpretation wastriumphant.
4206	DONATEMEMOIRS OF WILLIAM MILLER P.69 ~ 1853 SB• He resolved to lay aside all preconceived opinions, and toreceive, with child-like simplicity, the natural and obviousmeaning of Scripture. He pursued the study of the Bible with themost intense interest, - whole nights, as well as days, beingdevoted to that object. At times delighted with truth, whichshone forth from the sacred volume, making clear to hisunderstanding the great plan of God for the redemption of fallenman; and at times puzzled and almost distracted by seeminglyinexplicable or contradictory passages, he persevered, until theapplication of his great principle of interpretation wastriumphant.
4212	DONATEMEMOIRS OF WILLIAM MILLER P.69 ~ 1853 SB• He resolved to lay aside all preconceived opinions, and toreceive, with child-like simplicity, the natural and obviousmeaning of Scripture. He pursued the study of the Bible with themost intense interest, - whole nights, as well as days, beingdevoted to that object. At times delighted with truth, whichshone forth from the sacred volume, making clear to hisunderstanding the great plan of God for the redemption of fallenman; and at times puzzled and almost distracted by seeminglyinexplicable or contradictory passages, he persevered, until theapplication of his great principle of interpretation wastriumphant.
4218	DONATEMEMOIRS OF WILLIAM MILLER P.69 ~ 1853 SB• He resolved to lay aside all preconceived opinions, and toreceive, with child-like simplicity, the natural and obviousmeaning of Scripture. He pursued the study of the Bible with themost intense interest, - whole nights, as well as days, beingdevoted to that object. At times delighted with truth, whichshone forth from the sacred volume, making clear to hisunderstanding the great plan of God for the redemption of fallenman; and at times puzzled and almost distracted by seeminglyinexplicable or contradictory passages, he persevered, until theapplication of his great principle of interpretation wastriumphant.
4224	DONATEMEMOIRS OF WILLIAM MILLER P.69 ~ 1853 SB• He resolved to lay aside all preconceived opinions, and toreceive, with child-like simplicity, the natural and obviousmeaning of Scripture. He pursued the study of the Bible with themost intense interest, - whole nights, as well as days, beingdevoted to that object. At times delighted with truth, whichshone forth from the sacred volume, making clear to hisunderstanding the great plan of God for the redemption of fallenman; and at times puzzled and almost distracted by seeminglyinexplicable or contradictory passages, he persevered, until theapplication of his great principle of interpretation wastriumphant.
4230	DONATEMEMOIRS OF WILLIAM MILLER P.69 ~ 1853 SB• He resolved to lay aside all preconceived opinions, and toreceive, with child-like simplicity, the natural and obviousmeaning of Scripture. He pursued the study of the Bible with themost intense interest, - whole nights, as well as days, beingdevoted to that object. At times delighted with truth, whichshone forth from the sacred volume, making clear to hisunderstanding the great plan of God for the redemption of fallenman; and at times puzzled and almost distracted by seeminglyinexplicable or contradictory passages, he persevered, until theapplication of his great principle of interpretation wastriumphant.
4236	DONATEMEMOIRS OF WILLIAM MILLER P.69 ~ 1853 SB• He resolved to lay aside all preconceived opinions, and toreceive, with child-like simplicity, the natural and obviousmeaning of Scripture. He pursued the study of the Bible with themost intense interest, - whole nights, as well as days, beingdevoted to that object. At times delighted with truth, whichshone forth from the sacred volume, making clear to hisunderstanding the great plan of God for the redemption of fallenman; and at times puzzled and almost distracted by seeminglyinexplicable or contradictory passages, he persevered, until theapplication of his great principle of interpretation wastriumphant.
4242	DONATEMEMOIRS OF WILLIAM MILLER P.69 ~ 1853 SB• He resolved to lay aside all preconceived opinions, and toreceive, with child-like simplicity, the natural and obviousmeaning of Scripture. He pursued the study of the Bible with themost intense interest, - whole nights, as well as days, beingdevoted to that object. At times delighted with truth, whichshone forth from the sacred volume, making clear to hisunderstanding the great plan of God for the redemption of fallenman; and at times puzzled and almost distracted by seeminglyinexplicable or contradictory passages, he persevered, until theapplication of his great principle of interpretation wastriumphant.
4248	DONATEMEMOIRS OF WILLIAM MILLER P.69 ~ 1853 SB• He resolved to lay aside all preconceived opinions, and toreceive, with child-like simplicity, the natural and obviousmeaning of Scripture. He pursued the study of the Bible with themost intense interest, - whole nights, as well as days, beingdevoted to that object. At times delighted with truth, whichshone forth from the sacred volume, making clear to hisunderstanding the great plan of God for the redemption of fallenman; and at times puzzled and almost distracted by seeminglyinexplicable or contradictory passages, he persevered, until theapplication of his great principle of interpretation wastriumphant.
4254	DONATEMEMOIRS OF WILLIAM MILLER P.69 ~ 1853 SB• He resolved to lay aside all preconceived opinions, and toreceive, with child-like simplicity, the natural and obviousmeaning of Scripture. He pursued the study of the Bible with themost intense interest, - whole nights, as well as days, beingdevoted to that object. At times delighted with truth, whichshone forth from the sacred volume, making clear to hisunderstanding the great plan of God for the redemption of fallenman; and at times puzzled and almost distracted by seeminglyinexplicable or contradictory passages, he persevered, until theapplication of his great principle of interpretation wastriumphant.
4260	DONATEMEMOIRS OF WILLIAM MILLER P.72 ~ 1853 SB"While thus studying the Scriptures," - continuing the words ofhis own narrative, -I became satisfied, if the prophecies whichhave been fulfilled in the past are any criterion by which tojudge of the manner of the fulfilment of those which are future,that the popular views of the spiritual reign of Christ - atemporal millennium before the end of the world, and the Jews'return - are not sustained by the word of God; for I found thatall the Scriptures on which those favorite theories are based areas clearly expressed as are those that were literally fulfilled atthe first advent, or at any other period in the past.
4266	DONATEMEMOIRS OF WILLIAM MILLER P.72 ~ 1853 SB"While thus studying the Scriptures," - continuing the words ofhis own narrative, -I became satisfied, if the prophecies whichhave been fulfilled in the past are any criterion by which tojudge of the manner of the fulfilment of those which are future,that the popular views of the spiritual reign of Christ - atemporal millennium before the end of the world, and the Jews'return - are not sustained by the word of God; for I found thatall the Scriptures on which those favorite theories are based areas clearly expressed as are those that were literally fulfilled atthe first advent, or at any other period in the past.
4272	DONATEMEMOIRS OF WILLIAM MILLER P.72 ~ 1853 SB"While thus studying the Scriptures," - continuing the words ofhis own narrative, -I became satisfied, if the prophecies whichhave been fulfilled in the past are any criterion by which tojudge of the manner of the fulfilment of those which are future,that the popular views of the spiritual reign of Christ - atemporal millennium before the end of the world, and the Jews'return - are not sustained by the word of God; for I found thatall the Scriptures on which those favorite theories are based areas clearly expressed as are those that were literally fulfilled atthe first advent, or at any other period in the past.
4278	DONATEMEMOIRS OF WILLIAM MILLER P.72 ~ 1853 SB"While thus studying the Scriptures," - continuing the words ofhis own narrative, -I became satisfied, if the prophecies whichhave been fulfilled in the past are any criterion by which tojudge of the manner of the fulfilment of those which are future,that the popular views of the spiritual reign of Christ - atemporal millennium before the end of the world, and the Jews'return - are not sustained by the word of God; for I found thatall the Scriptures on which those favorite theories are based areas clearly expressed as are those that were literally fulfilled atthe first advent, or at any other period in the past.Christine HalbaschThank you, Mackenzie for making this soooo easy and understandable! Miller's rules are veryhelpful!! 5
4284	DONATEMEMOIRS OF WILLIAM MILLER P.72 ~ 1853 SB"While thus studying the Scriptures," - continuing the words ofhis own narrative, -I became satisfied, if the prophecies whichhave been fulfilled in the past are any criterion by which tojudge of the manner of the fulfilment of those which are future,that the popular views of the spiritual reign of Christ - atemporal millennium before the end of the world, and the Jews'return - are not sustained by the word of God; for I found thatall the Scriptures on which those favorite theories are based areas clearly expressed as are those that were literally fulfilled atthe first advent, or at any other period in the past.
4290	DONATEMEMOIRS OF WILLIAM MILLER P.72 ~ 1853 SB"While thus studying the Scriptures," - continuing the words ofhis own narrative, -I became satisfied, if the prophecies whichhave been fulfilled in the past are any criterion by which tojudge of the manner of the fulfilment of those which are future,that the popular views of the spiritual reign of Christ - atemporal millennium before the end of the world, and the Jews'return - are not sustained by the word of God; for I found thatall the Scriptures on which those favorite theories are based areas clearly expressed as are those that were literally fulfilled atthe first advent, or at any other period in the past.
4296	DONATEMEMOIRS OF WILLIAM MILLER P.72 ~ 1853 SB"While thus studying the Scriptures," - continuing the words ofhis own narrative, -I became satisfied, if the prophecies whichhave been fulfilled in the past are any criterion by which tojudge of the manner of the fulfilment of those which are future,that the popular views of the spiritual reign of Christ - atemporal millennium before the end of the world, and the Jews'return - are not sustained by the word of God; for I found thatall the Scriptures on which those favorite theories are based areas clearly expressed as are those that were literally fulfilled atthe first advent, or at any other period in the past.
4302	DONATEMEMOIRS OF WILLIAM MILLER P.72 ~ 1853 SB"While thus studying the Scriptures," - continuing the words ofhis own narrative, -I became satisfied, if the prophecies whichhave been fulfilled in the past are any criterion by which tojudge of the manner of the fulfilment of those which are future,that the popular views of the spiritual reign of Christ - atemporal millennium before the end of the world, and the Jews'return - are not sustained by the word of God; for I found thatall the Scriptures on which those favorite theories are based areas clearly expressed as are those that were literally fulfilled atthe first advent, or at any other period in the past.
4308	Someone scanned the OR codeDONATEMEMOIRS OF WILLIAM MILLER P.72 ~ 1853 SB"While thus studying the Scriptures," - continuing the words ofhis own narrative, -I became satisfied, if the prophecies whichhave been fulfilled in the past are any criterion by which tojudge of the manner of the fulfilment of those which are future,that the popular views of the spiritual reign of Christ - atemporal millennium before the end of the world, and the Jews'return - are not sustained by the word of God; for I found thatall the Scriptures on which those favorite theories are based areas clearly expressed as are those that were literally fulfilled atthe first advent, or at any other period in the past.
4314	DONATEMEMOIRS OF WILLIAM MILLER P.72 ~ 1853 SB"While thus studying the Scriptures," - continuing the words ofhis own narrative, -I became satisfied, if the prophecies whichhave been fulfilled in the past are any criterion by which tojudge of the manner of the fulfilment of those which are future,that the popular views of the spiritual reign of Christ - atemporal millennium before the end of the world, and the Jews'return - are not sustained by the word of God; for I found thatall the Scriptures on which those favorite theories are based areas clearly expressed as are those that were literally fulfilled atthe first advent, or at any other period in the past.Study Notes Link in Comments!Check the comments for the link to download the study notes.
4320	DONATEMEMOIRS OF WILLIAM MILLER P.72 ~ 1853 SB"While thus studying the Scriptures," - continuing the words ofhis own narrative, -I became satisfied, if the prophecies whichhave been fulfilled in the past are any criterion by which tojudge of the manner of the fulfilment of those which are future,that the popular views of the spiritual reign of Christ - atemporal millennium before the end of the world, and the Jews'return - are not sustained by the word of God; for I found thatall the Scriptures on which those favorite theories are based areas clearly expressed as are those that were literally fulfilled atthe first advent, or at any other period in the past.
4326	DONATEMEMOIRS OF WILLIAM MILLER P.72 ~ 1853 SB"While thus studying the Scriptures," - continuing the words ofhis own narrative, -I became satisfied, if the prophecies whichhave been fulfilled in the past are any criterion by which tojudge of the manner of the fulfilment of those which are future,that the popular views of the spiritual reign of Christ - atemporal millennium before the end of the world, and the Jews'return - are not sustained by the word of God; for I found thatall the Scriptures on which those favorite theories are based areas clearly expressed as are those that were literally fulfilled atthe first advent, or at any other period in the past.
4332	DONATEMEMOIRS OF WILLIAM MILLER P.72 ~ 1853 SB"While thus studying the Scriptures," - continuing the words ofhis own narrative, -I became satisfied, if the prophecies whichhave been fulfilled in the past are any criterion by which tojudge of the manner of the fulfilment of those which are future,that the popular views of the spiritual reign of Christ - atemporal millennium before the end of the world, and the Jews'return - are not sustained by the word of God; for I found thatall the Scriptures on which those favorite theories are based areas clearly expressed as are those that were literally fulfilled atthe first advent, or at any other period in the past.Engage With UsWrite your questions and comments in the chat!
4338	DONATEMEMOIRS OF WILLIAM MILLER P.72 ~ 1853 SB"While thus studying the Scriptures," - continuing the words ofhis own narrative, -I became satisfied, if the prophecies whichhave been fulfilled in the past are any criterion by which tojudge of the manner of the fulfilment of those which are future,that the popular views of the spiritual reign of Christ - atemporal millennium before the end of the world, and the Jews'return - are not sustained by the word of God; for I found thatall the Scriptures on which those favorite theories are based areas clearly expressed as are those that were literally fulfilled atthe first advent, or at any other period in the past.
4344	DONATEMEMOIRS OF WILLIAM MILLER P.72 ~ 1853 SB"While thus studying the Scriptures," - continuing the words ofhis own narrative, -I became satisfied, if the prophecies whichhave been fulfilled in the past are any criterion by which tojudge of the manner of the fulfilment of those which are future,that the popular views of the spiritual reign of Christ - atemporal millennium before the end of the world, and the Jews'return - are not sustained by the word of God; for I found thatall the Scriptures on which those favorite theories are based areas clearly expressed as are those that were literally fulfilled atthe first advent, or at any other period in the past.
4350	DONATEMEMOIRS OF WILLIAM MILLER P.72 ~ 1853 SB"While thus studying the Scriptures," - continuing the words ofhis own narrative, -I became satisfied, if the prophecies whichhave been fulfilled in the past are any criterion by which tojudge of the manner of the fulfilment of those which are future,that the popular views of the spiritual reign of Christ - atemporal millennium before the end of the world, and the Jews'return - are not sustained by the word of God; for I found thatall the Scriptures on which those favorite theories are based areas clearly expressed as are those that were literally fulfilled atthe first advent, or at any other period in the past.
4356	Someone scanned the OR codeDONATEMEMOIRS OF WILLIAM MILLER P.72 ~ 1853 SB"While thus studying the Scriptures," - continuing the words ofhis own narrative, -I became satisfied, if the prophecies whichhave been fulfilled in the past are any criterion by which tojudge of the manner of the fulfilment of those which are future,that the popular views of the spiritual reign of Christ - atemporal millennium before the end of the world, and the Jews'return - are not sustained by the word of God; for I found thatall the Scriptures on which those favorite theories are based areas clearly expressed as are those that were literally fulfilled atthe first advent, or at any other period in the past.
4362	Someone scanned the OR codeDONATEMEMOIRS OF WILLIAM MILLER P.72 ~ 1853 SB"While thus studying the Scriptures," - continuing the words ofhis own narrative, -I became satisfied, if the prophecies whichhave been fulfilled in the past are any criterion by which tojudge of the manner of the fulfilment of those which are future,that the popular views of the spiritual reign of Christ - atemporal millennium before the end of the world, and the Jews'return - are not sustained by the word of God; for I found thatall the Scriptures on which those favorite theories are based areas clearly expressed as are those that were literally fulfilled atthe first advent, or at any other period in the past.Check out last week's studyGo to judgmentdaydocumentary.com
4368	DONATEMEMOIRS OF WILLIAM MILLER P.72 ~ 1853 SB"While thus studying the Scriptures," - continuing the words ofhis own narrative, -I became satisfied, if the prophecies whichhave been fulfilled in the past are any criterion by which tojudge of the manner of the fulfilment of those which are future,that the popular views of the spiritual reign of Christ - atemporal millennium before the end of the world, and the Jews'return - are not sustained by the word of God; for I found thatall the Scriptures on which those favorite theories are based areas clearly expressed as are those that were literally fulfilled atthe first advent, or at any other period in the past.Check out last week's studyGo to judgmentdaydocumentary.com
4374	DONATEMEMOIRS OF WILLIAM MILLER P.72 ~ 1853 SB"While thus studying the Scriptures," - continuing the words ofhis own narrative, -I became satisfied, if the prophecies whichhave been fulfilled in the past are any criterion by which tojudge of the manner of the fulfilment of those which are future,that the popular views of the spiritual reign of Christ - atemporal millennium before the end of the world, and the Jews'return - are not sustained by the word of God; for I found thatall the Scriptures on which those favorite theories are based areas clearly expressed as are those that were literally fulfilled atthe first advent, or at any other period in the past.
4380	DONATEMEMOIRS OF WILLIAM MILLER P.72 ~ 1853 SB"While thus studying the Scriptures," - continuing the words ofhis own narrative, -I became satisfied, if the prophecies whichhave been fulfilled in the past are any criterion by which tojudge of the manner of the fulfilment of those which are future,that the popular views of the spiritual reign of Christ - atemporal millennium before the end of the world, and the Jews'return - are not sustained by the word of God; for I found thatall the Scriptures on which those favorite theories are based areas clearly expressed as are those that were literally fulfilled atthe first advent, or at any other period in the past.
4386	DONATEMEMOIRS OF WILLIAM MILLER P.72 ~ 1853 SB"While thus studying the Scriptures," - continuing the words ofhis own narrative, -I became satisfied, if the prophecies whichhave been fulfilled in the past are any criterion by which tojudge of the manner of the fulfilment of those which are future,that the popular views of the spiritual reign of Christ - atemporal millennium before the end of the world, and the Jews'return - are not sustained by the word of God; for I found thatall the Scriptures on which those favorite theories are based areas clearly expressed as are those that were literally fulfilled atthe first advent, or at any other period in the past.
4392	DONATEMEMOIRS OF WILLIAM MILLER P.72 ~ 1853 SB"While thus studying the Scriptures," - continuing the words ofhis own narrative, -I became satisfied, if the prophecies whichhave been fulfilled in the past are any criterion by which tojudge of the manner of the fulfilment of those which are future,that the popular views of the spiritual reign of Christ - atemporal millennium before the end of the world, and the Jews'return - are not sustained by the word of God; for I found thatall the Scriptures on which those favorite theories are based areas clearly expressed as are those that were literally fulfilled atthe first advent, or at any other period in the past.
4398	DONATEMEMOIRS OF WILLIAM MILLER P.72 ~ 1853 SB• "While thus studying the Scriptures," - continuing the words ofhis own narrative, -I became satisfied, if the prophecies whichhave been fulfilled in the past are any criterion by which tojudge of the manner of the fulfilment of those which are future,that the popular views of the spiritual reign of Christ - atemporal millennium before the end of the world, and the Jews'return - are not sustained by the word of God; for I found thatall the Scriptures on which those favorite theories are based areas clearly expressed as are those that were literally fulfilled atthe first advent, or at any other period in the past.
4404	DONATEMEMOIRS OF WILLIAM MILLER P.75.2 ~ 1853 SB• "I, therefore, felt that, in endeavoring to comprehend what Godhad in his mercy seen fit to reveal to us, I had no right to passover the prophetic periods. I saw that, as the events predicted tobe fulfilled in prophetic days had been extended over about asmany literal years; as God, in Num.14:34, and Ezek.4:4-6, hadappointed each day for a year;...
4410	DONATEMEMOIRS OF WILLIAM MILLER P.75.2 ~ 1853 SB• "I, therefore, felt that, in endeavoring to comprehend what Godhad in his mercy seen fit to reveal to us, I had no right to passover the prophetic periods. I saw that, as the events predicted tobe fulfilled in prophetic days had been extended over about asmany literal years; as God, in Num.14:34, and Ezek.4:4-6, hadappointed each day for a year;...MacKenzie DrebitVice President
4416	DONATEMEMOIRS OF WILLIAM MILLER P.75.2 ~ 1853 SB• "I, therefore, felt that, in endeavoring to comprehend what Godhad in his mercy seen fit to reveal to us, I had no right to passover the prophetic periods. I saw that, as the events predicted tobe fulfilled in prophetic days had been extended over about asmany literal years; as God, in Num.14:34, and Ezek.4:4-6, hadappointed each day for a year;...
4422	DONATEMEMOIRS OF WILLIAM MILLER P.75.2 ~ 1853 SB• "I, therefore, felt that, in endeavoring to comprehend what Godhad in his mercy seen fit to reveal to us, I had no right to passover the prophetic periods. I saw that, as the events predicted tobe fulfilled in prophetic days had been extended over about asmany literal years; as God, in Num.14:34, and Ezek.4:4-6, hadappointed each day for a year;...Write your answers in the chat!
4428	DONATEMEMOIRS OF WILLIAM MILLER P.75.2 ~ 1853 SB• "I, therefore, felt that, in endeavoring to comprehend what Godhad in his mercy seen fit to reveal to us, I had no right to passover the prophetic periods. I saw that, as the events predicted tobe fulfilled in prophetic days had been extended over about asmany literal years; as God, in Num.14:34, and Ezek.4:4-6, hadappointed each day for a year;...
4434	DONATEMEMOIRS OF WILLIAM MILLER P.75.2 ~ 1853 SB• "I, therefore, felt that, in endeavoring to comprehend what Godhad in his mercy seen fit to reveal to us, I had no right to passover the prophetic periods. I saw that, as the events predicted tobe fulfilled in prophetic days had been extended over about asmany literal years; as God, in Num.14:34, and Ezek.4:4-6, hadappointed each day for a year;...
4440	DONATEMEMOIRS OF WILLIAM MILLER P.75.2 ~ 1853 SB• "I, therefore, felt that, in endeavoring to comprehend what Godhad in his mercy seen fit to reveal to us, I had no right to passover the prophetic periods. I saw that, as the events predicted tobe fulfilled in prophetic days had been extended over about asmany literal years; as God, in Num.14:34, and Ezek.4:4-6, hadappointed each day for a year;...
4446	DONATEMEMOIRS OF WILLIAM MILLER P.75.2 ~ 1853 SB• "I, therefore, felt that, in endeavoring to comprehend what Godhad in his mercy seen fit to reveal to us, I had no right to passover the prophetic periods. I saw that, as the events predicted tobe fulfilled in prophetic days had been extended over about asmany literal years; as God, in Num.14:34, and Ezek.4:4-6, hadappointed each day for a year;...
4452	DONATEMEMOIRS OF WILLIAM MILLER P.75.2 ~ 1853 SB• "I, therefore, felt that, in endeavoring to comprehend what Godhad in his mercy seen fit to reveal to us, I had no right to passover the prophetic periods. I saw that, as the events predicted tobe fulfilled in prophetic days had been extended over about asmany literal years; as God, in Num.14:34, and Ezek.4:4-6, hadappointed each day for a year;...
4458	DONATEMEMOIRS OF WILLIAM MILLER P.75.2 ~ 1853 SB• "I, therefore, felt that, in endeavoring to comprehend what Godhad in his mercy seen fit to reveal to us, I had no right to passover the prophetic periods. I saw that, as the events predicted tobe fulfilled in prophetic days had been extended over about asmany literal years; as God, in Num.14:34, and Ezek.4:4-6, hadappointed each day for a year;...
4464	DONATEMEMOIRS OF WILLIAM MILLER P.75.2 ~ 1853 SB• "I, therefore, felt that, in endeavoring to comprehend what Godhad in his mercy seen fit to reveal to us, I had no right to passover the prophetic periods. I saw that, as the events predicted tobe fulfilled in prophetic days had been extended over about asmany literal years; as God, in Num.14:34, and Ezek.4:4-6, hadappointed each day for a year;...
4470	DONATEMEMOIRS OF WILLIAM MILLER P.75.2 ~ 1853 SB• "I, therefore, felt that, in endeavoring to comprehend what Godhad in his mercy seen fit to reveal to us, I had no right to passover the prophetic periods. I saw that, as the events predicted tobe fulfilled in prophetic days had been extended over about asmany literal years; as God, in Num.14:34, and Ezek.4:4-6, hadappointed each day for a year;...
4476	DONATEMEMOIRS OF WILLIAM MILLER P.75.2 ~ 1853 SB• "I, therefore, felt that, in endeavoring to comprehend what Godhad in his mercy seen fit to reveal to us, I had no right to passover the prophetic periods. I saw that, as the events predicted tobe fulfilled in prophetic days had been extended over about asmany literal years; as God, in Num.14:34, and Ezek.4:4-6, hadappointed each day for a year;...
4482	DONATEMEMOIRS OF WILLIAM MILLER P.75.2 ~ 1853 SB• "I, therefore, felt that, in endeavoring to comprehend what Godhad in his mercy seen fit to reveal to us, I had no right to passover the prophetic periods. I saw that, as the events predicted tobe fulfilled in prophetic days had been extended over about asmany literal years; as God, in Num.14:34, and Ezek.4:4-6, hadappointed each day for a year;...
4488	DONATEMEMOIRS OF WILLIAM MILLER P.75.2 ~ 1853 SB• "I, therefore, felt that, in endeavoring to comprehend what Godhad in his mercy seen fit to reveal to us, I had no right to passover the prophetic periods. I saw that, as the events predicted tobe fulfilled in prophetic days had been extended over about asmany literal years; as God, in Num.14:34, and Ezek.4:4-6, hadappointed each day for a year;...
4494	DONATEMEMOIRS OF WILLIAM MILLER P.75.2 ~ 1853 SB• "I, therefore, felt that, in endeavoring to comprehend what Godhad in his mercy seen fit to reveal to us, I had no right to passover the prophetic periods. I saw that, as the events predicted tobe fulfilled in prophetic days had been extended over about asmany literal years; as God, in Num.14:34, and Ezek.4:4-6, hadappointed each day for a year;...
4500	DONATEMEMOIRS OF WILLIAM MILLER P.75.2 ~ 1853 SB• "I, therefore, felt that, in endeavoring to comprehend what Godhad in his mercy seen fit to reveal to us, I had no right to passover the prophetic periods. I saw that, as the events predicted tobe fulfilled in prophetic days had been extended over about asmany literal years; as God, in Num.14:34, and Ezek.4:4-6, hadappointed each day for a year;...
4506	DONATEMEMOIRS OF WILLIAM MILLER P.75.2 ~ 1853 SB• "I, therefore, felt that, in endeavoring to comprehend what Godhad in his mercy seen fit to reveal to us, I had no right to passover the prophetic periods. I saw that, as the events predicted tobe fulfilled in prophetic days had been extended over about asmany literal years; as God, in Num.14:34, and Ezek.4:4-6, hadappointed each day for a year;...
4512	DONATEMEMOIRS OF WILLIAM MILLER P.75.2 ~ 1853 SB• "I, therefore, felt that, in endeavoring to comprehend what Godhad in his mercy seen fit to reveal to us, I had no right to passover the prophetic periods. I saw that, as the events predicted tobe fulfilled in prophetic days had been extended over about asmany literal years; as God, in Num.14:34, and Ezek.4:4-6, hadappointed each day for a year;...MYRLANDE RICHARDSONIn the Revelation all the books of the Bible meet and end. AA 585.1
4518	DONATEMEMOIRS OF WILLIAM MILLER P.75.2 ~ 1853 SB• "I, therefore, felt that, in endeavoring to comprehend what Godhad in his mercy seen fit to reveal to us, I had no right to passover the prophetic periods. I saw that, as the events predicted tobe fulfilled in prophetic days had been extended over about asmany literal years; as God, in Num.14:34, and Ezek.4:4-6, hadappointed each day for a year;...MYRLANDE RICHARDSONIn the Revelation all the books of the Bible meet and end. AA 585.1
4524	DONATEMEMOIRS OF WILLIAM MILLER P.75.2 ~ 1853 SB• "I, therefore, felt that, in endeavoring to comprehend what Godhad in his mercy seen fit to reveal to us, I had no right to passover the prophetic periods. I saw that, as the events predicted tobe fulfilled in prophetic days had been extended over about asmany literal years; as God, in Num.14:34, and Ezek.4:4-6, hadappointed each day for a year;...MYRLANDE RICHARDSONIn the Revelation all the books of the Bible meet and end. AA 585.1
4530	DONATENUMBERS 14:34• 34 After the number of the days in which ye searchedthe land, even forty days, each day for a year, shall yebear your iniquities, even forty years, and ye shall knowmy breach of promise.
4536	DONATENUMBERS 14:34• 34 After the number of the days in which ye searchedthe land, even forty days, each day for a year, shall yebear your iniquities, even forty years, and ye shall knowmy breach of promise.
4542	DONATEEZEKIEL 4:6• 6 And when thou hast accomplished them, lie again onthy right side, and thou shalt bear the iniquity of thehouse of Judah forty days: I have appointed thee eachday for a year.
4548	DONATEEZEKIEL 4:6• 6 And when thou hast accomplished them, lie again onthy right side, and thou shalt bear the iniquity of thehouse of Judah forty days: I have appointed thee eachday for a year.
4554	DONATENUMBERS 14:34• 34 After the number of the days in which ye searchedthe land, even forty days, each day for a year, shall yebear your iniquities, even forty years, and ye shall knowmy breach of promise.
4560	DONATEEZEKIEL 4:6• 6 And when thou hast accomplished them, lie again onthy right side, and thou shalt bear the iniquity of thehouse of Judah forty days: I have appointed thee eachday for a year.
4566	DONATEEZEKIEL 4:6• 6 And when thou hast accomplished them, lie again onthy right side, and thou shalt bear the iniquity of thehouse of Judah forty days: I have appointed thee eachday for a year.
4572	DONATERH OCTOBER 9, 1883, PAR.3 P. 13• Observe system in the study of the Scriptures in your families.Neglect anything of a temporal nature, dispense with allunnecessary sewing, and with needless provision for the table,but be sure that the soul is fed with the bread of life. It isimpossible to estimate the good results of one hour or even halfan hour each day devoted in a cheerful, social manner to theword of God. Make the Bible its own expositor, bringingtogether all that is said concerning a given subject at differenttimes and under varied circumstances.
4578	DONATERH OCTOBER 9, 1883, PAR.3 P. 13• Observe system in the study of the Scriptures in your families.Neglect anything of a temporal nature, dispense with allunnecessary sewing, and with needless provision for the table,but be sure that the soul is fed with the bread of life. It isimpossible to estimate the good results of one hour or even halfan hour each day devoted in a cheerful, social manner to theword of God. Make the Bible its own expositor, bringingtogether all that is said concerning a given subject at differenttimes and under varied circumstances.
4584	DONATERH OCTOBER 9, 1883, PAR.3 P.13• Observe system in the study of the Scriptures in your families.Neglect anything of a temporal nature, dispense with allunnecessary sewing, and with needless provision for the table,but be sure that the soul is fed with the bread of life. It isimpossible to estimate the good results of one hour or even halfan hour each day devoted in a cheerful, social manner to theword of God. Make the Bible its own expositor, bringingtogether all that is said concerning a given subject at differenttimes and under varied circumstances.
4590	DONATERH OCTOBER 9, 1883, PAR.3 P. 13• Observe system in the study of the Scriptures in your families.Neglect anything of a temporal nature, dispense with allunnecessary sewing, and with needless provision for the table,but be sure that the soul is fed with the bread of life. It isimpossible to estimate the good results of one hour or even halfan hour each day devoted in a cheerful, social manner to theword of God. Make the Bible its own expositor, bringingtogether all that is said concerning a given subject at differenttimes and under varied circumstances.
4596	DONATERH OCTOBER 9, 1883, PAR.3 P. 13• Observe system in the study of the Scriptures in your families.Neglect anything of a temporal nature, dispense with allunnecessary sewing, and with needless provision for the table,but be sure that the soul is fed with the bread of life. It isimpossible to estimate the good results of one hour or even halfan hour each day devoted in a cheerful, social manner to theword of God. Make the Bible its own expositor, bringingtogether all that is said concerning a given subject at differenttimes and under varied circumstances.
4602	DONATERH OCTOBER 9, 1883, PAR.3 P. 13• Observe system in the study of the Scriptures in your families.Neglect anything of a temporal nature, dispense with allunnecessary sewing, and with needless provision for the table,but be sure that the soul is fed with the bread of life. It isimpossible to estimate the good results of one hour or even halfan hour each day devoted in a cheerful, social manner to theword of God. Make the Bible its own expositor, bringingtogether all that is said concerning a given subject at differenttimes and under varied circumstances.
4608	DONATERH OCTOBER 9, 1883, PAR.3 P. 13• Observe system in the study of the Scriptures in your families.Neglect anything of a temporal nature, dispense with allunnecessary sewing, and with needless provision for the table,but be sure that the soul is fed with the bread of life. It isimpossible to estimate the good results of one hour or even halfan hour each day devoted in a cheerful, social manner to theword of God. Make the Bible its own expositor, bringingtogether all that is said concerning a given subject at differenttimes and under varied circumstances.
4614	DONATERH OCTOBER 9, 1883, PAR.3 P. 13• Observe system in the study of the Scriptures in your families.Neglect anything of a temporal nature, dispense with allunnecessary sewing, and with needless provision for the table,but be sure that the soul is fed with the bread of life. It isimpossible to estimate the good results of one hour or even halfan hour each day devoted in a cheerful, social manner to theword of God. Make the Bible its own expositor, bringingtogether all that is said concerning a given subject at differenttimes and under varied circumstances.
4620	DONATERH OCTOBER 9, 1883, PAR.3 P. 13• Observe system in the study of the Scriptures in your families.Neglect anything of a temporal nature, dispense with allunnecessary sewing, and with needless provision for the table,but be sure that the soul is fed with the bread of life. It isimpossible to estimate the good results of one hour or even halfan hour each day devoted in a cheerful, social manner to theword of God. Make the Bible its own expositor, bringingtogether all that is said concerning a given subject at differenttimes and under varied circumstances.
4626	DONATERH OCTOBER 9, 1883, PAR.3 P. 13• Observe system in the study of the Scriptures in your families.Neglect anything of a temporal nature, dispense with allunnecessary sewing, and with needless provision for the table,but be sure that the soul is fed with the bread of life. It isimpossible to estimate the good results of one hour or even halfan hour each day devoted in a cheerful, social manner to theword of God. Make the Bible its own expositor, bringingtogether all that is said concerning a given subject at differenttimes and under varied circumstances.Learn more about the day for a year principleCheck out our website: amazingdiscoveries.org
4632	DONATERH OCTOBER 9, 1883, PAR.3 P. 13• Observe system in the study of the Scriptures in your families.Neglect anything of a temporal nature, dispense with allunnecessary sewing, and with needless provision for the table,but be sure that the soul is fed with the bread of life. It isimpossible to estimate the good results of one hour or even halfan hour each day devoted in a cheerful, social manner to theword of God. Make the Bible its own expositor, bringingtogether all that is said concerning a given subject at differenttimes and under varied circumstances.Learn more about the day for a year principleCheck out our website: amazingdiscoveries.org
4638	DONATERH OCTOBER 9, 1883, PAR.3 P. 13• Observe system in the study of the Scriptures in your families.Neglect anything of a temporal nature, dispense with allunnecessary sewing, and with needless provision for the table,but be sure that the soul is fed with the bread of life. It isimpossible to estimate the good results of one hour or even halfan hour each day devoted in a cheerful, social manner to theword of God. Make the Bible its own expositor, bringingtogether all that is said concerning a given subject at differenttimes and under varied circumstances.Learn more about the day for a year principleCheck out our website: amazingdiscoveries.org
4644	DONATERH OCTOBER 9, 1883, PAR.3 P. 13• Observe system in the study of the Scriptures in your families.Neglect anything of a temporal nature, dispense with allunnecessary sewing, and with needless provision for the table,but be sure that the soul is fed with the bread of life. It isimpossible to estimate the good results of one hour or even halfan hour each day devoted in a cheerful, social manner to theword of God. Make the Bible its own expositor, bringingtogether all that is said concerning a given subject at differenttimes and under varied circumstances.
4650	DONATERH OCTOBER 9, 1883, PAR.3 P. 13• Observe system in the study of the Scriptures in your families.Neglect anything of a temporal nature, dispense with allunnecessary sewing, and with needless provision for the table,but be sure that the soul is fed with the bread of life. It isimpossible to estimate the good results of one hour or even halfan hour each day devoted in a cheerful, social manner to theword of God. Make the Bible its own expositor, bringingtogether all that is said concerning a given subject at differenttimes and under varied circumstances.
4656	DONATERH OCTOBER 9, 1883, PAR.3 P. 13• Observe system in the study of the Scriptures in your families.Neglect anything of a temporal nature, dispense with allunnecessary sewing, and with needless provision for the table,but be sure that the soul is fed with the bread of life. It isimpossible to estimate the good results of one hour or even halfan hour each day devoted in a cheerful, social manner to theword of God. Make the Bible its own expositor, bringingtogether all that is said concerning a given subject at differenttimes and under varied circumstances.
4662	DONATERH OCTOBER 9, 1883, PAR.3 P. 13• Observe system in the study of the Scriptures in your families.Neglect anything of a temporal nature, dispense with allunnecessary sewing, and with needless provision for the table,but be sure that the soul is fed with the bread of life. It isimpossible to estimate the good results of one hour or even halfan hour each day devoted in a cheerful, social manner to theword of God. Make the Bible its own expositor, bringingtogether all that is said concerning a given subject at differenttimes and under varied circumstances.
4668	DONATERH OCTOBER 9, 1883, PAR.3 P. 13• Observe system in the study of the Scriptures in your families.Neglect anything of a temporal nature, dispense with allunnecessary sewing, and with needless provision for the table,but be sure that the soul is fed with the bread of life. It isimpossible to estimate the good results of one hour or even halfan hour each day devoted in a cheerful, social manner to theword of God. Make the Bible its own expositor, bringingtogether all that is said concerning a given subject at differenttimes and under varied circumstances.
4674	DONATERH OCTOBER 9, 1883, PAR.3 P. 13• Observe system in the study of the Scriptures in your families.Neglect anything of a temporal nature, dispense with allunnecessary sewing, and with needless provision for the table,but be sure that the soul is fed with the bread of life. It isimpossible to estimate the good results of one hour or even halfan hour each day devoted in a cheerful, social manner to theword of God. Make the Bible its own expositor, bringingtogether all that is said concerning a given subject at differenttimes and under varied circumstances.
4680	DONATERH OCTOBER 9, 1883, PAR.3 P. 13• Observe system in the study of the Scriptures in your families.Neglect anything of a temporal nature, dispense with allunnecessary sewing, and with needless provision for the table,but be sure that the soul is fed with the bread of life. It isimpossible to estimate the good results of one hour or even halfan hour each day devoted in a cheerful, social manner to theword of God. Make the Bible its own expositor, bringingtogether all that is said concerning a given subject at differenttimes and under varied circumstances.
4686	DONATERH OCTOBER 9, 1883, PAR.3 P. 13• Observe system in the study of the Scriptures in your families.Neglect anything of a temporal nature, dispense with allunnecessary sewing, and with needless provision for the table,but be sure that the soul is fed with the bread of life. It isimpossible to estimate the good results of one hour or even halfan hour each day devoted in a cheerful, social manner to theword of God. Make the Bible its own expositor, bringingtogether all that is said concerning a given subject at differenttimes and under varied circumstances.
4692	DONATERH OCTOBER 9, 1883, PAR.3 P. 13• Observe system in the study of the Scriptures in your families.Neglect anything of a temporal nature, dispense with allunnecessary sewing, and with needless provision for the table,but be sure that the soul is fed with the bread of life. It isimpossible to estimate the good results of one hour or even halfan hour each day devoted in a cheerful, social manner to theword of God. Make the Bible its own expositor, bringingtogether all that is said concerning a given subject at differenttimes and under varied circumstances.
4698	DONATERH OCTOBER 9, 1883, PAR.3 P. 13• Observe system in the study of the Scriptures in your families.Neglect anything of a temporal nature, dispense with allunnecessary sewing, and with needless provision for the table,but be sure that the soul is fed with the bread of life. It isimpossible to estimate the good results of one hour or even halfan hour each day devoted in a cheerful, social manner to theword of God. Make the Bible its own expositor, bringingtogether all that is said concerning a given subject at differenttimes and under varied circumstances.
4704	DONATERH OCTOBER 9, 1883, PAR.3 P. 13• Observe system in the study of the Scriptures in your families.Neglect anything of a temporal nature, dispense with allunnecessary sewing, and with needless provision for the table,but be sure that the soul is fed with the bread of life. It isimpossible to estimate the good results of one hour or even halfan hour each day devoted in a cheerful, social manner to theword of God. Make the Bible its own expositor, bringingtogether all that is said concerning a given subject at differenttimes and under varied circumstances.
4710	DONATERH OCTOBER 9, 1883, PAR.3 P. 13• Observe system in the study of the Scriptures in your families.Neglect anything of a temporal nature, dispense with allunnecessary sewing, and with needless provision for the table,but be sure that the soul is fed with the bread of life. It isimpossible to estimate the good results of one hour or even halfan hour each day devoted in a cheerful, social manner to theword of God. Make the Bible its own expositor, bringingtogether all that is said concerning a given subject at differenttimes and under varied circumstances.
4716	DONATERH OCTOBER 9, 1883, PAR.3 P. 13• Observe system in the study of the Scriptures in your families.Neglect anything of a temporal nature, dispense with allunnecessary sewing, and with needless provision for the table,but be sure that the soul is fed with the bread of life. It isimpossible to estimate the good results of one hour or even halfan hour each day devoted in a cheerful, social manner to theword of God. Make the Bible its own expositor, bringingtogether all that is said concerning a given subject at differenttimes and under varied circumstances.
4722	DONATERH OCTOBER 9, 1883, PAR.3 P. 13• Observe system in the study of the Scriptures in your families.Neglect anything of a temporal nature, dispense with allunnecessary sewing, and with needless provision for the table,but be sure that the soul is fed with the bread of life. It isimpossible to estimate the good results of one hour or even halfan hour each day devoted in a cheerful, social manner to theword of God. Make the Bible its own expositor, bringingtogether all that is said concerning a given subject at differenttimes and under varied circumstances.
4728	DONATERH OCTOBER 9, 1883, PAR.3 P. 13• Observe system in the study of the Scriptures in your families.Neglect anything of a temporal nature, dispense with allunnecessary sewing, and with needless provision for the table,but be sure that the soul is fed with the bread of life. It isimpossible to estimate the good results of one hour or even halfan hour each day devoted in a cheerful, social manner to theword of God. Make the Bible its own expositor, bringingtogether all that is said concerning a given subject at differenttimes and under varied circumstances.
4734	DONATERH OCTOBER 9, 1883, PAR.3 P. 13• Observe system in the study of the Scriptures in your families.Neglect anything of a temporal nature, dispense with allunnecessary sewing, and with needless provision for the table,but be sure that the soul is fed with the bread of life. It isimpossible to estimate the good results of one hour or even halfan hour each day devoted in a cheerful, social manner to theword of God. Make the Bible its own expositor, bringingtogether all that is said concerning a given subject at differenttimes and under varied circumstances.
4740	DONATERH OCTOBER 9, 1883, PAR.3 P. 13• Observe system in the study of the Scriptures in your families.Neglect anything of a temporal nature, dispense with allunnecessary sewing, and with needless provision for the table,but be sure that the soul is fed with the bread of life. It isimpossible to estimate the good results of one hour or even halfan hour each day devoted in a cheerful, social manner to theword of God. Make the Bible its own expositor, bringingtogether all that is said concerning a given subject at differenttimes and under varied circumstances.WynfeatherWow. It is wonderful what William Miller did for all of us.
4746	DONATERH OCTOBER 9, 1883, PAR.3 P. 13• Observe system in the study of the Scriptures in your families.Neglect anything of a temporal nature, dispense with allunnecessary sewing, and with needless provision for the table,but be sure that the soul is fed with the bread of life. It isimpossible to estimate the good results of one hour or even halfan hour each day devoted in a cheerful, social manner to theword of God. Make the Bible its own expositor, bringingtogether all that is said concerning a given subject at differenttimes and under varied circumstances.WynfeatherWow. It is wonderful what William Miller did for all of us..
4752	DONATERH NOVEMBER 25, 1884, PAR.23-25• Those who are engaged in proclaiming the third angel's messageare searching the Scriptures upon the same plan that FatherMiller adopted. In the little book entitled "Views of theProphecies and Prophetic Chronology,* Father Miller gives thefollowing simple but intelligent and important rules forBible study and interpretation:• *1. Every word must have its proper bearing on the subjectpresented in the Bible; ......• The above is a portion of these rules; and in our study of theBible we shall all do well to heed the principles set forth.
4758	DONATERH NOVEMBER 25, 1884, PAR.23-25• Those who are engaged in proclaiming the third angel's messageare searching the Scriptures upon the same plan that FatherMiller adopted. In the little book entitled "Views of theProphecies and Prophetic Chronology,* Father Miller gives thefollowing simple but intelligent and important rules forBible study and interpretation:• *1. Every word must have its proper bearing on the subjectpresented in the Bible; ......• The above is a portion of these rules; and in our study of theBible we shall all do well to heed the principles set forth.
4764	DONATERH NOVEMBER 25, 1884, PAR.23-25• Those who are engaged in proclaiming the third angel's messageare searching the Scriptures upon the same plan that FatherMiller adopted. In the little book entitled "Views of theProphecies and Prophetic Chronology,* Father Miller gives thefollowing simple but intelligent and important rules forBible study and interpretation:• *1. Every word must have its proper bearing on the subjectpresented in the Bible; ... ...• The above is a portion of these rules; and in our study of theBible we shall all do well to heed the principles set forth.Janet RichardsonHopeful that present day events will lead us to a deeper study of God's Holy Word!
4770	DONATERH NOVEMBER 25, 1884, PAR.23-25• Those who are engaged in proclaiming the third angel's messageare searching the Scriptures upon the same plan that FatherMiller adopted. In the little book entitled "Views of theProphecies and Prophetic Chronology,* Father Miller gives thefollowing simple but intelligent and important rules forBible study and interpretation:• *1. Every word must have its proper bearing on the subjectpresented in the Bible; ... ...• The above is a portion of these rules; and in our study of theBible we shall all do well to heed the principles set forth.Janet RichardsonHopeful that present day events will lead us to a deeper study of God's Holy Word!
4776	DONATERH NOVEMBER 25, 1884, PAR.23-25• Those who are engaged in proclaiming the third angel's messageare searching the Scriptures upon the same plan that FatherMiller adopted. In the little book entitled "Views of theProphecies and Prophetic Chronology," Father Miller gives thefollowing simple but intelligent and important rules forBible study and interpretation:• *1. Every word must have its proper bearing on the subjectpresented in the Bible; ......• The above is a portion of these rules; and in our study of theBible we shall all do well to heed the principles set forth.
4782	DONATERH NOVEMBER 25, 1884, PAR.23-25• Those who are engaged in proclaiming the third angel's messageare searching the Scriptures upon the same plan that FatherMiller adopted. In the little book entitled "Views of theProphecies and Prophetic Chronology,* Father Miller gives thefollowing simple but intelligent and important rules forBible study and interpretation:• *1. Every word must have its proper bearing on the subjectpresented in the Bible; ......• The above is a portion of these rules; and in our study of theBible we shall all do well to heed the principles set forth.
4788	DONATERH NOVEMBER 25, 1884, PAR.23-25• Those who are engaged in proclaiming the third angel's messageare searching the Scriptures upon the same plan that FatherMiller adopted. In the little book entitled "Views of theProphecies and Prophetic Chronology," Father Miller gives thefollowing simple but intelligent and important rules forBible study and interpretation:• *1. Every word must have its proper bearing on the subjectpresented in the Bible; ......• The above is a portion of these rules; and in our study of theBible we shall all do well to heed the principles set forth.
4794	DONATERH NOVEMBER 25, 1884, PAR.23-25• Those who are engaged in proclaiming the third angel's messageare searching the Scriptures upon the same plan that FatherMiller adopted. In the little book entitled "Views of theProphecies and Prophetic Chronology,* Father Miller gives thefollowing simple but intelligent and important rules forBible study and interpretation:• *1. Every word must have its proper bearing on the subjectpresented in the Bible; ......• The above is a portion of these rules; and in our study of theBible we shall all do well to heed the principles set forth.
4800	DONATERH NOVEMBER 25, 1884, PAR.23-25• Those who are engaged in proclaiming the third angel's messageare searching the Scriptures upon the same plan that FatherMiller adopted. In the little book entitled "Views of theProphecies and Prophetic Chronology," Father Miller gives thefollowing simple but intelligent and important rules forBible study and interpretation:• *1. Every word must have its proper bearing on the subjectpresented in the Bible; ......• The above is a portion of these rules; and in our study of theBible we shall all do well to heed the principles set forth.
4806	DONATERH NOVEMBER 25, 1884, PAR.23-25• Those who are engaged in proclaiming the third angel's messageare searching the Scriptures upon the same plan that FatherMiller adopted. In the little book entitled "Views of theProphecies and Prophetic Chronology," Father Miller gives thefollowing simple but intelligent and important rules forBible study and interpretation:• *1. Every word must have its proper bearing on the subjectpresented in the Bible; ......• The above is a portion of these rules; and in our study of theBible we shall all do well to heed the principles set forth.
4812	DONATERH NOVEMBER 25, 1884, PAR.23-25• Those who are engaged in proclaiming the third angel's messageare searching the Scriptures upon the same plan that FatherMiller adopted. In the little book entitled "Views of theProphecies and Prophetic Chronology,* Father Miller gives thefollowing simple but intelligent and important rules forBible study and interpretation:• *1. Every word must have its proper bearing on the subjectpresented in the Bible; ......• The above is a portion of these rules; and in our study of theBible we shall all do well to heed the principles set forth.
4818	DONATERH NOVEMBER 25, 1884, PAR.23-25• Those who are engaged in proclaiming the third angel's messageare searching the Scriptures upon the same plan that FatherMiller adopted. In the little book entitled "Views of theProphecies and Prophetic Chronology," Father Miller gives thefollowing simple but intelligent and important rules forBible study and interpretation:• *1. Every word must have its proper bearing on the subjectpresented in the Bible; ......• The above is a portion of these rules; and in our study of theBible we shall all do well to heed the principles set forth.
4824	DONATERH NOVEMBER 25, 1884, PAR.23-25• Those who are engaged in proclaiming the third angel's messageare searching the Scriptures upon the same plan that FatherMiller adopted. In the little book entitled "Views of theProphecies and Prophetic Chronology,* Father Miller gives thefollowing simple but intelligent and important rules forBible study and interpretation:• *1. Every word must have its proper bearing on the subjectpresented in the Bible; ......• The above is a portion of these rules; and in our study of theBible we shall all do well to heed the principles set forth.
4830	DONATERH NOVEMBER 25, 1884, PAR.23-25• Those who are engaged in proclaiming the third angel's messageare searching the Scriptures upon the same plan that FatherMiller adopted. In the little book entitled "Views of theProphecies and Prophetic Chronology,* Father Miller gives thefollowing simple but intelligent and important rules forBible study and interpretation:• *1. Every word must have its proper bearing on the subjectpresented in the Bible; ......• The above is a portion of these rules; and in our study of theBible we shall all do well to heed the principles set forth.
4836	DONATERH NOVEMBER 25, 1884, PAR.23-25• Those who are engaged in proclaiming the third angel's messageare searching the Scriptures upon the same plan that FatherMiller adopted. In the little book entitled "Views of theProphecies and Prophetic Chronology,* Father Miller gives thefollowing simple but intelligent and important rules forBible study and interpretation:• *1. Every word must have its proper bearing on the subjectpresented in the Bible; ......• The above is a portion of these rules; and in our study of theBible we shall all do well to heed the principles set forth.
4842	DONATERH NOVEMBER 25, 1884, PAR.23-25• Those who are engaged in proclaiming the third angel's messageare searching the Scriptures upon the same plan that FatherMiller adopted. In the little book entitled "Views of theProphecies and Prophetic Chronology,* Father Miller gives thefollowing simple but intelligent and important rules forBible study and interpretation:• *1. Every word must have its proper bearing on the subjectpresented in the Bible; ... ...• The above is a portion of these rules; and in our study of theBible we shall all do well to heed the principles set forth.You can read Miller's Rules now on our siteSearch "William Miller" on our site amazingdiscoveries.org
4848	DONATERH NOVEMBER 25, 1884, PAR.23-25• Those who are engaged in proclaiming the third angel's messageare searching the Scriptures upon the same plan that FatherMiller adopted. In the little book entitled "Views of theProphecies and Prophetic Chronology,* Father Miller gives thefollowing simple but intelligent and important rules forBible study and interpretation:• *1. Every word must have its proper bearing on the subjectpresented in the Bible; ... ...• The above is a portion of these rules; and in our study of theBible we shall all do well to heed the principles set forth.You can read Miller's Rules now on our siteSearch "William Miller" on our site amazingdiscoveries.org
4854	DONATERH NOVEMBER 25, 1884, PAR.23-25• Those who are engaged in proclaiming the third angel's messageare searching the Scriptures upon the same plan that FatherMiller adopted. In the little book entitled "Views of theProphecies and Prophetic Chronology,* Father Miller gives thefollowing simple but intelligent and important rules forBible study and interpretation:• *1. Every word must have its proper bearing on the subjectpresented in the Bible; ......• The above is a portion of these rules; and in our study of theBible we shall all do well to heed the principles set forth.
4860	DONATERH NOVEMBER 25, 1884, PAR.23-25• Those who are engaged in proclaiming the third angel's messageare searching the Scriptures upon the same plan that FatherMiller adopted. In the little book entitled "Views of theProphecies and Prophetic Chronology," Father Miller gives thefollowing simple but intelligent and important rules forBible study and interpretation:• *1. Every word must have its proper bearing on the subjectpresented in the Bible; ......• The above is a portion of these rules; and in our study of theBible we shall all do well to heed the principles set forth.
4866	DONATERH NOVEMBER 25, 1884, PAR.23-25• Those who are engaged in proclaiming the third angel's messageare searching the Scriptures upon the same plan that FatherMiller adopted. In the little book entitled "Views of theProphecies and Prophetic Chronology," Father Miller gives thefollowing simple but intelligent and important rules forBible study and interpretation:• *1. Every word must have its proper bearing on the subjectpresented in the Bible; ......• The above is a portion of these rules; and in our study of theBible we shall all do well to heed the principles set forth.
4872	DONATERH NOVEMBER 25, 1884, PAR. 23-25• Those who are engaged in proclaiming the third angel's messageare searching the Scriptures upon the same plan that FatherMiller adopted. In the little book entitled "Views of theProphecies and Prophetic Chronology," Father Miller gives thefollowing simple but intelligent and important rules forBible study and interpretation:• *1. Every word must have its proper bearing on the subjectpresented in the Bible; ... ...• The above is a portion of these rules; and in our study of theBible we shall all do well to heed the principles set forth.millersrules.amazingdiscoveries.org
4878	DONATERH NOVEMBER 25, 1884, PAR. 23-25• Those who are engaged in proclaiming the third angel's messageare searching the Scriptures upon the same plan that FatherMiller adopted. In the little book entitled "Views of theProphecies and Prophetic Chronology," Father Miller gives thefollowing simple but intelligent and important rules forBible study and interpretation:• *1. Every word must have its proper bearing on the subjectpresented in the Bible; ... ...• The above is a portion of these rules; and in our study of theBible we shall all do well to heed the principles set forth.millersrules.amazingdiscoveries.org
4884	DONATERH NOVEMBER 25, 1884, PAR.23-25• Those who are engaged in proclaiming the third angel's messageare searching the Scriptures upon the same plan that FatherMiller adopted. In the little book entitled "Views of theProphecies and Prophetic Chronology,* Father Miller gives thefollowing simple but intelligent and important rules forBible study and interpretation:• *1. Every word must have its proper bearing on the subjectpresented in the Bible; ......• The above is a portion of these rules; and in our study of theBible we shall all do well to heed the principles set forth.
4890	DONATERH NOVEMBER 25, 1884, PAR.23-25• Those who are engaged in proclaiming the third angel's messageare searching the Scriptures upon the same plan that FatherMiller adopted. In the little book entitled "Views of theProphecies and Prophetic Chronology," Father Miller gives thefollowing simple but intelligent and important rules forBible study and interpretation:• *1. Every word must have its proper bearing on the subjectpresented in the Bible; ......• The above is a portion of these rules; and in our study of theBible we shall all do well to heed the principles set forth.
4896	DONATERH NOVEMBER 25, 1884, PAR.23-25• Those who are engaged in proclaiming the third angel's messageare searching the Scriptures upon the same plan that FatherMiller adopted. In the little book entitled "Views of theProphecies and Prophetic Chronology,* Father Miller gives thefollowing simple but intelligent and important rules forBible study and interpretation:• *1. Every word must have its proper bearing on the subjectpresented in the Bible; ... ...• The above is a portion of these rules; and in our study of theBible we shall all do well to heed the principles set forth.For Free Bookmarks Go To:bookmarks.amazingdiscoveries.org
4902	DONATERH NOVEMBER 25, 1884, PAR.23-25• Those who are engaged in proclaiming the third angel's messageare searching the Scriptures upon the same plan that FatherMiller adopted. In the little book entitled "Views of theProphecies and Prophetic Chronology,* Father Miller gives thefollowing simple but intelligent and important rules forBible study and interpretation:• *1. Every word must have its proper bearing on the subjectpresented in the Bible; ......• The above is a portion of these rules; and in our study of theBible we shall all do well to heed the principles set forth.
4908	DONATERH NOVEMBER 25, 1884, PAR.23-25• Those who are engaged in proclaiming the third angel's messageare searching the Scriptures upon the same plan that FatherMiller adopted. In the little book entitled "Views of theProphecies and Prophetic Chronology,* Father Miller gives thefollowing simple but intelligent and important rules forBible study and interpretation:• *1. Every word must have its proper bearing on the subjectpresented in the Bible; ......• The above is a portion of these rules; and in our study of theBible we shall all do well to heed the principles set forth.
4914	DONATERH NOVEMBER 25, 1884, PAR.23-25• Those who are engaged in proclaiming the third angel's messageare searching the Scriptures upon the same plan that FatherMiller adopted. In the little book entitled "Views of theProphecies and Prophetic Chronology,* Father Miller gives thefollowing simple but intelligent and important rules forBible study and interpretation:• *1. Every word must have its proper bearing on the subjectpresented in the Bible; ......• The above is a portion of these rules; and in our study of theBible we shall all do well to heed the principles set forth.
4920	DONATERH NOVEMBER 25, 1884, PAR.23-25• Those who are engaged in proclaiming the third angel's messageare searching the Scriptures upon the same plan that FatherMiller adopted. In the little book entitled "Views of theProphecies and Prophetic Chronology,* Father Miller gives thefollowing simple but intelligent and important rules forBible study and interpretation:• *1. Every word must have its proper bearing on the subjectpresented in the Bible; ......• The above is a portion of these rules; and in our study of theBible we shall all do well to heed the principles set forth.
4926	DONATERH NOVEMBER 25, 1884, PAR.23-25• Those who are engaged in proclaiming the third angel's messageare searching the Scriptures upon the same plan that FatherMiller adopted. In the little book entitled "Views of theProphecies and Prophetic Chronology,* Father Miller gives thefollowing simple but intelligent and important rules forBible study and interpretation:• *1. Every word must have its proper bearing on the subjectpresented in the Bible; ......• The above is a portion of these rules; and in our study of theBible we shall all do well to heed the principles set forth.
4932	DONATERH NOVEMBER 25, 1884, PAR. 23-25• Those who are engaged in proclaiming the third angel's messageare searching the Scriptures upon the same plan that FatherMiller adopted. In the little book entitled "Views of theProphecies and Prophetic Chronology," Father Miller gives thefollowing simple but intelligent and important rules forBible study and interpretation:• *1. Every word must have its proper bearing on the subjectpresented in the Bible; ... ...• The above is a portion of these rules; and in our study of theBible we shall all do well to heed the principles set forth.millersrules.amazingdiscoveries.org
4938	DONATERH NOVEMBER 25, 1884, PAR. 23-25• Those who are engaged in proclaiming the third angel's messageare searching the Scriptures upon the same plan that FatherMiller adopted. In the little book entitled "Views of theProphecies and Prophetic Chronology,* Father Miller gives thefollowing simple but intelligent and important rules forBible study and interpretation:• *1. Every word must have its proper bearing on the subjectpresented in the Bible; ... ...• The above is a portion of these rules; and in our study of theBible we shall all do well to heed the principles set forth.millersrules.amazingdiscoveries.org
4944	DONATERH NOVEMBER 25, 1884, PAR.23-25• Those who are engaged in proclaiming the third angel's messageare searching the Scriptures upon the same plan that FatherMiller adopted. In the little book entitled "Views of theProphecies and Prophetic Chronology,* Father Miller gives thefollowing simple but intelligent and important rules forBible study and interpretation:• *1. Every word must have its proper bearing on the subjectpresented in the Bible; ......• The above is a portion of these rules; and in our study of theBible we shall all do well to heed the principles set forth.
4950	DONATERH NOVEMBER 25, 1884, PAR.23-25• Those who are engaged in proclaiming the third angel's messageare searching the Scriptures upon the same plan that FatherMiller adopted. In the little book entitled "Views of theProphecies and Prophetic Chronology," Father Miller gives thefollowing simple but intelligent and important rules forBible study and interpretation:• *1. Every word must have its proper bearing on the subjectpresented in the Bible; ......• The above is a portion of these rules; and in our study of theBible we shall all do well to heed the principles set forth.
4956	DONATERH NOVEMBER 25, 1884, PAR.23-25• Those who are engaged in proclaiming the third angel's messageare searching the Scriptures upon the same plan that FatherMiller adopted. In the little book entitled "Views of theProphecies and Prophetic Chronology," Father Miller gives thefollowing simple but intelligent and important rules forBible study and interpretation:• *1. Every word must have its proper bearing on the subjectpresented in the Bible; ......• The above is a portion of these rules; and in our study of theBible we shall all do well to heed the principles set forth.
4962	DONATERH NOVEMBER 25, 1884, PAR.23-25• Those who are engaged in proclaiming the third angel's messageare searching the Scriptures upon the same plan that FatherMiller adopted. In the little book entitled "Views of theProphecies and Prophetic Chronology," Father Miller gives thefollowing simple but intelligent and important rules forBible study and interpretation:• *1. Every word must have its proper bearing on the subjectpresented in the Bible; ......• The above is a portion of these rules; and in our study of theBible we shall all do well to heed the principles set forth.
4968	DONATERH NOVEMBER 25, 1884, PAR.23-25• Those who are engaged in proclaiming the third angel's messageare searching the Scriptures upon the same plan that FatherMiller adopted. In the little book entitled "Views of theProphecies and Prophetic Chronology,* Father Miller gives thefollowing simple but intelligent and important rules forBible study and interpretation:• *1. Every word must have its proper bearing on the subjectpresented in the Bible; ......• The above is a portion of these rules; and in our study of theBible we shall all do well to heed the principles set forth.
4974	DONATERH NOVEMBER 25, 1884, PAR.23-25• Those who are engaged in proclaiming the third angel's messageare searching the Scriptures upon the same plan that FatherMiller adopted. In the little book entitled "Views of theProphecies and Prophetic Chronology,* Father Miller gives thefollowing simple but intelligent and important rules forBible study and interpretation:• *1. Every word must have its proper bearing on the subjectpresented in the Bible; ......• The above is a portion of these rules; and in our study of theBible we shall all do well to heed the principles set forth.
4980	DONATERH NOVEMBER 25, 1884, PAR.23-25• Those who are engaged in proclaiming the third angel's messageare searching the Scriptures upon the same plan that FatherMiller adopted. In the little book entitled "Views of theProphecies and Prophetic Chronology,* Father Miller gives thefollowing simple but intelligent and important rules forBible study and interpretation:• *1. Every word must have its proper bearing on the subjectpresented in the Bible; ... ...• The above is a portion of these rules; and in our study of theBible we shall all do well to heed the principles set forth.Sign up for Our e-Newslettershttps://welcome.amazingdiscoveries.org/
4986	DONATERH NOVEMBER 25, 1884, PAR.23-25• Those who are engaged in proclaiming the third angel's messageare searching the Scriptures upon the same plan that FatherMiller adopted. In the little book entitled "Views of theProphecies and Prophetic Chronology,* Father Miller gives thefollowing simple but intelligent and important rules forBible study and interpretation:• *1. Every word must have its proper bearing on the subjectpresented in the Bible; ... ...• The above is a portion of these rules; and in our study of theBible we shall all do well to heed the principles set forth.Sign up for Our e-Newslettershttps://welcome.amazingdiscoveries.org/
4992	DONATERH NOVEMBER 25, 1884, PAR.23-25• Those who are engaged in proclaiming the third angel's messageare searching the Scriptures upon the same plan that FatherMiller adopted. In the little book entitled "Views of theProphecies and Prophetic Chronology,* Father Miller gives thefollowing simple but intelligent and important rules forBible study and interpretation:• *1. Every word must have its proper bearing on the subjectpresented in the Bible; ... ...• The above is a portion of these rules; and in our study of theBible we shall all do well to heed the principles set forth.Sign up for Our e-Newslettershttps://welcome.amazingdiscoveries.org/
4998	Someone scanned the OR codeDONATERH NOVEMBER 25, 1884, PAR.23-25• Those who are engaged in proclaiming the third angel's messageare searching the Scriptures upon the same plan that FatherMiller adopted. In the little book entitled "Views of theProphecies and Prophetic Chronology," Father Miller gives thefollowing simple but intelligent and important rules forBible study and interpretation:• *1. Every word must have its proper bearing on the subjectpresented in the Bible; ... ...• The above is a portion of these rules; and in our study of theBible we shall all do well to heed the principles set forth.
5004	DONATERH NOVEMBER 25, 1884, PAR.23-25• Those who are engaged in proclaiming the third angel's messageare searching the Scriptures upon the same plan that FatherMiller adopted. In the little book entitled "Views of theProphecies and Prophetic Chronology," Father Miller gives thefollowing simple but intelligent and important rules forBible study and interpretation:• *1. Every word must have its proper bearing on the subjectpresented in the Bible; ......• The above is a portion of these rules; and in our study of theBible we shall all do well to heed the principles set forth.
5010	DONATERH NOVEMBER 25, 1884, PAR.23-25• Those who are engaged in proclaiming the third angel's messageare searching the Scriptures upon the same plan that FatherMiller adopted. In the little book entitled "Views of theProphecies and Prophetic Chronology,* Father Miller gives thefollowing simple but intelligent and important rules forBible study and interpretation:• *1. Every word must have its proper bearing on the subjectpresented in the Bible; ......• The above is a portion of these rules; and in our study of theBible we shall all do well to heed the principles set forth.
5016	DONATERH NOVEMBER 25, 1884, PAR.23-25• Those who are engaged in proclaiming the third angel's messageare searching the Scriptures upon the same plan that FatherMiller adopted. In the little book entitled "Views of theProphecies and Prophetic Chronology,* Father Miller gives thefollowing simple but intelligent and important rules forBible study and interpretation:• *1. Every word must have its proper bearing on the subjectpresented in the Bible; ......• The above is a portion of these rules; and in our study of theBible we shall all do well to heed the principles set forth.
5022	DONATERH NOVEMBER 25, 1884, PAR.23-25• Those who are engaged in proclaiming the third angel's messageare searching the Scriptures upon the same plan that FatherMiller adopted. In the little book entitled "Views of theProphecies and Prophetic Chronology," Father Miller gives thefollowing simple but intelligent and important rules forBible study and interpretation:• *1. Every word must have its proper bearing on the subjectpresented in the Bible; ......• The above is a portion of these rules; and in our study of theBible we shall all do well to heed the principles set forth.
5028	DONATERH NOVEMBER 25, 1884, PAR.23-25• Those who are engaged in proclaiming the third angel's messageare searching the Scriptures upon the same plan that FatherMiller adopted. In the little book entitled "Views of theProphecies and Prophetic Chronology,* Father Miller gives thefollowing simple but intelligent and important rules forBible study and interpretation:• *1. Every word must have its proper bearing on the subjectpresented in the Bible; ......• The above is a portion of these rules; and in our study of theBible we shall all do well to heed the principles set forth.
5034	DONATERH NOVEMBER 25, 1884, PAR.23-25• Those who are engaged in proclaiming the third angel's messageare searching the Scriptures upon the same plan that FatherMiller adopted. In the little book entitled "Views of theProphecies and Prophetic Chronology,* Father Miller gives thefollowing simple but intelligent and important rules forBible study and interpretation:• *1. Every word must have its proper bearing on the subjectpresented in the Bible; ......• The above is a portion of these rules; and in our study of theBible we shall all do well to heed the principles set forth.
5040	DONATERH NOVEMBER 25, 1884, PAR.23-25• Those who are engaged in proclaiming the third angel's messageare searching the Scriptures upon the same plan that FatherMiller adopted. In the little book entitled "Views of theProphecies and Prophetic Chronology,* Father Miller gives thefollowing simple but intelligent and important rules forBible study and interpretation:• *1. Every word must have its proper bearing on the subjectpresented in the Bible; ... ...• The above is a portion of these rules; and in our study of theBible we shall all do well to heed the principles set forth.Check out last week's studyGo to judgmentdaydocumentary.com
5046	DONATERH NOVEMBER 25, 1884, PAR.23-25• Those who are engaged in proclaiming the third angel's messageare searching the Scriptures upon the same plan that FatherMiller adopted. In the little book entitled "Views of theProphecies and Prophetic Chronology,* Father Miller gives thefollowing simple but intelligent and important rules forBible study and interpretation:• *1. Every word must have its proper bearing on the subjectpresented in the Bible; ......• The above is a portion of these rules; and in our study of theBible we shall all do well to heed the principles set forth.
5052	DONATERH NOVEMBER 25, 1884, PAR.23-25• Those who are engaged in proclaiming the third angel's messageare searching the Scriptures upon the same plan that FatherMiller adopted. In the little book entitled "Views of theProphecies and Prophetic Chronology,* Father Miller gives thefollowing simple but intelligent and important rules forBible study and interpretation:• *1. Every word must have its proper bearing on the subjectpresented in the Bible; ......• The above is a portion of these rules; and in our study of theBible we shall all do well to heed the principles set forth.JudgmentDayDocumentary.com
5058	DONATERH NOVEMBER 25, 1884, PAR.23-25• Those who are engaged in proclaiming the third angel's messageare searching the Scriptures upon the same plan that FatherMiller adopted. In the little book entitled "Views of theProphecies and Prophetic Chronology," Father Miller gives thefollowing simple but intelligent and important rules forBible study and interpretation:• *1. Every word must have its proper bearing on the subjectpresented in the Bible; ......• The above is a portion of these rules; and in our study of theBible we shall all do well to heed the principles set forth.
5064	
5070	DONATEJudgmentDayDocumentary.com
5076	DONATEStudy Notes Link in Comments!Check the comments for the link to download the study notes.
5082	
5088	
5094	Join us for the Next Bible StudyFriday, December 13 at 5:00pm PSTDONATE
5100	DONATEEngage With UsWrite your questions and comments in the chat!
5106	$ Someone scanned the QR codeDONATEEngage With UsWrite your questions and comments in the chat!
5112	
5118	
5124	
5130	
5136	
5142	
5148	
5154	
5160	
5166	COMATI
5172	
5178	
5184	
5190	
5196	
5202	
5208	
5214	
5220	DONATEQ&A Time!We will answer your questions on this study.
5226	DONATEQ&A Time!|We will answer your questions on this study.
5232	DONATEQ&A Time!We will answer your questions on this study.
5238	
5244	
5250	MacKenzie DrebitVice PresidentDONATE
5256	
5262	Revelation 13
5268	
5274	
5280	DONATEAmazing DiscoveriesE: support@amazingdiscoveries.org P: 1-866-572-9457
5286	DONATEAmazing DiscoveriesE: support@amazingdiscoveries.org P: 1-866-572-9457
5292	
5298	
5304	
5310	
5316	
5322	DONATE
5328	
5334	
5340	
5346	
5352	
5358	
5364	DONATEhttps://americaspropheticdestiny.amazingdiscoveries.org/
5370	DONATEhttps://americaspropheticdestiny.amazingdiscoveries.org/
5376	DONATEhttps://americaspropheticdestiny.amazingdiscoveries.org/
5382	DONATEhttps://americaspropheticdestiny.amazingdiscoveries.org/
5388	DONATEAmericasPropheticDestiny.amazingdiscoveries.org
5394	
5400	DONATEfarm.amazingdiscoveries.org
5406	DONATEfarm.amazingdiscoveries.org
5412	
5418	DONATEAmericasPropheticDestiny.amazingdiscoveries.org
5424	DONATEAmericasPropheticDestiny.amazingdiscoveries.org
5430	DONATEAmericasPropheticDestiny.amazingdiscoveries.org
5436	DONATEAmericasPropheticDestiny.amazingdiscoveries.org
5442	DONATEAmericasPropheticDestiny.amazingdiscoveries.org
5448	DONATEAmericasPropheticDestiny.amazingdiscoveries.org
5454	DONATEAmericasPropheticDestiny.amazingdiscoveries.org
5460	DONATEAmericasPropheticDestiny.amazingdiscoveries.org
5466	DONATEAmericasPropheticDestiny.amazingdiscoveries.org
5472	DONATEAmericasPropheticDestiny.amazingdiscoveries.org
5478	DONATEAmericasPropheticDestiny.amazingdiscoveries.org
5484	
5490	
5496	
5502	
5508	
5514	
5520	
5526	Join us for the Next Bible StudyFriday, December 13 at 5:00pm PSTDONATE
5532	Join us for the Next Bible StudyFriday, December 13 at 5:00pm PSTDONATE
5538	Join us for the Next Bible StudyFriday, December 13 at 5:00pm PSTDONATE
5544	Join us for the Next Bible StudyFriday, December 13 at 5:00pm PSTDONATE
5550	Join us for the Next Bible StudyFriday, December 13 at 5:00pm PSTDONATE
5556	
5562	
5568	
5574	
5580	
5586	
5592	COMATI
5598	
5604	
5610	Join us for the Next Bible StudyFriday, December 13 at 5:00pm PSTDONATE
5616	Join us for the Next Bible StudyFriday, December 13 at 5:00pm PSTDONATE
5622	
5628	
5634	
5640	
5646	
5652	
5658	
5664	
5670	
5676	
5682	
5688	
5694	
5700	
5706	
5712	
5718	
5724	
5730	
5736	
5742	
5748	
5754	
5760	
5766	
5772	
5778	
5784	
5790	
5796	
5802	
5808	
5814	
5820	
5826	
5832	DONATEMYRLANDE RICHARDSONIs Crudens Concordance better than the Noah Webster or what's the big difference?
5838	DONATEMYRLANDE RICHARDSONIs Crudens Concordance better than the Noah Webster or what's the big difference?
5844	MYRLANDE RICHARDSONIs Crudens Concordance better than the Noah Webster or what's the big difference?
5850	DONATEMYRLANDE RICHARDSONIs Crudens Concordance better than the Noah Webster or what's the big difference?
5856	DONATEMYRLANDE RICHARDSONIs Crudens Concordance better than the Noah Webster or what's the big difference?
5862	DONATEMYRLANDE RICHARDSONIs Crudens Concordance better than the Noah Webster or what's the big difference?
5868	DONATEMYRLANDE RICHARDSONIs Crudens Concordance better than the Noah Webster or what's the big difference?
5874	DONATEMYRLANDE RICHARDSONIs Crudens Concordance better than the Noah Webster or what's the big difference?
5880	DONATEMYRLANDE RICHARDSONIs Crudens Concordance better than the Noah Webster or what's the big difference?
5886	DONATEMYRLANDE RICHARDSONIs Crudens Concordance better than the Noah Webster or what's the big difference?
5892	DONATEMYRLANDE RICHARDSONIs Crudens Concordance better than the Noah Webster or what's the big difference?
5898	DONATEMYRLANDE RICHARDSONIs Crudens Concordance better than the Noah Webster or what's the big difference?
5904	MYRLANDE RICHARDSONIs Crudens Concordance better than the Noah Webster or what's the big difference?
5910	DONATEMYRLANDE RICHARDSONIs Crudens Concordance better than the Noah Webster or what's the big difference?
5916	COMATI
5922	
5928	
5934	
5940	DONATEThe Book Remnant mDidn't the idea of Jesus return in 1843-44 spring up in many places around the world? Othersmust have came to the same conclusions as W. Miller - thanks to the Holy Spirit
5946	DONATEThe Book Remnant mDidn't the idea of Jesus return in 1843-44 spring up in many places around the world? Othersmust have came to the same conclusions as W. Miller - thanks to the Holy Spirit
5952	DONATEThe Book Remnant OuDidn't the idea of Jesus return in 1843-44 spring up in many places around the world? Othersmust have came to the same conclusions as W. Miller - thanks to the Holy Spirit
5958	DONATEThe Book Remnant muDidn't the idea of Jesus return in 1843-44 spring up in many places around the world? Othersmust have came to the same conclusions as W. Miller - thanks to the Holy Spirit
5964	DONATEThe Book Remnant mDidn't the idea of Jesus return in 1843-44 spring up in many places around the world? Othersmust have came to the same conclusions as W. Miller - thanks to the Holy Spirit G
5970	DONATEThe Book Remnant miDidn't the idea of Jesus return in 1843-44 spring up in many places around the world? Othersmust have came to the same conclusions as W. Miller - thanks to the Holy Spirit
5976	DONATEThe Book Remnant atDidn't the idea of Jesus return in 1843-44 spring up in many places around the world? Othersmust have came to the same conclusions as W. Miller - thanks to the Holy Spirit G
5982	DONATEThe Book Remnant tDidn't the idea of Jesus return in 1843-44 spring up in many places around the world? Othersmust have came to the same conclusions as W. Miller - thanks to the Holy Spirit G
5988	
5994	
6000	
6006	DONATEMYRLANDE RICHARDSONWhat is the difference between the Cruden and Strongs Concordance???
6012	DONATEMYRLANDE RICHARDSONWhat is the difference between the Cruden and Strongs Concordance???
6018	DONATEMYRLANDE RICHARDSONWhat is the difference between the Cruden and Strongs Concordance???
6024	DONATEMYRLANDE RICHARDSONWhat is the difference between the Cruden and Strongs Concordance???
6030	DONATEMYRLANDE RICHARDSONWhat is the difference between the Cruden and Strongs Concordance???
6036	DONATEMYRLANDE RICHARDSONWhat is the difference between the Cruden and Strongs Concordance???
6042	DONATEMYRLANDE RICHARDSONWhat is the difference between the Cruden and Strongs Concordance???
6048	
6054	
6060	
6066	
6072	
6078	DONATEDDiane CarterWhat would you say to Catholic friends who say that KJV Bible has books removed (verses theirCatholic Bible)? Thanks
6084	DONATEDDiane CarterWhat would you say to Catholic friends who say that KJV Bible has books removed (verses theirCatholic Bible)? Thanks
6090	DONATEDDiane CarterWhat would you say to Catholic friends who say that KJV Bible has books removed (verses theirCatholic Bible)? Thanks
6096	DONATEDDiane CarterWhat would you say to Catholic friends who say that KJV Bible has books removed (verses theirCatholic Bible)? Thanks
6102	DONATEDDiane CarterWhat would you say to Catholic friends who say that KJV Bible has books removed (verses theirCatholic Bible)? Thanks
6108	DONATEDDiane CarterWhat would you say to Catholic friends who say that KJV Bible has books removed (verses theirCatholic Bible)? Thanks
6114	DONATENEW ACEVERSIONSDDiane CarterWhat would you say to Catholic friends who say that KJV Bible has books removed (verses theirCatholic Bible)? Thanks
6120	DONATENEW AGEVERNONSDDiane CarterWhat would you say to Catholic friends who say that KJV Bible has books removed (verses theirCatholic Bible)? Thanks
6126	DONATEDDiane CarterWhat would you say to Catholic friends who say that KJV Bible has books removed (verses theirCatholic Bible)? Thanks
6132	New Age Bible VersionsG.A. RiplingerDONATE
6138	DONATENew Age Bible VersionsG.A. RiplingerVERSIONES
6144	
6150	DONATEALD
6156	ALR
6162	DONATEALD
6168	DONATEALD
6174	ALD
6180	DONATEAD.
6186	DONATEALD.
6192	DONATEALD
6198	ALD.
6204	DONATEALD.
6210	DONATENEW AGEVERSIONSALD.
6216	DONATEALD
6222	DONATEALD
6228	DONATEADWilliam Miller's RulesALD
6234	DONATEWilliam Miller's RulesADALD
6240	DONATEWilliam Miller's RulesADALD
6246	DONATEWilliam Miller's RulesADALD
6252	DONATE4 Someone scanned the QR codeADWilliam Miller's RulesALD
6258	DONATEADWilliam Miller's RulesYue dettALD
6264	DONATEADWilliam Miller's RulesALD
6270	DONATE
6276	DONATEJoin us for the Next Bible StudyFriday, December 13 at 5:00pm PSTALD
6282	DONATEJoin us for the Next Bible StudyFriday, December 13 at 5:00pm PSTALD
6288	4 Someone scanned the QR codeALDDONATEJudgmentDayDocumentary.com
6294	DONATEALD
6300	DONATECheck out last week's studyGo to judgmentdaydocumentary.comALD
6306	DONATE
6312	ALR
6318	ALDDONATELet's make the Truth plain again!
6324	DONATE$ Someone scanned the QR codeALD
6330	DONATEALD.
6336	DONATEALD
6342	DONATEALD
6348	DONATEALD
6354	ALDDONATEsilvana leverrierThank you very much very much!
6360	DONATEDave MattsonAmenALD
6366	ALDDONATEWynfeatherLove & blessings beautiful saint's
6372	DONATEShare with your friends!JudgmentDayDocumentary.com
6378	DONATEAIR.
6384	ALR
6390	DONATEADWilliam Miller's RulesALD
6396	DONATEFor Free Bookmarks Go To:bookmarks.amazingdiscoveries.org
6402	DONATEALD.
6408	DONATEALD
6414	DONATEJoin us for the Next Bible StudyFriday, December 13 at 5:00pm PSTALD
6420	DONATEJoin us for the Next Bible StudyFriday, December 13 at 5:00pm PSTALD
6426	ALDDONATEWynfeatherSee everyone next Friday
6432	
6438	ALDDONATEfarm.amazingdiscoveries.org
6444	ALDDONATEfarm.amazingdiscoveries.org
6450	ALDDONATEfarm.amazingdiscoveries.org
6456	ALDDONATEfarm.amazingdiscoveries.org
6462	ALDDONATEfarm.amazingdiscoveries.org
6468	ALDDONATEJanet RichardsonThank you for sharing & caring.
6474	DONATEJanet RichardsonThank you for sharing & caring.
6480	DONATEJUDGMENT DAY10 WEEK BIBLE STUDYJoin us for the Next Bible StudyFriday, December 13 at 5:00pm PSTNEXT STUDY FRIDAYDECEMBER 13 AT 5:00PM PST
6486	JUDGMENT DAY10 WEEK BIBLE STUDYNEXT STUDY FRIDAYDECEMBER 13 AT 5:00PM PST
6492	JUDGMENT DAY10 WEEK BIBLE STUDYNEXT STUDY FRIDAYDECEMBER 13 AT 5:00PM PST
6498	AD.JUDGMENT DAY10 WEEK BIBLE STUDYNEXT STUDY FRIDAYDECEMBER 13 AT 5:00PM PST
6504	JUDGMENT DAY10 WEEK BIBLE STUDYNEXT STUDY FRIDAYDECEMBER 13 AT 5:00PM PST
6510	AD.JUDGMENT DAY10 WEEK BIBLE STUDYNEXT STUDY FRIDAYDECEMBER 13 AT 5:00PM PST
6516	JUDGMENT DAY10 WEEK BIBLE STUDYNEXT STUDY FRIDAYDECEMBER 13 AT 5:00PM PST
6522	JUDGMENT DAY10 WEEK BIBLE STUDYNEXT STUDY FRIDAYDECEMBER 13 AT 5:00PM PST
6528	JUDGMENT DAY10 WEEK BIBLE STUDYNEXT STUDY FRIDAYDECEMBER 13 AT 5:00PM PST
6534	JUDGMENT DAY10 WEEK BIBLE STUDYNEXT STUDY FRIDAYDECEMBER 13 AT 5:00PM PST
6540	JUDGMENT DAY10 WEEK BIBLE STUDYNEXT STUDY FRIDAYDECEMBER 13 AT 5:00PM PST
6546	JUDGMENT DAY10 WEEK BIBLE STUDYNEXT STUDY FRIDAYDECEMBER 13 AT 5:00PM PST
6552	JUDGMENT DAY10 WEEK BIBLE STUDYNEXT STUDY FRIDAYDECEMBER 13 AT 5:00PM PST
6558	JUDGMENT DAY10 WEEK BIBLE STUDYNEXT STUDY FRIDAYDECEMBER 13 AT 5:00PM PST
6564	JUDGMENT DAY10 WEEK BIBLE STUDYNEXT STUDY FRIDAYDECEMBER 13 AT 5:00PM PST
6570	JUDGMENT DAY10 WEEK BIBLE STUDYNEXT STUDY FRIDAYDECEMBER 13 AT 5:00PM PST
