0	Amazing Discoveries
6	Amazing Discoveries
12	Amazing Discoveries
18	Welcome to Judgment Day Studies Week #4Thank you for joining for our 10 week studies!
24	Welcome to Judgment Day Studies Week #4Thank you for joining for our 10 week studies!
30	Welcome to Judgment Day Studies Week #4Thank you for joining for our 10 week studies!
36	Welcome to Judgment Day Studies Week #4Thank you for joining for our 10 week studies!
42	Amazing Discoveries
48	MacKenzie DrebitVice President
54	MacKenzie DrebitVice President
60	Amazing Discoveries
66	Amazing Discoveries
72	Amazing Discoveries
78	Amazing Discoveries
84	Amazing Discoveries
90	Amazing Discoveries
96	Amazing Discoveries
102	A DAmazingDiscoveries*
108	
114	
120	CAUTIONCAUTION
126	LATES
132	
138	
144	Kyl
150	CWISDOMTHE TRUTHI BEHINDSUCCESSES:
156	CWISDOMTHE TRUTHBEHINDSUCCESSDMES!
162	CWISDOMTHE TRUTH BEHINDSUCCESSES!
168	ECUNUMIC CLUBC-SPAN
174	C-SPAN
180	REMIND KISP093314
186	
192	
198	
204	
210	
216	
222	
228	But and if that evil servant shall say in hisheart, My lord delayeth his coming;And shall begin to smite his fellowservants,and to eat and drink with the drunken;Matthew 24:48-51
234	But and if that evil servant shall say in hisheart, My lord delayeth his coming;And shall begin to smite his fellowservants,and to eat and drink with the drunken;Matthew 24:48-51
240	The lord of that servant shall come in a daywhen he looketh not for him, and in anhour that he is not aware of,And shall cut him asunder, and appointhim his portion with the hypocrites: thereshall be weeping and gnashing of teeth.Matthew 24:48-51
246	The lord of that servant shall come in a daywhen he looketh not for him, and in anhour that he is not aware of,And shall cut him asunder, and appointhim his portion with the hypocrites: thereshall be weeping and gnashing of teeth.Matthew 24:48-51
252	(•)) LIVEThe lord of that servant shall come in a daywhen he looketh not for him, and in anhour that he is not aware of,And shall cut him asunder, and appointhim his portion with the hypocrites: thereshall be weeping and gnashing of teeth.Matthew 24:48-51
258	(*)) LIVEMISDOMTHE TRUTHBEHINDSUCCESS
264	((•)) LIVE
270	(**) LIVE
276	(*›) LIVEShort interesting articles when at at ourlarge gatherings, make all the discourseshighly reformative. Arouse the intellect.Bring all the talents possible into theefforts made, and then follow up theeffort with tracts and pamphlets, witharticles written in simple form to makethe subjects brought before themdistinctly stated, that the word spokenmay be repeated by the silent agent.COUNSELS TO WRITERS AND EDITORS P.126
282	(•)) LIVEShort interesting articles when at at ourlarge gatherings, make all the discourseshighly reformative. Arouse the intellect.Bring all the talents possible into theefforts made, and then follow up theeffort with tracts and pamphlets, witharticles written in simple form to makethe subjects brought before themdistinctly stated, that the word spokenmay be repeated by the silent agent.COUNSELS TO WRITERS AND EDITORS P.126
288	(•)) LIVEShort interesting articles when at at ourlarge gatherings, make all the discourseshighly reformative. Arouse the intellect.Bring all the talents possible into theefforts made, and then follow up theeffort with tracts and pamphlets, witharticles written in simple form to makethe subjects brought before themdistinctly stated, that the word spokenmay be repeated by the silent agent.COUNSELS TO WRITERS AND EDITORS P.126
294	(*)) LIVEShort interesting articles when at at ourlarge gatherings, make all the discourseshighly reformative. Arouse the intellect.Bring all the talents possible into theefforts made, and then follow up theeffort with tracts and pamphlets, witharticles written in simple form to makethe subjects brought before themdistinctly stated, that the word spokenmay be repeated by the silent agent.COUNSELS TO WRITERS AND EDITORS P.126
300	(*›) LIVEShort interesting art cles when at at oura Short, interesting articles should beesarranged in cheap style and scattered*everywhere. They should be at handupon every occasion where the truth isbrought before the minds of those tothewhom it is new and strangeemdistinctly stated, that the word spokenmay be repeated by the silent agent.COUNSELS TO WRITERS AND EDITORS P.126
306	(*›) LIVEShort, interesting articles should bearranged in cheap style and scatteredeverywhere. They should be at handupon every occasion where the truth isbrought before the minds of those towhom it is new and strange.COUNSELS TO WRITERS AND EDITORS P.126
312	(•)) LIVEShort, interesting articles should bearranged in cheap style and scatteredeverywhere. They should be at handupon every occasion where the truth isbrought before the minds of those towhom it is new and strange.COUNSELS TO WRITERS AND EDITORS P.126
318	(•) LIVEShort, interesting articles should bearranged in cheap style and scatteredeverywhere. They should be at handupon every occasion where the truth isbrought before the minds of those towhom it is new and strange.COUNSELS TO WRITERS AND EDITORS P.126
324	Wherever NeededSubmitWISDOMHE TRUTH BEHINDSUCCESSDonate NowWe are 100% donor-supported and cant reach othersour drop down menu. Or exploce our projects athttps://ww.amaringdiscoveries.org/explore-projectsto rect morer thenk you so moon for your supportAlI.DAmazDiscol(•)) LIVE
330	Join Us atWisdom.amazingdiscoveries.orgWISDOMTHE TRUTHBEHINDSUCCESS
336	AD ASON OLIVEDONATEJoin Us atWisdom.amazingdiscoveries.orgWISDOMTHE TRUTHI BEHINDSUCCESS
342	AlliAmazDiscov(•›) LIVEDONATEJoin Us atWisdom.amazingdiscoveries.orgWISDOMTRUTH
348	AlD DiscoDisco(*›) LIVEDONATEJoin Us atWisdom.amazingdiscoveries.orgWISDOM
354	(•)) LIVEAmazing Discoveries
360	(*)) LIVEAmazing Discoveries
366	(**) LIVEAmazing Discoveries
372	(*)) LIVEAmazing Discoveries
378	AlDLIVEtvAmazing Discoveries
384	AllD(tvLIVEAmazing Discoveries
390	AllLIVEDONATEAmazing Discoveries
396	AllD(tvLIVEDONATEAmazing Discoveries
402	AlDLIVEDONATEAmazing Discoveries
408	AllD(tvWYEDONATEAmazing Discoveries
414	D(tvLIVEDONATEAmazing Discoveries
420	D(tvLIVEDONATEAmazing Discoveries
426	DEIVEDONATEAmazing Discoveries
432	AllDtvLIVEDONATEAmazing Discoveries
438	AllDtvLIVEDONATEAmazing Discoveries
444	AllDLIVEDONATEAmazing Discoveries
450	DONATE4TURKEY AND THE1st Angels MessageAIDLIVEtv
456	DONATE4TURKEY AND THE1st Angels MessageAID" tvLIVE
462	DONATE4TURKEY AND THE1st Angels MessageDtvLIVE
468	DONATEAmazing DiscoveriesDtyLIVE4TURKEY AND THE- 1st Angels Message
474	DONATEAmazing DiscoveriesDtvLIVETURKEY AND THE4, Angels Message
480	DONATEAmazing DiscoveriesDLIVETURKEY AND THE4, Angels Message
486	DONATEAmazing DiscoveriesDtvLIVE4TURKEY AND THE• 1st Angels Message
492	Amazing DiscoveriesD[tyLIVETURKEY AND THE4• 1st Angels Message
498	Amazing DiscoveriesDtvLIVE4TURKEY AND THE• 1st Angels Message
504	Amazing DiscoveriesDtvLIVETURKEY AND THE4• 1st Angels Message
510	Amazing DiscoveriesDtvLIVETURKEY AND THE4, Angels Message
516	Amazing DiscoveriesDItvLIVETURKEY AND THE4. Angels Message
522	Amazing DiscoveriesDtvLIVE4TURKEY AND THE• 1st Angels Message
528	Amazing DiscoveriesDtvLIVETURKEY AND THE4• 1st Angels Message
534	Amazing DiscoveriesDtvLIVETURKEY AND THE4• 1st Angels Message
540	Amazing DiscoveriesDtvLIVETURKEY AND THE4• 1st Angels Message
546	Amazing DiscoveriesD(tvLIVETURKEY AND THE4, Angels Message
552	ADtvLIVETURKEY AND THE4, Angels MessageStudy Notes Link in Comments!Check the comments for the link to download the study notes.
558	AllDtvLIVETURKEY AND THE4, Angels MessageStudy Notes Link in Comments!Check the comments for the link to download the study notes.
564	ADtvLIVE4TURKEY AND THE• 1st Angels MessageStudy Notes Link in Comments!Check the comments for the link to download the study notes.
570	Amazing DiscoveriesDtvLIVE4TURKEY AND THE• 1st Angels Message
576	Amazing DiscoveriesDtvLIVE4TURKEY AND THE• 1st Angels Message
582	Amazing DiscoveriesDLIVETURKEY AND THE4• 1st Angels Message
588	Amazing DiscoveriesDtvLIVETURKEY AND THE4, Angels Message
594	Amazing DiscoveriesLIVERH NOVEMBER 25, 1884, PAR.23-25• Those who are engaged in proclaiming the third angel's messageare searching the Scriptures upon the same plan that FatherMiller adopted. In the little book entitled "Views of theProphecies and Prophetic Chronology,*" Father Miller gives thefollowing simple but intelligent and important rules forBible study and interpretation:• "1. Every word must have its proper bearing on the subjectpresented in the Bible; ... ...• The above is a portion of these rules; and in our study of theBible we shall all do well to heed the principles set forth.
600	Amazing DiscoveriesD[tvLIVERH NOVEMBER 25, 1884, PAR.23-25• Those who are engaged in proclaiming the third angel's messageare searching the Scriptures upon the same plan that FatherMiller adopted. In the little book entitled "Views of theProphecies and Prophetic Chronology," Father Miller gives thefollowing simple but intelligent and important rules forBible study and interpretation:• "1. Every word must have its proper bearing on the subjectpresented in the Bible; ... ...• The above is a portion of these rules; and in our study of theBible we shall all do well to heed the principles set forth.
606	Amazing DiscoveriesD(tvLIVERH NOVEMBER 25, 1884, PAR.23-25• Those who are engaged in proclaiming the third angel's messageare searching the Scriptures upon the same plan that FatherMiller adopted. In the little book entitled "Views of theProphecies and Prophetic Chronology," Father Miller gives thefollowing simple but intelligent and important rules forBible study and interpretation:• "1. Every word must have its proper bearing on the subjectpresented in the Bible; ... ...• The above is a portion of these rules; and in our study of theBible we shall all do well to heed the principles set forth.
612	Amazing DiscoveriesD[tvLIVERH NOVEMBER 25, 1884, PAR.23-25• Those who are engaged in proclaiming the third angel's messageare searching the Scriptures upon the same plan that FatherMiller adopted. In the little book entitled "Views of theProphecies and Prophetic Chronology,*" Father Miller gives thefollowing simple but intelligent and important rules forBible study and interpretation:• "1. Every word must have its proper bearing on the subjectpresented in the Bible; ... ...• The above is a portion of these rules; and in our study of theBible we shall all do well to heed the principles set forth.
618	Amazing DiscoveriesD[tvLIVERH NOVEMBER 25, 1884, PAR.23-25• Those who are engaged in proclaiming the third angel's messageare searching the Scriptures upon the same plan that FatherMiller adopted. In the little book entitled "Views of theProphecies and Prophetic Chronology,*" Father Miller gives thefollowing simple but intelligent and important rules forBible study and interpretation:• "1. Every word must have its proper bearing on the subjectpresented in the Bible; ... ...• The above is a portion of these rules; and in our study of theBible we shall all do well to heed the principles set forth.
624	Amazing DiscoveriesD[tvLIVERH NOVEMBER 25, 1884, PAR.23-25• Those who are engaged in proclaiming the third angel's messageare searching the Scriptures upon the same plan that FatherMiller adopted. In the little book entitled "Views of theProphecies and Prophetic Chronology,*" Father Miller gives thefollowing simple but intelligent and important rules forBible study and interpretation:• "1. Every word must have its proper bearing on the subjectpresented in the Bible; ... ...• The above is a portion of these rules; and in our study of theBible we shall all do well to heed the principles set forth.
630	Amazing DiscoveriesD[EvLIVERH NOVEMBER 25, 1884, PAR.23-25• Those who are engaged in proclaiming the third angel's messageare searching the Scriptures upon the same plan that FatherMiller adopted. In the little book entitled "Views of theProphecies and Prophetic Chronology," Father Miller gives thefollowing simple but intelligent and important rules forBible study and interpretation:• "1. Every word must have its proper bearing on the subjectpresented in the Bible; ... ...• The above is a portion of these rules; and in our study of theBible we shall all do well to heed the principles set forth.
636	Amazing DiscoveriesD[tvLIVERH NOVEMBER 25, 1884, PAR.23-25• Those who are engaged in proclaiming the third angel's messageare searching the Scriptures upon the same plan that FatherMiller adopted. In the little book entitled "Views of theProphecies and Prophetic Chronology,*" Father Miller gives thefollowing simple but intelligent and important rules forBible study and interpretation:• "1. Every word must have its proper bearing on the subjectpresented in the Bible; ... ...• The above is a portion of these rules; and in our study of theBible we shall all do well to heed the principles set forth.
642	[tvLIVERH NOVEMBER 25, 1884, PAR.23-25• Those who are engaged in proclaiming the third angel's messageare searching the Scriptures upon the same plan that FatherMiller adopted. In the little book entitled "Views of theProphecies and Prophetic Chronology," Father Miller gives thefollowing simple but intelligent and important rules forBible study and interpretation:• "1. Every word must have its proper bearing on the subjectpresented in the Bible; ... ...• The above is a portion of these rules; and in our study of theBible we shall all do well to heed the principles set forth.For Free Bookmarks Go To:bookmarks.amazingdiscoveries.org
648	D[EvLIVERH NOVEMBER 25, 1884, PAR.23-25• Those who are engaged in proclaiming the third angel's messageare searching the Scriptures upon the same plan that FatherMiller adopted. In the little book entitled "Views of theProphecies and Prophetic Chronology,'" Father Miller gives thefollowing simple but intelligent and important rules forBible study and interpretation:• "1. Every word must have its proper bearing on the subjectpresented in the Bible; ... ...• The above is a portion of these rules; and in our study of theBible we shall all do well to heed the principles set forth.For Free Bookmarks Go To:bookmarks.amazingdiscoveries.org
654	DtvLIVEMEMOIRS OF WILLIAM MILLER P.76.1• Reckoning all these prophetic periods from the several datesassigned by the best chronologers for the events from whichthey should evidently be reckoned, they would all terminatetogether, about A. D. 1843.For Free Bookmarks Go To:bookmarks.amazingdiscoveries.org
660	DLIVEAmazing DiscoveriesMEMOIRS OF WILLIAM MILLER P.76.1• Reckoning all these prophetic periods from the several datesassigned by the best chronologers for the events from whichthey should evidently be reckoned, they would all terminatetogether, about A. D. 1843.
666	D[tvLIVEAmazing DiscoveriesMEMOIRS OF WILLIAM MILLER P.76.1• Reckoning all these prophetic periods from the several datesassigned by the best chronologers for the events from whichthey should evidently be reckoned, they would all terminatetogether, about A. D. 1843.
672	D[tvLIVEAmazing DiscoveriesMEMOIRS OF WILLIAM MILLER P.76.1• Reckoning all these prophetic periods from the several datesassigned by the best chronologers for the events from whichthey should evidently be reckoned, they would all terminatetogether, about A. D. 1843-
678	Amazing DiscoveriesAllD[tvLIVEMEMOIRS OF WILLIAM MILLER P.76.1• Reckoning all these prophetic periods from the several datesassigned by the best chronologers for the events from whichthey should evidently be reckoned, they would all terminatetogether, about A. D. 1843.
684	D[tvLIVEAmazing DiscoveriesMEMOIRS OF WILLIAM MILLER P.76.1• Reckoning all these prophetic periods from the several datesassigned by the best chronologers for the events from whichthey should evidently be reckoned, they would all terminatetogether, about A. D. 1843.
690	DtvLIVEAmazing DiscoveriesMEMOIRS OF WILLIAM MILLER P.76.1• Reckoning all these prophetic periods from the several datesassigned by the best chronologers for the events from whichthey should evidently be reckoned, they would all terminatetogether, about A. D. 1843.
696	D[tvLIVEAmazing DiscoveriesMEMOIRS OF WILLIAM MILLER P.76.1• Reckoning all these prophetic periods from the several datesassigned by the best chronologers for the events from whichthey should evidently be reckoned, they would all terminatetogether, about A. D. 1843.
702	D[tvLIVEAmazing DiscoveriesMEMOIRS OF WILLIAM MILLER P.76.1• Reckoning all these prophetic periods from the several datesassigned by the best chronologers for the events from whichthey should evidently be reckoned, they would all terminatetogether, about A. D. 1843.
708	D[tvLIVEAmazing DiscoveriesMEMOIRS OF WILLIAM MILLER P.76.1• Reckoning all these prophetic periods from the several datesassigned by the best chronologers for the events from whichthey should evidently be reckoned, they would all terminatetogether, about A. D. 1843.
714	D[tvLIVEMEMOIRS OF WILLIAM MILLER 92.2• He continued to make the Bible his daily study, and becamemore and more convinced that he had a personal duty toperform respecting what he conceived the Bible to teach of thenearness of the Advent. These impressions he thusdescribes:MacKenzie DrebitVice President
720	Amazing DiscoveriesD[tvLIVEMEMOIRS OF WILLIAM MILLER 92.2• He continued to make the Bible his daily study, and becamemore and more convinced that he had a personal duty toperform respecting what he conceived the Bible to teach of thenearness of the Advent. These impressions he thusdescribes:
726	Amazing DiscoveriesDtvLIVEMEMOIRS OF WILLIAM MILLER 92.2• He continued to make the Bible his daily study, and becamemore and more convinced that he had a personal duty toperform respecting what he conceived the Bible to teach of thenearness of the Advent. These impressions he thusdescribes:
732	Amazing DiscoveriesLIVEMEMOIRS OF WILLIAM MILLER 92.2• He continued to make the Bible his daily study, and becamemore and more convinced that he had a personal duty toperform respecting what he conceived the Bible to teach of thenearness of the Advent. These impressions he thusdescribes:
738	Amazing DiscoveriesD[tvLIVEMEMOIRS OF WILLIAM MILLER 92.2• He continued to make the Bible his daily study, and becamemore and more convinced that he had a personal duty toperform respecting what he conceived the Bible to teach of thenearness of the Advent. These impressions he thusdescribes:
744	[tvLIVEMEMOIRS OF WILLIAM MILLER 92.2• He continued to make the Bible his daily study, and becamemore and more convinced that he had a personal duty toperform respecting what he conceived the Bible to teach of thenearness of the Advent. These impressions he thusdescribes:
750	D(tvLIVEMEMOIRS OF WILLIAM MILLER 92.2• He continued to make the Bible his daily study, and becamemore and more convinced that he had a personal duty toperform respecting what he conceived the Bible to teach of thenearness of the Advent. These impressions he thusdescribes:millersrules.amazingdiscoveries.org
756	Amazing DiscoveriesAll[tvLIVEMEMOIRS OF WILLIAM MILLER 92.2• He continued to make the Bible his daily study, and becamemore and more convinced that he had a personal duty toperform respecting what he conceived the Bible to teach of thenearness of the Advent. These impressions he thusdescribes:
762	Amazing DiscoveriesAllDLIVEMEMOIRS OF WILLIAM MILLER 92.2• He continued to make the Bible his daily study, and becamemore and more convinced that he had a personal duty toperform respecting what he conceived the Bible to teach of thenearness of the Advent. These impressions he thusdescribes:
768	Amazing DiscoveriesD(tvLIVEMEMOIRS OF WILLIAM MILLER 92.2• He continued to make the Bible his daily study, and becamemore and more convinced that he had a personal duty toperform respecting what he conceived the Bible to teach of thenearness of the Advent. These impressions he thusdescribes:
774	Amazing DiscoveriesDtvLIVEMEMOIRS OF WILLIAM MILLER 92.2• He continued to make the Bible his daily study, and becamemore and more convinced that he had a personal duty toperform respecting what he conceived the Bible to teach of thenearness of the Advent. These impressions he thusdescribes:
780	Amazing DiscoveriesDtvLIVEMEMOIRS OF WILLIAM MILLER 92.2• He continued to make the Bible his daily study, and becamemore and more convinced that he had a personal duty toperform respecting what he conceived the Bible to teach of thenearness of the Advent. These impressions he thusdescribes:
786	Amazing DiscoveriesD[tvLIVEMEMOIRS OF WILLIAM MILLER P.92.3• "When I was about my business, it was continually ringing in'Go and tell the world of their danger.'' This text wasconstantly occurring to me: When I say unto the wicked, Owicked man, thou shalt surely die; if thou dost not speak towarn the wicked from his way, that wicked man shall die in hisiniquity; but his blood will I require at thy handNevertheless, if thou warn the wicked of his way to turn from it;if he do not turn from his way, he shall die in his iniquity; butthou hast delivered thy soul."- Ezek 33:8,9. I felt that, if thewicked could be effectually warned, multitudes of them wouldrepent; and that, if they were not warned, their blood might berequired at my hand.
792	Amazing DiscoveriesD[tvLIVEMEMOIRS OF WILLIAM MILLER P.92.3• "When I was about my business, it was continually ringing in'Go and tell the world of their danger.'' This text wasconstantly occurring to me: When I say unto the wicked, Owicked man, thou shalt surely die; if thou dost not speak towarn the wicked from his way, that wicked man shall die in hisiniquity; but his blood will I require at thy hand.Nevertheless, if thou warn the wicked of his way to turn from it;if he do not turn from his way, he shall die in his iniquity; butthou hast delivered thy soul."- Ezek.33:8,9. I felt that, if thewicked could be effectually warned, multitudes of them wouldrepent; and that, if they were not warned, their blood might berequired at my hand.
798	Amazing DiscoveriesD[tvLIVEMEMOIRS OF WILLIAM MILLER P.92.3• "When I was about my business, it was continually ringing in'Go and tell the world of their danger.' This text wasconstantly occurring to me: When I say unto the wicked, Owicked man, thou shalt surely die; if thou dost not speak towarn the wicked from his way, that wicked man shall die in hisiniquity; but his blood will I require at thy handNevertheless, if thou warn the wicked of his way to turn from it;it he do not turn from his way, he shall die in his iniquity; butthou hast delivered thy soul."- Ezek 33:8,9. I felt that, if thewicked could be effectually warned, multitudes of them wouldrepent; and that, if they were not warned, their blood might berequired at my hand.
804	D[tvLIVEMEMOIRS OF WILLIAM MILLER P.92.3• "When I was about my business, it was continually ringing in'Go and tell the world of their danger.'' This text wasconstantly occurring to me: When I say unto the wicked, Owicked man, thou shalt surely die; if thou dost not speak towarn the wicked from his way, that wicked man shall die in hisiniquity; but his blood will I require at thy hand.Nevertheless, if thou warn the wicked of his way to turn from it;if he do not turn from his way, he shall die in his iniquity; butthou hast delivered thy soul."- Ezek.33:8,9. I felt that, if thewicked could be effectually warned, multitudes of them wouldrepent; and that, if they were not warned, their blood might berequired at my hand.JudgmentDayDocumentary.com
810	Amazing DiscoveriesD[tvLIVEMEMOIRS OF WILLIAM MILLER P.92.3• "When I was about my business, it was continually ringing in'Go and tell the world of their danger.'' This text wasconstantly occurring to me: When I say unto the wicked,wicked man, thou shalt surely die; if thou dost not speak towarn the wicked from his way, that wicked man shall die in hisiniquity; but his blood will I require at thy hand.Nevertheless, if thou warn the wicked of his way to turn from it;if he do not turn from his way, he shall die in his iniquity; butthou hast delivered thy soul."- Ezek 33:8,9. I felt that, if thewicked could be effectually warned, multitudes of them wouldrepent; and that, if they were not warned, their blood might berequired at my hand.
816	Amazing DiscoveriesAllD[tvLIVEMEMOIRS OF WILLIAM MILLER P.92.3• "When I was about my business, it was continually ringing in'Go and tell the world of their danger.'' This text wasconstantly occurring to me: When I say unto the wicked, Owicked man, thou shalt surely die; if thou dost not speak towarn the wicked from his way, that wicked man shall die in hisiniquity; but his blood will i require at thy hand.Nevertheless, if thou warn the wicked of his way to turn from it;if he do not turn from his way, he shall die in his iniquity; butthou hast delivered thy soul."- Ezek.33:8,9. I felt that, if thewicked could be effectually warned, multitudes of them wouldrepent; and that, if they were not warned, their blood might berequired at my hand.
822	Amazing DiscoveriesD[tvLIVEMEMOIRS OF WILLIAM MILLER P.92.3• "When I was about my business, it was continually ringing in'Go and tell the world of their danger.'' This text wasconstantly occurring to me: When I say unto the wicked, Owicked man, thou shalt surely die; if thou dost not speak tovarn the wicked from his way, that wicked man shall die in hisniquity: but his blood will I require at thy handNevertheless, if thou warn the wicked of his way to turn from it;if he do not turn from his way, he shall die in his iniquity; butthou hast delivered thy soul.'- Ezek 33:8,9. I felt that, if thewicked could be effectually warned, multitudes of them wouldrepent; and that, if they were not warned, their blood might berequired at my hand.
828	Amazing DiscoveriesD[tvLIVEMEMOIRS OF WILLIAM MILLER P.92.3• "When I was about my business, it was continually ringing in'Go and tell the world of their danger.' This text wasconstantly occurring to me: When I say unto the wicked, Owicked man, thou shalt surely die; if thou dost not speak towarn the wicked from his way, that wicked man shall die in hisiniquity; but his blood will I require at thy hand.Nevertheless, if thou warn the wicked of his way to turn from it;if he do not turn from his way, he shall die in his iniquity; butthou hast delivered thy soul."- Ezek.33:8,9. I felt that, if thewicked could be effectually warned, multitudes of them wouldrepent; and that, if they were not warned, their blood might berequired at my hand.
834	Amazing DiscoveriesAllDtvLIVEMEMOIRS OF WILLIAM MILLER P.92.3• "When I was about my business, it was continually ringing in'Go and tell the world of their danger.'' This text wasconstantly occurring to me: When I say unto the wicked,wicked man, thou shalt surely die; if thou dost not speak towarn the wicked from his way, that wicked man shall die in hisiniquity; but his blood will I require at thy hand.Nevertheless, if thou warn the wicked of his way to turn from it;if he do not turn from his way, he shall die in his iniquity; butthou hast delivered thy soul."- Ezek 33:8,9. I felt that, if thewicked could be effectually warned, multitudes of them wouldrepent; and that, if they were not warned, their blood might berequired at my hand.
840	Amazing DiscoveriesD[tvLIVEMEMOIRS OF WILLIAM MILLER P.92.3• "When I was about my business, it was continually ringing in'Go and tell the world of their danger.'' This text wasconstantly occurring to me: When I say unto the wicked, Owicked man, thou shalt surely die; if thou dost not speak towarn the wicked from his way, that wicked man shall die in hisiniquity; but his blood will i require at thy handNevertheless, if thou warn the wicked of his way to turn from it;if he do not turn from his way, he shall die in his iniquity; butthou hast delivered thy soul."- Ezek.33:8,9. I felt that, if thewicked could be effectually warned, multitudes of them wouldrepent; and that, if they were not warned, their blood might berequired at my hand.
846	Amazing DiscoveriesAllD[tvLIVEMEMOIRS OF WILLIAM MILLER P.92.3• "When I was about my business, it was continually ringing in'Go and tell the world of their danger.' This text wasconstantly occurring to me: 'When I say unto the wicked, Owicked man, thou shalt surely die; if thou dost not speak towarn the wicked from his way, that wicked man shall die in hisiniquity; but his blood will I require at thy hand.Nevertheless, if thou warn the wicked of his way to turn from it;if he do not turn from his way, he shall die in his iniquity; butthou hast delivered thy soul."- Ezek 33:8,9. I felt that, if thewicked could be effectually warned, multitudes of them wouldrepent; and that, if they were not warned, their blood might berequired at my hand.
852	Amazing DiscoveriesD[tvLIVEMEMOIRS OF WILLIAM MILLER P.92.3• "When I was about my business, it was continually ringing in'Go and tell the world of their danger.'' This text wasconstantly occurring to me: When I say unto the wicked,wicked man, thou shalt surely die; if thou dost not speak towarn the wicked from his way, that wicked man shall die in hisiniquity; but his blood will I require at thy hand.Nevertheless, if thou warn the wicked of his way to turn from it;if he do not turn from his way, he shall die in his iniquity; butthou hast delivered thy soul."- Ezek 33:8,9. I felt that, if thewicked could be effectually warned, multitudes of them wouldrepent; and that, if they were not warned, their blood might berequired at my hand.
858	Amazing DiscoveriesD[tvLIVEMEMOIRS OF WILLIAM MILLER P.92.3• "When I was about my business, it was continually ringing in'Go and tell the world of their danger.'' This text wasconstantly occurring to me: When I say unto the wicked, Owicked man, thou shalt surely die; if thou dost not speak towarn the wicked from his way, that wicked man shall die in hisiniquity; but his blood will I require at thy hand.Nevertheless, if thou warn the wicked of his way to turn from it;if he do not turn from his way, he shall die in his iniquity; butthou hast delivered thy soul."- Ezek 33:8,9. I felt that, if thewicked could be effectually warned, multitudes of them wouldrepent; and that, if they were not warned, their blood might berequired at my hand.
864	Amazing DiscoveriesD(tvLIVEMEMOIRS OF WILLIAM MILLER P.92.3• I did all I could to avoid the conviction that anything wasrequired of me; and I thought that by freely speaking of it to all,I should perform my duty, and that God would raise up thenecessary instrumentality for the accomplishment of the work. Iprayed that some minister might see the truth, and devotehimself to its promulgation; but still it was impressed upon me,Go and tell it to the world: their blood will I require at thyhand.'
870	Amazing DiscoveriesD[EvLIVEMEMOIRS OF WILLIAM MILLER P.92.3• I did all I could to avoid the conviction that anything wasrequired of me; and I thought that by freely speaking of it to all,I should perform my duty, and that God would raise up thenecessary instrumentality for the accomplishment of the work. Iprayed that some minister might see the truth, and devotehimself to its promulgation; but still it was impressed upon me,Go and tell it to the world: their blood will I require at thyhand.'
876	Amazing DiscoveriesD[tvLIVEMEMOIRS OF WILLIAM MILLER P.92.3• I did all I could to avoid the conviction that anything wasrequired of me; and I thought that by freely speaking of it to all,I should perform my duty, and that God would raise up thenecessary instrumentality for the accomplishment of the work. Iprayed that some minister might see the truth, and devotehimself to its promulgation; but still it was impressed upon me,Go and tell it to the world: their blood will I require at thyhand.'
882	Amazing DiscoveriesD[tvLIVEMEMOIRS OF WILLIAM MILLER P.92.3• I did all I could to avoid the conviction that anything wasrequired of me; and I thought that by freely speaking of it to all,I should perform my duty, and that God would raise up thenecessary instrumentality for the accomplishment of the work. Iprayed that some minister might see the truth, and devotehimself to its promulgation; but still it was impressed upon me,Go and tell it to the world: their blood will I require at thyhand.'
888	Amazing DiscoveriesAD[tvLIVEMEMOIRS OF WILLIAM MILLER P.92.3• I did all I could to avoid the conviction that anything wasrequired of me; and I thought that by freely speaking of it to all,I should perform my duty, and that God would raise up thenecessary instrumentality for the accomplishment of the work. Iprayed that some minister might see the truth, and devotehimself to its promulgation; but still it was impressed upon me,Go and tell it to the world: their blood will I require at thyhand.'
894	Amazing DiscoveriesD[tvLIVEMEMOIRS OF WILLIAM MILLER P.92.3• I did all I could to avoid the conviction that anything wasrequired of me; and I thought that by freely speaking of it to all,I should perform my duty, and that God would raise up thenecessary instrumentality for the accomplishment of the work. Iprayed that some minister might see the truth, and devotehimself to its promulgation; but still it was impressed upon me,Go and tell it to the world: their blood will I require at thyhand.'
900	Amazing DiscoveriesD[tvLIVEMEMOIRS OF WILLIAM MILLER P.92.3• I did all I could to avoid the conviction that anything wasrequired of me; and I thought that by freely speaking of it to all,I should perform my duty, and that God would raise up thenecessary instrumentality for the accomplishment of the work. Iprayed that some minister might see the truth, and devotehimself to its promulgation; but still it was impressed upon me,Go and tell it to the world: their blood will I require at thyhand.'
906	Amazing DiscoveriesD[tvLIVEMEMOIRS OF WILLIAM MILLER P.92.3• I did all I could to avoid the conviction that anything wasrequired of me; and I thought that by freely speaking of it to all,I should perform my duty, and that God would raise up thenecessary instrumentality for the accomplishment of the work. Iprayed that some minister might see the truth, and devotehimself to its promulgation; but still it was impressed upon me,Go and tell it to the world: their blood will I require at thyhand.'
912	Amazing DiscoveriesD[tvLIVEMEMOIRS OF WILLIAM MILLER P.92.3• I did all I could to avoid the conviction that anything wasrequired of me; and I thought that by freely speaking of it to all,I should perform my duty, and that God would raise up thenecessary instrumentality for the accomplishment of the work. Iprayed that some minister might see the truth, and devotehimself to its promulgation; but still it was impressed upon me,Go and tell it to the world: their blood will I require at thyhand.'
918	Amazing DiscoveriesLIVEMEMOIRS OF WILLIAM MILLER P.92.4• In this way he struggled on for nine years longer, pursuing thestudy of the Bible, doing all he could to present the nearness ofChrist's coming to those whom circumstances threw in hisway; but resisting his impressions of duty to go out as a publicteacher. He was then fifty years old, and it seemed impossiblefor him to surmount the obstacles which lay in his path, tosuccessfully present it in a public manner.
924	Amazing Discoveries[EvLIVEMEMOIRS OF WILLIAM MILLER P.92.4• In this way he struggled on for nine years longer, pursuing thestudy of the Bible, doing all he could to present the nearness ofChrist's coming to those whom circumstances threw in hisway; but resisting his impressions of duty to go out as a publicteacher. He was then fifty years old, and it seemed impossiblefor him to surmount the obstacles which lay in his path, tosuccessfully present it in a public manner.
930	Amazing Discoveries(tvLIVEMEMOIRS OF WILLIAM MILLER P.92.4• In this way he struggled on for nine years longer, pursuing thestudy of the Bible, doing all he could to present the nearness ofChrist's coming to those whom circumstances threw in hisway; but resisting his impressions of duty to go out as a publicteacher. He was then fifty years old, and it seemed impossiblefor him to surmount the obstacles which lay in his path, tosuccessfully present it in a public manner.
936	Amazing DiscoveriestvLIVEMEMOIRS OF WILLIAM MILLER P.92.4• In this way he struggled on for nine years longer, pursuing thestudy of the Bible, doing all he could to present the nearness ofChrist's coming to those whom circumstances threw in hisway; but resisting his impressions of duty to go out as a publicteacher. He was then fifty years old, and it seemed impossiblefor him to surmount the obstacles which lay in his path, tosuccessfully present it in a public manner.
942	Amazing DiscoveriesLIVEMEMOIRS OF WILLIAM MILLER P.92.4• In this way he struggled on for nine years longer, pursuing thestudy of the Bible, doing all he could to present the nearness ofChrist's coming to those whom circumstances threw in hisway; but resisting his impressions of duty to go out as a publicteacher. He was then fifty years old, and it seemed impossiblefor him to surmount the obstacles which lay in his path, tosuccessfully present it in a public manner.
948	Amazing Discoveries[tvLIVEMEMOIRS OF WILLIAM MILLER P.92.4• In this way he struggled on for nine years longer, pursuing thestudy of the Bible, doing all he could to present the nearness ofChrist's coming to those whom circumstances threw in hisway; but resisting his impressions of duty to go out as a publicteacher. He was then fifty years old, and it seemed impossiblefor him to surmount the obstacles which lay in his path, tosuccessfully present it in a public manner.
954	Amazing Discoveries[tvLIVEMEMOIRS OF WILLIAM MILLER P.92.4• In this way he struggled on for nine years longer, pursuing thestudy of the Bible, doing all he could to present the nearness ofChrist's coming to those whom circumstances threw in hisway; but resisting his impressions of duty to go out as a publicteacher. He was then fifty years old, and it seemed impossiblefor him to surmount the obstacles which lay in his path, tosuccessfully present it in a public manner.
960	Amazing Discoveries[tvLIVEMEMOIRS OF WILLIAM MILLER P.92.4• In this way he struggled on for nine years longer, pursuing thestudy of the Bible, doing all he could to present the nearness ofChrist's coming to those whom circumstances threw in hisway; but resisting his impressions of duty to go out as a publicteacher. He was then fifty years old, and it seemed impossiblefor him to surmount the obstacles which lay in his path, tosuccessfully present it in a public manner.
966	Amazing Discoveries[tvLIVEMEMOIRS OF WILLIAM MILLER P.92.4• In this way he struggled on for nine years longer, pursuing thestudy of the Bible, doing all he could to present the nearness ofChrist's coming to those whom circumstances threw in hisway; but resisting his impressions of duty to go out as a publicteacher. He was then fifty years old, and it seemed impossiblefor him to surmount the obstacles which lay in his path, tosuccessfully present it in a public manner.
972	Amazing Discoveries(tvLIVEMEMOIRS OF WILLIAM MILLER P.92.4• In this way he struggled on for nine years longer, pursuing thestudy of the Bible, doing all he could to present the nearness ofChrist's coming to those whom circumstances threw in hisway; but resisting his impressions of duty to go out as a publicteacher. He was then fifty years old, and it seemed impossiblefor him to surmount the obstacles which lay in his path, tosuccessfully present it in a public manner.
978	Amazing Discoveries[tvLIVEMEMOIRS OF WILLIAM MILLER P.92.4• In this way he struggled on for nine years longer, pursuing thestudy of the Bible, doing all he could to present the nearness ofChrist's coming to those whom circumstances threw in hisway; but resisting his impressions of duty to go out as a publicteacher. He was then fifty years old, and it seemed impossiblefor him to surmount the obstacles which lay in his path, tosuccessfully present it in a public manner.
984	Amazing Discoveries[EvLIVEMEMOIRS OF WILLIAM MILLER P.92.4• In this way he struggled on for nine years longer, pursuing thestudy of the Bible, doing all he could to present the nearness ofChrist's coming to those whom circumstances threw in hisway; but resisting his impressions of duty to go out as a publicteacher. He was then fifty years old, and it seemed impossiblefor him to surmount the obstacles which lay in his path, tosuccessfully present it in a public manner.
990	Amazing DiscoveriesD[tvLIVEMEMOIRS OF WILLIAM MILLER P.97• THE public labors of Mr. Miller, according to the best evidenceto be obtained, date from the autumn of 1831. He had continuedto be much distressed respecting his duty to"go and tell it to theworld," which was constantly impressed on his mind. OneSaturday, after breakfast, he sat down at his desk to examinesome point, and, as he arose to go out to work, it came home tohim with more force than ever,"Go and tell it to the world." Hethus writes:- {1853 SB, MWM 97.2}
996	Amazing DiscoveriesD[tvLIVEMEMOIRS OF WILLIAM MILLER P.97• THE public labors of Mr. Miller, according to the best evidenceto be obtained, date from the autumn of 1831. He had continuedto be much distressed respecting his duty to"go and tell it to theworld," which was constantly impressed on his mind. OneSaturday, after breakfast, he sat down at his desk to examinesome point, and, as he arose to go out to work, it came home tohim with more force than ever,"Go and tell it to the world." Hethus writes:- {1853 SB, MWM 97.2}
1002	Amazing DiscoveriesD[tvLIVEMEMOIRS OF WILLIAM MILLER P.97• THE public labors of Mr. Miller, according to the best evidenceto be obtained, date from the autumn of 1831. He had continuedto be much distressed respecting his duty to"go and tell it to theworld," which was constantly impressed on his mind. OneSaturday, after breakfast, he sat down at his desk to examinesome point, and, as he arose to go out to work, it came home tohim with more force than ever,"Go and tell it to the world." Hethus writes:- {1853 SB, MWM 97.2}
1008	Amazing DiscoveriesDtvLIVEMEMOIRS OF WILLIAM MILLER P.97• THE public labors of Mr. Miller, according to the best evidenceto be obtained, date from the autumn of 1831. He had continuedto be much distressed respecting his duty to"go and tell it to theworld," which was constantly impressed on his mind. OneSaturday, after breakfast, he sat down at his desk to examinesome point, and, as he arose to go out to work, it came home tohim with more force than ever,"Go and tell it to the world." Hethus writes:- {1853 SB, MWM 97.2}
1014	Amazing DiscoveriesD[tvLIVEMEMOIRS OF WILLIAM MILLER P.97• THE public labors of Mr. Miller, according to the best evidenceto be obtained, date from the autumn of 1831. He had continuedto be much distressed respecting his duty to"go and tell it to theworld," which was constantly impressed on his mind. OneSaturday, after breakfast, he sat down at his desk to examinesome point, and, as he arose to go out to work, it came home tohim with more force than ever,"Go and tell it to the world." Hethus writes:- {1853 SB, MWM 97.2}
1020	Amazing DiscoveriesDtvLIVEMEMOIRS OF WILLIAM MILLER P.97• THE public labors of Mr. Miller, according to the best evidenceto be obtained, date from the autumn of 1831. He had continuedto be much distressed respecting his duty to"go and tell it to theworld," which was constantly impressed on his mind. OneSaturday, after breakfast, he sat down at his desk to examinesome point, and, as he arose to go out to work, it came home tohim with more force than ever,"Go and tell it to the world." Hethus writes:- {1853 SB, MWM 97.2}
1026	Amazing DiscoveriesD[tvLIVEMEMOIRS OF WILLIAM MILLER P.97• "The impression was so sudden, and came with such force, that )settled down into my chair, saying,'I can't go, Lord.' 'Why not?'seemed to be the response; and then all my excuses came up - mywant of ability, etc.; but my distress became so great, I entered into aThen termed o cute 40 me. Vi at 40 a neat oninginitinthe Bible about che lord Coming. Instantly all my burdent' Instantly all my burdenwas gone, and I rejoiced that I should not probably be thus calledupon; for I had never had such an invitation. My trials were notknown, and I had but little expectation of being invited to any field oflabor.
1032	Amazing DiscoveriesAllD[tvLIVEMEMOIRS OF WILLIAM MILLER P.97• "The impression was so sudden, and came with such force, that )settled down into my chair, saying,'I can't go, Lord.' "Why not?'seemed to be the response; and then all my excuses came up - mywant of ability, etc.; but my distress became so great, I entered into asolemn covenant with God, that, if he would open the way, I wouldgo and perform my duty to the world. What do you mean by openingthe way?" seemed to come to me. "Why,"invitation to speak publicly in any place, I will go and tell them whatI find in the Bible about the Lord's coming.' Instantly all my burdenwas gone, and I rejoiced that I should not probably be thus calledupon; for I had never had such an invitation. My trials were notknown, and I had but little expectation of being invited to any field oflabor.
1038	DtvLIVEMEMOIRS OF WILLIAM MILLER P.97• "The impression was so sudden, and came with such force, that )settled down into my chair, saying.'I can't go, Lord." "Why not?'Amazing DiscoveriesThe way seemed to come to he Way, Said do you mud by openinginvitation to speak publicly in any place, I will go and tell them whatI find in the Bible about the Lord's coming.' Instantly all my burdenupon; for I had never had such an invitation. My trials were notknown, and I had but little expectation of being invited to any field oflabor.
1044	Amazing DiscoveriesDLIVEMEMOIRS OF WILLIAM MILLER P.97• "The impression was so sudden, and came with such force, thatettled down into my chair, saying'I can't go, Lord.' "Why not?'seemed to be the response; and then all my excuses came up - mywant of ability, etc.; but my distress became so great, I entered into asolemn covenant with God, that, if he would open the way, I wouldgo and perform my duty to the world. What do you mean by openinginvitation to speak publicly in any place, I will go and tell them whatI find in the Bible about the Lord's coming.' Instantly all my burdenwas gone, and I rejoiced that I should not probably be thus calledupon; for I had never had such an invitation. My trials were notknown, and I had but little expectation of being invited to any field oflabor.
1050	Amazing DiscoveriesDItvLIVEMEMOIRS OF WILLIAM MILLER P.97• "The impression was so sudden, and came with such force, that )settled down into my chair, saying.'I can't go, Lord.' "Why not?'seemed to be the response; and then all my excuses came up - mywant of ability, etc.; but my distress became so great, I entered into asolemn covenant with God, that, if he would open the way, I wouldhe way? seemed to come to me. Why, said d, Yos houd have aningin tithe Bible about che ord Come, g. Instantly all my burdent' Instantly all my burdenwas gone, and I rejoiced that I should not probably be thus calledupon; for I had never had such an invitation. My trials were notknown, and I had but little expectation of being invited to any field oflabor.
1056	Amazing DiscoveriesD[tvLIVEMEMOIRS OF WILLIAM MILLER P.97• "The impression was so sudden, and came with such force, that )settled down into my chair, saying.'I can't go, Lord.' "Why not?'seemed to be the response; and then all my excuses came up - mywant of ability, etc.; but my distress became so great, I entered into aThen termed out 40 me. Vy at 40 a men i goinginvitation to speak publicly in any place, I will go and tell them whatI find in the Bible about the Lord's coming.' Instantly all my burdenwas gone, and I rejoiced that I should not probably be thus calledupon; for I had never had such an invitation. My trials were notknown, and I had but little expectation of being invited to any field oflabor.
1062	Amazing DiscoveriesAllDtvLIVEMEMOIRS OF WILLIAM MILLER P.97"The impression was so sudden, and came with such force, thatettled down into my chair, saying'I can't go, Lord.' "Why not?'seemed to be the response; and then all my excuses came up - mywant of ability, etc.; but my distress became so great, I entered into aThen termed o one 40 me. Vy at 40 a men i oningnvitation to speak publicly in any place, I will go and tell them whalI find in the Bible about the Lord's coming.' Instantly all my burderwas gone. and I rejoiced that I should not probably be thus calledupon; for I had never had such an invitation. My trials were notknown, and I had but little expectation of being invited to any field oflabor.
1068	Amazing DiscoveriesDtvLIVEMEMOIRS OF WILLIAM MILLER P.97• "The impression was so sudden, and came with such force, that )settled down into my chair, saying,'I can't go, Lord.' "Why not?'seemed to be the response; and then all my excuses came up - mywant of ability, etc.; but my distress became so great, I entered into asolemn covenant with God, that, if he would open the way, I wouldgo and perform my duty to the world. "What do you mean by openingthe way?" seemed to come to me. "Why,"invitation to speak publicly in any place, I will go and tell them whatI find in the Bible about the Lord's coming.' Instantly all my burdenwas gone, and I rejoiced that I should not probably be thus calledupon; for I had never had such an invitation. My trials were notknown, and I had but little expectation of being invited to any field oflabor.
1074	Amazing DiscoveriesDLIVEMEMOIRS OF WILLIAM MILLER P.97• "The impression was so sudden, and came with such force, that )settled down into my chair, saying,'I can't go, Lord.' "Why not?'seemed to be the response; and then all my excuses came up - mywant of ability, etc.; but my distress became so great, I entered into asolemn covenant with God, that, if he would open the way, I wouldthe way seemed to come to me. Why, said d, You houd have aninginvitation to speak publicly in any place, I will go and tell them whatI find in the Bible about the Lord's coming.' Instantly all my burdenwas gone, and I rejoiced that I should not probably be thus calledupon; for I had never had such an invitation. My trials were notknown, and I had but little expectation of being invited to any field oflabor.
1080	Amazing DiscoveriesD[tvLIVEMEMOIRS OF WILLIAM MILLER P.97• "The impression was so sudden, and came with such force, thatettled down into my chair, saying'I can't go, Lord.' "Why not?'seemed to be the response; and then all my excuses came up - mywant of ability, etc.; but my distress became so great, I entered into aThen termed o cute 0 me. Vy at 40 a mont i oninginvitation to speak publicly in any place, I will go and tell them whatI find in the Bible about the Lord's coming.' Instantly all my burdenwas gone, and I rejoiced that I should not probably be thus calledupon; for I had never had such an invitation. My trials were notknown, and I had but little expectation of being invited to any field oflabor.
1086	Amazing DiscoveriesDItvLIVEMEMOIRS OF WILLIAM MILLER P.97• "The impression was so sudden, and came with such force, that )settled down into my chair, saying,'I can't go, Lord.' "Why not?'Then termed o cote 40 me. Vy at 40 a men i oninginvitation to speak publicly in any place, I will go and tell them whatI find in the Bible about the Lord's coming.' Instantly all my burdenupon; for I had never had such an invitation. My trials were notknown, and I had but little expectation of being invited to any field oflabor.
1092	Amazing DiscoveriesDtvLIVEMEMOIRS OF WILLIAM MILLER P.97• "The impression was so sudden, and came with such force, that )settled down into my chair, saying,'I can't go, Lord.' "Why not?'seemed to be the response; and then all my excuses came up - mywant of ability, etc.; but my distress became so great, I entered into asolemn covenant with God, that, if he would open the way, I wouldgo and perform my duty to the world. What do you mean by openingthe way?" seemed to come to me. "Why,"said I, 'if I should have aninvitation to speak publicly in any place, I will go and tell them whatI find in the Bible about the Lord's coming.' Instantly all my burdenwas gone, and I rejoiced that I should not probably be thus calledupon; for I had never had such an invitation. My trials were notknown, and I had but little expectation of being invited to any field oflabor.
1098	Amazing DiscoveriesD[tvLIVEMEMOIRS OF WILLIAM MILLER P.97• "The impression was so sudden, and came with such force, that )settled down into my chair, saying.'I can't go, Lord." 'Why not?'want of ability, etc.; but my distress became so great, I entered into asolemn covenant with God, that, if he would open the way, I wouldgo and perform my duty to the world. What do you mean by openingthe way?" seemed to come to me. "Why," said I, if I should have anin tithe Bible about che ody Came, g. Instantly all my burdent' Instantly all my burdenwas gone, and I rejoiced that I should not probably be thus calledupon; for I had never had such an invitation. My trials were notknown, and I had but little expectation of being invited to any field oflabor.
1104	Amazing DiscoveriesDtvLIVEMEMOIRS OF WILLIAM MILLER P.97• "The impression was so sudden, and came with such force, that )settled down into my chair, saying.'I can't go, Lord.' 'Why not?'seemed to be the response; and then all my excuses came up - mywant of ability, etc.; but my distress became so great, I entered into asolemn covenant with God, that, if he would open the way, I wouldthe way? seemed to come to me. Why, said d, Yos houd have aningsaid I, "if I should have aninitite Bible about che ord Come, g. Instantly all my burdent' Instantly all my burdenwas gone, and I rejoiced that I should not probably be thus calledupon; for I had never had such an invitation. My trials were notknown, and I had but little expectation of being invited to any field oflabor.
1110	Amazing DiscoveriesDtvLIVEMEMOIRS OF WILLIAM MILLER P.97• "The impression was so sudden, and came with such force, that )settled down into my chair, saying.'I can't go, Lord.' "Why not?'seemed to be the response; and then all my excuses came up - mywant of ability, etc.; but my distress became so great, I entered into asolemn covenant with God, that, if he would open the way, I wouldThe way seemed to come to me. Why, said d, Yo should have aningnvitation to speak publicly in any place, I will go and tell them whatI find in the Bible about the Lord's coming.' Instantly all my burderwas gone, and I rejoiced that I should not probably be thus calledupon; for I had never had such an invitation. My trials were notknown, and I had but little expectation of being invited to any field oflabor.
1116	Amazing DiscoveriesD[tvLIVEMEMOIRS OF WILLIAM MILLER P.98.1• "In about half an hour from this time, before I had left the room,a son of Mr. Guilford, of Dresden, about sixteen miles from myresidence, came in, and said that his father had sent for me, andwished me to go home with him. Supposing that he wished tosee me on some business, I asked him what he wanted. Hereplied, that there was to be no preaching in their church thenext day, and his father wished to have me come and talk to thepeople on the subject of the Lord's coming.
1122	Amazing DiscoveriesD[tvLIVEMEMOIRS OF WILLIAM MILLER P.98.1• "In about half an hour from this time, before I had left the room,a son of Mr. Guilford, of Dresden, about sixteen miles from myresidence, came in, and said that his father had sent for me, andwished me to go home with him. Supposing that he wished tosee me on some business, I asked him what he wanted. Hereplied, that there was to be no preaching in their church thenext day, and his father wished to have me come and talk to thepeople on the subject of the Lord's coming.
1128	Amazing DiscoveriesD[tvLIVEMEMOIRS OF WILLIAM MILLER P.98.1• "In about half an hour from this time, before I had left the room,a son of Mr. Guilford, of Dresden, about sixteen miles from myresidence, came in, and said that his father had sent for me, andwished me to go home with him. Supposing that he wished tosee me on some business, I asked him what he wanted. Hereplied, that there was to be no preaching in their church thenext day, and his father wished to have me come and talk to thepeople on the subject of the Lord's coming.
1134	Amazing DiscoveriesD[tvLIVEMEMOIRS OF WILLIAM MILLER P.98.1• "In about half an hour from this time, before I had left the room,a son of Mr. Guilford, of Dresden, about sixteen miles from myresidence, came in, and said that his father had sent for me, andwished me to go home with him. Supposing that he wished tosee me on some business, I asked him what he wanted. Hereplied, that there was to be no preaching in their church thenext day, and his father wished to have me come and talk to thepeople on the subject of the Lord's coming.
1140	Amazing DiscoveriesD(EvLIVEMEMOIRS OF WILLIAM MILLER P.98.1• "In about half an hour from this time, before I had left the room,a son of Mr. Guilford, of Dresden, about sixteen miles from myresidence, came in, and said that his father had sent for me, andwished me to go home with him. Supposing that he wished tosee me on some business, I asked him what he wanted. Hereplied, that there was to be no preaching in their church thenext day, and his father wished to have me come and talk to thepeople on the subject of the Lord's coming.
1146	Amazing DiscoveriesD[tvLIVEMEMOIRS OF WILLIAM MILLER P.98.1• "In about half an hour from this time, before I had left the room,a son of Mr. Guilford, of Dresden, about sixteen miles from myresidence, came in, and said that his father had sent for me, andwished me to go home with him. Supposing that he wished tosee me on some business, I asked him what he wanted. Hereplied, that there was to be no preaching in their church thenext day, and his father wished to have me come and talk to thepeople on the subject of the Lord's coming.
1152	Amazing DiscoveriesD[tvLIVEMEMOIRS OF WILLIAM MILLER P.98.1• "In about half an hour from this time, before I had left the room,a son of Mr. Guilford, of Dresden, about sixteen miles from myresidence, came in, and said that his father had sent for me, andwished me to go home with him. Supposing that he wished tosee me on some business, I asked him what he wanted. Hereplied, that there was to be no preaching in their church thenext day, and his father wished to have me come and talk to thepeople on the subject of the Lord's coming.
1158	Amazing DiscoveriesDLIVEMEMOIRS OF WILLIAM MILLER P.98.1• "In about half an hour from this time, before I had left the room,a son of Mr. Guilford, of Dresden, about sixteen miles from myresidence, came in, and said that his father had sent for me, andwished me to go home with him. Supposing that he wished tosee me on some business, I asked him what he wanted. Hereplied, that there was to be no preaching in their church thenext day, and his father wished to have me come and talk to thepeople on the subject of the Lord's coming.
1164	Amazing DiscoveriesD[tvLIVEMEMOIRS OF WILLIAM MILLER P.98.1• "In about half an hour from this time, before I had left the room,a son of Mr. Guilford, of Dresden, about sixteen miles from myresidence, came in, and said that his father had sent for me, andwished me to go home with him. Supposing that he wished tosee me on some business, I asked him what he wanted. Hereplied, that there was to be no preaching in their church thenext day, and his father wished to have me come and talk to thepeople on the subject of the Lord's coming.
1170	Amazing DiscoveriesD[tvLIVEMEMOIRS OF WILLIAM MILLER P.98.1• "In about half an hour from this time, before I had left the room,a son of Mr. Guilford, of Dresden, about sixteen miles from myresidence, came in, and said that his father had sent for me, andwished me to go home with him. Supposing that he wished tosee me on some business, I asked him what he wanted. Hereplied, that there was to be no preaching in their church thenext day, and his father wished to have me come and talk to thepeople on the subject of the Lord's coming.
1176	AllD[tvLIVEMEMOIRS OF WILLIAM MILLER P.98.1• I was immediately angry with myself for having made the covenant Ihad; I rebelled at once against the Lord, and determined not to go. IAmazing Discoveriesconscience,"Will you make a covenant with God, and break it sosoon?' and the exceeding sinfulness of thus doing overwhelmed me. Iinally submitted, and promised the Lord that, if he would sustainme, I would go, trusting in him to give me grace and ability toperform all he should require of me. I returned to the house, andfound the boy still waiting. He remained till after dinner, and Ireturned with him to Dresden.
1182	DtvLIVEMEMOIRS OF WILLIAM MILLER P.98.1• I was immediately angry with myself for having made the covenant Ihad; I rebelled at once against the Lord, and determined not to go. IAmazing Discoveriesconscience, Will you make a covenant with God, and break it sosoon?' and the exceeding sinfulness of thus doing overwhelmed me. Iinally submitted. and promised the Lord that. if he would sustainme, I would go, trusting in him to give me grace and ability toperform all he should require of me. I returned to the house, andfound the bov still waiting. He remained till after dinner, and Ireturned with him to Dresden.
1188	D[tvLIVEMEMOIRS OF WILLIAM MILLER P.98.1• I was immediately angry with myself for having made the covenant Ihad; I rebelled at once against the Lord, and determined not to go. IAmazing Discoveriesconscience,"Will you make a covenant with God, and break it sosoon?' and the exceeding sinfulness of thus doing overwhelmed me.inally submitted, and promised the Lord that. if he would sustairme, I would go, trusting in him to give me grace and ability toperform all he should require of me. I returned to the house, andfound the boy still waiting. He remained till after dinner, and 1returned with him to Dresden.
1194	AD[tvLIVEMEMOIRS OF WILLIAM MILLER P.98.1• I was immediately angry with myself for having made the covenant Ihad; I rebelled at once against the Lord, and determined not to go. IAmazing Discoveriesconscience,"Will you make a covenant with God, and break it sosoon?' and the exceeding sinfulness of thus doing overwhelmed me.inally submitted. and promised the Lord that. if he would sustairme, I would go, trusting in him to give me grace and ability toperform all he should require of me. I returned to the house, andfound the bov still waiting. He remained till after dinner, and Ireturned with him to Dresden.
1200	D[tvLIVEMEMOIRS OF WILLIAM MILLER P.98.1• I was immediately angry with myself for having made the covenant Ihad; I rebelled at once against the Lord, and determined not to go. IAmazing Discoveriesconscience,'Will vou make a covenant with God, and break it sosoon?' and the exceeding sinfulness of thus doing overwhelmed me. Iinally submitted. and promised the Lord that. if he would sustainme, I would go, trusting in him to give me grace and ability toperform all he should require of me. I returned to the house, andfound the bov still waiting. He remained till after dinner, and Ireturned with him to Dresden.
1206	DItvLIVEMEMOIRS OF WILLIAM MILLER P.98.1• I was immediately angry with myself for having made the covenant Ihad; I rebelled at once against the Lord, and determined not to go. IAmazing Discoveriesconscience, 'Will you make a covenant with God, and break it sosoon?' and the exceeding sinfulness of thus doing overwhelmed me.inally submitted, and promised the Lord that, if he would sustairme, I would go, trusting in him to give me grace and ability toperform all he should require of me. I returned to the house, andfound the bov still waiting. He remained till after dinner, and Ireturned with him to Dresden.
1212	D[tvLIVEMEMOIRS OF WILLIAM MILLER P.98.1• I was immediately angry with myself for having made the covenant Ihad; I rebelled at once against the Lord, and determined not to go. IAmazing Discoveriesconscience,'Will you make a covenant with God, and break it sosoon?' and the exceeding sinfulness of thus doing overwhelmed me. Iinally submitted. and promised the Lord that. if he would sustainme, I would go, trusting in him to give me grace and ability toperform all he should require of me. I returned to the house, andfound the boy still waiting. He remained till after dinner, and Ireturned with him to Dresden.
1218	DLIVEMEMOIRS OF WILLIAM MILLER P.98.1• I was immediately angry with myself for having made the covenant Ihad; I rebelled at once against the Lord, and determined not to go. IAmazing Discoveriesconscience,"Will you make a covenant with God, and break it sosoon?' and the exceeding sinfulness of thus doing overwhelmed me. Iinally submitted. and promised the Lord that. if he would sustainme, I would go, trusting in him to give me grace and ability topertorm all he should require of me. I returned to the house, andfound the bov still waiting. He remained till after dinner, and Ireturned with him to Dresden.
1224	D[tvLIVEMEMOIRS OF WILLIAM MILLER P.98.1• I was immediately angry with myself for having made the covenant Ihad; I rebelled at once against the Lord, and determined not to go. IAmazing Discoveriesconscience,"Will you make a covenant with God, and break it sosoon?' and the exceeding sinfulness of thus doing overwhelmed me. Iinally submitted, and promised the Lord that, if he would sustainme, I would go, trusting in him to give me grace and ability toperform all he should require of me. I returned to the house, andfound the boy still waiting. He remained till after dinner, and Ireturned with him to Dresden.
1230	D[tvLIVEMEMOIRS OF WILLIAM MILLER P.98.1• I was immediately angry with myself for having made the covenant Ihad; I rebelled at once against the Lord, and determined not to go. IAmazing Discoveriesconscience,"Will you make a covenant with God, and break it sosoon?' and the exceeding sinfulness of thus doing overwhelmed me. Iinally submitted, and promised the Lord that, if he would sustainme, I would go, trusting in him to give me grace and ability topertorm all he should require of me. I returned to the house, andfound the bov still waiting. He remained till after dinner, and Ireturned with him to Dresden.
1236	AD[tvLIVEMEMOIRS OF WILLIAM MILLER P.98.1• I was immediately angry with myself for having made the covenant Ihad; I rebelled at once against the Lord, and determined not to go. IAmazing Discoveriesconscience,'Will you make a covenant with God, and break it sosoon?' and the exceeding sinfulness of thus doing overwhelmed me. Iinally submitted, and promised the Lord that, if he would sustainme, I would go, trusting in him to give me grace and ability topertorm all he should require of me. I returned to the house, andfound the boy still waiting. He remained till after dinner, and Ireturned with him to Dresden.
1242	AllDLIVEMEMOIRS OF WILLIAM MILLER P.98.1• I was immediately angry with myself for having made the covenant Ihad; I rebelled at once against the Lord, and determined not to go. IAmazing Discoveriesconscience, Will you make a covenant with God, and break it sosoon?" and the exceeding sinfulness of thus doing overwhelmed me. Iinally submitted, and promised the Lord that, if he would sustainme, I would go, trusting in him to give me grace and ability toperform all he should require of me. I returned to the house, andfound the bov still waiting. He remained till after dinner, and Ireturned with him to Dresden.
1248	D[tvLIVEMEMOIRS OF WILLIAM MILLER P.98.1• I was immediately angry with myself for having made the covenant Ihad; I rebelled at once against the Lord, and determined not to go. IAmazing Discoveriesconscience, 'Will you make a covenant with God, and break it sosoon?' and the exceeding sinfulness of thus doing overwhelmed me. Iinally submitted. and promised the Lord that. if he would sustainme, I would go, trusting in him to give me grace and ability topertorm all he should require of me. I returned to the house, andfound the bov still waiting. He remained till after dinner, and Ireturned with him to Dresden.
1254	D[tvLIVEMEMOIRS OF WILLIAM MILLER P.98.1• I was immediately angry with myself for having made the covenant Ihad; I rebelled at once against the Lord, and determined not to go. IAmazing Discoveriesconscience, 'Will you make a covenant with God, and break it sosoon?" and the exceeding sinfulness of thus doing overwhelmed me. Iinally submitted, and promised the Lord that. if he would sustainme, I would go, trusting in him to give me grace and ability toperform all he should require of me. I returned to the house, andfound the boy still waiting. He remained till after dinner, and Ireturned with him to Dresden.
1260	AD[tvLIVEMEMOIRS OF WILLIAM MILLER P.98.1• I was immediately angry with myself for having made the covenant Ihad; I rebelled at once against the Lord, and determined not to go. IAmazing Discoveriesconscience,'Will you make a covenant with God, and break it sosoon?' and the exceeding sinfulness of thus doing overwhelmed me. Iinally submitted. and promised the Lord that, if he would sustainme, I would go, trusting in him to give me grace and ability toperform all he should require of me. I returned to the house, andfound the bov still waiting. He remained till after dinner, and 1returned with him to Dresden.
1266	Amazing DiscoveriesAllDLIVEMEMOIRS OF WILLIAM MILLER P.99.1• "The next day, which, as nearly as I can remember, was about the firstSabbath in August, 1833, 1 delivered my first public lecture on the SecondAdvent. The house was well filled with an attentive audience. As soon as Icommenced speaking, all my diffidence and embarrassment were bythewhich 1 complied. They flocked in from the neighboring towns; a revivalcommenced, and it was said that in thirteen families all but two personswere hopefully converted.• "On the Monday following I returned home, and found a letter from ElderFuller, of Poultney, Vt., requesting me to go and lecture there on the samesubject. They had not heard of my going to Dresden. I went to Poultney,and lectured there with similar effect.
1272	Amazing DiscoveriesDLIVEMEMOIRS OF WILLIAM MILLER P.99.1• "The next day, which, as nearly as I can remember, was about the firstSabbath in August, 1833, I delivered my first public lecture on the SecondAdvent. The house was well filled with an attentive audience. As soon as Icommenced speaking, all my diffidence and embarrassment were by thewhich 1 complied. They flocked in from the neighboring towns; a revivalcommenced, and it was said that in thirteen families all but two personswere hopefully converted.• "On the Monday following I returned home, and found a letter from ElderFuller, of Poultney, Vt., requesting me to go and lecture there on the samesubject. They had not heard of my going to Dresden. I went to Poultney,
1278	Amazing DiscoveriesD[tvLIVEMEMOIRS OF WILLIAM MILLER P.99.1• "The next day, which, as nearly as I can remember, was about the firstSabbath in August, 1833, I delivered my first public lecture on the SecondAdvent. The house was well filled with an attentive audience. As soon as Icommenced speaking, all my diffidence and embarrassment were by thewhich 1 complied. They flocked in from the neighboring towns; a revivalcommenced. and it was said that in thirteen families all but two personswere hopefully converted.• "On the Monday following I returned home, and found a letter from ElderFuller, of Poultney, Vt., requesting me to go and lecture there on the samesubject. They had not heard of my going to Dresden. I went to Poultney,
1284	Amazing DiscoveriesAllDtvLIVEMEMOIRS OF WILLIAM MILLER P.99.1• "The next day, which, as nearly as I can remember, was about the firstSabbath in August, 1833, I delivered my first public lecture on the SecondAdvent. The house was well filled with an attentive audience. As soon as Icommenced speaking, all my diffidence and embarrassment were botheand I felt impressed only with the greatness of the subject, which,providence of God, I was enabled to present. At the close of the services onthe Sabbath, was requested to remain and lecture during the week, withwhich 1 complied. They flocked in from the neighboring towns; a revivalcommenced, and it was said that in thirteen families all but two personswere hopefully converted.• "On the Monday following I returned home, and found a letter from ElderFuller, of Poultney, Vt., requesting me to go and lecture there on the samesubject. They had not heard of my going to Dresden. I went to Poultney,and lectured there with similar effect.
1290	Amazing DiscoveriesDtvLIVEMEMOIRS OF WILLIAM MILLER P.99.1• "The next day, which, as nearly as I can remember, was about the firstSabbath in August, 1833, I delivered my first public lecture on the SecondAdvent. The house was well filled with an attentive audience. As soon as Icommenced speaking, all my diffidence and embarrassment were by thewhich 1 complied. They flocked in from the neighboring towns; a revivalcommenced, and it was said that in thirteen families all but two personswere hopefully converted.• "On the Monday following I returned home, and found a letter from ElderFuller, of Poultney, Vt., requesting me to go and lecture there on the samesubject. They had not heard of my going to Dresden. I went to Poultney,and lectured there with similar effect.
1296	Amazing DiscoveriesD[tvLIVEMEMOIRS OF WILLIAM MILLER P.99.1• "The next day, which, as nearly as I can remember, was about the firstSabbath in August, 1833, I delivered my first public lecture on the SecondAdvent. The house was well filled with an attentive audience. As soon as Icommenced speaking, all my diffidence and embarrassment were by theand I felt impressed only with the greatness of the subject, which,providence of God, I was enabled to present. At the close of the services onthe Sabbath, I was requested to remain and lecture during the week, withwhich 1 complied. They flocked in from the neighboring towns; a revivalcommenced, and it was said that in thirteen families all but two personswere hopefully converted.• "On the Monday following I returned home, and found a letter from ElderFuller, of Poultney, Vt., requesting me to go and lecture there on the samesubject. They had not heard of my going to Dresden. I went to Poultney,and lectured there with similar effect.
1302	Amazing DiscoveriesDLIVEMEMOIRS OF WILLIAM MILLER P.99.1• "The next day, which, as nearly as I can remember, was about the firstSabbath in August, 1833, I delivered my first public lecture on the SecondAdvent. The house was well filled with an attentive audience. As soon as Icommenced speaking, all my diffidence and embarrassment were gone,and I felt impressed only with the greatness of the subject, which,providence of God, I was enabled to present. At the close of the services onhe Sabbath. I was requested to remain and lecture during the week. withwhich I complied. They flocked in from the neighboring towns; a revivalcommenced, and it was said that in thirteen families all but two personswere hopefully converted.• "On the Monday following I returned home, and found a letter from ElderFuller, of Poultney, Vt., requesting me to go and lecture there on the samesubject. They had not heard of my going to Dresden. I went to Poultney,and lectured there with similar effect.
1308	Amazing DiscoveriesDtvLIVEMEMOIRS OF WILLIAM MILLER P.99.1• "The next day, which, as nearly as I can remember, was about the firstSabbath in August, 1833, 1 delivered my first public lecture on the SecondAdvent. The house was well filled with an attentive audience. As soon as Icommenced speaking, all my diffidence and embarrassment were by theand I felt impressed only with the greatness of the subject, which,providence of God, I was enabled to present. At the close of the services onthe Sabbath, I was requested to remain and lecture during the week, withwhich 1 complied. They flocked in from the neighboring towns; a revivalcommenced, and it was said that in thirteen families all but two personswere hopefully converted.• "On the Monday following I returned home, and found a letter from ElderFuller, of Poultney, Vt., requesting me to go and lecture there on the samesubject. They had not heard of my going to Dresden. I went to Poultney,
1314	Amazing DiscoveriesD[tvLIVEMEMOIRS OF WILLIAM MILLER P.99.1• "The next day, which, as nearly as I can remember, was about the firstSabbath in August, 1833, I delivered my first public lecture on the SecondAdvent. The house was well filled with an attentive audience. As soon as Icommenced speaking, all my diffidence and embarrassment were by thewhich 1 complied. They flocked in from the neighboring towns; a revivalcommenced, and it was said that in thirteen families all but two personswere hopefully converted.• "On the Monday following I returned home, and found a letter from ElderFuller, of Poultney, Vt., requesting me to go and lecture there on the samesubject. They had not heard of my going to Dresden. I went to Poultney,
1320	Amazing DiscoveriesD[tvLIVEMEMOIRS OF WILLIAM MILLER P.99.1• "The next day, which, as nearly as I can remember, was about the firstSabbath in August, 1833, I delivered my first public lecture on the SecondAdvent. The house was well filled with an attentive audience. As soon as Icommenced speaking, all my diffidence and embarrassment were bothewhich I complied. They flocked in from the neighboring towns; a revivalcommenced, and it was said that in thirteen families all but two personswere hopefully converted.• "On the Monday following I returned home, and found a letter from ElderFuller, of Poultney, Vt., requesting me to go and lecture there on the samesubject. They had not heard of my going to Dresden. I went to Poultney,and lectured there with similar effect.
1326	Amazing DiscoveriesAllD[tvLIVEMEMOIRS OF WILLIAM MILLER P.99.1• "The next day, which, as nearly as I can remember, was about the firstSabbath in August, 1833, I delivered my first public lecture on the SecondAdvent. The house was well filled with an attentive audience. As soon as Icommenced speaking, all my diffidence and embarrassment were bothewhich I complied. They flocked in from the neighboring towns; a revivalcommenced, and it was said that in thirteen families all but two personswere hopefully converted.• "On the Monday following I returned home, and found a letter from ElderFuller, of Poultney, Vt., requesting me to go and lecture there on the samesubject. They had not heard of my going to Dresden. I went to Poultney,and lectured there with similar effect.
1332	Amazing DiscoveriesDIt vLIVEMEMOIRS OF WILLIAM MILLER P.99.1• "The next day, which, as nearly as I can remember, was about the firstSabbath in August, 1833, I delivered my first public lecture on the SecondAdvent. The house was well filled with an attentive audience. As soon as Icommenced speaking, all my diffidence and embarrassment were bothewhich 1 complied. They flocked in from the neighboring towns; a revivalcommenced, and it was said that in thirteen families all but two personswere hopefully converted.• "On the Monday following I returned home, and found a letter from ElderFuller, of Poultney, Vt., requesting me to go and lecture there on the samesubject. They had not heard of my going to Dresden. I went to Poultney,and lectured there with similar effect.
1338	Amazing DiscoveriesD[tvLIVEMEMOIRS OF WILLIAM MILLER P.99.1• "The next day, which, as nearly as I can remember, was about the firstSabbath in August, 1833, I delivered my first public lecture on the SecondAdvent. The house was well filled with an attentive audience. As soon as Icommenced speaking, all my diffidence and embarrassment were botheand I felt impressed only with the greatness of the subject, which,providence of God, I was enabled to present. At the close of the services onthe Sabbath, I was requested to remain and lecture during the week, withwhich I complied. They flocked in from the neighboring towns; a revivalcommenced, and it was said that in thirteen families all but two personswere hopefully converted.• "On the Monday following I returned home, and found a letter from ElderFuller, of Poultney, Vt., requesting me to go and lecture there on the samesubject. They had not heard of my going to Dresden. I went to Poultney,and lectured there with similar effect.
1344	Amazing DiscoveriesD[tvLIVEMEMOIRS OF WILLIAM MILLER P.99.1• "The next day, which, as nearly as I can remember, was about the firstSabbath in August, 1833, I delivered my first public lecture on the SecondAdvent. The house was well filled with an attentive audience. As soon as Icommenced speaking, all my diffidence and embarrassment were bothewhich I complied. They flocked in from the neighboring towns; a revivalcommenced, and it was said that in thirteen families all but two personswere hopefully converted.• "On the Monday following I returned home, and found a letter from ElderFuller, of Poultney, Vt., requesting me to go and lecture there on the samesubject. They had not heard of my going to Dresden. I went to Poultney,
1350	Amazing DiscoveriesDtvLIVEMEMOIRS OF WILLIAM MILLER P.99.1• "The next day, which, as nearly as I can remember, was about the firstSabbath in August, 1833, I delivered my first public lecture on the SecondAdvent. The house was well filled with an attentive audience. As soon as Icommenced speaking, all my diffidence and embarrassment were by thewhich 1 complied. They flocked in from the neighboring towns; a revivalcommenced, and it was said that in thirteen families all but two personswere hopefully converted.• "On the Monday following I returned home, and found a letter from ElderFuller, of Poultney, Vt., requesting me to go and lecture there on the samesubject. They had not heard of my going to Dresden. I went to Poultney,and lectured there with similar effect.
1356	Amazing DiscoveriesDtvLIVEMEMOIRS OF WILLIAM MILLER P.99.1• "The next day, which, as nearly as I can remember, was about the firstSabbath in August, 1833, 1 delivered my first public lecture on the SecondAdvent. The house was well filled with an attentive audience. As soon as Icommenced speaking, all my diffidence and embarrassment were by theand I felt impressed only with the greatness of the subject, which,providence of God, I was enabled to present. At the close of the services onthe Sabbath, I was requested to remain and lecture during the week, withwhich 1 complied. They flocked in from the neighboring towns; a revivalcommenced, and it was said that in thirteen families all but two personswere hopefully converted.• "On the Monday following I returned home, and found a letter from ElderFuller, of Poultney, Vt., requesting me to go and lecture there on the samesubject. They had not heard of my going to Dresden. I went to Poultney,and lectured there with similar effect.
1362	Amazing DiscoveriesD[tvLIVEMEMOIRS OF WILLIAM MILLER P.99.1• "The next day, which, as nearly as I can remember, was about the firstSabbath in August, 1833, I delivered my first public lecture on the SecondAdvent. The house was well filled with an attentive audience. As soon as Icommenced speaking, all my diffidence and embarrassment were botheand I felt impressed only with the greatness of the subject, which,providence of God, I was enabled to present. At the close of the services onthe Sabbath, I was requested to remain and lecture during the week, withwhich I complied. They flocked in from the neighboring towns; a revivalcommenced,and it was said that in thirteen families all but two personswere hopefully converted.• "On the Monday following I returned home, and found a letter from ElderFuller, of Poultney, Vt., requesting me to go and lecture there on the samesubject. They had not heard of my going to Dresden. I went to Poultney,
1368	Amazing DiscoveriesDtvLIVEMEMOIRS OF WILLIAM MILLER P.99.1• "The next day, which, as nearly as I can remember, was about the firstSabbath in August, 1833, 1 delivered my first public lecture on the SecondAdvent. The house was well filled with an attentive audience. As soon as Icommenced speaking, all my diffidence and embarrassment were by theand I felt impressed only with the greatness of the subject, which,providence of God, I was enabled to present. At the close of the services onthe Sabbath, I was requested to remain and lecture during the week, withwhich I complied. They flocked in from the neighboring towns; a revivalcommenced, and it was said that in thirteen families all but two personswere hopefully converted.• "On the Monday following I returned home, and found a letter from ElderFuller, of Poultney, Vt., requesting me to go and lecture there on the samesubject. They had not heard of my going to Dresden. I went to Poultney,and lectured there with similar effect.
1374	Amazing DiscoveriesDItvLIVEMEMOIRS OF WILLIAM MILLER P. 144.3• "On my visit to Boston in the winter of 1840, I mentioned toBrother Himes my wishes respecting a paper, and thedifficulties I had experienced in the establishment of one. Hepromptly offered to commence a paper which should be devotedto this question, if I thought the cause of truth would be therebyadvanced. The next week, without a subscriber or any promiseof assistance, he issued the first No. of the Signs of the Times,on the 20th of March, 1840 - a publication [now Advent Herald]which has been continued to the present time.
1380	Amazing DiscoveriesD[tvLIVEMEMOIRS OF WILLIAM MILLER P. 144.3• "On my visit to Boston in the winter of 1840, I mentioned toBrother Himes my wishes respecting a paper, and thedifficulties I had experienced in the establishment of one. Hepromptly offered to commence a paper which should be devotedto this question, if I thought the cause of truth would be therebyadvanced. The next week, without a subscriber or any promiseof assistance, he issued the first No. of the Signs of the Times,on the 2oth of March, 1840 - a publication [now Advent Herald]which has been continued to the present time.
1386	Amazing DiscoveriesD[tvLIVEMEMOIRS OF WILLIAM MILLER P. 144.3• "On my visit to Boston in the winter of 1840, I mentioned toBrother Himes my wishes respecting a paper, and thedifficulties I had experienced in the establishment of one. Hepromptly offered to commence a paper which should be devotedto this question, if I thought the cause of truth would be therebyadvanced. The next week, without a subscriber or any promiseof assistance, he issued the first No. of the Signs of the Times,on the 2oth of March, 1840 - a publication [now Advent Herald]which has been continued to the present time.
1392	Amazing DiscoveriesD[tvLIVEMEMOIRS OF WILLIAM MILLER P. 144.3• "On my visit to Boston in the winter of 1840, I mentioned toBrother Himes my wishes respecting a paper, and thedifficulties I had experienced in the establishment of one. Hepromptly offered to commence a paper which should be devotedto this question, if I thought the cause of truth would be therebyadvanced. The next week, without a subscriber or any promiseof assistance, he issued the first No. of the Signs of the Times,on the 2oth of March, 1840 - a publication [now Advent Herald]which has been continued to the present time.
1398	Amazing DiscoveriesD[tvLIVEMEMOIRS OF WILLIAM MILLER P. 144.3• "On my visit to Boston in the winter of 1840, I mentioned toBrother Himes my wishes respecting a paper, and thedifficulties I had experienced in the establishment of one. Hepromptly offered to commence a paper which should be devotedto this question, if I thought the cause of truth would be therebyadvanced. The next week, without a subscriber or any promiseof assistance, he issued the first No. of the Signs of the Times,on the 2oth of March, 1840 - a publication [now Advent Herald]which has been continued to the present time.
1404	Amazing DiscoveriesADLIVEMEMOIRS OF WILLIAM MILLER P. 144.3• "On my visit to Boston in the winter of 1840, I mentioned toBrother Himes my wishes respecting a paper, and thedifficulties I had experienced in the establishment of one. Hepromptly offered to commence a paper which should be devotedto this question, if I thought the cause of truth would be therebyadvanced. The next week, without a subscriber or any promiseof assistance, he issued the first No. of the Signs of the Times,on the 2oth of March, 1840 - a publication [now Advent Herald]which has been continued to the present time.
1410	Amazing DiscoveriesD[tvLIVEMEMOIRS OF WILLIAM MILLER P. 144.3• "On my visit to Boston in the winter of 1840, I mentioned toBrother Himes my wishes respecting a paper, and thedifficulties I had experienced in the establishment of one. Hepromptly offered to commence a paper which should be devotedto this question, if I thought the cause of truth would be therebyadvanced. The next week, without a subscriber or any promiseof assistance, he issued the first No. of the Signs of the Times,on the 2oth of March, 1840 - a publication [now Advent Herald]which has been continued to the present time.
1416	Amazing DiscoveriesD[tvLIVEMEMOIRS OF WILLIAM MILLER P. 144.3• "On my visit to Boston in the winter of 1840, I mentioned toBrother Himes my wishes respecting a paper, and thedifficulties I had experienced in the establishment of one. Hepromptly offered to commence a paper which should be devotedto this question, if I thought the cause of truth would be therebyadvanced. The next week, without a subscriber or any promiseof assistance, he issued the first No. of the Signs of the Times,on the 2oth of March, 1840 - a publication [now Advent Herald]which has been continued to the present time.
1422	Amazing DiscoveriesD[tvLIVEMEMOIRS OF WILLIAM MILLER P. 144.3• "On my visit to Boston in the winter of 1840, I mentioned toBrother Himes my wishes respecting a paper, and thedifficulties I had experienced in the establishment of one. Hepromptly offered to commence a paper which should be devotedto this question, if I thought the cause of truth would be therebyadvanced. The next week, without a subscriber or any promiseof assistance, he issued the first No. of the Signs of the Times,on the 2oth of March, 1840 - a publication [now Advent Herald]which has been continued to the present time.
1428	Amazing DiscoveriesDLIVEMEMOIRS OF WILLIAM MILLER P. 144.3• "On my visit to Boston in the winter of 1840, I mentioned toBrother Himes my wishes respecting a paper, and thedifficulties I had experienced in the establishment of one. Hepromptly offered to commence a paper which should be devotedto this question, if I thought the cause of truth would be therebyadvanced. The next week, without a subscriber or any promiseof assistance, he issued the first No. of the Signs of the Times,on the 2oth of March, 1840 - a publication [now Advent Herald]which has been continued to the present time.
1434	Amazing DiscoveriesD[tvLIVEMEMOIRS OF WILLIAM MILLER P. 144.3• "On my visit to Boston in the winter of 1840, I mentioned toBrother Himes my wishes respecting a paper, and thedifficulties I had experienced in the establishment of one. Hepromptly offered to commence a paper which should be devotedto this question, if I thought the cause of truth would be therebyadvanced. The next week, without a subscriber or any promiseof assistance, he issued the first No. of the Signs of the Times,on the 2oth of March, 1840 - a publication [now Advent Herald]which has been continued to the present time.
1440	Amazing DiscoveriesD[tvLIVEMEMOIRS OF WILLIAM MILLER P. 144.3• "On my visit to Boston in the winter of 1840, I mentioned toBrother Himes my wishes respecting a paper, and thedifficulties I had experienced in the establishment of one. Hepromptly offered to commence a paper which should be devotedto this question, if I thought the cause of truth would be therebyadvanced. The next week, without a subscriber or any promiseof assistance, he issued the first No. of the Signs of the Times,on the 20th of March, 1840 - a publication [now Advent Herald]which has been continued to the present time.
1446	Amazing DiscoveriesDtyLIVEMEMOIRS OF WILLIAM MILLER P. 144.3• "On my visit to Boston in the winter of 1840, I mentioned toBrother Himes my wishes respecting a paper, and thedifficulties I had experienced in the establishment of one. Hepromptly offered to commence a paper which should be devotedto this question, if I thought the cause of truth would be therebyadvanced. The next week, without a subscriber or any promiseof assistance, he issued the first No. of the Signs of the Times,on the 2oth of March, 1840 - a publication [now Advent Herald]which has been continued to the present time.
1452	Amazing DiscoveriesD[tvLIVEMEMOIRS OF WILLIAM MILLER P. 144.3• "On my visit to Boston in the winter of 1840, I mentioned toBrother Himes my wishes respecting a paper, and thedifficulties I had experienced in the establishment of one. Hepromptly offered to commence a paper which should be devotedto this question, if I thought the cause of truth would be therebyadvanced. The next week, without a subscriber or any promiseof assistance, he issued the first No. of the Signs of the Times,on the 20th of March, 1840 - a publication [now Advent Herald]which has been continued to the present time.
1458	Amazing DiscoveriesAllD[tvLIVEMEMOIRS OF WILLIAM MILLER P. 144.3• "On my visit to Boston in the winter of 1840, I mentioned toBrother Himes my wishes respecting a paper, and thedifficulties I had experienced in the establishment of one. Hepromptly offered to commence a paper which should be devotedto this question, if I thought the cause of truth would be therebyadvanced. The next week, without a subscriber or any promiseof assistance, he issued the first No. of the Signs of the Times,on the 20th of March, 1840 - a publication [now Advent Herald]which has been continued to the present time.
1464	Amazing DiscoveriesD[tvLIVEMEMOIRS OF WILLIAM MILLER P. 144.3• "On my visit to Boston in the winter of 1840, I mentioned toBrother Himes my wishes respecting a paper, and thedifficulties I had experienced in the establishment of one. Hepromptly offered to commence a paper which should be devotedto this question, if I thought the cause of truth would be therebyadvanced. The next week, without a subscriber or any promiseof assistance, he issued the first No. of the Signs of the Times,on the 2oth of March, 1840 - a publication [now Advent Herald]which has been continued to the present time.
1470	Amazing DiscoveriesDtvLIVEMEMOIRS OF WILLIAM MILLER P. 144.3• "On my visit to Boston in the winter of 1840, I mentioned toBrother Himes my wishes respecting a paper, and thedifficulties I had experienced in the establishment of one. Hepromptly offered to commence a paper which should be devotedto this question, if I thought the cause of truth would be therebyadvanced. The next week, without a subscriber or any promiseof assistance, he issued the first No. of the Signs of the Times,on the 2oth of March, 1840 - a publication [now Advent Herald]which has been continued to the present time.
1476	Amazing DiscoveriesDLIVEMEMOIRS OF WILLIAM MILLER P. 144.3• "On my visit to Boston in the winter of 1840, I mentioned toBrother Himes my wishes respecting a paper, and thedifficulties I had experienced in the establishment of one. Hepromptly offered to commence a paper which should be devotedto this question, if I thought the cause of truth would be therebyadvanced. The next week, without a subscriber or any promiseof assistance, he issued the first No. of the Signs of the Times,on the 2oth of March, 1840 - a publication [now Advent Herald]which has been continued to the present time.
1482	Amazing DiscoveriesD[tvLIVEMEMOIRS OF WILLIAM MILLER P. 144.3• "On my visit to Boston in the winter of 1840, I mentioned toBrother Himes my wishes respecting a paper, and thedifficulties I had experienced in the establishment of one. Hepromptly offered to commence a paper which should be devotedto this question, if I thought the cause of truth would be therebyadvanced. The next week, without a subscriber or any promiseof assistance, he issued the first No. of the Signs of the Times,on the 2oth of March, 1840 - a publication [now Advent Herald]which has been continued to the present time.
1488	Amazing DiscoveriesD[tvLIVEMEMOIRS OF WILLIAM MILLER P. 144.3• "On my visit to Boston in the winter of 1840, I mentioned toBrother Himes my wishes respecting a paper, and thedifficulties I had experienced in the establishment of one. Hepromptly offered to commence a paper which should be devotedto this question, if I thought the cause of truth would be therebyadvanced. The next week, without a subscriber or any promiseof assistance, he issued the first No. of the Signs of the Times,on the 20th of March, 1840 - a publication [now Advent Herald]which has been continued to the present time.
1494	Amazing DiscoveriesD[tvLIVEMEMOIRS OF WILLIAM MILLER P. 144.3• "On my visit to Boston in the winter of 1840, I mentioned toBrother Himes my wishes respecting a paper, and thedifficulties I had experienced in the establishment of one. Hepromptly offered to commence a paper which should be devotedto this question, if I thought the cause of truth would be therebyadvanced. The next week, without a subscriber or any promiseof assistance, he issued the first No. of the Signs of the Times,on the 2oth of March, 1840 - a publication [now Advent Herald]which has been continued to the present time.
1500	Amazing DiscoveriesD[tvLIVEMEMOIRS OF WILLIAM MILLER P. 144.3• "On my visit to Boston in the winter of 1840, I mentioned toBrother Himes my wishes respecting a paper, and thedifficulties I had experienced in the establishment of one. Hepromptly offered to commence a paper which should be devotedto this question, if I thought the cause of truth would be therebyadvanced. The next week, without a subscriber or any promiseof assistance, he issued the first No. of the Signs of the Times,on the 2oth of March, 1840 - a publication [now Advent Herald]which has been continued to the present time.
1506	Amazing DiscoveriesDLIVEMEMOIRS OF WILLIAM MILLER P. 144.3• "On my visit to Boston in the winter of 1840, I mentioned toBrother Himes my wishes respecting a paper, and thedifficulties I had experienced in the establishment of one. Hepromptly offered to commence a paper which should be devotedto this question, if I thought the cause of truth would be therebyadvanced. The next week, without a subscriber or any promiseof assistance, he issued the first No. of the Signs of the Times,on the 2oth of March, 1840 - a publication [now Advent Herald]which has been continued to the present time.
1512	Amazing DiscoveriesD[tvLIVETHE AUTOBIOGRAPHY OF ELDER JOSEPH BATES P.259.5• No marvel, then, that those who had been looking withintense anxiety for the passing away of the OttomanSupremacy, saw with such clearness that the time hadcome for a body of people to proclaim the message inquestion from thence down to the ending of theprophetic periods of Daniel's vision.
1518	Amazing DiscoveriesDtvLIVETHE AUTOBIOGRAPHY OF ELDER JOSEPH BATES P.259.5• No marvel, then, that those who had been looking withintense anxiety for the passing away of the OttomanSupremacy, saw with such clearness that the time hadcome for a body of people to proclaim the message inquestion from thence down to the ending of theprophetic periods of Daniel's vision.
1524	Amazing DiscoveriesDtvLIVETHE AUTOBIOGRAPHY OF ELDER JOSEPH BATES P.259.5• No marvel, then, that those who had been looking withintense anxiety for the passing away of the Ottomansupremacy, saw with such clearness that the time hadcome for a body of people to proclaim the message inquestion from thence down to the ending of theprophetic periods of Daniel's vision.
1530	Amazing DiscoveriesDtvLIVETHE AUTOBIOGRAPHY OF ELDER JOSEPH BATES P.259.5• No marvel, then, that those who had been looking withintense anxiety for the passing away of the OttomanSupremacy, saw with such clearness that the time hadcome for a body of people to proclaim the message inquestion from thence down to the ending of theprophetic periods of Daniel's vision.
1536	Amazing DiscoveriesDtvLIVETHE AUTOBIOGRAPHY OF ELDER JOSEPH BATES P.259.5• No marvel, then, that those who had been looking withintense anxiety for the passing away of the Ottomansupremacy, saw with such clearness that the time hadcome for a body of people to proclaim the message inquestion from thence down to the ending of theprophetic periods of Daniel's vision.
1542	Amazing DiscoveriesD[tvLIVETHE AUTOBIOGRAPHY OF ELDER JOSEPH BATES P.259.5• No marvel, then, that those who had been looking withintense anxiety for the passing away of the OttomanSupremacy, saw with such clearness that the time hadcome for a body of people to proclaim the message inquestion from thence down to the ending of theprophetic periods of Daniel's vision.
1548	Amazing DiscoveriesDtyLIVETHE AUTOBIOGRAPHY OF ELDER JOSEPH BATES P.259.5• No marvel, then, that those who had been looking withintense anxiety for the passing away of the Ottomansupremacy, saw with such clearness that the time hadcome for a body of people to proclaim the message inquestion from thence down to the ending of theprophetic periods of Daniel's vision.
1554	Amazing DiscoveriesDtyLIVETHE AUTOBIOGRAPHY OF ELDER JOSEPH BATES P.259.5• No marvel, then, that those who had been looking withintense anxiety for the passing away of the Ottomansupremacy, saw with such clearness that the time hadcome for a body of people to proclaim the message inquestion from thence down to the ending of theprophetic periods of Daniel's vision.
1560	Amazing DiscoveriesDLIVETHE AUTOBIOGRAPHY OF ELDER JOSEPH BATES P.259.5• No marvel, then, that those who had been looking withintense anxiety for the passing away of the Ottomansupremacy, saw with such clearness that the time hadcome for a body of people to proclaim the message inquestion from thence down to the ending of theprophetic periods of Daniel's vision.
1566	Amazing DiscoveriesDtvLIVETHE AUTOBIOGRAPHY OF ELDER JOSEPH BATES P.259.5• No marvel, then, that those who had been looking withintense anxiety for the passing away of the Ottomansupremacy, saw with such clearness that the time hadcome for a body of people to proclaim the message inquestion from thence down to the ending of theprophetic periods of Daniel's vision.
1572	Amazing DiscoveriesDtvLIVETHE AUTOBIOGRAPHY OF ELDER JOSEPH BATES P.259.5• No marvel, then, that those who had been looking withintense anxiety for the passing away of the OttomanSupremacy, saw with such clearness that the time hadcome for a body of people to proclaim the message inquestion from thence down to the ending of theprophetic periods of Daniel's vision.
1578	Amazing DiscoveriesDtvLIVETHE AUTOBIOGRAPHY OF ELDER JOSEPH BATES P.259.5• No marvel, then, that those who had been looking withintense anxiety for the passing away of the Ottomansupremacy, saw with such clearness that the time hadcome for a body of people to proclaim the message inquestion from thence down to the ending of theprophetic periods of Daniel's vision.
1584	Amazing DiscoveriesDtvLIVETHE AUTOBIOGRAPHY OF ELDER JOSEPH BATES P.259.5• No marvel, then, that those who had been looking withintense anxiety for the passing away of the Ottomansupremacy, saw with such clearness that the time hadcome for a body of people to proclaim the message inquestion from thence down to the ending of theprophetic periods of Daniel's vision.
1590	Amazing DiscoveriesDtvLIVETHE AUTOBIOGRAPHY OF ELDER JOSEPH BATES P.259.5• No marvel, then, that those who had been looking withintense anxiety for the passing away of the Ottomansupremacy, saw with such clearness that the time hadcome for a body of people to proclaim the message inquestion from thence down to the ending of theprophetic periods of Daniel's vision.
1596	Amazing DiscoveriesD[tvLIVETHE AUTOBIOGRAPHY OF ELDER JOSEPH BATES P.259.5• And that the time had then come for this message to go to everynation, was still further demonstrated by a call for a Second-advent Conference to be held in Boston about the time theOttoman empire lost its supremacy, and many weeks before thenews of its fall reached the United States. At the close of thisConference, which was convened a few weeks after the call, inOctober, 1840, an address of the Conference setting forth theirviews respecting the second advent of our Lord, was sent forthto the world, and from thence the work continued until themessage ended in the autumn of 1844.
1602	Amazing DiscoveriesDLIVETHE AUTOBIOGRAPHY OF ELDER JOSEPH BATES P.259.5• And that the time had then come for this message to go to everynation, was still further demonstrated by a call for a Second-advent Conference to be held in Boston about the time theOttoman empire lost its supremacy, and many weeks before thenews of its fall reached the United States. At the close of thisConference, which was convened a few weeks after the call, inOctober, 1840, an address of the Conference setting forth theirviews respecting the second advent of our Lord, was sent forthto the world, and from thence the work continued until themessage ended in the autumn of 1844.
1608	Amazing DiscoveriesD[tvLIVETHE AUTOBIOGRAPHY OF ELDER JOSEPH BATES P.259.5• And that the time had then come for this message to go to everynation, was still further demonstrated by a call for a Second-advent Conference to be held in Boston about the time theOttoman empire lost its supremacy, and many weeks before thenews of its fall reached the United States. At the close of thisConference, which was convened a few weeks after the call, inOctober, 1840, an address of the Conference setting forth theirviews respecting the second advent of our Lord, was sent forthto the world, and from thence the work continued until themessage ended in the autumn of 1844.
1614	Amazing DiscoveriesD[tvLIVETHE AUTOBIOGRAPHY OF ELDER JOSEPH BATES P.259.5• And that the time had then come for this message to go to everynation, was still further demonstrated by a call for a Second-advent Conference to be held in Boston about the time theOttoman empire lost its supremacy, and many weeks before thenews of its fall reached the United States. At the close of thisConference, which was convened a few weeks after the call, inOctober, 1840, an address of the Conference setting forth theirviews respecting the second advent of our Lord, was sent forthto the world, and from thence the work continued until themessage ended in the autumn of 1844.
1620	Amazing DiscoveriesAD[tvLIVETHE AUTOBIOGRAPHY OF ELDER JOSEPH BATES P.259.5• And that the time had then come for this message to go to everynation, was still further demonstrated by a call for a Second-advent Conference to be held in Boston about the time theOttoman empire lost its supremacy, and many weeks before thenews of its fall reached the United States. At the close of thisConference, which was convened a few weeks after the call, inOctober, 1840, an address of the Conference setting forth theirviews respecting the second advent of our Lord, was sent forthto the world, and from thence the work continued until themessage ended in the autumn of 1844.
1626	Amazing DiscoveriesADLIVETHE AUTOBIOGRAPHY OF ELDER JOSEPH BATES P.259.5• And that the time had then come for this message to go to everynation, was still further demonstrated by a call for a Second-advent Conference to be held in Boston about the time theOttoman empire lost its supremacy, and many weeks before thenews of its fall reached the United States. At the close of thisConference, which was convened a few weeks after the call, inOctober, 1840, an address of the Conference setting forth theirviews respecting the second advent of our Lord, was sent forthto the world, and from thence the work continued until themessage ended in the autumn of 1844.
1632	Amazing DiscoveriesD[tvLIVETHE AUTOBIOGRAPHY OF ELDER JOSEPH BATES P.259.5• And that the time had then come for this message to go to everynation, was still further demonstrated by a call for a Second-advent Conference to be held in Boston about the time theOttoman empire lost its supremacy, and many weeks before thenews of its fall reached the United States. At the close of thisConference, which was convened a few weeks after the call, inOctober, 1840, an address of the Conference setting forth theirviews respecting the second advent of our Lord, was sent forthto the world, and from thence the work continued until themessage ended in the autumn of 1844.
1638	Amazing DiscoveriesD[tvLIVETHE AUTOBIOGRAPHY OF ELDER JOSEPH BATES P.259.5• And that the time had then come for this message to go to everynation, was still further demonstrated by a call for a Second-advent Conference to be held in Boston about the time theOttoman empire lost its supremacy, and many weeks before thenews of its fall reached the United States. At the close of thisConference, which was convened a few weeks after the call, inOctober, 1840, an address of the Conference setting forth theirviews respecting the second advent of our Lord, was sent forthto the world, and from thence the work continued until themessage ended in the autumn of 1844.
1644	Amazing DiscoveriesD[tvLIVETHE AUTOBIOGRAPHY OF ELDER JOSEPH BATES P.259.5• And that the time had then come for this message to go to everynation, was still further demonstrated by a call for a Second-advent Conference to be held in Boston about the time theOttoman empire lost its supremacy, and many weeks before thenews of its fall reached the United States. At the close of thisConference, which was convened a few weeks after the call, inOctober, 1840, an address of the Conference setting forth theirviews respecting the second advent of our Lord, was sent forthto the world, and from thence the work continued until themessage ended in the autumn of 1844.
1650	Amazing DiscoveriesD[tvLIVETHE AUTOBIOGRAPHY OF ELDER JOSEPH BATES P.259.5• And that the time had then come for this message to go to everynation, was still further demonstrated by a call for a Second-advent Conference to be held in Boston about the time theOttoman empire lost its supremacy, and many weeks before thenews of its fall reached the United States. At the close of thisConference, which was convened a few weeks after the call, inOctober, 1840, an address of the Conference setting forth theirviews respecting the second advent of our Lord, was sent forthto the world, and from thence the work continued until themessage ended in the autumn of 1844.
1656	Amazing DiscoveriesD[tvLIVETHE AUTOBIOGRAPHY OF ELDER JOSEPH BATES P.259.5• And that the time had then come for this message to go to everynation, was still further demonstrated by a call for a Second-advent Conference to be held in Boston about the time theOttoman empire lost its supremacy, and many weeks before thenews of its fall reached the United States. At the close of thisConference, which was convened a few weeks after the call, inOctober, 1840, an address of the Conference setting forth theirviews respecting the second advent of our Lord, was sent forthto the world, and from thence the work continued until themessage ended in the autumn of 1844.
1662	Amazing DiscoveriesDLIVETHE AUTOBIOGRAPHY OF ELDER JOSEPH BATES P.259.5• And that the time had then come for this message to go to everynation, was still further demonstrated by a call for a Second-advent Conference to be held in Boston about the time theOttoman empire lost its supremacy, and many weeks before thenews of its fall reached the United States. At the close of thisConference, which was convened a few weeks after the call, inOctober, 1840, an address of the Conference setting forth theirviews respecting the second advent of our Lord, was sent forthto the world, and from thence the work continued until themessage ended in the autumn of 1844.
1668	Amazing DiscoveriesD[tvLIVETHE AUTOBIOGRAPHY OF ELDER JOSEPH BATES P.259.5• And that the time had then come for this message to go to everynation, was still further demonstrated by a call for a Second-advent Conference to be held in Boston about the time theOttoman empire lost its supremacy, and many weeks before thenews of its fall reached the United States. At the close of thisConference, which was convened a few weeks after the call, inOctober, 1840, an address of the Conference setting forth theirviews respecting the second advent of our Lord, was sent forthto the world, and from thence the work continued until themessage ended in the autumn of 1844.
1674	Amazing DiscoveriesD[tvLIVETHE AUTOBIOGRAPHY OF ELDER JOSEPH BATES P.259.5• And that the time had then come for this message to go to everynation, was still further demonstrated by a call for a Second-advent Conference to be held in Boston about the time theOttoman empire lost its supremacy, and many weeks before thenews of its fall reached the United States. At the close of thisConference, which was convened a few weeks after the call, inOctober, 1840, an address of the Conference setting forth theirviews respecting the second advent of our Lord, was sent forthto the world, and from thence the work continued until themessage ended in the autumn of 1844.
1680	Amazing DiscoveriesD[tvLIVETHE AUTOBIOGRAPHY OF ELDER JOSEPH BATES P.259.5• And that the time had then come for this message to go to everynation, was still further demonstrated by a call for a Second-advent Conference to be held in Boston about the time theOttoman empire lost its supremacy, and many weeks before thenews of its fall reached the United States. At the close of thisConference, which was convened a few weeks after the call, inOctober, 1840, an address of the Conference setting forth theirviews respecting the second advent of our Lord, was sent forthto the world, and from thence the work continued until themessage ended in the autumn of 1844.
1686	Amazing DiscoveriesADLIVETHE AUTOBIOGRAPHY OF ELDER JOSEPH BATES P.259.5• And that the time had then come for this message to go to everynation, was still further demonstrated by a call for a Second-advent Conference to be held in Boston about the time theOttoman empire lost its supremacy, and many weeks before thenews of its fall reached the United States. At the close of thisConference, which was convened a few weeks after the call, inOctober, 1840, an address of the Conference setting forth theirviews respecting the second advent of our Lord, was sent forthto the world, and from thence the work continued until themessage ended in the autumn of 1844.
1692	Amazing DiscoveriesD[tvLIVETHE AUTOBIOGRAPHY OF ELDER JOSEPH BATES P.259.5• And that the time had then come for this message to go to everynation, was still further demonstrated by a call for a Second-advent Conference to be held in Boston about the time theOttoman empire lost its supremacy, and many weeks before thenews of its fall reached the United States. At the close of thisConference, which was convened a few weeks after the call, inOctober, 1840, an address of the Conference setting forth theirviews respecting the second advent of our Lord, was sent forthto the world, and from thence the work continued until themessage ended in the autumn of 1844.
1698	Amazing DiscoveriesAD[tvLIVETHE AUTOBIOGRAPHY OF ELDER JOSEPH BATES P.259.5• And that the time had then come for this message to go to everynation, was still further demonstrated by a call for a Second-advent Conference to be held in Boston about the time theOttoman empire lost its supremacy, and many weeks before thenews of its fall reached the United States. At the close of thisConference, which was convened a few weeks after the call, inOctober, 1840, an address of the Conference setting forth theirviews respecting the second advent of our Lord, was sent forthto the world, and from thence the work continued until themessage ended in the autumn of 1844.
1704	Amazing DiscoveriesD[tvLIVETHE AUTOBIOGRAPHY OF ELDER JOSEPH BATES P.259.5• And that the time had then come for this message to go to everynation, was still further demonstrated by a call for a Second-advent Conference to be held in Boston about the time theOttoman empire lost its supremacy, and many weeks before thenews of its fall reached the United States. At the close of thisConference, which was convened a few weeks after the call, inOctober, 1840, an address of the Conference setting forth theirviews respecting the second advent of our Lord, was sent forthto the world, and from thence the work continued until themessage ended in the autumn of 1844.
1710	Amazing DiscoveriesAD[tvLIVETHE AUTOBIOGRAPHY OF ELDER JOSEPH BATES P.259.5• And that the time had then come for this message to go to everynation, was still further demonstrated by a call for a Second-advent Conference to be held in Boston about the time theOttoman empire lost its supremacy, and many weeks before thenews of its fall reached the United States. At the close of thisConference, which was convened a few weeks after the call, inOctober, 1840, an address of the Conference setting forth theirviews respecting the second advent of our Lord, was sent forthto the world, and from thence the work continued until themessage ended in the autumn of 1844.
1716	Amazing DiscoveriesAllD[tvLIVETHE AUTOBIOGRAPHY OF ELDER JOSEPH BATES P.259.5• And that the time had then come for this message to go to everynation, was still further demonstrated by a call for a Second-advent Conference to be held in Boston about the time theOttoman empire lost its supremacy, and many weeks before thenews of its fall reached the United States. At the close of thisConference, which was convened a few weeks after the call, inOctober, 1840, an address of the Conference setting forth theirviews respecting the second advent of our Lord, was sent forthto the world, and from thence the work continued until themessage ended in the autumn of 1844.
1722	Amazing DiscoveriesD[tvLIVETHE AUTOBIOGRAPHY OF ELDER JOSEPH BATES P.259.5• And that the time had then come for this message to go to everynation, was still further demonstrated by a call for a Second-advent Conference to be held in Boston about the time theOttoman empire lost its supremacy, and many weeks before thenews of its fall reached the United States. At the close of thisConference, which was convened a few weeks after the call, inOctober, 1840, an address of the Conference setting forth theirviews respecting the second advent of our Lord, was sent forthto the world, and from thence the work continued until themessage ended in the autumn of 1844.
1728	Amazing DiscoveriesD[tvLIVETHE AUTOBIOGRAPHY OF ELDER JOSEPH BATES P.259.5• And that the time had then come for this message to go to everynation, was still further demonstrated by a call for a Second-advent Conference to be held in Boston about the time theOttoman empire lost its supremacy, and many weeks before thenews of its fall reached the United States. At the close of thisConference, which was convened a few weeks after the call, inOctober, 1840, an address of the Conference setting forth theirviews respecting the second advent of our Lord, was sent forthto the world, and from thence the work continued until themessage ended in the autumn of 1844.
1734	Amazing DiscoveriesD[tvLIVETHE AUTOBIOGRAPHY OF ELDER JOSEPH BATES P.259.5• And that the time had then come for this message to go to everynation, was still further demonstrated by a call for a Second-advent Conference to be held in Boston about the time theOttoman empire lost its supremacy, and many weeks before thenews of its fall reached the United States. At the close of thisConference, which was convened a few weeks after the call, inOctober, 1840, an address of the Conference setting forth theirviews respecting the second advent of our Lord, was sent forthto the world, and from thence the work continued until themessage ended in the autumn of 1844.
1740	Amazing DiscoveriesD[tvLIVETHE AUTOBIOGRAPHY OF ELDER JOSEPH BATES P.259.5• And that the time had then come for this message to go to everynation, was still further demonstrated by a call for a Second-advent Conference to be held in Boston about the time theOttoman empire lost its supremacy, and many weeks before thenews of its fall reached the United States. At the close of thisConference, which was convened a few weeks after the call, inOctober, 1840, an address of the Conference setting forth theirviews respecting the second advent of our Lord, was sent forthto the world, and from thence the work continued until themessage ended in the autumn of 1844.
1746	D[tvLIVESECOND ADVENT WAY MARKS AND HIGH HEAPS 50.1• October 14 same year the first Second Advent Conferenceconvened in Boston, at the close of which they sent out theirfirst circular to the world. Before the close of the memorableyear 1840 this glorious doctrine of our coming Lord was fairlyunder way. The flying angel or messengers now began to movefrom the very same quarter of the Globe where, sixty yearsbefore, the sun was darkened and the moon refused her light, toissue the Proclamation of the reign of Christ and give the worldtheir last warning.
1752	AD[tvLIVESECOND ADVENT WAY MARKS AND HIGH HEAPS 50.1• October 14 same year the first Second Advent Conferenceconvened in Boston, at the close of which they sent out theirfirst circular to the world. Before the close of the memorableyear 1840 this glorious doctrine of our coming Lord was fairlyunder way. The flying angel or messengers now began to movefrom the very same quarter of the Globe where, sixty yearsbefore, the sun was darkened and the moon refused her light, toissue the Proclamation of the reign of Christ and give the worldtheir last warning.Engage With UsWrite your questions and comments in the chat!
1758	D[tvLIVESECOND ADVENT WAY MARKS AND HIGH HEAPS 50.1• October 14 same year the first Second Advent Conferenceconvened in Boston, at the close of which they sent out theirfirst circular to the world. Before the close of the memorableyear 1840 this glorious doctrine of our coming Lord was fairlyunder way. The flying angel or messengers now began to movefrom the very same quarter of the Globe where, sixty yearsbefore, the sun was darkened and the moon refused her light, toissue the Proclamation of the reign of Christ and give the worldtheir last warning.Engage With UsWrite your questions and comments in the chat!
1764	Amazing DiscoveriesD[tvLIVESECOND ADVENT WAY MARKS AND HIGH HEAPS 50.1• October 14 same year the first Second Advent Conferenceconvened in Boston, at the close of which they sent out theirfirst circular to the world. Before the close of the memorableyear 1840 this glorious doctrine of our coming Lord was fairlyunder way. The flying angel or messengers now began to movefrom the very same quarter of the Globe where, sixty yearsbefore, the sun was darkened and the moon refused her light, toissue the Proclamation of the reign of Christ and give the worldtheir last warning.
1770	Amazing DiscoveriesDLIVESECOND ADVENT WAY MARKS AND HIGH HEAPS 50.1• October 14 same year the first Second Advent Conferenceconvened in Boston, at the close of which they sent out theirfirst circular to the world. Before the close of the memorableyear 1840 this glorious doctrine of our coming Lord was fairlyunder way. The flying angel or messengers now began to movefrom the very same quarter of the Globe where, sixty yearsbefore, the sun was darkened and the moon refused her light, toissue the Proclamation of the reign of Christ and give the worldtheir last warning.
1776	Amazing DiscoveriesD[tvLIVESECOND ADVENT WAY MARKS AND HIGH HEAPS 50.1• October 14 same year the first Second Advent Conferenceconvened in Boston, at the close of which they sent out theirfirst circular to the world. Before the close of the memorableyear 1840 this glorious doctrine of our coming Lord was fairlyunder way. The flying angel or messengers now began to movefrom the very same quarter of the Globe where, sixty yearsbefore, the sun was darkened and the moon refused her light, toissue the Proclamation of the reign of Christ and give the worldtheir last warning.
1782	Amazing DiscoveriesD[tvLIVESECOND ADVENT WAY MARKS AND HIGH HEAPS 50.1• October 14 same year the first Second Advent Conferenceconvened in Boston, at the close of which they sent out theirfirst circular to the world. Before the close of the memorableyear 1840 this glorious doctrine of our coming Lord was fairlyunder way. The flying angel or messengers now began to movefrom the very same quarter of the Globe where, sixty yearsbefore, the sun was darkened and the moon refused her light, toissue the Proclamation of the reign of Christ and give the worldtheir last warning.
1788	Amazing DiscoveriesD[tvLIVESECOND ADVENT WAY MARKS AND HIGH HEAPS 50.1• October 14 same year the first Second Advent Conferenceconvened in Boston, at the close of which they sent out theirfirst circular to the world. Before the close of the memorableyear 1840 this glorious doctrine of our coming Lord was fairlyunder way. The flying angel or messengers now began to movefrom the very same quarter of the Globe where, sixty yearsbefore, the sun was darkened and the moon refused her light, toissue the Proclamation of the reign of Christ and give the worldtheir last warning.
1794	D[tvLIVESECOND ADVENT WAY MARKS AND HIGH HEAPS 50.1• October 14 same year the first Second Advent Conferenceconvened in Boston, at the close of which they sent out theirfirst circular to the world. Before the close of the memorableyear 1840 this glorious doctrine of our coming Lord was fairlyunder way. The flying angel or messengers now began to movefrom the very same quarter of the Globe where, sixty yearsbefore, the sun was darkened and the moon refused her light, toissue the Proclamation of the reign of Christ and give the worldtheir last warning.JudgmentDayDocumentary.com
1800	Amazing DiscoveriesDItvLIVESECOND ADVENT WAY MARKS AND HIGH HEAPS 50.1• October 14 same year the first Second Advent Conferenceconvened in Boston, at the close of which they sent out theirfirst circular to the world. Before the close of the memorableyear 1840 this glorious doctrine of our coming Lord was fairlyunder way. The flying angel or messengers now began to movefrom the very same quarter of the Globe where, sixty yearsbefore, the sun was darkened and the moon refused her light, toissue the Proclamation of the reign of Christ and give the worldtheir last warning.
1806	Amazing DiscoveriesDLIVESECOND ADVENT WAY MARKS AND HIGH HEAPS 50.1• October 14 same year the first Second Advent Conferenceconvened in Boston, at the close of which they sent out theirfirst circular to the world. Before the close of the memorableyear 1840 this glorious doctrine of our coming Lord was fairlyunder way. The flying angel or messengers now began to movefrom the very same quarter of the Globe where, sixty yearsbefore, the sun was darkened and the moon refused her light, toissue the Proclamation of the reign of Christ and give the worldtheir last warning.
1812	Amazing DiscoveriesD[tvLIVESECOND ADVENT WAY MARKS AND HIGH HEAPS 50.1• October 14 same year the first Second Advent Conferenceconvened in Boston, at the close of which they sent out theirfirst circular to the world. Before the close of the memorableyear 1840 this glorious doctrine of our coming Lord was fairlyunder way. The flying angel or messengers now began to movefrom the very same quarter of the Globe where, sixty yearsbefore, the sun was darkened and the moon refused her light, toissue the Proclamation of the reign of Christ and give the worldtheir last warning.
1818	Amazing DiscoveriesD[tvLIVESECOND ADVENT WAY MARKS AND HIGH HEAPS 50.1• October 14 same year the first Second Advent Conferenceconvened in Boston, at the close of which they sent out theirfirst circular to the world. Before the close of the memorableyear 1840 this glorious doctrine of our coming Lord was fairlyunder way. The flying angel or messengers now began to movefrom the very same quarter of the Globe where, sixty yearsbefore, the sun was darkened and the moon refused her light, toissue the Proclamation of the reign of Christ and give the worldtheir last warning.
1824	Amazing DiscoveriesDLIVESECOND ADVENT WAY MARKS AND HIGH HEAPS 50.1• October 14 same year the first Second Advent Conferenceconvened in Boston, at the close of which they sent out theirfirst circular to the world. Before the close of the memorableyear 1840 this glorious doctrine of our coming Lord was fairlyunder way. The flying angel or messengers now began to movefrom the very same quarter of the Globe where, sixty yearsbefore, the sun was darkened and the moon refused her light, toissue the Proclamation of the reign of Christ and give the worldtheir last warning.
1830	Amazing DiscoveriesDtvLIVESECOND ADVENT WAY MARKS AND HIGH HEAPS 50.1• October 14 same year the first Second Advent Conferenceconvened in Boston, at the close of which they sent out theirfirst circular to the world. Before the close of the memorableyear 1840 this glorious doctrine of our coming Lord was fairlyunder way. The flying angel or messengers now began to movefrom the very same quarter of the Globe where, sixty yearsbefore, the sun was darkened and the moon refused her light, toissue the Proclamation of the reign of Christ and give the worldtheir last warning.
1836	Amazing DiscoveriesAD[tvLIVESECOND ADVENT WAY MARKS AND HIGH HEAPS 50.1• October 14 same year the first Second Advent Conferenceconvened in Boston, at the close of which they sent out theirfirst circular to the world. Before the close of the memorableyear 1840 this glorious doctrine of our coming Lord was fairlyunder way. The flying angel or messengers now began to movefrom the very same quarter of the Globe where, sixty yearsbefore, the sun was darkened and the moon refused her light, toissue the Proclamation of the reign of Christ and give the worldtheir last warning.
1842	Amazing DiscoveriesD[tvLIVESECOND ADVENT WAY MARKS AND HIGH HEAPS 50.1• October 14 same year the first Second Advent Conferenceconvened in Boston, at the close of which they sent out theirfirst circular to the world. Before the close of the memorableyear 1840 this glorious doctrine of our coming Lord was fairlyunder way. The flying angel or messengers now began to movefrom the very same quarter of the Globe where, sixty yearsbefore, the sun was darkened and the moon refused her light, toissue the Proclamation of the reign of Christ and give the worldtheir last warning.
1848	Amazing DiscoveriesD[tvLIVESECOND ADVENT WAY MARKS AND HIGH HEAPS 50.1• October 14 same year the first Second Advent Conferenceconvened in Boston, at the close of which they sent out theirfirst circular to the world. Before the close of the memorableyear 1840 this glorious doctrine of our coming Lord was fairlyunder way. The flying angel or messengers now began to movefrom the very same quarter of the Globe where, sixty yearsbefore, the sun was darkened and the moon refused her light, toissue the Proclamation of the reign of Christ and give the worldtheir last warning.
1854	Amazing DiscoveriesDLIVESECOND ADVENT WAY MARKS AND HIGH HEAPS 50.1• October 14 same year the first Second Advent Conferenceconvened in Boston, at the close of which they sent out theirfirst circular to the world. Before the close of the memorableyear 1840 this glorious doctrine of our coming Lord was fairlyunder way. The flying angel or messengers now began to movefrom the very same quarter of the Globe where, sixty yearsbefore, the sun was darkened and the moon refused her light, toissue the Proclamation of the reign of Christ and give the worldtheir last warning.
1860	Amazing DiscoveriesD[tvLIVESECOND ADVENT WAY MARKS AND HIGH HEAPS 50.1• October 14 same year the first Second Advent Conferenceconvened in Boston, at the close of which they sent out theirfirst circular to the world. Before the close of the memorableyear 1840 this glorious doctrine of our coming Lord was fairlyunder way. The flying angel or messengers now began to movefrom the very same quarter of the Globe where, sixty yearsbefore, the sun was darkened and the moon refused her light, toissue the Proclamation of the reign of Christ and give the worldtheir last warning.
1866	Amazing DiscoveriesDLIVESECOND ADVENT WAY MARKS AND HIGH HEAPS 50.1• October 14 same year the first Second Advent Conferenceconvened in Boston, at the close of which they sent out theirfirst circular to the world. Before the close of the memorableyear 1840 this glorious doctrine of our coming Lord was fairlyunder way. The flying angel or messengers now began to movefrom the very same quarter of the Globe where, sixty yearsbefore, the sun was darkened and the moon refused her light, toissue the Proclamation of the reign of Christ and give the worldtheir last warning.
1872	Amazing DiscoveriesD[tvLIVESECOND ADVENT WAY MARKS AND HIGH HEAPS 50.1• October 14 same year the first Second Advent Conferenceconvened in Boston, at the close of which they sent out theirfirst circular to the world. Before the close of the memorableyear 1840 this glorious doctrine of our coming Lord was fairlyunder way. The flying angel or messengers now began to movefrom the very same quarter of the Globe where, sixty yearsbefore, the sun was darkened and the moon refused her light, toissue the Proclamation of the reign of Christ and give the worldtheir last warning.
1878	Amazing DiscoveriesD[tvLIVESECOND ADVENT WAY MARKS AND HIGH HEAPS 50.1• October 14 same year the first Second Advent Conferenceconvened in Boston, at the close of which they sent out theirfirst circular to the world. Before the close of the memorableyear 1840 this glorious doctrine of our coming Lord was fairlyunder way. The flying angel or messengers now began to movefrom the very same quarter of the Globe where, sixty yearsbefore, the sun was darkened and the moon refused her light, toissue the Proclamation of the reign of Christ and give the worldtheir last warning.
1884	Amazing DiscoveriesDtvLIVESECOND ADVENT WAY MARKS AND HIGH HEAPS 50.1• October 14 same year the first Second Advent Conferenceconvened in Boston, at the close of which they sent out theirfirst circular to the world. Before the close of the memorableyear 1840 this glorious doctrine of our coming Lord was fairlyunder way. The flying angel or messengers now began to movefrom the very same quarter of the Globe where, sixty yearsbefore, the sun was darkened and the moon refused her light, toissue the Proclamation of the reign of Christ and give the worldtheir last warning.
1890	Amazing DiscoveriesD[tvLIVESECOND ADVENT WAY MARKS AND HIGH HEAPS 50.1• October 14 same year the first Second Advent Conferenceconvened in Boston, at the close of which they sent out theirfirst circular to the world. Before the close of the memorableyear 1840 this glorious doctrine of our coming Lord was fairlyunder way. The flying angel or messengers now began to movefrom the very same quarter of the Globe where, sixty yearsbefore, the sun was darkened and the moon refused her light, toissue the Proclamation of the reign of Christ and give the worldtheir last warning.
1896	Amazing DiscoveriesD[tvLIVESECOND ADVENT WAY MARKS AND HIGH HEAPS 50.1• October 14 same year the first Second Advent Conferenceconvened in Boston, at the close of which they sent out theirfirst circular to the world. Before the close of the memorableyear 1840 this glorious doctrine of our coming Lord was fairlyunder way. The flying angel or messengers now began to movefrom the very same quarter of the Globe where, sixty yearsbefore, the sun was darkened and the moon refused her light, toissue the Proclamation of the reign of Christ and give the worldtheir last warning.
1902	Amazing DiscoveriesDLIVEIN THE YEAR 1840 ANOTHERREMARKABLEFulfilment of Prophecy
1908	Amazing DiscoveriesAllDtvLIVEIN THE YEAR 1840 ANOTHERREMARKABLEFulfilment of Prophecy
1914	Amazing DiscoveriesAllD[tvLIVEIN THE YEAR 1840 ANOTHERREMARKABLEFulfilment of Prophecy
1920	Amazing DiscoveriesDtvLIVEIN THE YEAR 1840 ANOTHERREMARKABLEFulfilment of Prophecy
1926	Amazing DiscoveriesAll[tvLIVEIN THE YEAR 1840 ANOTHERREMARKABLEFulfilment of Prophecy
1932	Amazing DiscoveriesAD[tvLIVEIN THE YEAR 1840 ANOTHERREMARKABLEFulfilment of Prophecy
1938	Amazing DiscoveriesAllD[tvLIVEIN THE YEAR 1840 ANOTHERREMARKABLEFulfilment of Prophecy
1944	Amazing DiscoveriesADtvLIVEIN THE YEAR 1840 ANOTHERREMARKABLEFulfilment of Prophecy
1950	Amazing DiscoveriesD[tvLIVETESTIMONIES FOR THE CHURCH VOL.5 P.707• And there are many in the church who take it for granted thatthey understand what they believe; but, until controversy arises,they do not know their own weakness. When separated fromthose of like faith and compelled to stand singly and alone toexplain their belief, they will be surprised to see how confusedare their ideas of what they had accepted as truth. Certain it isthat there has been among us a departure from the living Godand a turning to men, putting human in place of divine wisdom.
1956	Amazing DiscoveriesD[EvLIVETESTIMONIES FOR THE CHURCH VOL.5 P.707• And there are many in the church who take it for granted thatthey understand what they believe; but, until controversy arises,they do not know their own weakness. When separated fromthose of like faith and compelled to stand singly and alone toexplain their belief, they will be surprised to see how confusedare their ideas of what they had accepted as truth. Certain it isthat there has been among us a departure from the living Godand a turning to men, putting human in place of divine wisdom.
1962	Amazing DiscoveriesD[tvLIVETESTIMONIES FOR THE CHURCH VOL.5 P.707• And there are many in the church who take it for granted thatthey understand what they believe; but, until controversy arises,they do not know their own weakness. When separated fromthose of like faith and compelled to stand singly and alone toexplain their belief, they will be surprised to see how confusedare their ideas of what they had accepted as truth. Certain it isthat there has been among us a departure from the living Godand a turning to men, putting human in place of divine wisdom.
1968	Amazing DiscoveriesD[EvLIVETESTIMONIES FOR THE CHURCH VOL.5 P.707• And there are many in the church who take it for granted thatthey understand what they believe; but, until controversy arises,they do not know their own weakness. When separated fromthose of like faith and compelled to stand singly and alone toexplain their belief, they will be surprised to see how confusedare their ideas of what they had accepted as truth. Certain it isthat there has been among us a departure from the living Godand a turning to men, putting human in place of divine wisdom.
1974	Amazing DiscoveriesD[tvLIVETESTIMONIES FOR THE CHURCH VOL.5 P.707• And there are many in the church who take it for granted thatthey understand what they believe; but, until controversy arises,they do not know their own weakness. When separated fromthose of like faith and compelled to stand singly and alone toexplain their belief, they will be surprised to see how confusedare their ideas of what they had accepted as truth. Certain it isthat there has been among us a departure from the living Godand a turning to men, putting human in place of divine wisdom.
1980	Amazing DiscoveriesD[tvLIVETESTIMONIES FOR THE CHURCH VOL.5 P.707• And there are many in the church who take it for granted thatthey understand what they believe; but, until controversy arises,they do not know their own weakness. When separated fromthose of like faith and compelled to stand singly and alone toexplain their belief, they will be surprised to see how confusedare their ideas of what they had accepted as truth. Certain it isthat there has been among us a departure from the living Godand a turning to men, putting human in place of divine wisdom.
1986	Amazing DiscoveriesD[tvLIVETESTIMONIES FOR THE CHURCH VOL.5 P.707• And there are many in the church who take it for granted thatthey understand what they believe; but, until controversy arises,they do not know their own weakness. When separated fromthose of like faith and compelled to stand singly and alone toexplain their belief, they will be surprised to see how confusedare their ideas of what they had accepted as truth. Certain it isthat there has been among us a departure from the living Godand a turning to men, putting human in place of divine wisdom.
1992	Amazing DiscoveriesD[tvLIVETESTIMONIES FOR THE CHURCH VOL.5 P.707• And there are many in the church who take it for granted thatthey understand what they believe; but, until controversy arises,they do not know their own weakness. When separated fromthose of like faith and compelled to stand singly and alone toexplain their belief, they will be surprised to see how confusedare their ideas of what they had accepted as truth. Certain it isthat there has been among us a departure from the living Godand a turning to men, putting human in place of divine wisdom.
1998	Amazing DiscoveriesDLIVETESTIMONIES FOR THE CHURCH VOL.5 P.707• And there are many in the church who take it for granted thatthey understand what they believe; but, until controversy arises,they do not know their own weakness. When separated fromthose of like faith and compelled to stand singly and alone toexplain their belief, they will be surprised to see how confusedare their ideas of what they had accepted as truth. Certain it isthat there has been among us a departure from the living Godand a turning to men, putting human in place of divine wisdom.
2004	Amazing DiscoveriesD[tvLIVETESTIMONIES FOR THE CHURCH VOL.5 P.707• And there are many in the church who take it for granted thatthey understand what they believe; but, until controversy arises,they do not know their own weakness. When separated fromthose of like faith and compelled to stand singly and alone toexplain their belief, they will be surprised to see how confusedare their ideas of what they had accepted as truth. Certain it isthat there has been among us a departure from the living Godand a turning to men, putting human in place of divine wisdom.
2010	Amazing DiscoveriesD[tvLIVETESTIMONIES FOR THE CHURCH VOL.5 P.707• And there are many in the church who take it for granted thatthey understand what they believe; but, until controversy arises,they do not know their own weakness. When separated fromthose of like faith and compelled to stand singly and alone toexplain their belief, they will be surprised to see how confusedare their ideas of what they had accepted as truth. Certain it isthat there has been among us a departure from the living Godand a turning to men, putting human in place of divine wisdom.
2016	Amazing DiscoveriesD[tvLIVETESTIMONIES FOR THE CHURCH VOL.5 P.707• And there are many in the church who take it for granted thatthey understand what they believe; but, until controversy arises,they do not know their own weakness. When separated fromthose of like faith and compelled to stand singly and alone toexplain their belief, they will be surprised to see how confusedare their ideas of what they had accepted as truth. Certain it isthat there has been among us a departure from the living Godand a turning to men, putting human in place of divine wisdom.
2022	Amazing DiscoveriesD[EvLIVETESTIMONIES FOR THE CHURCH VOL.5 P.707• And there are many in the church who take it for granted thatthey understand what they believe; but, until controversy arises,they do not know their own weakness. When separated fromthose of like faith and compelled to stand singly and alone toexplain their belief, they will be surprised to see how confusedare their ideas of what they had accepted as truth. Certain it isthat there has been among us a departure from the living Godand a turning to men, putting human in place of divine wisdom.
2028	Amazing DiscoveriesD[EvLIVETESTIMONIES FOR THE CHURCH VOL.5 P.707• And there are many in the church who take it for granted thatthey understand what they believe; but, until controversy arises,they do not know their own weakness. When separated fromthose of like faith and compelled to stand singly and alone toexplain their belief, they will be surprised to see how confusedare their ideas of what they had accepted as truth. Certain it isthat there has been among us a departure from the living Godand a turning to men, putting human in place of divine wisdom.
2034	Amazing DiscoveriesD[tvLIVETESTIMONIES FOR THE CHURCH VOL.5 P.707• And there are many in the church who take it for granted thatthey understand what they believe; but, until controversy arises,they do not know their own weakness. When separated fromthose of like faith and compelled to stand singly and alone toexplain their belief, they will be surprised to see how confusedare their ideas of what they had accepted as truth. Certain it isthat there has been among us a departure from the living Godand a turning to men, putting human in place of divine wisdom.
2040	Amazing DiscoveriesD[EvLIVETESTIMONIES FOR THE CHURCH VOL.5 P.707• And there are many in the church who take it for granted thatthey understand what they believe; but, until controversy arises,they do not know their own weakness. When separated fromthose of like faith and compelled to stand singly and alone toexplain their belief, they will be surprised to see how confusedare their ideas of what they had accepted as truth. Certain it isthat there has been among us a departure from the living Godand a turning to men, putting human in place of divine wisdom.
2046	Amazing DiscoveriesD[tvLIVETESTIMONIES FOR THE CHURCH VOL.5 P.707• And there are many in the church who take it for granted thatthey understand what they believe; but, until controversy arises,they do not know their own weakness. When separated fromthose of like faith and compelled to stand singly and alone toexplain their belief, they will be surprised to see how confusedare their ideas of what they had accepted as truth. Certain it isthat there has been among us a departure from the living Godand a turning to men, putting human in place of divine wisdom.
2052	Amazing DiscoveriesD[EvLIVETESTIMONIES FOR THE CHURCH VOL.5 P.707• And there are many in the church who take it for granted thatthey understand what they believe; but, until controversy arises,they do not know their own weakness. When separated fromthose of like faith and compelled to stand singly and alone toexplain their belief, they will be surprised to see how confusedare their ideas of what they had accepted as truth. Certain it isthat there has been among us a departure from the living Godand a turning to men, putting human in place of divine wisdom.
2058	Amazing DiscoveriesD[tvLIVETESTIMONIES FOR THE CHURCH VOL.5 P.707• And there are many in the church who take it for granted thatthey understand what they believe; but, until controversy arises,they do not know their own weakness. When separated fromthose of like faith and compelled to stand singly and alone toexplain their belief, they will be surprised to see how confusedare their ideas of what they had accepted as truth. Certain it isthat there has been among us a departure from the living Godand a turning to men, putting human in place of divine wisdom.
2064	Amazing DiscoveriesD[tvLIVETESTIMONIES FOR THE CHURCH VOL.5 P.707• And there are many in the church who take it for granted thatthey understand what they believe; but, until controversy arises,they do not know their own weakness. When separated fromthose of like faith and compelled to stand singly and alone toexplain their belief, they will be surprised to see how confusedare their ideas of what they had accepted as truth. Certain it isthat there has been among us a departure from the living Godand a turning to men, putting human in place of divine wisdom.
2070	Amazing DiscoveriesAllDLIVE21MR 436.6, 437 (1906)• The testing time is right upon us. We must build upon the Rock thatvill stand the storm of test and trial. As we see the fulfillment ofprophecy, we know that the end of all things is at hand. Present theeternal principles of truth. Show what the Word of God declares is totake place on this earth. The God who gave Daniel instructionregarding the closing scenes of this earth's history will certainlyconfirm the testimony of His servants as at the appointed time theygive the loud cry.• All the messages given from 1840-1844 are to be made forciblenow, for there are many people who have lost their bearings. Themessages are to go to all the churches.
2076	Amazing DiscoveriesD[tvLIVETESTIMONIES FOR THE CHURCH VOL.5 P.707• And there are many in the church who take it for granted thatthey understand what they believe; but, until controversy arises,they do not know their own weakness. When separated fromthose of like faith and compelled to stand singly and alone toexplain their belief, they will be surprised to see how confusedare their ideas of what they had accepted as truth. Certain it isthat there has been among us a departure from the living Godand a turning to men, putting human in place of divine wisdom.
2082	Amazing DiscoveriesD[tvLIVETESTIMONIES FOR THE CHURCH VOL.5 P.707• And there are many in the church who take it for granted thatthey understand what they believe; but, until controversy arises,they do not know their own weakness. When separated fromthose of like faith and compelled to stand singly and alone toexplain their belief, they will be surprised to see how confusedare their ideas of what they had accepted as truth. Certain it isthat there has been among us a departure from the living Godand a turning to men, putting human in place of divine wisdom.
2088	Amazing DiscoveriesD[tvLIVETESTIMONIES FOR THE CHURCH VOL.5 P.707• And there are many in the church who take it for granted thatthey understand what they believe; but, until controversy arises,they do not know their own weakness. When separated fromthose of like faith and compelled to stand singly and alone toexplain their belief, they will be surprised to see how confusedare their ideas of what they had accepted as truth. Certain it isthat there has been among us a departure from the living Godand a turning to men, putting human in place of divine wisdom.
2094	Amazing DiscoveriesD[tvLIVETESTIMONIES FOR THE CHURCH VOL.5 P.707• And there are many in the church who take it for granted thatthey understand what they believe; but, until controversy arises,they do not know their own weakness. When separated fromthose of like faith and compelled to stand singly and alone toexplain their belief, they will be surprised to see how confusedare their ideas of what they had accepted as truth. Certain it isthat there has been among us a departure from the living Godand a turning to men, putting human in place of divine wisdom.
2100	Amazing DiscoveriesAD[EvLIVETESTIMONIES FOR THE CHURCH VOL.5 P.707• And there are many in the church who take it for granted thatthey understand what they believe; but, until controversy arises,they do not know their own weakness. When separated fromthose of like faith and compelled to stand singly and alone toexplain their belief, they will be surprised to see how confusedare their ideas of what they had accepted as truth. Certain it isthat there has been among us a departure from the living Godand a turning to men, putting human in place of divine wisdom.
2106	Amazing DiscoveriesD[tvLIVE21MR 436.6, 437 (1906)• The testing time is right upon us. We must build upon the Rock thatvill stand the storm of test and trial. As we see the fulfillment ofprophecy, we know that the end of all things is at hand. Present theeternal principles of truth. Show what the Word of God declares is totake place on this earth. The God who gave Daniel instructionegarding the closing scenes of this earth's history will certainlconfirm the testimony of His servants as at the appointed time thergive the loud cry.• All the messages given from 1840-1844 are to be made forciblenow, for there are many people who have lost their bearings. Themessages are to go to all the churches.
2112	Amazing DiscoveriesD[tvLIVE21MR 436.6, 437 (1906)• The testing time is right upon us. We must build upon the Rock thatvill stand the storm of test and trial. As we see the fulfillment ofprophecy, we know that the end of all things is at hand. Present theeternal principles of truth. Show what the Word of God declares is toake place on this earth. The God who gave Daniel instructionegarding the closing scenes of this earth's history will certainlconfirm the testimony of His servants as at the appointed time thegive the loud cry.• All the messages given from 1840-1844 are to be made forciblenow, for there are many people who have lost their bearings. Themessages are to go to all the churches.
2118	Amazing DiscoveriesDLIVE21MR 436.6, 437 (1906)Wil stand the storen oh test and tale As use bue de fullmento thatprophecy, we know that the end of all things is at hand. Present theeternal principles of truth. Show what the Word of God declares is totake place on this earth. The God who gave Daniel instructionegarding the closing scenes of this earth's history will certainlyconfirm the testimony of His servants as at the appointed time thegive the loud cry.• All the messages given from 1840-1844 are to be made forciblenow, for there are many people who have lost their bearings. Themessages are to go to all the churches.
2124	Amazing DiscoveriesAD[tvLIVE21MR 436.6, 437 (1906)• The testing time is right upon us. We must build upon the Rock thatvill stand the storm of test and trial. As we see the fulfillment ofprophecy, we know that the end of all things is at hand. Present theeternal principles of truth. Show what the Word of God declares is toake place on this earth. The God who gave Daniel instructionegarding the closing scenes of this earth's history will certainlconfirm the testimony of His servants as at the appointed time thegive the loud cry.• All the messages given from 1840-1844 are to be made forciblenow, for there are many people who have lost their bearings. Themessages are to go to all the churches.
2130	Amazing DiscoveriesDtvLIVE21MR 436.6, 437 (1906)• The testing time is right upon us. We must build upon the Rock thatvill stand the storm of test and trial. As we see the fulfillment ofprophecy, we know that the end of all things is at hand. Present theeternal principles of truth. Show what the Word of God declares is totake place on this earth. The God who gave Daniel instructionegarding the closing scenes of this earth's history will certainlconfirm the testimony of His servants as at the appointed time thegive the loud cry.• All the messages given from 1840-1844 are to be made forciblenow, for there are many people who have lost their bearings. Themessages are to go to all the churches.
2136	Amazing DiscoveriesD[tvLIVE21MR 436.6, 437 (1906)• The testing time is right upon us. We must build upon the Rock thatvill stand the storm of test and trial. As we see the fulfillment ofprophecy, we know that the end of all things is at hand. Present theeternal principles of truth. Show what the Word of God declares is totake place on this earth. The God who gave Daniel instructionegarding the closing scenes of this earth's history will certainlconfirm the testimony of His servants as at the appointed time thergive the loud cry.• All the messages given from 1840-1844 are to be made forciblenow, for there are many people who have lost their bearings. Themessages are to go to all the churches.
2142	Amazing DiscoveriesD[tvLIVE21MR 436.6, 437 (1906)• The testing time is right upon us. We must build upon the Rock thatvill stand the storm of test and trial. As we see the fulfillment ofprophecy, we know that the end of all things is at hand. Present theeternal principles of truth. Show what the Word of God declares is toike place on this earth. The God who gave Daniel instructionegarding the closing scenes of this earth's history will certainlconfirm the testimony of His servants as at the appointed time thegive the loud cry.• All the messages given from 1840-1844 are to be made forciblenow, for there are many people who have lost their bearings. Themessages are to go to all the churches.
2148	Amazing DiscoveriesAllD[tvLIVE21MR 436.6, 437 (1906)• The testing time is right upon us. We must build upon the Rock thatvill stand the storm of test and trial. As we see the fulfillment ofprophecy, we know that the end of all things is at hand. Present theeternal principles of truth. Show what the Word of God declares is totake place on this earth. The God who gave Daniel instructionregarding the closing scenes of this earth's history will certainlyconfirm the testimony of His servants as at the appointed time theygive the loud cry.• All the messages given from 1840-1844 are to be made forciblenow, for there are many people who have lost their bearings. Themessages are to go to all the churches.
2154	Amazing DiscoveriesDtvLIVE21MR 436.6, 437 (1906)• The testing time is right upon us. We must build upon the Rock thatvill stand the storm of test and trial. As we see the fulfillment ofprophecy, we know that the end of all things is at hand. Present theeternal principles of truth. Show what the Word of God declares is totake place on this earth. The God who gave Daniel instructionegarding the closing scenes of this earth's history will certainlconfirm the testimony of His servants as at the appointed time thegive the loud cry.• All the messages given from 1840-1844 are to be made forciblenow, for there are many people who have lost their bearings. Themessages are to go to all the churches.
2160	Amazing DiscoveriesD[tvLIVE21MR 436.6, 437 (1906)• The testing time is right upon us. We must build upon the Rock thatvill stand the storm of test and trial. As we see the fulfillment ofprophecy, we know that the end of all things is at hand. Present theeternal principles of truth. Show what the Word of God declares is toike place on this earth. The God who gave Daniel instructionegarding the closing scenes of this earth's history will certainlconfirm the testimony of His servants as at the appointed time thegive the loud cry.• All the messages given from 1840-1844 are to be made forciblenow, for there are many people who have lost their bearings. Themessages are to go to all the churches.
2166	Amazing DiscoveriesD[tvLIVE21MR 436.6, 437 (1906)• The testing time is right upon us. We must build upon the Rock thatvill stand the storm of test and trial. As we see the fulfillment ofprophecy, we know that the end of all things is at hand. Present theeternal principles of truth. Show what the Word of God declares is toike place on this earth. The God who gave Daniel instructionegarding the closing scenes of this earth's history will certainlconfirm the testimony of His servants as at the appointed time thergive the loud cry.• All the messages given from 1840-1844 are to be made forciblenow, for there are many people who have lost their bearings. Themessages are to go to all the churches.
2172	Amazing DiscoveriesAD[tvLIVE21MR 436.6, 437 (1906)• The testing time is right upon us. We must build upon the Rock thatvill stand the storm of test and trial. As we see the fulfillment ofprophecy, we know that the end of all things is at hand. Present theeternal principles of truth. Show what the Word of God declares is totake place on this earth. The God who gave Daniel instructionregarding the closing scenes of this earth's history will certainlyconfirm the testimony of His servants as at the appointed time theygive the loud cry.• All the messages given from 1840-1844 are to be made forciblenow, for there are many people who have lost their bearings. Themessages are to go to all the churches.
2178	Amazing DiscoveriesAD[tvLIVE21MR 436.6, 437 (1906)• The testing time is right upon us. We must build upon the Rock thatvill stand the storm of test and trial. As we see the fulfillment ofprophecy, we know that the end of all things is at hand. Present theeternal principles of truth. Show what the Word of God declares is totake place on this earth. The God who gave Daniel instructionegarding the closing scenes of this earth's history will certainlconfirm the testimony of His servants as at the appointed time thergive the loud cry.• All the messages given from 1840-1844 are to be made forciblenow, for there are many people who have lost their bearings. Themessages are to go to all the churches.
2184	Amazing DiscoveriesAD(tvLIVE21MR 436.6, 437 (1906)• The testing time is right upon us. We must build upon the Rock thatvill stand the storm of test and trial. As we see the fulfillment ofprophecy, we know that the end of all things is at hand. Present theeternal principles of truth. Show what the Word of God declares is toake place on this earth. The God who gave Daniel instructionegarding the closing scenes of this earth's history will certainlconfirm the testimony of His servants as at the appointed time thegive the loud cry.• All the messages given from 1840-1844 are to be made forciblenow, for there are many people who have lost their bearings. Themessages are to go to all the churches.
2190	Amazing DiscoveriesD[tvLIVE21MR 436.6, 437 (1906)• The testing time is right upon us. We must build upon the Rock thatvill stand the storm of test and trial. As we see the fulfillment ofprophecy, we know that the end of all things is at hand. Present theeternal principles of truth. Show what the Word of God declares is toake place on this earth. The God who gave Daniel instructionegarding the closing scenes of this earth's history will certainlyconfirm the testimony of His servants as at the appointed time theygive the loud cry.• All the messages given from 1840-1844 are to be made forciblenow, for there are many people who have lost their bearings. Themessages are to go to all the churches.
2196	Amazing DiscoveriesDtvLIVE21MR 436.6, 437 (1906)• The testing time is right upon us. We must build upon the Rock thatvill stand the storm of test and trial. As we see the fulfillment ofprophecy, we know that the end of all things is at hand. Present theeternal principles of truth. Show what the Word of God declares is totake place on this earth. The God who gave Daniel instructionegarding the closing scenes of this earth's history will certainlconfirm the testimony of His servants as at the appointed time thegive the loud cry.• All the messages given from 1840-1844 are to be made forciblenow, for there are many people who have lost their bearings. Themessages are to go to all the churches.
2202	Amazing DiscoveriesDtvLIVE21MR 436.6, 437 (1906)Til stand the storm oht stands al. Ast see the fulfilenck thatprophecy, we know that the end of all things is at hand. Present theeternal principles of truth. Show what the Word of God declares is totake place on this earth. The God who gave Daniel instructionregarding the closing scenes of this earth's history will certainlyconfirm the testimony of His servants as at the appointed time theygive the loud cry.• All the messages given from 1840-1844 are to be made forciblenow, for there are many people who have lost their bearings. Themessages are to go to all the churches.
2208	Amazing DiscoveriesD[tvLIVE21MR 436.6, 437 (1906)• The testing time is right upon us. We must build upon the Rock thatvill stand the storm of test and trial. As we see the fulfillment ofprophecy, we know that the end of all things is at hand. Present theeternal principles of truth. Show what the Word of God declares is totake place on this earth. The God who gave Daniel instructionregarding the closing scenes of this earth's history will certainlyconfirm the testimony of His servants as at the appointed time theygive the loud cry.• All the messages given from 1840-1844 are to be made forciblenow, for there are many people who have lost their bearings. Themessages are to go to all the churches.
2214	Amazing DiscoveriesDtvLIVE21MR 436.6, 437 (1906)• The testing time is right upon us. We must build upon the Rock thatvill stand the storm of test and trial. As we see the fulfillment ofprophecy, we know that the end of all things is at hand. Present theeternal principles of truth. Show what the Word of God declares is totake place on this earth. The God who gave Daniel instructionegarding the closing scenes of this earth's history will certainlconfirm the testimony of His servants as at the appointed time thegive the loud cry.• All the messages given from 1840-1844 are to be made forciblenow, for there are many people who have lost their bearings. Themessages are to go to all the churches.
2220	Amazing DiscoveriesAllDtvLIVE21MR 436.6, 437 (1906)• The testing time is right upon us. We must build upon the Rock thatvill stand the storm of test and trial. As we see the fulfillment ofprophecy, we know that the end of all things is at hand. Present theeternal principles of truth. Show what the Word of God declares is totake place on this earth. The God who gave Daniel instructionegarding the closing scenes of this earth's history will certainlyconfirm the testimony of His servants as at the appointed time thegive the loud cry.• All the messages given from 1840-1844 are to be made forciblenow, for there are many people who have lost their bearings. Themessages are to go to all the churches.
2226	Amazing DiscoveriesD[tvLIVE21MR 436.6, 437 (1906)• The testing time is right upon us. We must build upon the Rock thatvill stand the storm of test and trial. As we see the fulfillment ofprophecy, we know that the end of all things is at hand. Present theeternal principles of truth. Show what the Word of God declares is totake place on this earth. The God who gave Daniel instructionregarding the closing scenes of this earth's history will certainlyconfirm the testimony of His servants as at the appointed time theygive the loud cry.• All the messages given from 1840-1844 are to be made forciblenow, for there are many people who have lost their bearings. Themessages are to go to all the churches.
2232	Amazing DiscoveriesDtvLIVE21MR 436.6, 437 (1906)• The testing time is right upon us. We must build upon the Rock thatvill stand the storm of test and trial. As we see the fulfillment ofprophecy, we know that the end of all things is at hand. Present theeternal principles of truth. Show what the Word of God declares is toake place on this earth. The God who gave Daniel instructionegarding the closing scenes of this earth's history will certainlconfirm the testimony of His servants as at the appointed time thergive the loud cry.• All the messages given from 1840-1844 are to be made forciblenow, for there are many people who have lost their bearings. Themessages are to go to all the churches.
2238	Amazing DiscoveriesD[tvLIVE21MR 436.6, 437 (1906)• The testing time is right upon us. We must build upon the Rock thatvill stand the storm of test and trial. As we see the fulfillment ofprophecy, we know that the end of all things is at hand. Present theeternal principles of truth. Show what the Word of God declares is toike place on this earth. The God who gave Daniel instructionegarding the closing scenes of this earth's history will certainlconfirm the testimony of His servants as at the appointed time thegive the loud cry.• All the messages given from 1840-1844 are to be made forciblenow, for there are many people who have lost their bearings. Themessages are to go to all the churches.
2244	Amazing DiscoveriesD[tvLIVE21MR 436.6, 437 (1906)• The testing time is right upon us. We must build upon the Rock thatvill stand the storm of test and trial. As we see the fulfillment ofprophecy, we know that the end of all things is at hand. Present theeternal principles of truth. Show what the Word of God declares is totake place on this earth. The God who gave Daniel instructionegarding the closing scenes of this earth's history will certainlconfirm the testimony of His servants as at the appointed time thegive the loud cry.• All the messages given from 1840-1844 are to be made forciblenow, for there are many people who have lost their bearings. Themessages are to go to all the churches.
2250	iscoveriesD[tvLIVE21MR 436.6, 437 (1906)• The testing time is right upon us. We must build upon the Rock thatwill stand the storm of test and trial. As we see the fulfillment ofprophecy, we know that the end of all things is at hand. Present theeternal principles of truth. Show what the Word of God declares is totake place on this earth. The God who gave Daniel instructionregarding the closing scenes of this earth's history will certainlonfirm the testimony of His servants as at the appointed time thegive the loud cry.• All the messages given from 1840-1844 are to be made forciblenow, for there are many people who have lost their bearings. Themessages are to go to all the churches.
2256	DLIVE21MR 436.6, 437 (1906)• The testing time is right upon us. We must build upon the Rock thatvill stand the storm of test and trial. As we see the fulfillment ofprophecy, we know that the end of all things is at hand. Present theeternal principles of truth. Show what the Word of God declares is totake place on this earth. The God who gave Daniel instructionegarding the closing scenes of this earth's history will certainlconfirm the testimony of His servants as at the appointed time thegive the loud cry.• All the messages given from 1840-1844 are to be made forciblenow, for there are many people who have lost their bearings. Themessages are to go to all the churches.For Free Bookmarks Go To:bookmarks.amazingdiscoveries.org
2262	D[tvLIVE21MR 436.6, 437 (1906)• The testing time is right upon us. We must build upon the Rock thatvill stand the storm of test and trial. As we see the fulfillment ofprophecy, we know that the end of all things is at hand. Present theeternal principles of truth. Show what the Word of God declares is totake place on this earth. The God who gave Daniel instructionegarding the closing scenes of this earth's history will certainlconfirm the testimony of His servants as at the appointed time thergive the loud cry.• All the messages given from 1840-1844 are to be made forciblenow, for there are many people who have lost their bearings. Themessages are to go to all the churches.For Free Bookmarks Go To:bookmarks.amazingdiscoveries.org
2268	Amazing DiscoveriesADtvLIVE21MR 436.6, 437 (1906)• The testing time is right upon us. We must build upon the Rock thatvill stand the storm of test and trial. As we see the fulfillment ofprophecy, we know that the end of all things is at hand. Present theeternal principles of truth. Show what the Word of God declares is totake place on this earth. The God who gave Daniel instructionegarding the closing scenes of this earth's history will certainl;confirm the testimony of His servants as at the appointed time thergive the loud cry.• All the messages given from 1840-1844 are to be made forciblenow, for there are many people who have lost their bearings. Themessages are to go to all the churches.
2274	Amazing DiscoveriesAD[tvLIVE21MR 436.6, 437 (1906)• The testing time is right upon us. We must build upon the Rock thatvill stand the storm of test and trial. As we see the fulfillment ofprophecy, we know that the end of all things is at hand. Present theeternal principles of truth. Show what the Word of God declares is totake place on this earth. The God who gave Daniel instructionregarding the closing scenes of this earth's history will certainlyconfirm the testimony of His servants as at the appointed time theygive the loud cry.• All the messages given from 1840-1844 are to be made forciblenow, for there are many people who have lost their bearings. Themessages are to go to all the churches.
2280	AllDLIVE21MR 436.6, 437 (1906)• The testing time is right upon us. We must build upon the Rock thatvill stand the storm of test and trial. As we see the fulfillment ofprophecy, we know that the end of all things is at hand. Present theeternal principles of truth. Show what the Word of God declares is totake place on this earth. The God who gave Daniel instructionegarding the closing scenes of this earth's history will certainlontirm the testimony of His servants as at the appointed time thegive the loud cry.• All the messages given from 1840-1844 are to be made forciblenow, for there are many people who have lost their bearings. Themessages are to go to all the churches.
2286	D[tvLIVE21MR 436.6, 437 (1906)• The testing time is right upon us. We must build upon the Rock thatvill stand the storm of test and trial. As we see the fulfillment ofprophecy, we know that the end of all things is at hand. Present theeternal principles of truth. Show what the Word of God declares is toike place on this earth. The God who gave Daniel instructionegarding the closing scenes of this earth's history will certainlconfirm the testimony of His servants as at the appointed time thergive the loud cry.• All the messages given from 1840-1844 are to be made forciblenow, for there are many people who have lost their bearings. Themessages are to go to all the churches.Engage With UsWrite your questions and comments in the chat!
2292	D[tvLIVE21MR 436.6, 437 (1906)• The testing time is right upon us. We must build upon the Rock thatwill stand the storm of test and trial. As we see the fulfillment ofprophecy, we know that the end of all things is at hand. Present theeternal principles of truth. Show what the Word of God declares is toake place on this earth. The God who gave Daniel instructionegarding the closing scenes of this earth's history will certainlyonfirm the testimony of His servants as at the appointed time theygive the loud cry.• All the messages given from 1840-1844 are to be made forciblenow, for there are many people who have lost their bearings. Themessages are to go to all the churches.Engage With UsWrite your questions and comments in the chat!
2298	Amazing DiscoveriesDtvLIVE21MR 436.6, 437 (1906)• The testing time is right upon us. We must build upon the Rock thatvill stand the storm of test and trial. As we see the fulfillment ofprophecy, we know that the end of all things is at hand. Present theeternal principles of truth. Show what the Word of God declares is totake place on this earth. The God who gave Daniel instructionegarding the closing scenes of this earth's history will certainlyconfirm the testimony of His servants as at the appointed time thegive the loud cry.• All the messages given from 1840-1844 are to be made forciblenow, for there are many people who have lost their bearings. Themessages are to go to all the churches.
2304	Amazing Discoveries[tvLIVEGREAT CONTROVERSY 334-335• In the year 1840 another remarkable fulfillment of prophecyexcited widespread interest. Two years before, Josiah Litch, oneof the leading ministers preaching the second advent, publishedan exposition of Revelation 9, predicting the fall of the OttomanEmpire. According to his calculations, this power was to beoverthrown "in A.D. 1840, sometime in the month of August;"and only a few days previous to its accomplishment he wrote:
2310	Amazing Discoveries[EvLIVEGREAT CONTROVERSY 334-335• In the year 1840 another remarkable fulfillment of prophecyexcited widespread interest. Two years before, Josiah Litch, oneof the leading ministers preaching the second advent, publishedan exposition of Revelation 9, predicting the fall of the OttomanEmpire. According to his calculations, this power was to beoverthrown "in A.D. 1840, sometime in the month of August;"and only a few days previous to its accomplishment he wrote:
2316	Amazing DiscoveriesD(tvLIVEGREAT CONTROVERSY 334-335• In the year 1840 another remarkable fulfillment of prophecyexcited widespread interest. Two years before, Josiah Litch, oneof the leading ministers preaching the second advent, publishedan exposition of Revelation 9, predicting the fall of the OttomanEmpire. According to his calculations, this power was to beoverthrown "in A.D. 1840, sometime in the month of August;"and only a few days previous to its accomplishment he wrote:
2322	Amazing Discoveries[tvLIVEGREAT CONTROVERSY 334-335• In the year 1840 another remarkable fulfillment of prophecyexcited widespread interest. Two years before, Josiah Litch, oneof the leading ministers preaching the second advent, publishedan exposition of Revelation 9, predicting the fall of the OttomanEmpire. According to his calculations, this power was to beoverthrown "in A.D. 1840, sometime in the month of August;"and only a few days previous to its accomplishment he wrote:
2328	Amazing Discoveries[tvLIVEGREAT CONTROVERSY 334-335• In the year 1840 another remarkable fulfillment of prophecyexcited widespread interest. Two years before, Josiah Litch, oneof the leading ministers preaching the second advent, publishedan exposition of Revelation 9, predicting the fall of the OttomanEmpire. According to his calculations, this power was to beoverthrown "in A.D. 1840, sometime in the month of August;"and only a few days previous to its accomplishment he wrote:
2334	Amazing Discoveries[tvLIVEGREAT CONTROVERSY 334-335• In the year 1840 another remarkable fulfillment of prophecyexcited widespread interest. Two years before, Josiah Litch, oneof the leading ministers preaching the second advent, publishedan exposition of Revelation 9, predicting the fall of the OttomanEmpire. According to his calculations, this power was to beoverthrown "in A.D. 1840, sometime in the month of August;"and only a few days previous to its accomplishment he wrote:
2340	Amazing DiscoveriesD[tvLIVEGREAT CONTROVERSY 334-335• In the year 1840 another remarkable fulfillment of prophecyexcited widespread interest. Two years before, Josiah Litch, oneof the leading ministers preaching the second advent, publishedan exposition of Revelation 9, predicting the fall of the OttomanEmpire. According to his calculations, this power was to beoverthrown "in A.D. 1840, sometime in the month of August;"and only a few days previous to its accomplishment he wrote:
2346	Amazing Discoveries[EvLIVEGREAT CONTROVERSY 334-335• In the year 1840 another remarkable fulfillment of prophecyexcited widespread interest. Two years before, Josiah Litch, oneof the leading ministers preaching the second advent, publishedan exposition of Revelation 9, predicting the fall of the OttomanEmpire. According to his calculations, this power was to beoverthrown "in A.D. 1840, sometime in the month of August;"and only a few days previous to its accomplishment he wrote:
2352	Amazing Discoveries[tvLIVEGREAT CONTROVERSY 334-335• In the year 1840 another remarkable fulfillment of prophecyexcited widespread interest. Two years before, Josiah Litch, oneof the leading ministers preaching the second advent, publishedan exposition of Revelation 9, predicting the fall of the OttomanEmpire. According to his calculations, this power was to beoverthrown "in A.D. 1840, sometime in the month of August;"and only a few days previous to its accomplishment he wrote:
2358	Amazing DiscoveriesD[tvLIVEGREAT CONTROVERSY 334-335• In the year 1840 another remarkable fulfillment of prophecyexcited widespread interest. Two years before, Josiah Litch, oneof the leading ministers preaching the second advent, publishedan exposition of Revelation 9, predicting the fall of the OttomanEmpire. According to his calculations, this power was to beoverthrown "in A.D. 1840, sometime in the month of August;"and only a few days previous to its accomplishment he wrote:
2364	Amazing DiscoveriesD[tvLIVEGREAT CONTROVERSY 334-335• In the year 1840 another remarkable fulfillment of prophecyexcited widespread interest. Two years before, Josiah Litch, oneof the leading ministers preaching the second advent, publishedan exposition of Revelation 9, predicting the fall of the OttomanEmpire. According to his calculations, this power was to beoverthrown "in A.D. 1840, sometime in the month of August;"and only a few days previous to its accomplishment he wrote:
2370	Amazing Discoveries[tvLIVEGREAT CONTROVERSY 334-335• In the year 1840 another remarkable fulfillment of prophecyexcited widespread interest. Two years before, Josiah Litch, oneof the leading ministers preaching the second advent, publishedan exposition of Revelation 9, predicting the fall of the OttomanEmpire. According to his calculations, this power was to beoverthrown "in A.D. 1840, sometime in the month of August;"and only a few days previous to its accomplishment he wrote:
2376	Amazing DiscoveriesD[tvLIVEGREAT CONTROVERSY 334-335• In the year 1840 another remarkable fulfillment of prophecyexcited widespread interest. Two years before, Josiah Litch, oneof the leading ministers preaching the second advent, publishedan exposition of Revelation 9, predicting the fall of the OttomanEmpire. According to his calculations, this power was to beoverthrown "in A.D. 1840, sometime in the month of August;"and only a few days previous to its accomplishment he wrote:
2382	Amazing DiscoveriesD[tvLIVEGREAT CONTROVERSY 334-335• In the year 1840 another remarkable fulfillment of prophecyexcited widespread interest. Two years before, Josiah Litch, oneof the leading ministers preaching the second advent, publishedan exposition of Revelation 9, predicting the fall of the OttomanEmpire. According to his calculations, this power was to beoverthrown "in A.D. 1840, sometime in the month of August;"and only a few days previous to its accomplishment he wrote:
2388	Amazing DiscoveriesD[tvLIVEGREAT CONTROVERSY 334-335• In the year 1840 another remarkable fulfillment of prophecyexcited widespread interest. Two years before, Josiah Litch, oneof the leading ministers preaching the second advent, publishedan exposition of Revelation 9, predicting the fall of the OttomanEmpire. According to his calculations, this power was to beoverthrown "in A.D. 1840, sometime in the month of August;"and only a few days previous to its accomplishment he wrote:
2394	Amazing Discoveries[tvLIVEGREAT CONTROVERSY 334-335• In the year 1840 another remarkable fulfillment of prophecyexcited widespread interest. Two years before, Josiah Litch, oneof the leading ministers preaching the second advent, publishedan exposition of Revelation 9, predicting the fall of the OttomanEmpire. According to his calculations, this power was to beoverthrown "in A.D. 1840, sometime in the month of August;"and only a few days previous to its accomplishment he wrote:
2400	Amazing DiscoveriesD[tvLIVEGREAT CONTROVERSY 334-335• In the year 1840 another remarkable fulfillment of prophecyexcited widespread interest. Two years before, Josiah Litch, oneof the leading ministers preaching the second advent, publishedan exposition of Revelation 9, predicting the fall of the OttomanEmpire. According to his calculations, this power was to beoverthrown "in A.D. 1840, sometime in the month of August;"and only a few days previous to its accomplishment he wrote:
2406	Amazing Discoveries[tvLIVEGREAT CONTROVERSY 334-335• In the year 1840 another remarkable fulfillment of prophecyexcited widespread interest. Two years before, Josiah Litch, oneof the leading ministers preaching the second advent, publishedan exposition of Revelation 9, predicting the fall of the OttomanEmpire. According to his calculations, this power was to beoverthrown "in A.D. 1840, sometime in the month of August;"and only a few days previous to its accomplishment he wrote:
2412	Amazing DiscoveriesD[tvLIVEGREAT CONTROVERSY 334-335• In the year 1840 another remarkable fulfillment of prophecyexcited widespread interest. Two years before, Josiah Litch, oneof the leading ministers preaching the second advent, publishedan exposition of Revelation 9, predicting the fall of the OttomanEmpire. According to his calculations, this power was to beoverthrown "in A.D. 1840, sometime in the month of August;"and only a few days previous to its accomplishment he wrote:
2418	Amazing DiscoveriesD[tvLIVEGREAT CONTROVERSY 334-335• In the year 1840 another remarkable fulfillment of prophecyexcited widespread interest. Two years before, Josiah Litch, oneof the leading ministers preaching the second advent, publishedan exposition of Revelation 9, predicting the fall of the OttomanEmpire. According to his calculations, this power was to beoverthrown "in A.D. 1840, sometime in the month of August;"and only a few days previous to its accomplishment he wrote:
2424	D[tvLIVEGREAT CONTROVERSY 334-335• In the year 1840 another remarkable fulfillment of prophecyexcited widespread interest. Two years before, Josiah Litch, oneof the leading ministers preaching the second advent, publishedan exposition of Revelation 9, predicting the fall of the OttomanEmpire. According to his calculations, this power was to beoverthrown "in A.D. 1840, sometime in the month of August;"and only a few days previous to its accomplishment he wrote:Engage With UsWrite your questions and comments in the chat!
2430	D[tvLIVEGREAT CONTROVERSY 334-335• In the year 1840 another remarkable fulfillment of prophecyexcited widespread interest. Two years before, Josiah Litch, oneof the leading ministers preaching the second advent, publishedan exposition of Revelation 9, predicting the fall of the OttomanEmpire. According to his calculations, this power was to beoverthrown "in A.D. 1840, sometime in the month of August;"and only a few days previous to its accomplishment he wrote:Engage With UsWrite your questions and comments in the chat!
2436	D[tvLIVEGREAT CONTROVERSY 334-335• In the year 1840 another remarkable fulfillment of prophecyexcited widespread interest. Two years before, Josiah Litch, oneof the leading ministers preaching the second advent, publishedan exposition of Revelation 9, predicting the fall of the OttomanEmpire. According to his calculations, this power was to beoverthrown "in A.D. 1840, sometime in the month of August;"and only a few days previous to its accomplishment he wrote:Engage With UsWrite your questions and comments in the chat!
2442	Amazing DiscoveriesD[tvLIVEGREAT CONTROVERSY 334-335• In the year 1840 another remarkable fulfillment of prophecyexcited widespread interest. Two years before, Josiah Litch, oneof the leading ministers preaching the second advent, publishedan exposition of Revelation 9, predicting the fall of the OttomanEmpire. According to his calculations, this power was to beoverthrown "in A.D. 1840, sometime in the month of August;"and only a few days previous to its accomplishment he wrote:
2448	Amazing DiscoveriesLIVEGREAT CONTROVERSY 334-335• In the year 1840 another remarkable fulfillment of prophecyexcited widespread interest. Two years before, Josiah Litch, oneof the leading ministers preaching the second advent, publishedan exposition of Revelation 9, predicting the fall of the OttomanEmpire. According to his calculations, this power was to beoverthrown "in A.D. 1840, sometime in the month of August;"and only a few days previous to its accomplishment he wrote:
2454	Amazing DiscoveriesD[tvLIVEGREAT CONTROVERSY 334-335• In the year 1840 another remarkable fulfillment of prophecyexcited widespread interest. Two years before, Josiah Litch, oneof the leading ministers preaching the second advent, publishedan exposition of Revelation 9, predicting the fall of the OttomanEmpire. According to his calculations, this power was to beoverthrown "in A.D. 1840, sometime in the month of August;"and only a few days previous to its accomplishment he wrote:
2460	Amazing DiscoveriesD[tvLIVEGREAT CONTROVERSY 334-335• In the year 1840 another remarkable fulfillment of prophecyexcited widespread interest. Two years before, Josiah Litch, oneof the leading ministers preaching the second advent, publishedan exposition of Revelation 9, predicting the fall of the OttomanEmpire. According to his calculations, this power was to beoverthrown "in A.D. 1840, sometime in the month of August;"and only a few days previous to its accomplishment he wrote:
2466	Amazing DiscoveriesD[tvLIVEGREAT CONTROVERSY 334-335• "Allowing the first period, 150 years, to have been exactlyfulfilled before Deacozes ascended the throne by permission ofthe Turks, and that the 391 years, fifteen days, commenced atthe close of the first period, it will end on the 11th of August,1840, when the Ottoman power in Constantinople may beexpected to be broken. And this, I believe, will be found to be thecase." -Josiah Litch, in Signs of the Times, and Expositor ofProphecy, August 1, 1840.
2472	Amazing DiscoveriesD[tvLIVEGREAT CONTROVERSY 334-335• "Allowing the first period, 150 years, to have been exactlyfulfilled before Deacozes ascended the throne by permission ofthe Turks, and that the 391 years, fifteen days, commenced atthe close of the first period, it will end on the 11th of August,1840, when the Ottoman power in Constantinople may beexpected to be broken. And this, I believe, will be found to be thecase." - Josiah Litch, in Signs of the Times, and Expositor ofProphecy, August 1, 1840.
2478	Amazing DiscoveriesD[tvLIVEGREAT CONTROVERSY 334-335• "Allowing the first period, 150 years, to have been exactlyfulfilled before Deacozes ascended the throne by permission ofthe Turks, and that the 391 years, fifteen days, commenced atthe close of the first period, it will end on the 11th of August,1840, when the Ottoman power in Constantinople may beexpected to be broken. And this, I believe, will be found to be thecase." - Josiah Litch, in Signs of the Times, and Expositor ofProphecy, August 1, 1840.
2484	Amazing DiscoveriesD[tvLIVEGREAT CONTROVERSY 334-335• "Allowing the first period, 150 years, to have been exactlyfulfilled before Deacozes ascended the throne by permission ofthe Turks, and that the 391 years, fifteen days, commenced atthe close of the first period, it will end on the 11th of August,1840, when the Ottoman power in Constantinople may beexpected to be broken. And this, I believe, will be found to be thecase." - Josiah Litch, in Signs of the Times, and Expositor ofProphecy, August 1, 1840.
2490	Amazing DiscoveriesADLIVEGREAT CONTROVERSY 334-335• "Allowing the first period, 150 years, to have been exactlyfulfilled before Deacozes ascended the throne by permission ofthe Turks, and that the 391 years, fifteen days, commenced atthe close of the first period, it will end on the 11th of August,1840, when the Ottoman power in Constantinople may beexpected to be broken. And this, I believe, will be found to be thecase." -Josiah Litch, in Signs of the Times, and Expositor ofProphecy, August 1, 1840.
2496	Amazing DiscoveriesD[tvLIVEGREAT CONTROVERSY 334-335• "Allowing the first period, 150 years, to have been exactlyfulfilled before Deacozes ascended the throne by permission ofthe Turks, and that the 391 years, fifteen days, commenced atthe close of the first period, it will end on the 11th of August,1840, when the Ottoman power in Constantinople may beexpected to be broken. And this, I believe, will be found to be thecase." -Josiah Litch, in Signs of the Times, and Expositor ofProphecy, August 1, 1840.
2502	Amazing DiscoveriesDlEvLIVEGREAT CONTROVERSY 334-335• "Allowing the first period, 150 years, to have been exactlyfulfilled before Deacozes ascended the throne by permission ofthe Turks, and that the 391 years, fifteen days, commenced atthe close of the first period, it will end on the 11th of August,1840, when the Ottoman power in Constantinople may beexpected to be broken. And this, I believe, will be found to be thecase." -Josiah Litch, in Signs of the Times, and Expositor ofProphecy, August 1, 1840.
2508	Amazing DiscoveriesDLIVEGREAT CONTROVERSY 334-335• "Allowing the first period, 150 years, to have been exactlyfulfilled before Deacozes ascended the throne by permission ofthe Turks, and that the 391 years, fifteen days, commenced atthe close of the first period, it will end on the 11th of August,1840, when the Ottoman power in Constantinople may beexpected to be broken. And this, I believe, will be found to be thecase." -Josiah Litch, in Signs of the Times, and Expositor ofProphecy, August 1, 1840.
2514	Amazing DiscoveriesD[tvLIVEGREAT CONTROVERSY 334-335• "Allowing the first period, 150 years, to have been exactlyfulfilled before Deacozes ascended the throne by permission ofthe Turks, and that the 391 years, fifteen days, commenced atthe close of the first period, it will end on the 11th of August,1840, when the Ottoman power in Constantinople may beexpected to be broken. And this, I believe, will be found to be thecase." —Josiah Litch, in Signs of the Times, and Expositor ofProphecy, August 1, 1840.
2520	Amazing DiscoveriesD[tvLIVEGREAT CONTROVERSY 334-335• "Allowing the first period, 150 years, to have been exactlyfulfilled before Deacozes ascended the throne by permission ofthe Turks, and that the 391 years, fifteen days, commenced atthe close of the first period, it will end on the 11th of August,1840, when the Ottoman power in Constantinople may beexpected to be broken. And this, I believe, will be found to be thecase." -Josiah Litch, in Signs of the Times, and Expositor ofProphecy, August 1, 1840.
2526	Amazing DiscoveriesD[tvLIVEGREAT CONTROVERSY 334-335• "Allowing the first period, 150 years, to have been exactlyfulfilled before Deacozes ascended the throne by permission ofthe Turks, and that the 391 years, fifteen days, commenced atthe close of the first period, it will end on the 11th of August,1840, when the Ottoman power in Constantinople may beexpected to be broken. And this, I believe, will be found to be thecase." - Josiah Litch, in Signs of the Times, and Expositor ofProphecy, August 1, 1840.
2532	Amazing DiscoveriesD[tvLIVEGREAT CONTROVERSY 334-335• "Allowing the first period, 150 years, to have been exactlyfulfilled before Deacozes ascended the throne by permission ofthe Turks, and that the 391 years, fifteen days, commenced atthe close of the first period, it will end on the 11th of August,1840, when the Ottoman power in Constantinople may beexpected to be broken. And this, I believe, will be found to be thecase." -Josiah Litch, in Signs of the Times, and Expositor ofProphecy, August 1, 1840.
2538	Amazing DiscoveriesD[tvLIVEGREAT CONTROVERSY 334-335• "Allowing the first period, 150 years, to have been exactlyfulfilled before Deacozes ascended the throne by permission ofthe Turks, and that the 391 years, fifteen days, commenced atthe close of the first period, it will end on the 11th of August,1840, when the Ottoman power in Constantinople may beexpected to be broken. And this, I believe, will be found to be thecase." -Josiah Litch, in Signs of the Times, and Expositor ofProphecy, August 1, 1840.
2544	Amazing DiscoveriesD[EvLIVEGREAT CONTROVERSY 334-335• "Allowing the first period, 150 years, to have been exactlyfulfilled before Deacozes ascended the throne by permission ofthe Turks, and that the 391 years, fifteen days, commenced atthe close of the first period, it will end on the 11th of August,1840, when the Ottoman power in Constantinople may beexpected to be broken. And this, I believe, will be found to be thecase." -Josiah Litch, in Signs of the Times, and Expositor ofProphecy, August 1, 1840.
2550	Amazing DiscoveriesD[tvLIVEGREAT CONTROVERSY 334-335• "Allowing the first period, 150 years, to have been exactlyfulfilled before Deacozes ascended the throne by permission ofthe Turks, and that the 391 years, fifteen days, commenced atthe close of the first period, it will end on the 11th of August,1840, when the Ottoman power in Constantinople may beexpected to be broken. And this, I believe, will be found to be thecase." -Josiah Litch, in Signs of the Times, and Expositor ofProphecy, August 1, 1840.
2556	Amazing DiscoveriesD[tvLIVEGREAT CONTROVERSY 334-335• "Allowing the first period, 150 years, to have been exactlyfulfilled before Deacozes ascended the throne by permission ofthe Turks, and that the 391 years, fifteen days, commenced atthe close of the first period, it will end on the 11th of August,1840, when the Ottoman power in Constantinople may beexpected to be broken. And this, I believe, will be found to be thecase." - Josiah Litch, in Signs of the Times, and Expositor ofProphecy, August 1, 1840.
2562	Amazing DiscoveriesD(tvLIVEGREAT CONTROVERSY 334-335• When it became known, multitudes were convinced of thecorrectness of the principles of prophetic interpretation adoptedby Miller and his associates, and a wonderful impetus was givento the advent movement. Men of learning and position unitedwith Miller, both in preaching and in publishing his views, andfrom 1840 to 1844 the work rapidly extended.
2568	Amazing DiscoveriesD[tvLIVEGREAT CONTROVERSY 334-335• When it became known, multitudes were convinced of thecorrectness of the principles of prophetic interpretation adoptedby Miller and his associates, and a wonderful impetus was givento the advent movement. Men of learning and position unitedwith Miller, both in preaching and in publishing his views, andfrom 1840 to 1844 the work rapidly extended.
2574	Amazing DiscoveriesAllD[tvLIVEGREAT CONTROVERSY 334-335• When it became known, multitudes were convinced of thecorrectness of the principles of prophetic interpretation adoptedby Miller and his associates, and a wonderful impetus was givento the advent movement. Men of learning and position unitedwith Miller, both in preaching and in publishing his views, andfrom 1840 to 1844 the work rapidly extended.
2580	Amazing DiscoveriesD[tvLIVEGREAT CONTROVERSY 334-335• When it became known, multitudes were convinced of thecorrectness of the principles of prophetic interpretation adoptedby Miller and his associates, and a wonderful impetus was givento the advent movement. Men of learning and position unitedwith Miller, both in preaching and in publishing his views, andfrom 1840 to 1844 the work rapidly extended.
2586	Amazing DiscoveriesD[tvLIVEGREAT CONTROVERSY 334-335• When it became known, multitudes were convinced of thecorrectness of the principles of prophetic interpretation adoptedby Miller and his associates, and a wonderful impetus was givento the advent movement. Men of learning and position unitedwith Miller, both in preaching and in publishing his views, andfrom 1840 to 1844 the work rapidly extended.
2592	Amazing DiscoveriesAllD[tvLIVEGREAT CONTROVERSY 334-335• When it became known, multitudes were convinced of thecorrectness of the principles of prophetic interpretation adoptedby Miller and his associates, and a wonderful impetus was givento the advent movement. Men of learning and position unitedwith Miller, both in preaching and in publishing his views, andfrom 1840 to 1844 the work rapidly extended.
2598	Amazing DiscoveriesD[tvLIVEGREAT CONTROVERSY 334-335• When it became known, multitudes were convinced of thecorrectness of the principles of prophetic interpretation adoptedby Miller and his associates, and a wonderful impetus was givento the advent movement. Men of learning and position unitedwith Miller, both in preaching and in publishing his views, andfrom 1840 to 1844 the work rapidly extended.
2604	Amazing DiscoveriesAllD[tvLIVEGREAT CONTROVERSY 334-335• When it became known, multitudes were convinced of thecorrectness of the principles of prophetic interpretation adoptedby Miller and his associates, and a wonderful impetus was givento the advent movement. Men of learning and position unitedwith Miller, both in preaching and in publishing his views, andfrom 1840 to 1844 the work rapidly extended.
2610	Amazing DiscoveriesAllDLIVEGREAT CONTROVERSY 334-335• When it became known, multitudes were convinced of thecorrectness of the principles of prophetic interpretation adoptedby Miller and his associates, and a wonderful impetus was givento the advent movement. Men of learning and position unitedwith Miller, both in preaching and in publishing his views, andfrom 1840 to 1844 the work rapidly extended.
2616	Amazing DiscoveriesD[tvLIVEGREAT CONTROVERSY 334-335• When it became known, multitudes were convinced of thecorrectness of the principles of prophetic interpretation adoptedby Miller and his associates, and a wonderful impetus was givento the advent movement. Men of learning and position unitedwith Miller, both in preaching and in publishing his views, andfrom 1840 to 1844 the work rapidly extended.
2622	Amazing DiscoveriesD(tvLIVEGREAT CONTROVERSY 334-335• When it became known, multitudes were convinced of thecorrectness of the principles of prophetic interpretation adoptedby Miller and his associates, and a wonderful impetus was givento the advent movement. Men of learning and position unitedwith Miller, both in preaching and in publishing his views, andfrom 1840 to 1844 the work rapidly extended.
2628	Amazing DiscoveriesDLIVEGREAT CONTROVERSY 334-335• When it became known, multitudes were convinced of thecorrectness of the principles of prophetic interpretation adoptedby Miller and his associates, and a wonderful impetus was givento the advent movement. Men of learning and position unitedwith Miller, both in preaching and in publishing his views, andfrom 1840 to 1844 the work rapidly extended.
2634	Amazing DiscoveriesDLIVEGREAT CONTROVERSY 334-335• When it became known, multitudes were convinced of thecorrectness of the principles of prophetic interpretation adoptedby Miller and his associates, and a wonderful impetus was givento the advent movement. Men of learning and position unitedwith Miller, both in preaching and in publishing his views, andfrom 1840 to 1844 the work rapidly extended.
2640	Amazing DiscoveriesDLIVEGREAT CONTROVERSY 334-335• When it became known, multitudes were convinced of thecorrectness of the principles of prophetic interpretation adoptedby Miller and his associates, and a wonderful impetus was givento the advent movement. Men of learning and position unitedwith Miller, both in preaching and in publishing his views, andfrom 1840 to 1844 the work rapidly extended.
2646	Amazing DiscoveriesD[tvLIVEGREAT CONTROVERSY 334-335• When it became known, multitudes were convinced of thecorrectness of the principles of prophetic interpretation adoptedby Miller and his associates, and a wonderful impetus was givento the advent movement. Men of learning and position unitedwith Miller, both in preaching and in publishing his views, andfrom 1840 to 1844 the work rapidly extended.
2652	Amazing DiscoveriesDLIVEGREAT CONTROVERSY 334-335• When it became known, multitudes were convinced of thecorrectness of the principles of prophetic interpretation adoptedby Miller and his associates, and a wonderful impetus was givento the advent movement. Men of learning and position unitedwith Miller, both in preaching and in publishing his views, andfrom 1840 to 1844 the work rapidly extended.
2658	Amazing DiscoveriesAllDtvLIVEGREAT CONTROVERSY 334-335• When it became known, multitudes were convinced of thecorrectness of the principles of prophetic interpretation adoptedby Miller and his associates, and a wonderful impetus was givento the advent movement. Men of learning and position unitedwith Miller, both in preaching and in publishing his views, andfrom 1840 to 1844 the work rapidly extended.
2664	Amazing DiscoveriesD[tvLIVEGREAT CONTROVERSY 334-335• When it became known, multitudes were convinced of thecorrectness of the principles of prophetic interpretation adoptedby Miller and his associates, and a wonderful impetus was givento the advent movement. Men of learning and position unitedwith Miller, both in preaching and in publishing his views, andfrom 1840 to 1844 the work rapidly extended.
2670	Amazing DiscoveriesAllD[tvLIVEGREAT CONTROVERSY 334-335• When it became known, multitudes were convinced of thecorrectness of the principles of prophetic interpretation adoptedby Miller and his associates, and a wonderful impetus was givento the advent movement. Men of learning and position unitedwith Miller, both in preaching and in publishing his views, andfrom 1840 to 1844 the work rapidly extended.
2676	Amazing DiscoveriesAllD[tvLIVEGREAT CONTROVERSY 334-335• When it became known, multitudes were convinced of thecorrectness of the principles of prophetic interpretation adoptedby Miller and his associates, and a wonderful impetus was givento the advent movement. Men of learning and position unitedwith Miller, both in preaching and in publishing his views, andfrom 1840 to 1844 the work rapidly extended.
2682	Amazing DiscoveriesD[tvLIVEGREAT CONTROVERSY 334-335• When it became known, multitudes were convinced of thecorrectness of the principles of prophetic interpretation adoptedby Miller and his associates, and a wonderful impetus was givento the advent movement. Men of learning and position unitedwith Miller, both in preaching and in publishing his views, andfrom 1840 to 1844 the work rapidly extended.
2688	Amazing DiscoveriesD(tvLIVEGREAT CONTROVERSY 334-335• When it became known, multitudes were convinced of thecorrectness of the principles of prophetic interpretation adoptedby Miller and his associates, and a wonderful impetus was givento the advent movement. Men of learning and position unitedwith Miller, both in preaching and in publishing his views, andfrom 1840 to 1844 the work rapidly extended.
2694	Amazing DiscoveriesD[tvLIVEGREAT CONTROVERSY 334-335• When it became known, multitudes were convinced of thecorrectness of the principles of prophetic interpretation adoptedby Miller and his associates, and a wonderful impetus was givento the advent movement. Men of learning and position unitedwith Miller, both in preaching and in publishing his views, andfrom 1840 to 1844 the work rapidly extended.
2700	Amazing DiscoveriesDLIVEGREAT CONTROVERSY 334-335• When it became known, multitudes were convinced of thecorrectness of the principles of prophetic interpretation adoptedby Miller and his associates, and a wonderful impetus was givento the advent movement. Men of learning and position unitedwith Miller, both in preaching and in publishing his views, andfrom 1840 to 1844 the work rapidly extended.
2706	Amazing DiscoveriesD[tvLIVEGREAT CONTROVERSY 334-335• When it became known, multitudes were convinced of thecorrectness of the principles of prophetic interpretation adoptedby Miller and his associates, and a wonderful impetus was givento the advent movement. Men of learning and position unitedwith Miller, both in preaching and in publishing his views, andfrom 1840 to 1844 the work rapidly extended.
2712	Amazing DiscoveriesD[tvLIVEGREAT CONTROVERSY 334-335• When it became known, multitudes were convinced of thecorrectness of the principles of prophetic interpretation adoptedby Miller and his associates, and a wonderful impetus was givento the advent movement. Men of learning and position unitedwith Miller, both in preaching and in publishing his views, andfrom 1840 to 1844 the work rapidly extended.
2718	Amazing DiscoveriesDItvLIVEGREAT CONTROVERSY 334-335• When it became known, multitudes were convinced of thecorrectness of the principles of prophetic interpretation adoptedby Miller and his associates, and a wonderful impetus was givento the advent movement. Men of learning and position unitedwith Miller, both in preaching and in publishing his views, andfrom 1840 to 1844 the work rapidly extended.
2724	Amazing DiscoveriesD[tvLIVEGREAT CONTROVERSY 334-335• When it became known, multitudes were convinced of thecorrectness of the principles of prophetic interpretation adoptedby Miller and his associates, and a wonderful impetus was givento the advent movement. Men of learning and position unitedwith Miller, both in preaching and in publishing his views, andfrom 1840 to 1844 the work rapidly extended.
2730	Amazing DiscoveriesDLIVEGREAT CONTROVERSY 334-335• When it became known, multitudes were convinced of thecorrectness of the principles of prophetic interpretation adoptedby Miller and his associates, and a wonderful impetus was givento the advent movement. Men of learning and position unitedwith Miller, both in preaching and in publishing his views, andfrom 1840 to 1844 the work rapidly extended.
2736	Amazing DiscoveriesAllDtvLIVEGREAT CONTROVERSY 334-335• When it became known, multitudes were convinced of thecorrectness of the principles of prophetic interpretation adoptedby Miller and his associates, and a wonderful impetus was givento the advent movement. Men of learning and position unitedwith Miller, both in preaching and in publishing his views, andfrom 1840 to 1844 the work rapidly extended.
2742	Amazing DiscoveriesD[tvLIVEGREAT CONTROVERSY 334-335• When it became known, multitudes were convinced of thecorrectness of the principles of prophetic interpretation adoptedby Miller and his associates, and a wonderful impetus was givento the advent movement. Men of learning and position unitedwith Miller, both in preaching and in publishing his views, andfrom 1840 to 1844 the work rapidly extended.
2748	Amazing DiscoveriesAllD[tvLIVEGREAT CONTROVERSY 334-335• When it became known, multitudes were convinced of thecorrectness of the principles of prophetic interpretation adoptedby Miller and his associates, and a wonderful impetus was givento the advent movement. Men of learning and position unitedwith Miller, both in preaching and in publishing his views, andfrom 1840 to 1844 the work rapidly extended.
2754	Amazing DiscoveriesDItyLIVEGREAT CONTROVERSY 334-335• When it became known, multitudes were convinced of thecorrectness of the principles of prophetic interpretation adoptedby Miller and his associates, and a wonderful impetus was givento the advent movement. Men of learning and position unitedwith Miller, both in preaching and in publishing his views, andfrom 1840 to 1844 the work rapidly extended.
2760	Amazing DiscoveriesD[tvLIVEGREAT CONTROVERSY 334-335• When it became known, multitudes were convinced of thecorrectness of the principles of prophetic interpretation adoptedby Miller and his associates, and a wonderful impetus was givento the advent movement. Men of learning and position unitedwith Miller, both in preaching and in publishing his views, andfrom 1840 to 1844 the work rapidly extended.
2766	Amazing DiscoveriesD[tvLIVEGREAT CONTROVERSY 334-335• When it became known, multitudes were convinced of thecorrectness of the principles of prophetic interpretation adoptedby Miller and his associates, and a wonderful impetus was givento the advent movement. Men of learning and position unitedwith Miller, both in preaching and in publishing his views, andfrom 1840 to 1844 the work rapidly extended.
2772	Amazing DiscoveriesAD[tvLIVEGREAT CONTROVERSY 334-335• When it became known, multitudes were convinced of thecorrectness of the principles of prophetic interpretation adoptedby Miller and his associates, and a wonderful impetus was givento the advent movement. Men of learning and position unitedwith Miller, both in preaching and in publishing his views, andfrom 1840 to 1844 the work rapidly extended.
2778	Amazing DiscoveriesAllDLIVEGREAT CONTROVERSY 334-335• When it became known, multitudes were convinced of thecorrectness of the principles of prophetic interpretation adoptedby Miller and his associates, and a wonderful impetus was givento the advent movement. Men of learning and position unitedwith Miller, both in preaching and in publishing his views, andfrom 1840 to 1844 the work rapidly extended.
2784	Amazing DiscoveriesDtvLIVEGREAT CONTROVERSY 334-335• When it became known, multitudes were convinced of thecorrectness of the principles of prophetic interpretation adoptedby Miller and his associates, and a wonderful impetus was givento the advent movement. Men of learning and position unitedwith Miller, both in preaching and in publishing his views, andfrom 1840 to 1844 the work rapidly extended.
2790	Amazing DiscoveriesAllDLIVEGREAT CONTROVERSY 334-335• When it became known, multitudes were convinced of thecorrectness of the principles of prophetic interpretation adoptedby Miller and his associates, and a wonderful impetus was givento the advent movement. Men of learning and position unitedwith Miller, both in preaching and in publishing his views, andfrom 1840 to 1844 the work rapidly extended.
2796	Amazing DiscoveriesD[tvLIVEGREAT CONTROVERSY 334-335• When it became known, multitudes were convinced of thecorrectness of the principles of prophetic interpretation adoptedby Miller and his associates, and a wonderful impetus was givento the advent movement. Men of learning and position unitedwith Miller, both in preaching and in publishing his views, andfrom 1840 to 1844 the work rapidly extended.
2802	Amazing DiscoveriesD[tvLIVEGREAT CONTROVERSY 334-335• When it became known, multitudes were convinced of thecorrectness of the principles of prophetic interpretation adoptedby Miller and his associates, and a wonderful impetus was givento the advent movement. Men of learning and position unitedwith Miller, both in preaching and in publishing his views, andfrom 1840 to 1844 the work rapidly extended.
2808	Amazing DiscoveriesAllD[tvLIVEGREAT CONTROVERSY 334-335• When it became known, multitudes were convinced of thecorrectness of the principles of prophetic interpretation adoptedby Miller and his associates, and a wonderful impetus was givento the advent movement. Men of learning and position unitedwith Miller, both in preaching and in publishing his views, andfrom 1840 to 1844 the work rapidly extended.
2814	Amazing DiscoveriesDtvLIVEGREAT CONTROVERSY 334-335• When it became known, multitudes were convinced of thecorrectness of the principles of prophetic interpretation adoptedby Miller and his associates, and a wonderful impetus was givento the advent movement. Men of learning and position unitedwith Miller, both in preaching and in publishing his views, andfrom 1840 to 1844 the work rapidly extended.
2820	Amazing DiscoveriesAD[tvLIVEGREAT CONTROVERSY 334-335• When it became known, multitudes were convinced of thecorrectness of the principles of prophetic interpretation adoptedby Miller and his associates, and a wonderful impetus was givento the advent movement. Men of learning and position unitedwith Miller, both in preaching and in publishing his views, andfrom 1840 to 1844 the work rapidly extended.
2826	Amazing DiscoveriesAllD[tvLIVEGREAT CONTROVERSY 334-335• When it became known, multitudes were convinced of thecorrectness of the principles of prophetic interpretation adoptedby Miller and his associates, and a wonderful impetus was givento the advent movement. Men of learning and position unitedwith Miller, both in preaching and in publishing his views, andfrom 1840 to 1844 the work rapidly extended.
2832	Amazing DiscoveriesD[tvLIVEGREAT CONTROVERSY 334-335• When it became known, multitudes were convinced of thecorrectness of the principles of prophetic interpretation adoptedby Miller and his associates, and a wonderful impetus was givento the advent movement. Men of learning and position unitedwith Miller, both in preaching and in publishing his views, andfrom 1840 to 1844 the work rapidly extended.
2838	Amazing DiscoveriesAllDLIVEGREAT CONTROVERSY 334-335• When it became known, multitudes were convinced of thecorrectness of the principles of prophetic interpretation adoptedby Miller and his associates, and a wonderful impetus was givento the advent movement. Men of learning and position unitedwith Miller, both in preaching and in publishing his views, andfrom 1840 to 1844 the work rapidly extended.
2844	Amazing DiscoveriesD[tvLIVEGREAT CONTROVERSY 334-335• When it became known, multitudes were convinced of thecorrectness of the principles of prophetic interpretation adoptedby Miller and his associates, and a wonderful impetus was givento the advent movement. Men of learning and position unitedwith Miller, both in preaching and in publishing his views, andfrom 1840 to 1844 the work rapidly extended.
2850	5th Trumpet - 1st WoeJuly 27, 150 Years (5 month1299Amazing DiscoveriesOthman 1$tFounds theTurkishOttomanEmpire•0459Sch Trumpet - 2nd WoeJuly 27,1449391 Years 15 Days(hour, day, month, year)DeacozesLast RomanEmperor(Constantine 11)Rules bypermissionof the TurksAllDtvLIVEAugust 11,1840The Turkrules bypermissionof theChristianpowers
2856	5th Trumpet - 1st WoeJuly 27, 150 Years (5 monti1299Amazing DiscoveriesOthman 1$tFounds theTurkishOttomanEmpireDO104E6ch Trumpet - 2nd WoeJuly 27,1449391 Years 15 Days(hour, day, month, year)DeacozesLast RomanEmperor(Constantine 11)Rules bypermissionof the TurksAllDtyLIVEAugust 11,1840The Turkrules bypermissionof theChristianpowers
2862	5th Trumpet - 1st WoeJuly 27,1299150 Years (5 months)Amazing DiscoveriesOthman 1*Founds theTurkishOttomanEmpire10104-0Sch Trumpet - 2nd WoeJuly 27,1449391 Years 15 Days(hour, day, month, year)DeacozesLast RomanEmperor(Constantine 11)Rules bypermissionof the TurksAllDtvLIVEAugust 11,1840The Turkrules bypermissionof theChristianpowers
2868	Amazing Discoveries5th Trumpet - 1st WoeJuly 27, 150 Years (5 monti1299Othman 1*Founds theTurkishOttomanEmpireSch Trumpet - 2nd WoeJuly 27,1449391 Years 15 Days(hour, day, month, year)DeacozesLast RomanEmperor(Constantine 11)Rules bypermissionof the TurksADtvLIVEAugust 11,1840The Turkrules bypermissionof theChristianpowers
2874	5th Trumpet - 1st WoeJuly 27, go Years 5 mont1299Amazing DiscoveriesOthman 1$tFounds theTurkishOttomanEmpire000590Sch Trumpet - 2nd WoeJuly 27,1449391 Years 15 Days(hour, day, month, year)DeacozesLast RomanEmperor(Constantine 11)Rules bypermissionof the TurksADtvLIVEAugust 11,1840The Turkrules bypermissionof theChristianpowers
2880	5th Trumpet - 1st WoeJuly 27, 150 Years (5 mont1299Amazing DiscoveriesOthman 1*Founds theTurkishOttomanEmpire1010900-Sch Trumpet - 2nd WoeJuly 27,1449391 Years 15 Days(hour, day, month, year)DeacozesLast RomanEmperor(Constantine 11)Rules bypermissionof the TurksAllDtvLIVEAugust 11,1840The Turkrules bypermissionof theChristianpowers
2886	5th Trumpet - 1st WoeJuly 27, 150 Years (5 month1299Amazing DiscoveriesOthman 1$tFounds theTurkishOttomanEmpire040440-6ch Trumpet - 2nd WoeJuly 27,1449391 Years 15 Daug(hour, day, month, year)DeacozesLast RomanEmperor(Constantine 11)Rules bypermissionof the TurksADtvLIVEAugust 11,1840The Turkrules bypermissionof theChristianpowers
2892	5th Trumpet - 1st WoeJuly 27,1299150 Years (5 months)Amazing DiscoveriesOthman 1*Founds theTurkishOttomanEmpireDO/040Sch Trumpet - 2nd WoeJuly 27,1449391 Years 15 Days(hour, day, month, year)DeacozesLast RomanEmperor(Constantine 11)Rules bypermissionof the TurksAllDtvLIVEAugust 11,1840The Turkrules bypermissionof theChristianpowers
2898	Amazing Discoveries5th Trumpet - 1st WoeJuly 27,1299150 Years (5 months)Othman 1$tFounds theTurkishOttomanEmpireSch Trumpet - 2nd WoeJuly 27,1449391 Years 15 Days(hour, day, month, year)DeacozesLast RomanEmperor(Constantine 11)Rules bypermissionof the TurksAllD[tvLIVEAugust 11,1840The Turkrules bypermissionof theChristianpowers
2904	5th Trumpet - 1st WoeJuly 27, 150 Years (5 mont1299Amazing DiscoveriesOthman 1$tFounds theTurkishOttomanEmpire•0409Sch Trumpet - 2nd WoeJuly 27,1449391 Years 15 Days(hour, day, month, year)DeacozesLast RomanEmperor(Constantine 11)Rules bypermissionof the TurksAllDtvLIVEAugust 11,1840The Turkrules bypermissionof theChristianpowers
2910	Amazing DiscoveriesADtvLIVEREVELATION 9: 1-4• 1 And the fifth angel sounded, and I saw a star fall from heaven unto theearth: and to him was given the key of the bottomless pit.• 2 And he opened the bottomless pit; and there arose a smoke out of the pit,is the smoke of a great furnace; and the sun and the air were darkened byeason of the smoke of the pit• 3 And there came out of the smoke lowas given power, as the scorpions of the earth have power. and unto them• are it he son and i thin tot they ghoul but buy those me hần
2916	Amazing DiscoveriesDtvLIVEREVELATION 9: 1-4• 1 And the fifth angel sounded, and I saw a star fall from heaven unto theearth: and to him was given the key of the bottomless pit.• 2 And he opened the bottomless pit; and there arose a smoke out of the pit,as the smoke of a great furnace; and the sun and the air were darkened byreason of the smoke of the pit.• 3 And there came out of the smoke lowas given power, as the scorpions of the earth have power. and unto them
2922	Amazing DiscoveriesDtvLIVEREVELATION 9: 1-4• 1 And the fifth angel sounded, and I saw a star fall from heaven unto theearth: and to him was given the key of the bottomless pit.• 2 And he opened the bottomless pit; and there arose a smoke out of the pit,as the smoke of a great furnace; and the sun and the air were darkened byreason of the smoke of the pit.• 3 And there came out of the smoke lovas given power, as the scorpions of the earth have power.on the earth: and unto them• are it has son and i thin that they hula but buy those men hần
2928	Amazing DiscoveriesDLIVEREVELATION 9:1-4• 1 And the fifth angel sounded, and I saw a star fall from heaven unto theearth: and to him was given the key of the bottomless pit.• 2 And he opened the bottomless pit; and there arose a smoke out of the pit,is the smoke of a great furnace; and the sun and the air were darkened breason of the smoke of the pitWas given power, as the scorpions of the earth have poweron the earth: and unto then• are it he son and then tot they hould but buy those men hin
2934	Amazing DiscoveriesADtvLIVEREVELATION 9: 1-4• 1 And the fifth angel sounded, and I saw a star fall from heaven unto theearth: and to him was given the key of the bottomless pit.• 2 And he opened the bottomless pit; and there arose a smoke out of the pit,as the smoke of a great furnace; and the sun and the air were darkened byreason of the smoke of the pit.• 3 And there came out of the smoke lowas given power, as the scorpions of the earth have power: and unto themath, newas any areded them, neithch ey should but only those men whichve not the seal of God in their foreheads.
2940	Amazing DiscoveriesADtvLIVEREVELATION 9: 1-4• 1 And the fifth angel sounded, and I saw a star fall from heaven unto theearth: and to him was given the key of the bottomless pit.• 2 And he opened the bottomless pit; and there arose a smoke out of the pit,as the smoke of agreat furnace; and the sun and the air were darkened byreason of the smoke of the pit.• 3 And there came out of the smoke lowas given power, as the scorpions of the earin have power. and unto them• e it he con and i that hi they ghoul su buy those mo thn
2946	Amazing DiscoveriesDIt vLIVEREVELATION 9: 1-4• 1 And the fifth angel sounded, and I saw a star fall from heaven unto theearth: and to him was given the key of the bottomless pit.• 2 And he opened the bottomless pit; and there arose a smoke out of the pit,as the smoke of a great furnace; and the sun and the air were darkened byreason of the smoke of the pit.• 3 And there came out of the smoke lowas given power, as the scorpions of the earth have power. and unto them• are it he com and l them that they ghoul, su buy those me hần
2952	Amazing DiscoveriesAD[tvLIVEREVELATION 9: 1-4• 1 And the fifth angel sounded, and I saw a star fall from heaven unto theearth: and to him was given the key of the bottomless pit.• 2 And he opened the bottomless pit; and there arose a smoke out of the pit,is the smoke of a great furnace; and the sun and the air were darkened breason of the smoke of the pit3 And there came out of the smoke locusts upon the earth: and unto thenvas given power, as the scorpions of the earth have power• are it the son and i thin at they ghoul but buy those mo hần
2958	Amazing DiscoveriesDtyLIVEREVELATION 9: 1-4• 1 And the fifth angel sounded, and I saw a star fall from heaven unto theearth: and to him was given the key of the bottomless pit.• 2 And he opened the bottomless pit; and there arose a smoke out of the pit,as the smoke of a great furnace; and the sun and the air were darkened byreason of the smoke of the pit.2 And there came out of the smoke locustsas given power as the scorpions of the eat have cower. and unto ther• are i he send them that they should not buy these me thienearth, neither any
2964	Amazing DiscoveriesDtvLIVEREVELATION 9: 1-4• 1 And the fifth angel sounded, and I saw a star fall from heaven unto theearth: and to him was given the key of the bottomless pit.• 2 And he opened the bottomless pit; and there arose a smoke out of the pit,as the smoke of a great furnace; and the sun and the air were darkened byreason of the smoke of the pit.• 3 And there came out of the smoke lowas given power, as the scorpions of the earth have power. and unto themAnd it was commanded them that they should not hurt the grass of thenearth, neither anyve not the seal of God in their foreheads. "e
2970	Amazing DiscoveriesADtvLIVEREVELATION 9: 1-4• 1 And the fifth angel sounded, and I saw a star fall from heaven unto theearth: and to him was given the key of the bottomless pit.• 2 And he opened the bottomless pit; and there arose a smoke out of the pit,as the smoke of a great furnace; and the sun and the air were darkened byreason of the smoke of the pit.3 And there came out of the smoke lovas given power, as the scorpions of the earth have power and unto themAth, newas any reded them, neatch ey should but only those men whichve not the seal of God in their foreheads.
2976	Amazing DiscoveriesDItvLIVEREVELATION 9: 1-4• 1 And the fifth angel sounded, and I saw a star fall from heaven unto theearth: and to him was given the key of the bottomless pit.• 2 And he opened the bottomless pit; and there arose a smoke out of the pit,is the smoke of a great furnace; and the sun and the air were darkened breason of the smoke of the pit• 3 And there came out of the smoke loas given power as the scorpions of the eart have cower.on the earth: and unto them4 And it was commanded them that they should not hurt the grass of thenare not the sal of teed in their foreheady t
2982	Amazing DiscoveriesDtvLIVEREVELATION 9: 1-4• 1 And the fifth angel sounded, and I saw a star fall from heaven unto theearth: and to him was given the key of the bottomless pit.• 2 And he opened the bottomless pit; and there arose a smoke out of the pit,as the smoke of a great furnace; and the sun and the air were darkened byreason of the smoke of the pit.3 And there came out of the smoke locusts upon the earth: and unto thenvas given power, as the scorpions of the earth have powerath, newst any anded then, neithchey should but only those men whichve not the seal of God in their foreheads.
2988	Amazing DiscoveriesD[tvLIVEREVELATION 9: 1-4• 1 And the fifth angel sounded, and I saw a star fall from heaven unto theearth: and to him was given the key of the bottomless pit.• 2 And he opened the bottomless pit; and there arose a smoke out of the pit,is the smoke of a great furnace; and the sun and the air were darkened breason of the smoke of the pit3 And there came out of the smoke locusts upon the earth: and unto thenvas given power, as the scorpions of the earth have powerAnd it was commanded them that they should not hurt the grass of theearth, neither anyve not the seal of God in their foreheads. "e
2994	Amazing DiscoveriesADLIVEREVELATION 9: 1-4• 1 And the fifth angel sounded, and I saw a star fall from heaven unto theearth: and to him was given the key of the bottomless pit.• 2 And he opened the bottomless pit; and there arose a smoke out of the pit,as the smoke of a great furnace; and the sun and the air were darkened byreason of the smoke of the pit.3 And there came out of the smoke lovas given power, as the scorpions of the earth have power and unto them• ave it he con and i thin tat they ghoul su buy those me thn
3000	Amazing DiscoveriesADtvLIVEREVELATION 9: 1-4• 1 And the fifth angel sounded, and I saw a star fall from heaven unto theearth: and to him was given the key of the bottomless pit.• 2 And he opened the bottomless pit; and there arose a smoke out of the pit,as the smoke of a great furnace; and the sun and the air were darkened byreason of the smoke of the pit.3 And there came out of the smoke locustsas given power as the scorpions of the eat have cower. and unto therAth, newas my reced them, neithch ey should but only those men whichve not the seal of God in their foreheads.
3006	Amazing DiscoveriesD(tvLIVEREVELATION 9: 1-4• 1 And the fifth angel sounded, and I saw a star fall from heaven unto theearth: and to him was given the key of the bottomless pit.• 2 And he opened the bottomless pit; and there arose a smoke out of the pit,as the smoke of a great furnace; and the sun and the air were darkened byreason of the smoke of the pit.• 3 And there came out of the smoke lowas given power, as the scorpions of the earth have power. and unto them• are it he son and i thin that they ghoul but buy those men hần
3012	Amazing DiscoveriesAD[tvLIVEREVELATION 9: 1-4• 1 And the fifth angel sounded, and I saw a star fall from heaven unto theearth: and to him was given the key of the bottomless pit.• 2 And he opened the bottomless pit; and there arose a smoke out of the pit,is the smoke of a great furnace; and the sun and the air were darkened byreason of the smoke of the pit3 And there came out of the smoke lovas given power, as the scorpions of the earth have power and unto them• are it he command i thin tot they chou su buy those men hần
3018	Amazing DiscoveriesD[tvLIVEREVELATION 9: 1-4• 1 And the fifth angel sounded, and I saw a star fall from heaven unto theearth: and to him was given the key of the bottomless pit.• 2 And he opened the bottomless pit; and there arose a smoke out of the pit,is the smoke of a great furnace; and the sun and the air were darkened byreason of the smoke of the pit3 And there came out of the smoke locusts upon the earth: and unto thenas given power, as the scorpions of the earth have power• are it he command i that hi they ghoul, but buy those men hần
3024	Amazing DiscoveriesAD[tvLIVEREVELATION 9: 1-4• 1 And the fifth angel sounded, and I saw a star fall from heaven unto theearth: and to him was given the key of the bottomless pit.• 2 And he opened the bottomless pit; and there arose a smoke out of the pit,is the smoke of a great furnace; and the sun and the air were darkened byreason of the smoke of the pit• 3 And there came out of the smoke lowas given power, as the scorpions of the earth have power. and unto them• are it he con and it then tot they ghoul but hy those me thn
3030	Amazing DiscoveriesADtvLIVEREVELATION 9: 1-4• 1 And the fifth angel sounded, and I saw a star fall from heaven unto theearth: and to him was given the key of the bottomless pit.• 2 And he opened the bottomless pit; and there arose a smoke out of the pit,is the smoke of a great furnace; and the sun and the air were darkened breason of the smoke of the pit• 3 And there came out of the smoke lowas given power, as the scorpions of the earth have power: and unto them4 And it was commanded them that they should not hurt the grass of theare not the sal of eed in the foreheady t
3036	Amazing DiscoveriesDLIVEREVELATION 9: 1-4• 1 And the fifth angel sounded, and I saw a star fall from heaven unto theearth: and to him was given the key of the bottomless pit.• 2 And he opened the bottomless pit; and there arose a smoke out of the pit,is the smoke of a great furnace; and the sun and the air were darkened breason of the smoke of the pit• 2 And there came out of the smoke loWas given power, as the scorpions of the earin have power. and unto them• an it he con and i that thi they hua su buy those men hần
3042	Amazing DiscoveriesDtvLIVEREVELATION 9: 1-4• 1 And the fifth angel sounded, and I saw a star fall from heaven unto theearth: and to him was given the key of the bottomless pit.• 2 And he opened the bottomless pit; and there arose a smoke out of the pit,is the smoke of a great furnace; and the sun and the air were darkened breason of the smoke of the pit• 3 And there came out of the smoke lowas given power, as the scorpions of the earth have power. and unto thematt, newast any areded then, neitheey should but only those men whichve not the seal of God in their foreheads.
3048	Amazing DiscoveriesAllDtvLIVEREVELATION 9: 1-4• 1 And the fifth angel sounded, and I saw a star fall from heaven unto theearth: and to him was given the key of the bottomless pit.• 2 And he opened the bottomless pit; and there arose a smoke out of the pit,as the smoke of a great furnace; and the sun and the air were darkened byreason of the smoke of the pit.• 3 And there came out of the smoke lowas given power, as the scorpions of the earth have power. and unto them• are it as send them that they should nut buy those me thienearth, neither any
3054	ADtvLIVEREVELATION 9: 1-4• 1 And the fifth angel sounded, and I saw a star fall from heaven unto theearth: and to him was given the key of the bottomless pit.• 2 And he opened the bottomless pit; and there arose a smoke out of the pit,is the smoke of a great furnace; and the sun and the air were darkened breason of the smoke of the pit• 3 And there came out of the smoke lowas given power, as the scorpions of the earth have power: and unto them• are it he son and i thin that they ghoul but buy those men hầnRev 8:2And I saw the seven angels which stood before God; and to them were given seven trumpets.
3060	DtvLIVEREVELATION 9: 1-4• 1 And the fifth angel sounded, and I saw a star fall from heaven unto theearth: and to him was given the key of the bottomless pit.• 2 And he opened the bottomless pit; and there arose a smoke out of the pit,as the smoke of a great furnace; and the sun and the air were darkened byreason of the smoke of the pit.• 3 And there came out of the smoke lowas given power, as the scorpions of the earth have power: and unto them• gue it he sen and i thin that they ghoul but buy those men hầnRev 8:2And I saw the seven angels which stood before God; and to them were given seven trumpets.
3066	Amazing DiscoveriesD[tvLIVEREVELATION 9: 1-4• 1 And the fifth angel sounded, and I saw a star fall from heaven unto theearth: and to him was given the key of the bottomless pit.• 2 And he opened the bottomless pit; and there arose a smoke out of the pit,as the smoke of a great furnace; and the sun and the air were darkened byreason of the smoke of the pit.• 3 And there came out of the smoke lowas given power, as the scorpions of the earth have power: and unto them• ve it he son and i thin tot they ghoul but buy those mo thn
3072	Amazing DiscoveriesADtvLIVEREVELATION 9: 1-4• 1 And the fifth angel sounded, and I saw a star fall from heaven unto theearth: and to him was given the key of the bottomless pit.• 2 And he opened the bottomless pit; and there arose a smoke out of the pit,as the smoke of a great furnace; and the sun and the air were darkened byreason of the smoke of the pit.• 3 And there came out of the smoke lowas given power, as the scorpions of the earth have power. and unto them• are it he son and i thin that they ghoul but buy those me hần
3078	Amazing DiscoveriesDLIVEREVELATION 9: 1-4• 1 And the fifth angel sounded, and I saw a star fall from heaven unto theearth: and to him was given the key of the bottomless pit.• 2 And he opened the bottomless pit; and there arose a smoke out of the pit,as the smoke of a great furnace; and the sun and the air were darkened byreason of the smoke of the pit.3 And there came out of the smoke locusts upon the earth: and unto theras given power, as the scorpions of the earth have poweath, newast any reced them, neithchey should but only those men whichve not the seal of God in their foreheads.
3084	Amazing DiscoveriesADtyLIVEREVELATION 9: 1-4• 1 And the fifth angel sounded, and I saw a star fall from heaven unto theearth: and to him was given the key of the bottomless pit.• 2 And he opened the bottomless pit; and there arose a smoke out of the pit,is the smoke of a great furnace; and the sun and the air were darkened beason of the smoke of the pit3 And there came out of the smoke locustsas given power as the scorpions of the eat have power. and unto therAth, newas an anded them, nitch ey should but only those men whichve not the seal of God in their foreheads.
3090	Amazing DiscoveriesD[tvLIVEREVELATION 9: 1-4• 1 And the fifth angel sounded, and I saw a star fall from heaven unto theearth: and to him was given the key of the bottomless pit.• 2 And he opened the bottomless pit; and there arose a smoke out of the pit,is the smoke of a great furnace; and the sun and the air were darkened breason of the smoke of the pit• 3 And there came out of the smoke lowas given power, as the scorpions of the earth have power: and unto them• gue it he con and i thin that they chou su buy those mon hần
3096	ADtvLIVEREVELATION 9: 1-4• 1 And the fifth angel sounded, and I saw a star fall from heaven unto theearth: and to him was given the key of the bottomless pit.• 2 And he opened the bottomless pit; and there arose a smoke out of the pit,is the smoke of a great furnace; and the sun and the air were darkened byreason of the smoke of the pit• 3 And there came out of the smoke lowas given power, as the scorpions of the earth have power. and unto them• gue it he con and i thin that they hula but buy those me thnFor Free Bookmarks Go To:bookmarks.amazingdiscoveries.org
3102	DtvLIVEREVELATION 9: 1-4• 1 And the fifth angel sounded, and I saw a star fall from heaven unto theearth: and to him was given the key of the bottomless pit.• 2 And he opened the bottomless pit; and there arose a smoke out of the pit,as the smoke of a great furnace; and the sun and the air were darkened byreason of the smoke of the pit.• 3 And there came out of the smoke lowas given power, as the scorpions of the earth have power: and unto them• 4 And it was commanded them that they should not hurt the grass of thehave not the seal of eed in their foreheady tree; but only those men whichFor Free Bookmarks Go To:bookmarks.amazingdiscoveries.org
3108	DtyLIVEREVELATION 9: 1-4• 1 And the fifth angel sounded, and I saw a star fall from heaven unto theearth: and to him was given the key of the bottomless pit.• 2 And he opened the bottomless pit; and there arose a smoke out of the pit,as the smoke of a great furnace; and the sun and the air were darkened byreason of the smoke of the pit.• 3 And there came out of the smoke locusts upon the earth: and unto themvas given power, as the scorpions of the earth have power• are it he sonad them that they should but buy those me thenearth, neither anyFor Free Bookmarks Go To:bookmarks.amazingdiscoveries.org
3114	DtvLIVEREVELATION 9: 1-4• 1 And the fifth angel sounded, and I saw a star fall from heaven unto theearth: and to him was given the key of the bottomless pit.• 2 And he opened the bottomless pit; and there arose a smoke out of the pit,as the smoke of a great furnace; and the sun and the air were darkened byreason of the smoke of the pit.3 And there came out of the smoke locusts upon the earth: and unto theras given power, as the scorpions of the earth have powe4 And it was commanded them that they should not hurt the grass of the nare not the sal of ted in their coreheady tFor Free Bookmarks Go To:bookmarks.amazingdiscoveries.org
3120	DLIVEREVELATION 9: 1-4• 1 And the fifth angel sounded, and I saw a star fall from heaven unto theearth: and to him was given the key of the bottomless pit.• 2 And he opened the bottomless pit; and there arose a smoke out of the pit,as the smoke of a great furnace; and the sun and the air were darkened byreason of the smoke of the pit.• 3 And there came out of the smoke lowas given power, as the scorpions of the earth have power. and unto them• are it he con and i thin tot they hould su buy those men hnFor Free Bookmarks Go To:bookmarks.amazingdiscoveries.org
3126	DtvLIVEREVELATION 9: 1-4• 1 And the fifth angel sounded, and I saw a star fall from heaven unto theearth: and to him was given the key of the bottomless pit.• 2 And he opened the bottomless pit; and there arose a smoke out of the pit,is the smoke of a great furnace; and the sun and the air were darkened breason of the smoke of the pit3 And there came out of the smoke lovas given power, as the scorpions of the earth have power and unto them• 4 And it was commanded them that they should not hurt the grass of thehave not the seal of reed in their foreheady tree; but only those men whichFor Free Bookmarks Go To:bookmarks.amazingdiscoveries.org
3132	Amazing DiscoveriesADtvLIVEREVELATION 9: 1-4• 1 And the fifth angel sounded, and I saw a star fall from heaven unto theearth: and to him was given the key of the bottomless pit.• 2 And he opened the bottomless pit; and there arose a smoke out of the pit,is the smoke of a great furnace; and the sun and the air were darkened byreason of the smoke of the pit• 3 And there came out of the smoke lowas given power, as the scorpions of the earth have power. and unto them4 And it was commanded them that they should not hurt the grass of thenave not the seal of God in their foreheads."
3138	Amazing DiscoveriesDtvLIVEREVELATION 9: 1-4• 1 And the fifth angel sounded, and I saw a star fall from heaven unto theearth: and to him was given the key of the bottomless pit.• 2 And he opened the bottomless pit; and there arose a smoke out of the pit,as the smoke of a great furnace; and the sun and the air were darkened byreason of the smoke of the pit.• 3 And there came out of the smoke Igwas given power, as the scorpions of the earth have power. and unto themAth, newas amanded them, thatch ey should but only those men whichve not the seal of God in their foreheads.
3144	Amazing DiscoveriesADtvLIVEREVELATION 9: 1-4• 1 And the fifth angel sounded, and I saw a star fall from heaven unto theearth: and to him was given the key of the bottomless pit.• 2 And he opened the bottomless pit; and there arose a smoke out of the pit,as the smoke of a great furnace; and the sun and the air were darkened byreason of the smoke of the pit.• 3 And there came out of the smoke lowas given power, as the scorpions of the earth have power. and unto them• are it as sommad them that they should nut buy these me thienearth, neither any
3150	Amazing DiscoveriesDLIVEREVELATION 9: 1-4• 1 And the fifth angel sounded, and I saw a star fall from heaven unto theearth: and to him was given the key of the bottomless pit.• 2 And he opened the bottomless pit; and there arose a smoke out of the pit,as the smoke of a great furnace; and the sun and the air were darkened byreason of the smoke of the pit.• 3 And there came out of the smoke lowas given power, as the scorpions of the earth have power. and unto them• are it he con and i thin that they ghoul, but buy those men hn
3156	DONATEAmazing DiscoveriesDtvLIVEREVELATION 9: 1-4• 1 And the fifth angel sounded, and I saw a star fall from heaven unto theearth: and to him was given the key of the bottomless pit.• 2 And he opened the bottomless pit; and there arose a smoke out of the pit,is the smoke of a great furnace; and the sun and the air were darkened byeason of the smoke of the pit• 3 And there came out of the smoke lowas given power, as the scorpions of the earth have power: and unto them• gue it he son and i thin that they ghoul but buy those me hần
3162	Amazing DiscoveriesDONATEREVELATION 9: 1-4• 1 And the fifth angel sounded, and I saw a star fall from heaven unto theearth: and to him was given the key of the bottomless pit.• 2 And he opened the bottomless pit; and there arose a smoke out of the pit,is the smoke of a great furnace; and the sun and the air were darkened breason of the smoke of the pit• 3 And there came out of the smoke lowas given power, as the scorpions of the earth have power. and unto them• are it he con and i thin hi they ghoul but buy those mo thn
3168	DONATEREVELATION 9: 1-4• 1 And the fifth angel sounded, and I saw a star fall from heaven unto theearth: and to him was given the key of the bottomless pit.• 2 And he opened the bottomless pit; and there arose a smoke out of the pit,as the smoke of a great furnace; and the sun and the air were darkened byreason of the smoke of the pit.• 3 And there came out of the smoke lowas given power, as the scorpions of the earth have power. and unto them• are it has son and i thin that they hould su buy those men hếnRev 8:13And I beheld, and heard an angel flying through the midst of heaven, saying with a loud voice, Woe, woe, woe, to the inhabiters of theearth by reason of the other voices of the trumpet of the three angels, which are yet to sound!
3174	DONATEREVELATION 9: 1-4• 1 And the fifth angel sounded, and I saw a star fall from heaven unto theearth: and to him was given the key of the bottomless pit.• 2 And he opened the bottomless pit; and there arose a smoke out of the pit,is the smoke of a great furnace; and the sun and the air were darkened byreason of the smoke of the pit• 3 And there came out of the smoke lowas given power, as the scorpions of the earth have power: and unto them• are it he command it that that they hould but buy those men thnRev 8:13And I beheld, and heard an angel flying through the midst of heaven, saying with a loud voice, Woe, woe, woe, to the inhabiters of theearth by reason of the other voices of the trumpet of the three angels, which are yet to sound!
3180	DONATEREVELATION 9: 1-4• 1 And the fifth angel sounded, and I saw a star fall from heaven unto theearth: and to him was given the key of the bottomless pit.• 2 And he opened the bottomless pit; and there arose a smoke out of the pit,is the smoke of a great furnace; and the sun and the air were darkened breason of the smoke of the pit• 3 And there came out of the smoke lowas given power, as the scorpions of the earth have power. and unto them• are it has con and it then that they hould su hy those men thnRev 8:13And I beheld, and heard an angel flying through the midst of heaven, saying with a loud voice, Woe, woe, woe, to the inhabiters of theearth by reason of the other voices of the trumpet of the three angels, which are yet to sound!
3186	DONATEREVELATION 9: 1-4• 1 And the fifth angel sounded, and I saw a star fall from heaven unto theearth: and to him was given the key of the bottomless pit.• 2 And he opened the bottomless pit; and there arose a smoke out of the pit,is the smoke of a great furnace; and the sun and the air were darkened byreason of the smoke of the pit• 3 And there came out of the smoke lowas given power, as the scorpions of the earth have power. and unto them• are it as semand them that they should but buy the men thenearth, neither anyRev 8:13And I beheld, and heard an angel flying through the midst of heaven, saying with a loud voice, Woe, woe, woe, to the inhabiters of theearth by reason of the other voices of the trumpet of the three angels, which are yet to sound!
3192	Amazing DiscoveriesDONATEREVELATION 9: 1-4• 1 And the fifth angel sounded, and I saw a star fall from heaven unto theearth: and to him was given the key of the bottomless pit.• 2 And he opened the bottomless pit; and there arose a smoke out of the pit,is the smoke of a great furnace; and the sun and the air were darkened byreason of the smoke of the pit• 3 And there came out of the smoke lowas given power, as the scorpions of the earth have power. and unto them• are it as send them that they should not buy these men hienearth, neither any
3198	Amazing DiscoveriesDONATEREVELATION 9: 1-4• 1 And the fifth angel sounded, and I saw a star fall from heaven unto theearth: and to him was given the key of the bottomless pit.• 2 And he opened the bottomless pit; and there arose a smoke out of the pit,as the smoke of a great furnace; and the sun and the air were darkened byreason of the smoke of the pit.• 3 And there came out of the smoke lowas given power, as the scorpions of the earth have power: and unto them• are it he son and i thin that they ghoul but buy those me hần
3204	Amazing DiscoveriesDONATEREVELATION 9: 1-4• 1 And the fifth angel sounded, and I saw a star fall from heaven unto theearth: and to him was given the key of the bottomless pit.• 2 And he opened the bottomless pit; and there arose a smoke out of the pit,is the smoke of a great furnace; and the sun and the air were darkened byreason of the smoke of the pit• 3 And there came out of the smoke lowas given power, as the scorpions of the earth have power: and unto themath, newas amanded them, neithhey should but only those men whichve not the seal of God in their foreheads.
3210	Amazing DiscoveriesDONATEREVELATION 9: 1-4• 1 And the fifth angel sounded, and I saw a star fall from heaven unto theearth: and to him was given the key of the bottomless pit.• 2 And he opened the bottomless pit; and there arose a smoke out of the pit,as the smoke of a great furnace; and the sun and the air were darkened byreason of the smoke of the pit.• 3 And there came out of the smoke lowas given power, as the scorpions of the earth have power: and unto them• are it ye send them that they should not buy those me thienearth, neither any
3216	Amazing DiscoveriesDONATEREVELATION 9: 1-4• 1 And the fifth angel sounded., and I saw a star fall from heaven unto theearth: and to him was given the key of the bottomless pit.• 2 And he opened the bottomless pit; and there arose a smoke out of the pit,as the smoke of a great furnace; and the sun and the air were darkened byreason of the smoke of the pit.• 3 And there came out of the smoke lowas given power, as the scorpions of the earth have power. and unto themath, newas any areded then, neitheh ey should but only those men whichve not the seal of God in their foreheads.
3222	DONATEREVELATION 9: 1-4Amazing Discoveries• 1 And the hith angel sounded., and I saw a star fall from heaven unto theearth: and to him was given the key of the bottomless pit.• 2 And he opened the bottomless pit; and there arose a smoke out of the pit,is the smoke of a great furnace; and the sun and the air were darkened byreason of the smoke of the pit• 3 And there came out of the smoke lowas given power, as the scorpions of the earth have power. and unto themAth, newas an anded them, neithhey should but only those men whichve not the seal of God in their foreheads.
3228	Amazing DiscoveriesDONATEREVELATION 9: 1-4• 1 And the fifth angel sounded, and I saw a star fall from heaven unto theearth: and to him was given the key of the bottomless pit.• 2 And he opened the bottomless pit; and there arose a smoke out of the pit,is the smoke of a great furnace; and the sun and the air were darkened byreason of the smoke of the pit• 2 And there came out of the smoke lovas given power, as the scorpions of the earth have power: and unto them• are it us send them that they should not buy these me thienearth, neither any
3234	Amazing DiscoveriesDONATEREVELATION 9: 1-4• 1 And the fifth angel sounded, and I saw a star fall from heaven unto theearth: and to him was given the key of the bottomless pit.• 2 And he opened the bottomless pit; and there arose a smoke out of the pit,as the smoke of agreat furnace; and the sun and the air were darkened byreason of the smoke of the pit.• 3 And there came out of the smoke lowas given power, as the scorpions of the earth have power. and unto them• are it he con and i thin that they ghoul but buy those me hần
3240	Amazing DiscoveriesDONATEREVELATION 9: 1-4• 1 And the fifth angel sounded, and I saw a star fall from heaven unto theearth: and to him was given the key of the bottomless pit.• 2 And he opened the bottomless pit; and there arose a smoke out of the pit,as the smoke of a great furnace; and the sun and the air were darkened byreason of the smoke of the pit.• 3 And there came out of the smoke lowas given power, as the scorpions of the earth have power: and unto themAth, newas an anded them, neithch ey should but only those men whichve not the seal of God in their foreheads.
3246	Amazing DiscoveriesDONATEREVELATION 9: 1-4• 1 And the fifth angel sounded, and I saw a star fall from heaven unto theearth: and to him was given the key of the bottomless pit.• 2 And he opened the bottomless pit; and there arose a smoke out of the pit,as the smoke of a great furnace; and the sun and the air were darkened byreason of the smoke of the pit.• 3 And there came out of the smoke lowas given power, as the scorpions of the earth have power: and unto them• are it he con and i thin tot they ghoul but buy those mo thn
3252	Amazing DiscoveriesDONATEREVELATION 9: 1-4• 1 And the fifth angel sounded, and I saw a star fall from heaven unto theearth: and to him was given the key of the bottomless pit.• 2 And he opened the bottomless pit; and there arose a smoke out of the pit,as the smoke of a great furnace; and the sun and the air were darkened byreason of the smoke of the pit.3 And there came out of the smoke locusts upon the earth: and unto thenvas given power, as the scorpions of the earth have powerAth, newas amanded them, natch ey should nut only those men whichve not the seal of God in their foreheads.
3258	Amazing DiscoveriesDONATEREVELATION 9: 1-4• 1 And the fifth angel sounded, and I saw a star fall from heaven unto theearth: and to him was given the key of the bottomless pit.• 2 And he opened the bottomless pit; and there arose a smoke out of the pit,is the smoke of a great furnace; and the sun and the air were darkened byreason of the smoke of the pit• 3 And there came out of the smoke lowas given power, as the scorpions of the earth have power. and unto them• ne it he command it them tot they ghoul su buy those me hn
3264	Amazing DiscoveriesDONATEREVELATION 9: 1-4• 1 And the fifth angel sounded, and I saw a star fall from heaven unto theearth: and to him was given the key of the bottomless pit.• 2 And he opened the bottomless pit; and there arose a smoke out of the pit,as the smoke of a great furnace; and the sun and the air were darkened byreason of the smoke of the pit.• 3 And there came out of the smoke lovas given power, as the scorpions of the earth have power.on the earth: and unto them• are it he command i thin that they hula but buy those men hần
3270	Amazing DiscoveriesDONATEREVELATION 9: 1-4• 1 And the fifth angel sounded, and I saw a star fall from heaven unto theearth: and to him was given the key of the bottomless pit.• 2 And he opened the bottomless pit; and there arose a smoke out of the pit,as the smoke of a great furnace; and the sun and the air were darkened byreason of the smoke of the pit.• 3 And there came out of the smoke lovas given power, as the scorpions of the earth have power.on the earth: and unto them• e it he contand i thin that they hould su hy those men hần
3276	Amazing DiscoveriesDONATEREVELATION 9: 1-4• 1 And the fifth angel sounded, and I saw a star fall from heaven unto theearth: and to him was given the key of the bottomless pit.• 2 And he opened the bottomless pit; and there arose a smoke out of the pit,is the smoke of a great furnace; and the sun and the air were darkened byreason of the smoke of the pit3 And there came out of the smoke locusts upon the earth: and unto thenas given power, as the scorpions of the earth have powerarth, newas any areded then, neithchey should but only those men whichve not the seal of God in their foreheads.
3282	Amazing DiscoveriesDONATEREVELATION 9: 1-4• 1 And the fifth angel sounded, and I saw a star fall from heaven unto theearth: and to him was given the key of the bottomless pit.• 2 And he opened the bottomless pit; and there arose a smoke out of the pit,as the smoke of a great furnace; and the sun and the air were darkened byreason of the smoke of the pit.3 And there came out of the smoke locusts upon the earth: and unto thenvas given power, as the scorpions of the earth have power• are it as send them that they should not buy these me hienearth, neither any
3288	Amazing DiscoveriesDONATEREVELATION 9: 1-4• 1 And the fifth angel sounded, and I saw a star fall from heaven unto theearth: and to him was given the key of the bottomless pit.• 2 And he opened the bottomless pit; and there arose a smoke out of the pit,is the smoke of a great furnace; and the sun and the air were darkened byeason of the smoke of the pit2 And there came out of the smoke lovas siven power as the scorpions of the earth have eower: and unto them• are it he con and i thin that they ghoul but buy those men hần
3294	DONATEREVELATION 9: 1-4• 1 And the fifth angel sounded, and I saw a star fall from heaven unto theearth: and to him was given the key of the bottomless pit.• 2 And he opened the bottomless pit; and there arose a smoke out of the pit,as the smoke of a great furnace; and the sun and the air were darkened byreason of the smoke of the pit.• 3 And there came out of the smoke lowas given power, as the scorpions of the earth have power. and unto them• 4 And it was commanded them that they should not hurt the grass of thehave not the seal of ced in their foreheady tree; but only those men whichRev 14:6And I saw another angel fly in the midst of heaven, having the everlasting gospel to preach unto them that dwell on the earth, and toevery nation, and kindred, and tongue, and people,
3300	Amazing DiscoveriesDONATEREVELATION 9: 1-4• 1 And the fifth angel sounded, and I saw a star fall from heaven unto theearth: and to him was given the key of the bottomless pit.• 2 And he opened the bottomless pit; and there arose a smoke out of the pit,as the smoke of a great furnace; and the sun and the air were darkened byreason of the smoke of the pit.• 3 And there came out of the smoke lowas given power, as the scorpions of the earth have power. and unto themath, news an arded then, neithchey should but only those men whichve not the seal of God in their foreheads.
3306	DONATEREVELATION 9: 1-4• 1 And the fifth angel sounded,, and I saw a star fall from heaven unto theearth: and to him was given the key of the bottomless pit.• 2 And he opened the bottomless pit; and there arose a smoke out of the pit,is the smoke of a great furnace; and the sun and the air were darkened breason of the smoke of the pit• 3 And there came out of the smoke lowas given power, as the scorpions of the earth have power. and unto them•e it he cent i thin that they hould su buy those men hếnRev 14:7Saying with a loud voice, Fear God, and give glory to him; for the hour of his judgment is come: and worship him that made heaven, andearth, and the sea, and the fountains of waters.
3312	Amazing DiscoveriesDONATEREVELATION 9: 1-4• 1 And the fifth angel sounded, and I saw a star fall from heaven unto theearth: and to him was given the key of the bottomless pit.• 2 And he opened the bottomless pit; and there arose a smoke out of the pit,is the smoke of a great furnace; and the sun and the air were darkened breason of the smoke of the pit3 And there came out of the smoke locusts upon the earth: and unto thenvas given power, as the scorpions of the earth have power• are it he con and it that tot they ghoul su buy those me hần
3318	Amazing DiscoveriesDONATEREVELATION 9: 1-4• 1 And the fifth angel sounded, and I saw a star fall from heaven unto theearth: and to him was given the key of the bottomless pit.• 2 And he opened the bottomless pit; and there arose a smoke out of the pit,as the smoke of a great furnace; and the sun and the air were darkened byreason of the smoke of the pit.3 And there came out of the smoke locusts upon the earth: and unto theras given power, as the scorpions of the earth have powe• are it the son and i that tot they ghoul su buy those mon hần
3324	Amazing DiscoveriesDONATEREVELATION 9: 1-4• 1 And the fifth angel sounded, and I saw a star fall from heaven unto theearth: and to him was given the key of the bottomless pit.• 2 And he opened the bottomless pit; and there arose a smoke out of the pit,as the smoke of a great furnace; and the sun and the air were darkened byreason of the smoke of the pit.3 And there came out of the smoke locusts upon the earth: and unto thenvas given power, as the scorpions of the earth have power• are it he con and it then tat they ghoul su buy those men hần
3330	Amazing DiscoveriesDONATEREVELATION 9: 1-4• 1 And the fifth angel sounded, and I saw a star fall from heaven unto theearth: and to him was given the key of the bottomless pit.• 2 And he opened the bottomless pit; and there arose a smoke out of the pit,as the smoke of a great furnace; and the sun and the air were darkened byreason of the smoke of the pit.• 3 And there came out of the smoke lowas given power, as the scorpions of the earth have power. and unto themarth, newst any areded them, neithchey should but only those men whichve not the seal of God in their foreheads.
3336	Amazing DiscoveriesDONATEREVELATION 9: 1-4• 1 And the fifth angel sounded, and I saw a star fall from heaven unto theearth: and to him was given the key of the bottomless pit.• 2 And he opened the bottomless pit; and there arose a smoke out of the pit,is the smoke of a great furnace; and the sun and the air were darkened byeason of the smoke of the pit3 And there came out of the smoke locustsas given power as the scorpions of the eat have power. and unto ther• a it he con and i thin to they hua but buy those me hần
3342	Amazing DiscoveriesDONATEREVELATION 9: 1-4• 1 And the fifth angel sounded, and I saw a star fall from heaven unto theearth: and to him was given the key of the bottomless pit.• 2 And he opened the bottomless pit; and there arose a smoke out of the pit,as the smoke of agreat furnace; and the sun and the air were darkened byreason of the smoke of the pit.3 And there came out of the smoke locusts upon the earth: and unto thenvas given power, as the scorpions of the earth have power• are it as son ad them that they should not buy these me thienearth, neither any
3348	Amazing DiscoveriesDONATEREVELATION 9: 1-4• 1 And the fifth angel sounded, and I saw a star fall from heaven unto theearth: and to him was given the key of the bottomless pit.• 2 And he opened the bottomless pit; and there arose a smoke out of the pit,as the smoke of a great furnace; and the sun and the air were darkened byreason of the smoke of the pit.• 3 And there came out of the smoke lowas given power, as the scorpions of the earth have power. and unto them• are it he son and i thin thi they ghoul su buy thos me hần
3354	Amazing DiscoveriesDONATEREVELATION 9: 1-4• 1 And the fifth angel sounded., and I saw a star fall from heaven unto theearth: and to him was given the key of the bottomless pit.• 2 And he opened the bottomless pit; and there arose a smoke out of the pit,as the smoke of a great furnace; and the sun and the air were darkened byreason of the smoke of the pit.3 And there came out of the smoke locusts upon the earth: and unto thenas given power, as the scorpions of the earth have poweratt, newas any areded them, neithchey should nut only those men whichve not the seal of God in their foreheads.
3360	Amazing DiscoveriesDONATEREVELATION 9: 1-4• 1 And the fifth angel sounded, and I saw a star fall from heaven unto theearth: and to him was given the key of the bottomless pit.• 2 And he opened the bottomless pit; and there arose a smoke out of the pit,as the smoke of agreat furnace; and the sun and the air were darkened byreason of the smoke of the pit.• 3 And there came out of the smoke lowas given power, as the scorpions of the earth have power: and unto themAth, newas amanded them, neithch ey should but only those men whichve not the seal of God in their foreheads.
3366	Amazing DiscoveriesDONATEREVELATION 9: 1-4• 1 And the fifth angel sounded, and I saw a star fall from heaven unto theearth: and to him was given the key of the bottomless pit.• 2 And he opened the bottomless pit; and there arose a smoke out of the pit,is the smoke of a great furnace; and the sun and the air were darkened breason of the smoke of the pit3 And there came out of the smoke locusts upon the earth: and unto thenvas given power, as the scorpions of the earth have power• are it as sonad them that they should not buy those me thienearth, neither any
3372	Amazing DiscoveriesDONATEREVELATION 9: 1-4• 1 And the fifth angel sounded, and I saw a star fall from heaven unto theearth: and to him was given the key of the bottomless pit.• 2 And he opened the bottomless pit; and there arose a smoke out of the pit,as the smoke of a great furnace; and the sun and the air were darkened byreason of the smoke of the pit.3 And there came out of the smoke locusts upon the earth: and unto thenvas given power, as the scorpions of the earth have power• are it he son and then tot they ghoul su buy those men hần
3378	Amazing DiscoveriesDONATEREVELATION 9: 1-4• 1 And the fifth angel sounded, and I saw a star fall from heaven unto theearth: and to him was given the key of the bottomless pit.• 2 And he opened the bottomless pit; and there arose a smoke out of the pit,is the smoke of a great furnace; and the sun and the air were darkened byreason of the smoke of the pit3 And there came out of the smoke locusts upon the earth: and unto thenvas given power, as the scorpions of the earth have power• ve it he con and i thin that they ghoul, but buy those me hần
3384	Amazing DiscoveriesDONATEREVELATION 9: 1-4• 1 And the fifth angel sounded,, and I saw a star fall from heaven unto theearth: and to him was given the key of the bottomless pit.• 2 And he opened the bottomless pit; and there arose a smoke out of the pit,as the smoke of a great furnace; and the sun and the air were darkened byreason of the smoke of the pit.• 3 And there came out of the smoke lo3 as given ever, as the scorpions l the es th have port:. and unto them1 And it was commanded them that they should not hurt the grass of thenve not the seal of God in their foreheads. "e
3390	Amazing DiscoveriesDONATEREVELATION 9: 1-4• 1 And the fifth angel sounded, and I saw a star fall from heaven unto theearth: and to him was given the key of the bottomless pit.• 2 And he opened the bottomless pit; and there arose a smoke out of the pit,as the smoke of a great furnace; and the sun and the air were darkened byreason of the smoke of the pit.• 3 And there came out of the smoke lowas given power, as the scorpions of the earth have power: and unto themAth, newas an anded then, neitheh ey should but only those men whichve not the seal of God in their foreheads.
3396	Amazing DiscoveriesDONATEREVELATION 9: 1-4• 1 And the fifth angel sounded, and I saw a star fall from heaven unto theearth: and to him was given the key of the bottomless pit.• 2 And he opened the bottomless pit; and there arose a smoke out of the pit,is the smoke of a great furnace; and the sun and the air were darkened breason of the smoke of the pit3 And there came out of the smoke locusts upon the earth: and unto thenas given power, as the scorpions of the earth have powerAth, newas am reed them, neatch ey should nut only those men whichve not the seal of God in their foreheads.
3402	Amazing DiscoveriesDONATEREVELATION 9: 1-4• 1 And the fifth angel sounded, and I saw a star fall from heaven unto theearth: and to him was given the key of the bottomless pit.• 2 And he opened the bottomless pit; and there arose a smoke out of the pit,is the smoke of a great furnace; and the sun and the air were darkened beason of the smoke of the pit• 3 And there came out of the smoke lowas given power, as the scorpions of the earth have power. and unto them• are it he con and i thin ht they ghoul but buy those men hần
3408	Amazing DiscoveriesDONATEREVELATION 9: 1-4• 1 And the fifth angel sounded, and I saw a star fall from heaven unto theearth: and to him was given the key of the bottomless pit.• 2 And he opened the bottomless pit; and there arose a smoke out of the pit,is the smoke of a great furnace; and the sun and the air were darkened breason of the smoke of the pit• 3 And there came out of the smoke lowas given power, as the scorpions of the earth have power. and unto them• are it he con and i thin that they ghoul su buy those me thn
3414	Amazing DiscoveriesDONATEREVELATION 9: 1-4• 1 And the fifth angel sounded, and I saw a star fall from heaven unto theearth: and to him was given the key of the bottomless pit.• 2 And he opened the bottomless pit; and there arose a smoke out of the pit,is the smoke of a great furnace; and the sun and the air were darkened breason of the smoke of the pit3 And there came out of the smoke locusts upon the earth: and unto thenvas given power, as the scorpions of the earth have power• Que it the command i that tot they ghoul su buy those me thn
3420	Amazing DiscoveriesDONATEREVELATION 9: 1-4• 1 And the fifth angel sounded, and I saw a star fall from heaven unto theearth: and to him was given the key of the bottomless pit.• 2 And he opened the bottomless pit; and there arose a smoke out of the pit,as the smoke of a great furnace; and the sun and the air were darkened byreason of the smoke of the pit.3 And there came out of the smoke lovas siven power as the scorpions of the earth have power: and unto them• are it he con and i thin hi they chou but buy those men hần
3426	DONATEREVELATION 9:1-4• 1 And the fifth angel sounded, and I saw a star fall from heaven unto theearth: and to him was given the key of the bottomless pit.• 2 And he opened the bottomless pit; and there arose a smoke out of the pit,is the smoke of a great furnace; and the sun and the air were darkened breason of the smoke of the pit3 And there came out of the smoke locusts upon the earth: and unto thenvas given power, as the scorpions of the earth have powerath, newas any anded the, neithehey should but only those men whichve not the seal of God in their foreheads.Engage With UsWrite your questions and comments in the chat!
3432	DONATEREVELATION 9: 1-4• 1 And the fifth angel sounded, and I saw a star fall from heaven unto theearth: and to him was given the key of the bottomless pit.• 2 And he opened the bottomless pit; and there arose a smoke out of the pit,is the smoke of a great furnace; and the sun and the air were darkened breason of the smoke of the pit3 And there came out of the smoke locusts upon the earth: and unto thenas given power, as the scorpions of the earth have power• are it he con and i thin thi they ghoul but buy those mon hnEngage With UsWrite your questions and comments in the chat!
3438	Amazing DiscoveriesDONATEREVELATION 9: 1-4• 1 And the fifth angel sounded, and I saw a star fall from heaven unto theearth: and to him was given the key of the bottomless pit.• 2 And he opened the bottomless pit; and there arose a smoke out of the pit,is the smoke of a great furnace; and the sun and the air were darkened breason of the smoke of the pit• 3 And there came out of the smoke lowas given power, as the scorpions of the earth have power. and unto them• are it he sen and i thin that they ghoul but buy those men hần
3444	Amazing DiscoveriesDONATEREVELATION 9: 1-4• 1 And the fifth angel sounded, and I saw a star fall from heaven unto theearth: and to him was given the key of the bottomless pit.• 2 And he opened the bottomless pit; and there arose a smoke out of the pit,as the smoke of a great furnace; and the sun and the air were darkened byreason of the smoke of the pit.• 3 And there came out of the smoke lowas given power, as the scorpions of the earth have power: and unto them• are it he con and i thin that they ghoul but buy those man hần
3450	Amazing DiscoveriesDONATEREVELATION 9: 1-4• 1 And the fifth angel sounded, and I saw a star fall from heaven unto theearth: and to him was given the key of the bottomless pit.• 2 And he opened the bottomless pit; and there arose a smoke out of the pit,as the smoke of a great furnace; and the sun and the air were darkened byreason of the smoke of the pit.• 3 And there came out of the smoke lowas given power, as the scorpions of the earth have power. and unto them• ave it the con and i thin tat they ghoul but buy those men hn
3456	Amazing DiscoveriesDONATEREVELATION 9: 1-4• 1 And the fifth angel sounded, and I saw a star fall from heaven unto theearth: and to him was given the key of the bottomless pit.• 2 And he opened the bottomless pit; and there arose a smoke out of the pit,is the smoke of a great furnace; and the sun and the air were darkened breason of the smoke of the pit• 3 And there came out of the smoke lowas given power, as the scorpions of the earth have power. and unto themAth, newas an anded them, neitch ey should but only those men whichve not the seal of God in their foreheads.
3462	Amazing DiscoveriesDONATEREVELATION 9: 1-4• 1 And the fifth angel sounded, and I saw a star fall from heaven unto theearth: and to him was given the key of the bottomless pit.• 2 And he opened the bottomless pit; and there arose a smoke out of the pit,as the smoke of agreat furnace; and the sun and the air were darkened breason of the smoke of the pit3 And there came out of the smoke locusts upon the earth: and unto thenvas given power, as the scorpions of the earth have power• are it as sommad them that they should not buy these me hienearth, neither any
3468	Amazing DiscoveriesDONATEREVELATION 9: 1-4• 1 And the fifth angel sounded, and I saw a star fall from heaven unto theearth: and to him was given the key of the bottomless pit.• 2 And he opened the bottomless pit; and there arose a smoke out of the pit,is the smoke of a great furnace; and the sun and the air were darkened breason of the smoke of the pit• 3 And there came out of the smoke lowas given power, as the scorpions of the earth have power. and unto them• are it he con and i that tot they ghoul, su buy those mo hần
3474	Amazing DiscoveriesDONATEREVELATION 9: 1-4• 1 And the fifth angel sounded, and I saw a star fall from heaven unto theearth: and to him was given the key of the bottomless pit.• 2 And he opened the bottomless pit; and there arose a smoke out of the pit,is the smoke of a great furnace; and the sun and the air were darkened breason of the smoke of the pit• 2 And there came out of the smoke lovas given power, as the scorpions of the earth have power: and unto themath, ieast an are them, neithehey should but only these men whichve not the seal of God in their foreheads.
3480	Amazing DiscoveriesDONATEREVELATION 9: 1-4• 1 And the fifth angel sounded, and I saw a star fall from heaven unto theearth: and to him was given the key of the bottomless pit.• 2 And he opened the bottomless pit; and there arose a smoke out of the pit,as the smoke of a great furnace; and the sun and the air were darkened byreason of the smoke of the pit.3 And there came out of the smoke locusts upon the earth: and unto thenvas given power, as the scorpions of the earth have powerAth, newas am reced them, natch ey should nut only these men whichve not the seal of God in their foreheads.
3486	Amazing DiscoveriesDONATEJUDGES 6:5, 6• 5 For they came up with their cattle and their tents, andthey came as grasshoppers for multitude; for both theyand their camels were without number: and theyentered into the land to destroy it.• 6 And Israel was greatly impoverished because of theMidianites; and the children of Israel cried unto theLord.
3492	Amazing DiscoveriesDONATEJUDGES 6:5, 6• 5 For they came up with their cattle and their tents, andthey came as grasshoppers for multitude; for both theyand their camels were without number: and theyentered into the land to destroy it.• 6 And Israel was greatly impoverished because of theMidianites; and the children of Israel cried unto theLord.
3498	Amazing DiscoveriesDONATEJUDGES 6:5, 6• 5 For they came up with their cattle and their tents, andthey came as grasshoppers for multitude; for both theyand their camels were without number: and theyentered into the land to destroy it.• 6 And Israel was greatly impoverished because of theMidianites; and the children of Israel cried unto theLord.
3504	Amazing DiscoveriesDONATEJUDGES 6:5, 6• 5 For they came up with their cattle and their tents, andthey came as grasshoppers for multitude; for both theyand their camels were without number: and theyentered into the land to destroy it.• 6 And Israel was greatly impoverished because of theMidianites; and the children of Israel cried unto theLord.
3510	Amazing DiscoveriesDONATEJUDGES 6:5, 6• 5 For they came up with their cattle and their tents, andthey came as grasshoppers for multitude; for both theyand their camels were without number: and theyentered into the land to destroy it.• 6 And Israel was greatly impoverished because of theMidianites; and the children of Israel cried unto theLord.
3516	Amazing DiscoveriesDONATEJUDGES 6:5, 6• 5 For they came up with their cattle and their tents, andthey came as grasshoppers for multitude; for both theyand their camels were without number: and theyentered into the land to destroy it.• 6 And Israel was greatly impoverished because of theMidianites; and the children of Israel cried unto theLord.
3522	Amazing DiscoveriesDONATEJUDGES 6:5, 6• 5 For they came up with their cattle and their tents, andthey came as grasshoppers for multitude; for both theyand their camels were without number: and theyentered into the land to destroy it.• 6 And Israel was greatly impoverished because of theMidianites; and the children of Israel cried unto theLord.
3528	DONATEJUDGES 6:5, 6• 5 For they came up with their cattle and their tents, andthey came as grasshoppers for multitude; for both theyand their camels were without number: and theyentered into the land to destroy it.• 6 And Israel was greatly impoverished because of theMidianites; and the children of Israel cried unto theLord.Engage With UsWrite your questions and comments in the chat!
3534	Amazing DiscoveriesJUDGES 6:5, 6• 5 For they came up with their cattle and their tents, andthey came as grasshoppers for multitude; for both theyand their camels were without number: and theyentered into the land to destroy it.• 6 And Israel was greatly impoverished because of theMidianites; and the children of Israel cried unto theLord.
3540	Amazing DiscoveriesDONATEJUDGES 7:12• 12 And the Midianites and the Amalekites and allthe children of the east lay along in the valley likegrasshoppers for multitude; and their camelswere without number, as the sand by the sea sidefor multitude.
3546	Amazing DiscoveriesDONATEJUDGES 7:12• 12 And the Midianites and the Amalekites and allthe children of the east lay along in the valley likegrasshoppers for multitude; and their camelswere without number, as the sand by the sea sidefor multitude.
3552	Amazing DiscoveriesDONATEJUDGES 7:12• 12 And the Midianites and the Amalekites and allthe children of the east lay along in the valley likegrasshoppers for multitude; and their camelswere without number, as the sand by the sea sidefor multitude.
3558	Amazing DiscoveriesDONATEJUDGES 7:12• 12 And the Midianites and the Amalekites and allthe children of the east lay along in the valley likegrasshoppers for multitude; and their camelswere without number, as the sand by the sea sidefor multitude.
3564	Amazing DiscoveriesDONATEJUDGES 7:12• 12 And the Midianites and the Amalekites and allthe children of the east lay along in the valley likegrasshoppers for multitude; and their camelswere without number, as the sand by the sea sidefor multitude.
3570	Amazing DiscoveriesDONATEJUDGES 7:12• 12 And the Midianites and the Amalekites and allthe children of the east lay along in the valley likegrasshoppers for multitude; and their camelswere without number, as the sand by the sea sidefor multitude.
3576	Amazing DiscoveriesDONATEJUDGES 7:12• 12 And the Midianites and the Amalekites and allthe children of the east lay along in the valley likegrasshoppers for multitude; and their camelswere without number, as the sand by the sea sidefor multitude.
3582	Amazing DiscoveriesJUDGES 8:24•24 And Gideon said unto them, I woulddesire a request of you, that ye wouldgive me every man the earrings of hisprey. (For they had golden earrings,because they were Ishmaelites.)
3588	Amazing DiscoveriesJUDGES 8:24•24 And Gideon said unto them, I woulddesire a request of you, that ye wouldgive me every man the earrings of hisprey. (For they had golden earrings,because they were Ishmaelites.)
3594	Amazing DiscoveriesDONATEJUDGES 8:24•24 And Gideon said unto them, I woulddesire a request of you, that ye wouldgive me every man the earrings of hisprey. (For they had golden earrings,because they were Ishmaelites.)
3600	Amazing DiscoveriesJUDGES 8:24•24 And Gideon said unto them, I woulddesire a request of you, that ye wouldgive me every man the earrings of hisprey. (For they had golden earrings,because they were Ishmaelites.)
3606	Amazing DiscoveriesJUDGES 8:24•24 And Gideon said unto them, I woulddesire a request of you, that ye wouldgive me every man the earrings of hisprey. (For they had golden earrings,because they were Ishmaelites.)
3612	Amazing DiscoveriesDONATEJUDGES 8:24•24 And Gideon said unto them, I woulddesire a request of you, that ye wouldgive me every man the earrings of hisprey. (For they had golden earrings,because they were Ishmaelites.)
3618	Amazing DiscoveriesJUDGES 8:24•24 And Gideon said unto them, I woulddesire a request of you, that ye wouldgive me every man the earrings of hisprey. (For they had golden earrings,because they were Ishmaelites.)
3624	Amazing DiscoveriesJUDGES 8:24•24 And Gideon said unto them, I woulddesire a request of you, that ye wouldgive me every man the earrings of hisprey. (For they had golden earrings,because they were Ishmaelites.)
3630	Amazing DiscoveriesJUDGES 8:24•24 And Gideon said unto them, I woulddesire a request of you, that ye wouldgive me every man the earrings of hisprey. (For they had golden earrings,because they were Ishmaelites.)
3636	Amazing DiscoveriesDONATEJUDGES 6:5, 6• 5 For they came up with their cattle and their tents, andthey came as grasshoppers for multitude; for both theyand their camels were without number: and theyentered into the land to destroy it.• 6 And Israel was greatly impoverished because of theMidianites; and the children of Israel cried unto theLord.
3642	Amazing DiscoveriesDONATEJUDGES 6:5, 6• 5 For they came up with their cattle and their tents, andthey came as grasshoppers for multitude; for both theyand their camels were without number: and theyentered into the land to destroy it.• 6 And Israel was greatly impoverished because of theMidianites; and the children of Israel cried unto theLord.
3648	Amazing DiscoveriesDONATEJUDGES 6:5, 6• 5 For they came up with their cattle and their tents, andthey came as grasshoppers for multitude; for both theyand their camels were without number: and theyentered into the land to destroy it.• 6 And Israel was greatly impoverished because of theMidianites; and the children of Israel cried unto theLord.
3654	Amazing DiscoveriesDONATEJUDGES 6:5, 6• 5 For they came up with their cattle and their tents, andthey came as grasshoppers for multitude; for both theyand their camels were without number: and theyentered into the land to destroy it.• 6 And Israel was greatly impoverished because of theMidianites; and the children of Israel cried unto theLord.
3660	Amazing DiscoveriesDONATEJUDGES 7:12• 12 And the Midianites and the Amalekites and allthe children of the east lay along in the valley likegrasshoppers for multitude; and their camelswere without number, as the sand by the sea sidefor multitude.
3666	Amazing DiscoveriesDONATEJUDGES 8:24•24 And Gideon said unto them, I woulddesire a request of you, that ye wouldgive me every man the earrings of hisprey. (For they had golden earrings,because they were Ishmaelites.)
3672	Amazing DiscoveriesJUDGES 8:24•24 And Gideon said unto them, I woulddesire a request of you, that ye wouldgive me every man the earrings of hisprey. (For they had golden earrings,because they were Ishmaelites.)
3678	Amazing DiscoveriesJUDGES 8:24•24 And Gideon said unto them, I woulddesire a request of you, that ye wouldgive me every man the earrings of hisprey. (For they had golden earrings,because they were Ishmaelites.)
3684	Amazing DiscoveriesJUDGES 8:24•24 And Gideon said unto them, I woulddesire a request of you, that ye wouldgive me every man the earrings of hisprey. (For they had golden earrings,because they were Ishmaelites.)
3690	Amazing DiscoveriesJUDGES 8:24•24 And Gideon said unto them, I woulddesire a request of you, that ye wouldgive me every man the earrings of hisprey. (For they had golden earrings,because they were Ishmaelites.)
3696	Amazing DiscoveriesDONATEJUDGES 8:24•24 And Gideon said unto them, I woulddesire a request of you, that ye wouldgive me every man the earrings of hisprey. (For they had golden earrings,because they were Ishmaelites.)
3702	Amazing DiscoveriesDONATEREVELATION 9:10 - 12• 10 And they had tails like unto scorpions, and there were stingsin their tails: and their power [was] to hurt men five months.• 11 And they had a king over them, [which is] the angel of thebottomless pit, whose name in the Hebrew tongue [is] Abaddon,but in the Greek tongue hath [his] name Apollyon.• 12 One woe is past; [and], behold, there come two woes morehereafter.
3708	Amazing DiscoveriesDONATEREVELATION 9:10 -12• 10 And they had tails like unto scorpions, and there were stingsin their tails: and their power [was] to hurt men five months.• 11 And they had a king over them, [which is] the angel of thebottomless pit, whose name in the Hebrew tongue [is] Abaddon,but in the Greek tongue hath [his] name Apollyon.• 12 One woe is past; [and], behold, there come two woes morehereafter.
3714	Amazing DiscoveriesDONATEREVELATION 9:10 - 12• 10 And they had tails like unto scorpions, and there were stingsin their tails: and their power [was] to hurt men five months.• 11 And they had a king over them, [which is] the angel of thebottomless pit, whose name in the Hebrew tongue [is] Abaddon,but in the Greek tongue hath [his] name Apollyon.• 12 One woe is past; [and], behold, there come two woes morehereafter.
3720	Amazing DiscoveriesDONATEREVELATION 9:10 - 12• 10 And they had tails like unto scorpions, and there were stingsin their tails: and their power [was] to hurt men five months.• 11 And they had a king over them, [which is] the angel of thebottomless pit, whose name in the Hebrew tongue [is] Abaddon,but in the Greek tongue hath [his] name Apollyon.• 12 One woe is past; [and], behold, there come two woes morehereafter.
3726	Amazing DiscoveriesDONATEREVELATION 9:10 - 12• 10 And they had tails like unto scorpions, and there were stingsin their tails: and their power [was] to hurt men five months.• 11 And they had a king over them, [which is] the angel of thebottomless pit, whose name in the Hebrew tongue [is] Abaddon,but in the Greek tongue hath [his] name Apollyon.• 12 One woe is past; [and], behold, there come two woes morehereafter.
3732	Amazing DiscoveriesDONATEREVELATION 9:10 - 12• 10 And they had tails like unto scorpions, and there were stingsin their tails: and their power [was] to hurt men five months.• 11 And they had a king over them, [which is] the angel of thebottomless pit, whose name in the Hebrew tongue [is] Abaddon,but in the Greek tongue hath [his] name Apollyon.• 12 One woe is past; [and], behold, there come two woes morehereafter.
3738	Amazing DiscoveriesDONATEREVELATION 9:10 - 12• 10 And they had tails like unto scorpions, and there were stingsin their tails: and their power [was] to hurt men five months.• 11 And they had a king over them, [which is] the angel of thebottomless pit, whose name in the Hebrew tongue [is] Abaddon,but in the Greek tongue hath [his] name Apollyon.• 12 One woe is past; [and], behold, there come two woes morehereafter.
3744	Amazing DiscoveriesDONATEREVELATION 9:10 - 12• 10 And they had tails like unto scorpions, and there were stingsin their tails: and their power [was] to hurt men five months.• 11 And they had a king over them, [which is] the angel of thebottomless pit, whose name in the Hebrew tongue [is] Abaddon,but in the Greek tongue hath [his] name Apollyon.• 12 One woe is past; [and], behold, there come two woes morehereafter.
3750	Amazing DiscoveriesDONATEREVELATION 9:10 - 12• 10 And they had tails like unto scorpions, and there were stingsin their tails: and their power [was] to hurt men five months.• 11 And they had a king over them, [which is] the angel of thebottomless pit, whose name in the Hebrew tongue [is] Abaddon,but in the Greek tongue hath [his] name Apollyon.• 12 One woe is past; [and], behold, there come two woes morehereafter.
3756	Amazing DiscoveriesDONATEREVELATION 9:10 - 12• 10 And they had tails like unto scorpions, and there were stingsin their tails: and their power [was] to hurt men five months.• 11 And they had a king over them, [which is] the angel of thebottomless pit, whose name in the Hebrew tongue [is] Abaddon,but in the Greek tongue hath [his] name Apollyon.• 12 One woe is past; [and], behold, there come two woes morehereafter.
3762	Amazing DiscoveriesDONATEREVELATION 9:10 - 12• 10 And they had tails like unto scorpions, and there were stingsin their tails: and their power [was] to hurt men five months.• 11 And they had a king over them, [which is] the angel of thebottomless pit, whose name in the Hebrew tongue [is] Abaddon,but in the Greek tongue hath [his] name Apollyon.• 12 One woe is past; [and], behold, there come two woes morehereafter.
3768	Amazing DiscoveriesDONATEREVELATION 9:10 - 12• 10 And they had tails like unto scorpions, and there were stingsin their tails: and their power [was] to hurt men five months.• 11 And they had a king over them, [which is] the angel of thebottomless pit, whose name in the Hebrew tongue [is] Abaddon,but in the Greek tongue hath [his] name Apollyon.• 12 One woe is past; [and], behold, there come two woes morehereafter.
3774	Amazing DiscoveriesDONATEREVELATION 9:10 - 12• 10 And they had tails like unto scorpions, and there were stingsin their tails: and their power [was] to hurt men five months.• 11 And they had a king over them, [which is] the angel of thebottomless pit, whose name in the Hebrew tongue [is] Abaddon,but in the Greek tongue hath [his] name Apollyon.• 12 One woe is past; (and], behold, there come two woes morehereafter.
3780	Amazing DiscoveriesDONATEREVELATION 9:10 - 12• 10 And they had tails like unto scorpions, and there were stingsin their tails: and their power [was] to hurt men five months.• 11 And they had a king over them, [which is] the angel of thebottomless pit, whose name in the Hebrew tongue [is] Abaddon,but in the Greek tongue hath [his] name Apollyon.• 12 One woe is past; [and], behold, there come two woes morehereafter.
3786	Amazing DiscoveriesDONATEREVELATION 9:10 -12• 10 And they had tails like unto scorpions, and there were stingsin their tails: and their power [was] to hurt men five months.• 11 And they had a king over them, [which is] the angel of thebottomless pit, whose name in the Hebrew tongue [is] Abaddon,but in the Greek tongue hath [his] name Apollyon.• 12 One woe is past; [and], behold, there come two woes morehereafter.
3792	Amazing DiscoveriesDONATEREVELATION 9:10 - 12• 10 And they had tails like unto scorpions, and there were stingsin their tails: and their power [was] to hurt men five months.• 11 And they had a king over them, [which is] the angel of thebottomless pit, whose name in the Hebrew tongue [is] Abaddon,but in the Greek tongue hath [his] name Apollyon.• 12 One woe is past; [and], behold, there come two woes morehereafter.
3798	Amazing DiscoveriesDONATEREVELATION 9:10 -12• 10 And they had tails like unto scorpions, and there were stingsin their tails: and their power [was] to hurt men five months.• 11 And they had a king over them, [which is] the angel of thebottomless pit, whose name in the Hebrew tongue [is] Abaddon,but in the Greek tongue hath [his] name Apollyon.• 12 One woe is past; [and], behold, there come two woes morehereafter.
3804	DONATEREVELATION 9:10 - 12• 10 And they had tails like unto scorpions, and there were stingsin their tails: and their power [was] to hurt men five months.• 11 And they had a king over them, [which is] the angel of thebottomless pit, whose name in the Hebrew tongue [is] Abaddon,but in the Greek tongue hath [his] name Apollyon.• 12 One woe is past; [and], behold, there come two woes morehereafter.Rev 13:5And there was given unto him a mouth speaking great things and blasphemies; and power was given unto him to continue forty and twomonths.
3810	DONATEREVELATION 9:10 - 12• 10 And they had tails like unto scorpions, and there were stingsin their tails: and their power [was] to hurt men five months.• 11 And they had a king over them, [which is] the angel of thebottomless pit, whose name in the Hebrew tongue [is] Abaddon,but in the Greek tongue hath [his] name Apollyon.• 12 One woe is past; [and], behold, there come two woes morehereafter.Rev 13:5And there was given unto him a mouth speaking great things and blasphemies; and power was given unto him to continue forty and twomonths.
3816	DONATEREVELATION 9:10 - 12• 10 And they had tails like unto scorpions, and there were stingsin their tails: and their power [was] to hurt men five months.• 11 And they had a king over them, [which is] the angel of thebottomless pit, whose name in the Hebrew tongue [is] Abaddon,but in the Greek tongue hath [his] name Apollyon.• 12 One woe is past; [and], behold, there come two woes morehereafter.Rev 13:5And there was given unto him a mouth speaking great things and blasphemies; and power was given unto him to continue forty and twomonths.
3822	DONATEREVELATION 9:10 -12• 10 And they had tails like unto scorpions, and there were stingsin their tails: and their power [was] to hurt men five months.• 11 And they had a king over them, [which is] the angel of thebottomless pit, whose name in the Hebrew tongue [is] Abaddon,but in the Greek tongue hath [his] name Apollyon.• 12 One woe is past; [and], behold, there come two woes morehereafter.Rev 13:5And there was given unto him a mouth speaking great things and blasphemies; and power was given unto him to continue forty and twomonths.
3828	Amazing DiscoveriesDONATEREVELATION 9:10 - 12• 10 And they had tails like unto scorpions, and there were stingsin their tails: and their power [was] to hurt men five months.• 11 And they had a king over them, [which is] the angel of thebottomless pit, whose name in the Hebrew tongue [is] Abaddon,but in the Greek tongue hath [his] name Apollyon.• 12 One woe is past; [and], behold, there come two woes morehereafter.
3834	Amazing DiscoveriesDONATEREVELATION 9:10 - 12• 10 And they had tails like unto scorpions, and there were stingsin their tails: and their power [was] to hurt men five months.• 11 And they had a king over them, [which is] the angel of thebottomless pit, whose name in the Hebrew tongue [is] Abaddon,but in the Greek tongue hath [his] name Apollyon.• 12 One woe is past; (and], behold, there come two woes morehereafter.
3840	Amazing DiscoveriesDONATEREVELATION 9:10 - 12• 10 And they had tails like unto scorpions, and there were stingsin their tails: and their power [was] to hurt men five months.• 11 And they had a king over them, [which is] the angel of thebottomless pit, whose name in the Hebrew tongue [is] Abaddon,but in the Greek tongue hath [his] name Apollyon.• 12 One woe is past; (and], behold, there come two woes morehereafter.
3846	Amazing DiscoveriesDONATEREVELATION 9:10 - 12• 10 And they had tails like unto scorpions, and there were stingsin their tails: and their power [was] to hurt men five months.• 11 And they had a king over them, [which is] the angel of thebottomless pit, whose name in the Hebrew tongue [is] Abaddon,but in the Greek tongue hath [his] name Apollyon.• 12 One woe is past; [and], behold, there come two woes morehereafter.
3852	Amazing DiscoveriesDONATEREVELATION 9:10 - 12• 10 And they had tails like unto scorpions, and there were stingsin their tails: and their power [was] to hurt men five months.• 11 And they had a king over them, [which is] the angel of thebottomless pit, whose name in the Hebrew tongue [is] Abaddon,but in the Greek tongue hath [his] name Apollyon.• 12 One woe is past; [and], behold, there come two woes morehereafter.
3858	Amazing DiscoveriesDONATEREVELATION 9:10 - 12• 10 And they had tails like unto scorpions, and there were stingsin their tails: and their power [was] to hurt men five months.• 11 And they had a king over them, [which is] the angel of thebottomless pit, whose name in the Hebrew tongue [is] Abaddon,but in the Greek tongue hath [his] name Apollyon.• 12 One woe is past; [and], behold, there come two woes morehereafter.
3864	DONATEREVELATION 9:10 -12• 10 And they had tails like unto scorpions, and there were stingsin their tails: and their power [was] to hurt men five months.• 11 And they had a king over them, [which is] the angel of thebottomless pit, whose name in the Hebrew tongue [is] Abaddon,but in the Greek tongue hath [his] name Apollyon.• 12 One woe is past; [and], behold, there come two woes morehereafter.Engage With UsWrite your questions and comments in the chat!
3870	DONATEREVELATION 9:10 -12• 10 And they had tails like unto scorpions, and there were stingsin their tails: and their power [was] to hurt men five months.• 11 And they had a king over them, [which is] the angel of thebottomless pit, whose name in the Hebrew tongue [is] Abaddon,but in the Greek tongue hath [his] name Apollyon.• 12 One woe is past; [and], behold, there come two woes morehereafter.Engage With UsWrite your questions and comments in the chat!
3876	Amazing DiscoveriesDONATEREVELATION 9:10 -12• 10 And they had tails like unto scorpions, and there were stingsin their tails: and their power [was] to hurt men five months.• 11 And they had a king over them, [which is] the angel of thebottomless pit, whose name in the Hebrew tongue [is] Abaddon,but in the Greek tongue hath [his] name Apollyon.• 12 One woe is past; [and], behold, there come two woes morehereafter.
3882	Amazing DiscoveriesDONATEREVELATION 9:10 - 12• 10 And they had tails like unto scorpions, and there were stingsin their tails: and their power [was] to hurt men five months.• 11 And they had a king over them, [which is] the angel of thebottomless pit, whose name in the Hebrew tongue [is] Abaddon,but in the Greek tongue hath [his] name Apollyon.• 12 One woe is past; [and], behold, there come two woes morehereafter.
3888	Amazing DiscoveriesDONATEREVELATION 9:10 -12• 10 And they had tails like unto scorpions, and there were stingsin their tails: and their power [was] to hurt men five months.• 11 And they had a king over them, [which is] the angel of thebottomless pit, whose name in the Hebrew tongue [is] Abaddon,but in the Greek tongue hath [his] name Apollyon.• 12 One woe is past; [and], behold, there come two woes morehereafter.
3894	Amazing DiscoveriesDONATEREVELATION 9:10 - 12• 10 And they had tails like unto scorpions, and there were stingsin their tails: and their power [was] to hurt men five months.• 11 And they had a king over them, [which is] the angel of thebottomless pit, whose name in the Hebrew tongue [is] Abaddon,but in the Greek tongue hath [his] name Apollyon.• 12 One woe is past; [and], behold, there come two woes morehereafter.
3900	Amazing DiscoveriesDONATEREVELATION 9:15• 15 And the four angels were loosed, which were prepared for anhour, and a day, and a month, and a year, for to slay the thirdpart of men.• 16 And the number of the army of the horsemen [were] twohundred thousand thousand: and I heard the number of them.• 17 And thus I saw the horses in the vision, and them that sat onthem, having breastplates of fire, and of jacinth, and brimstone:and the heads of the horses [were] as the heads of lions; and outof their mouths issued fire and smoke and brimstone.
3906	Amazing DiscoveriesREVELATION 9:15• 15 And the four angels were loosed, which were prepared for anhour, and a day, and a month, and a year, for to slay the thirdpart of men.• 16 And the number of the army of the horsemen [were] twohundred thousand thousand: and I heard the number of them.• 17 And thus I saw the horses in the vision, and them that sat onthem, having breastplates of fire, and of jacinth, and brimstone:and the heads of the horses [were] as the heads of lions; and outof their mouths issued fire and smoke and brimstone.
3912	Amazing DiscoveriesDONATEREVELATION 9:15• 15 And the four angels were loosed, which were prepared for anhour, and a day, and a month, and a year, for to slay the thirdpart of men.• 16 And the number of the army of the horsemen [were] twohundred thousand thousand: and I heard the number of them.• 17 And thus I saw the horses in the vision, and them that sat onthem, having breastplates of fire, and of jacinth, and brimstone:and the heads of the horses [were] as the heads of lions; and outof their mouths issued fire and smoke and brimstone.
3918	Amazing DiscoveriesDONATEREVELATION 9:15• 15 And the four angels were loosed, which were prepared for anhour, and a day, and a month, and a year, for to slay the thirdpart of men.• 16 And the number of the army of the horsemen [were] twohundred thousand thousand: and I heard the number of them.• 17 And thus I saw the horses in the vision, and them that sat onthem, having breastplates of fire, and of jacinth, and brimstone:and the heads of the horses [were] as the heads of lions; and outof their mouths issued fire and smoke and brimstone.
3924	Amazing DiscoveriesDONATEREVELATION 9:15• 15 And the four angels were loosed, which were prepared for anhour, and a day, and a month, and a year, for to slay the thirdpart of men.• 16 And the number of the army of the horsemen [were] twohundred thousand thousand: and I heard the number of them.• 17 And thus I saw the horses in the vision, and them that sat onthem, having breastplates of fire, and of jacinth, and brimstone:and the heads of the horses [were] as the heads of lions; and outof their mouths issued fire and smoke and brimstone.
3930	DONATEREVELATION 9:15• 15 And the four angels were loosed, which were prepared for anhour, and a day, and a month, and a year, for to slay the thirdpart of men.• 16 And the number of the army of the horsemen [were] twohundred thousand thousand: and I heard the number of them.• 17 And thus I saw the horses in the vision, and them that sat onthem, having breastplates of fire, and of jacinth, and brimstone:and the heads of the horses [were] as the heads of lions; and outof their mouths issued fire and smoke and brimstone.Engage With UsWrite your questions and comments in the chat!
3936	DONATEREVELATION 9:15• 15 And the four angels were loosed, which were prepared for anhour, and a day, and a month, and a year, for to slay the thirdpart of men.• 16 And the number of the army of the horsemen [were] twohundred thousand thousand: and I heard the number of them.• 17 And thus I saw the horses in the vision, and them that sat onthem, having breastplates of fire, and of jacinth, and brimstone:and the heads of the horses [were] as the heads of lions; and outof their mouths issued fire and smoke and brimstone.Engage With UsWrite your questions and comments in the chat!
3942	DONATEREVELATION 9:15• 15 And the four angels were loosed, which were prepared for anhour, and a day, and a month, and a year, for to slay the thirdpart of men.• 16 And the number of the army of the horsemen [were] twohundred thousand thousand: and I heard the number of them.• 17 And thus I saw the horses in the vision, and them that sat onthem, having breastplates of fire, and of jacinth, and brimstone:and the heads of the horses [were] as the heads of lions; and outof their mouths issued fire and smoke and brimstone.Engage With UsWrite your questions and comments in the chat!
3948	Amazing DiscoveriesDONATEREVELATION 9:15• 15 And the four angels were loosed, which were prepared for anhour, and a day, and a month, and a year, for to slay the thirdpart of men.• 16 And the number of the army of the horsemen [were] twohundred thousand thousand: and I heard the number of them.• 17 And thus I saw the horses in the vision, and them that sat onthem, having breastplates of fire, and of jacinth, and brimstone:and the heads of the horses [were] as the heads of lions; and outof their mouths issued fire and smoke and brimstone.
3954	Amazing DiscoveriesDONATEREVELATION 9:15• 15 And the four angels were loosed, which were prepared for anhour, and a day, and a month, and a year, for to slay the thirdpart of men.• 16 And the number of the army of the horsemen [were] twohundred thousand thousand: and I heard the number of them.• 17 And thus I saw the horses in the vision, and them that sat onthem, having breastplates of fire, and of jacinth, and brimstone:and the heads of the horses [were] as the heads of lions; and outof their mouths issued fire and smoke and brimstone.
3960	Amazing DiscoveriesREVELATION 9:15• 15 And the four angels were loosed, which were prepared for anhour, and a day, and a month, and a year, for to slay the thirdpart of men.• 16 And the number of the army of the horsemen [were] twohundred thousand thousand: and I heard the number of them.• 17 And thus I saw the horses in the vision, and them that sat onthem, having breastplates of fire, and of jacinth, and brimstone:and the heads of the horses [were] as the heads of lions; and outof their mouths issued fire and smoke and brimstone.
3966	Amazing DiscoveriesDONATEREVELATION 9:15• 15 And the four angels were loosed, which were prepared for anhour, and a day, and a month, and a year, for to slay the thirdpart of men.• 16 And the number of the army of the horsemen [were] twohundred thousand thousand: and I heard the number of them.• 17 And thus I saw the horses in the vision, and them that sat onthem, having breastplates of fire, and of jacinth, and brimstone:and the heads of the horses [were] as the heads of lions; and outof their mouths issued fire and smoke and brimstone.
3972	Amazing DiscoveriesREVELATION 9:15• 15 And the four angels were loosed, which were prepared for anhour, and a day, and a month, and a year, for to slay the thirdpart of men.• 16 And the number of the army of the horsemen [were] twohundred thousand thousand: and I heard the number of them.• 17 And thus I saw the horses in the vision, and them that sat onthem, having breastplates of fire, and of jacinth, and brimstone:and the heads of the horses [were] as the heads of lions; and outof their mouths issued fire and smoke and brimstone.
3978	Amazing Discoveries5 Months x30 (days to a month)= 150 DaysDONATEHour =15 daysDay =YearMonth = 30 YearsYear = 360 Years= 396 Years & 15 Days
3984	Amazing Discoveries5 Months x30 (days to a month)= 150 Days00009DONATEHour =15 daysDay =YearMonth = 30 YearsYear = 360 Years= 396 Years & 15 Days
3990	Amazing Discoveries5 Months x30 (days to a month)= 150 DaysDONATEHour =15 daysDay =YearMonth = 30 YearsYear = 360 Years= 396 Years & 15 Days
3996	Amazing Discoveries5 Months x30 (days to a month)= 150 DaysDONATEHour =15 daysDay =YearMonth = 30 YearsYear = 360 Years= 396 Years & 15 Days
4002	Amazing Discoveries5 Months x30 (days to a month)= 150 DaysDONATEHour =15 daysDay =YearMonth = 30 YearsYear = 360 Years= 396 Years & 15 Days
4008	Amazing Discoveries5 Months x30 (days to a month)= 150 DaysDONATEHour =15 daysDay =YearMonth = 30 YearsYear = 360 Years= 396 Years & 15 Days
4014	Amazing Discoveries5 Months x30 (days to a month)= 150 DaysDONATEHour =15 daysDay =YearMonth = 30 YearsYear = 360 Years= 396 Years & 15 Days
4020	Amazing Discoveries5 Months x30 (days to a month)= 150 DaysDONATEHour =15 daysDay =YearMonth = 30 YearsYear = 360 Years= 396 Years & 15 Days
4026	Amazing Discoveries5 Months x30 (days to a month)= 150 DaysDONATEHour =15 daysDay =YearMonth = 30 YearsYear = 360 Years= 396 Years & 15 Days
4032	Amazing Discoveries5 Months x30 (days to a month)= 150 Days00059DONATEHour =15 daysDay =YearMonth = 30 YearsYear = 360 Years= 396 Years & 15 Days
4038	Amazing Discoveries5 Months x30 (days to a month)= 150 Days00459DONATEHour =15 daysDay =YearMonth = 30 YearsYear = 360 Years= 396 Years & 15 Days
4044	Amazing Discoveries5 Months x30 (days to a month)= 150 DaysDONATEHour =15 daysDay =YearMonth = 30 YearsYear = 360 Years= 396 Years & 15 Days
4050	Amazing Discoveries5 Months x30 (days to a month)= 150 DaysDONATEHour =15 daysDay =YearMonth = 30 YearsYear = 360 Years= 396 Years & 15 Days
4056	Amazing Discoveries5 Months x30 (days to a month)/0= 150DaysDONATEHour =15 daysDay =YearMonth = 30 YearsYear = 360 Years= 396 Years & 15 Days
4062	Amazing Discoveries5 Months x30 (days to a month)= 150 DaysDONATEHour =15 daysDay =YearMonth = 30 YearsYear = 360 Years= 396 Years & 15 Days
4068	Amazing Discoveries5 Months x30 (days to a month)ears=150DaysDONATEHour =15 daysDay =YearMonth = 30 YearsYear = 360 Years= 396 Years & 15 Days
4074	Amazing Discoveries5 Months x30 (days to a month)ears= 150 DaysDay forDONATEHour =15 daysDay =YearMonth = 30 YearsYear = 360 Years= 396 Years & 15 Days
4080	Amazing DiscoveriesDONATE5 Months x30 (days to a month)ears= 150 DaysDay for yourHour =15 daysDay =YearMonth = 30 YearsYear = 360 Years= 396 Years & 15 Days
4086	Amazing DiscoveriesDONATE5 Months x30 (days to a month)ears= 150 DaysDat for yourHour =15 daysDay =YearMonth = 30 YearsYear = 360 Years= 396 Years & 15 Days
4092	Amazing DiscoveriesDONATE5 Months x30 (days to a month)ears= 150 DaysDat for yourHour =15 daysDay =YearMonth = 30 YearsYear = 360 Years= 396 Years & 15 Days
4098	Amazing DiscoveriesDONATE5 Months x30 (days to a month)ears= 150 DaysDay for yourHour =15 daysDay =YearMonth = 30 YearsYear = 360 Years= 396 Years & 15 Days
4104	Amazing DiscoveriesDONATE5 Months x30 (days to a month)ears= 150 DaysDay for yourHour =15 daysDay =YearMonth = 30 YearsYear = 360 Years= 396 Years & 15 Days
4110	Amazing DiscoveriesDONATE5 Months x30 (days to a month)ears= 150 DaysDay for yourHour =15 daysDay =YearMonth = 30 YearsYear = 360 Years= 396 Years & 15 Days
4116	Amazing DiscoveriesDONATE5 Months x30 (days to a month)ears= 150 DaysDay for yourHour =15 daysDay =YearMonth = 30 YearsYear = 360 Years= 396 Years & 15 Days
4122	Amazing DiscoveriesDONATE5 Months x30 (days to a month)ears= 150 DaysDay for yourHour =15 daysDay =YearMonth = 30 YearsYear = 360 Years= 396 Years & 15 Days
4128	Amazing DiscoveriesDONATE5 Months x30 (days to a month)ears= 150 DaysDay for yourHour =15 daysDay =YearMonth = 30 YearsYear = 360 Years= 396 Years & 15 Days
4134	Amazing DiscoveriesDONATE5 Months x30 (days to a month)ears= 150 DaysDay for yourHour =15 daysDay =YearMonth = 30 YearsYear = 360 Years= 396 Years & 15 Days
4140	Amazing DiscoveriesDONATE5 Months x30 (days to a month)ears= 150 DaysDay for yourHour =15 daysDay =YearMonth = 30 YearsYear = 360 Years= 396 Years & 15 Days
4146	Amazing DiscoveriesDONATE5 Months x30 (days to a month)ears= 150 DaysDay for yourHour =15 daysDay =YearMonth = 30 YearsYear = 360 Years= 396 Years & 15 Days391
4152	Amazing DiscoveriesDONATE5 Months x30 (days to a month)ears= 150 DaysDay for yourHour =15 daysDay =YearMonth = 30 YearsYear = 360 Years= 396 Years & 15 Days391
4158	Amazing DiscoveriesDONATE5 Months x30 (days to a month)ears= 150 DaysDay for yourHour =15 daysDay =YearMonth = 30 YearsYear = 360 Years= 396 Years & 15 Days391
4164	Amazing DiscoveriesDONATE5 Months x30 (days to a month)ears= 150 DaysDay for yourHour =15 daysDay =YearMonth = 30 YearsYear = 360 Years= 396 Years & 15 Days391
4170	Amazing DiscoveriesDONATE5 Months x30 (days to a month)ears= 150 DaysDat for yourHour =15 daysDay =YearMonth = 30 YearsYear = 360 Years= 396 Years & 15 Days391
4176	Amazing DiscoveriesDONATE5 Months x30 (days to a month)ears= 150 DaysDay for yourHour =15 daysDay =YearMonth = 30 YearsYear = 360 Years= 396 Years & 15 Days391
4182	Amazing DiscoveriesDONATE5 Months x30 (days to a month)ears= 150 DaysDay for yourHour =15 daysDay =YearMonth = 30 YearsYear = 360 Years= 396 Years & 15 Days391
4188	Amazing DiscoveriesDONATE5 Months x30 (days to a month)ears= 150 DaysDay for yourHour =15 daysDay =YearMonth = 30 YearsYear = 360 Years= 396 Years & 15 Days391
4194	Amazing DiscoveriesDONATE5 Months x30 (days to a month)ears= 150 DaysDay for yourHour =15 daysDay =YearMonth = 30 YearsYear = 360 Years= 396 Years & 15 Days391
4200	Amazing DiscoveriesDONATE5 Months x30 (days to a month)ears= 150 DaysDay for yourHour =15 daysDay =YearMonth = 30 YearsYear = 360 Years= 396 Years & 15 Days391
4206	Amazing DiscoveriesDONATE5 Months x30 (days to a month)ears= 150 DaysDay for yourHour =15 daysDay =YearMonth = 30 YearsYear = 360 Years= 396 Years & 15 Days391
4212	Amazing DiscoveriesDONATE5 Months x30 (days to a month)ears= 150 DaysDay for yourHour =15 daysDay =YearMonth = 30 YearsYear = 360 Years= 396 Years & 15 Days391
4218	Amazing Discoveries5lh Trumpet - 1st WoeJuly 27,1299150 Years (5 months)Othman 1$tFounds theTurkishOttomanEmpireSch Trumpet - 2nd WoeJuly 27,1449391 Years 15 Days(hour, day, month, year)DeacozesLast RomanEmperor(Constantine 11)Rules bypermissionof the TurksDONATEAugust 11,1840The Turkrules bypermissionof theChristianpowers
4224	Amazing Discoveries5th Trumpet - 1st WoeJuly 27,1299150 Years (5 months)Othman 1$tFounds theTurkishOttomanEmpireSch Trumpet - 2nd WoeJuly 27,1449391 Years 15 Days(hour, day, month, year)DeacozesLast RomanEmperor(Constantine 11)Rules bypermissionof the TurksDONATEAugust 11,1840The Turkrules bypermissionof theChristianpowers
4230	Amazing Discoveries5th Trumpet - 1st WoeJuly 27,1299150 Years (5 months)Othman 1"Founds theTurkishOttomanEmpireSch Trumpet - 2nd WoeJuly 27,1449391 Years 15 Days(hour, day, month, year)DeacozesLast RomanEmperor(Constantine 11)Rules bypermissionof the TurksDONATEAugust 11,1840The Turkrules bypermissionof theChristianpowers
4236	Amazing Discoveries5th Trumpet - 1st WoeJuly 27,1299150 Years (5 months)Othman 1"Founds theTurkishOttomanEmpire6ch Trumpet - 2nd WoeJuly 27,1449391 Years 15 Days(hour, day, month, year)DeacozesLast RomanEmperor(Constantine 11)Rules bypermissionof the TurksDONATEAugust 11,1840The Turkrules bypermissionof theChristianpowers
4242	Amazing Discoveries5th Trumpet - 1st WoeJuly 27,1209150 Years (5 months)Othman 1*Founds theTurkishOttomanEmpireSch Trumpet - 2nd WoeJuly 27,1449391 Years 15 Days(hour, day, month, year)DeacozesLast RomanEmperor(Constantine 11)Rules bypermissionof the TurksDONATEAugust 11,1840The Turkrules bypermissionof theChristianpowers
4248	Amazing Discoveries5th Trumpet - 1st WoeJuly 27,1299150 Years (5 months)Othman 1*tFounds theTurkishOttomanEmpireSch Trumpet - 2nd WoeJuly 27,1449391 Years 15 Days(hour, day, month, year)DeacozesLast RomanEmperor(Constantine 11)Rules bypermissionof the TurksDONATEAugust 11,1840The Turkrules bypermissionof theChristianpowers
4254	Amazing DiscoveriesDONATEGREAT CONTROVERSY 334-335• "Allowing the first period, 150 years, to have been exactlyfulfilled before Deacozes ascended the throne by permission ofthe Turks, and that the 391 years, fifteen days, commenced atthe close of the first period, it will end on the 11th of August,1840, when the Ottoman power in Constantinople may beexpected to be broken. And this, I believe, will be found to be thecase." - Josiah Litch, in Signs of the Times, and Expositor ofProphecy, August 1, 1840.
4260	Amazing DiscoveriesDONATEGREAT CONTROVERSY 334-335• "Allowing the first period, 150 years, to have been exactlyfulfilled before Deacozes ascended the throne by permission ofthe Turks, and that the 391 years, fifteen days, commenced atthe close of the first period, it will end on the 11th of August,1840, when the Ottoman power in Constantinople may beexpected to be broken. And this, I believe, will be found to be thecase." - Josiah Litch, in Signs of the Times, and Expositor ofProphecy, August 1, 1840.
4266	Amazing DiscoveriesDONATEGREAT CONTROVERSY 334-335• "Allowing the first period, 150 years, to have been exactlyfulfilled before Deacozes ascended the throne by permission ofthe Turks, and that the 391 years, fifteen days, commenced atthe close of the first period, it will end on the 11th of August,1840, when the Ottoman power in Constantinople may beexpected to be broken. And this, I believe, will be found to be thecase." - Josiah Litch, in Signs of the Times, and Expositor ofProphecy, August 1, 1840.
4272	Amazing DiscoveriesDONATEREVELATION 9:10 -12• 10 And they had tails like unto scorpions, and there were stingsin their tails: and their power [was] to hurt men five months.• 11 And they had a king over them, [which is] the angel of thebottomless pit, whose name in the Hebrew tongue [is] Abaddon,but in the Greek tongue hath [his] name Apollyon.• 12 One woe is past; [and], behold, there come two woes morehereafter.
4278	Amazing Discoveries5th Trumpet - 1st WoeJuly 27,1299150 Years (5 months)Othman 1$tFounds theTurkishOttomanEmpireSch Trumpet - 2nd WoeJuly 27,1449391 Years 15 Days(hour, day, month, year)DeacozesLast RomanEmperor(Constantine 11)Rules bypermissionof the TurksDONATEAugust 11,1840The Turkrules bypermissionof theChristianpowers
4284	Amazing Discoveries5th Trumpet - 1st WoeJuly 27,1299150 Years (5 months)Othman 1*Founds theTurkishOttomanEmpire6ch Trumpet - 2nd WoeJuly 27,1449391 Years 15 Days(hour, day, month, year)DeacozesLast RomanEmperor(Constantine 11)Rules bypermissionof the TurksDONATEAugust 11,1840The Turkrules bypermissionof theChristianpowers
4290	Amazing Discoveries5th Trumpet - 1st WoeJuly 27,July 27, 15o Years (s monti1299Othman 1"Founds theTurkishOttomanEmpireSch Trumpet - 2nd WoeJuly 27,1449391 Years 15 Days(hour, day, month, year)DeacozesLast RomanEmperor(Constantine 11)Rules bypermissionof the TurksDONATEAugust 11,1840The Turkrules bypermissionof theChristianpowers
4296	Amazing Discoveries5h Trumpet - 1st WoeJuly 27,1299150 Years (5 months)Othman 1"Founds theTurkishOttomanEmpire6ch Trumpet - 2nd WoeJuly 27,1449391 Years 15 Days(hour, day, month, year)DeacozesLast RomanEmperor(Constantine 11)Rules bypermissionof the TurksDONATEAugust 11,1840The Turkrules bypermissionof theChristianpowers
4302	Amazing Discoveries5th Trumpet - 1st WoeJuly 27,1299150 Years (5 months)Othman 1*Founds theTurkishOttomanEmpireSch Trumpet - 2nd WoeJuly 27,1449391 Years 15 Days(hour, day, month, year)DeacozesLast RomanEmperor(Constantine 11)Rules bypermissionof the TurksDONATEAugust 11,1840The Turkrules bypermissionof theChristianpowers
4308	Amazing Discoveries5th Trumpet - 1st WoeJuly 27,1299150 Years (5 months)Othman 1*Founds theTurkishOttomanEmpireSch Trumpet - 2nd WoeJuly 27,1449391 Years 15 Days(hour, day, month, year)DeacozesLast RomanEmperor(Constantine 11)Rules bypermissionof the TurksDONATEAugust 11,1840The Turkrules bypermissionof theChristianpowers
4314	Amazing Discoveries5th Trumpet - 1st WoeJuly 27,1299150 Years (5 months)Othman 1$tFounds theTurkishOttomanEmpireSch Trumpet - 2nd WoeJuly 27,1449391 Years 15 Days(hour, day, month, year)DeacozesLast RomanEmperor(Constantine 11)Rules bypermissionof the TurksDONATEAugust 11,1840The Turkrules bypermissionof theChristianpowers
4320	Amazing Discoveries5th Trumpet - 1st WoeJuly 27,1299150 Years (5 months)Othman 1"Founds theTurkishOtt manEmpireSch Trumpet - 2nd WoeJuly 27,1449391 Years 15 Days(hour, day, month, year)DeacozesLast RomanEmperor(Constantine 11)Rules bypermissionof the TurksDONATEAugust 11,1840The Turkrules bypermissionof theChristianpowers
4326	Amazing Discoveries5th Trumpet - 1st WoeJuly 27,1299150 Years (5 months)Othman 1$tFounds theTurkishOttomanEmpireSch Trumpet - 2nd WoeJuly 27,1449391 Years 15 Days(hour, day, month, year)DeacozesLast RomanEmperor(Constantine 11)Rules bypermissionof the TurksDONATEAugust 11,1840The Turkrules bypermissionof theChristianpowers
4332	Amazing Discoveries5th Trumpet - 1st WoeJuly 27,1299150 Years (5 months)Othman 1$tFounds theTurkishOttomanEmpire6ch Trumpet - 2nd WoeJuly 27,1449391 Years 15 Days(hour, day, month, year)DeacozesLast RomanEmperor(Constantine 11)Rules bypermissionof the TurksDONATEAugust 11,1840The Turkrules bypermissionof theChristianpowers
4338	Amazing Discoveries5th Trumpet - 1st WoeJuly 27,1299150 Years (5 months)Othman 1$tFounds theTurkishOttomanEmpireSch Trumpet - 2nd WoeJuly 27,1449391 Years 15 Days(hour, day, month, year)DeacozesLast RomanEmperor(Constantine 11)Rules bypermissionof the TurksDONATEAugust 11,1840The Turkrules bypermissionof theChristianpowers
4344	Amazing Discoveries5th Trumpet - 1st WoeJuly 27,1299150 Years (5 months)Othman 1$tFounds theTurkishOnomanEmpire6ch Trumpet - 2nd WoeJuly 27,1449391 Years 15 Days(hour, day, month, year)DeacozesLast RomanEmperor(Constantine 11)Rules bypermissionof the TurksDONATEAugust 11,1840The Turkrules bypermissionof theChristianpowers
4350	Amazing Discoveries5th Trumpet - 1st WoeJuly 27,1299150 Years (5 months)Othman 1$tFounds theTurkishOttomanEmpire5ch Trumpet - 2nd WoeJuly 27,1449391 Years 15 Days(hour, day, month, year)DeacozesLast RomanEmperor(Constantine 11)Rules bypermissionof the TurksDONATEAugust 11,1840The Turkrules bypermissionof theChristianpowers
4356	Amazing Discoveries5th Trumpet - 1st WoeJuly 27,1299150 Years (5 months)Othman 1$tFounds theTurkishOttomanEmpire5ch Trumpet - 2nd WoeJuly 27,1449391 Years 15 Days(hour, day, month, year)DeacozesLast RomanEmperor(Constantine 11)Rules bypermissionof the TurksDONATEAugust 11,1840The Turkrules bypermissionof theChristianpowers
4362	Amazing Discoveries5th Trumpet - 1st WoeJuly 27,1299150 Years (5 months)Othman 1*Founds theTurkishOttomanEmpireSch Trumpet - 2nd WoeJuly 27,1449391 Years 15 Days(hour, day, month, year)DeacozesLast RomanEmperor(Constantine 11)Rules bypermissionof the TurksDONATEAugust 11,1840The Turkrules bypermissionof theChristianpowers
4368	Amazing Discoveries5th Trumpet - 1st WoeJuly 27,1299150 Years (5 months,Othman 1$tFounds theTurkishOttomanEmpire6ch Trumpet - 2nd WoeJuly 27,1449391 Years 15 Days(hour, day, month, year)DeacozesLast RomanEmperor(Constantine 11)Rules bypermissionof the TurksDONATEAugust 11,1840The Turkrules bypermissionof theChristianpowers
4374	Amazing Discoveries5th Trumpet - 1st WoeJuly 27,1299150 Years (5 months)Othman 1$tFounds theTurkishOttomanEmpire5ch Trumpet - 2nd WoeJuly 27,1449391 Years 15 Days(hour, day, month, year)DeacozesLast RomanEmperor(Constantine 11)Rules bypermissionof the TurksDONATEAugust 11,1840The Turkrules bypermissionof theChristianpowers
4380	Amazing DiscoveriesDONATEGREAT CONTROVERSY 334-335• When it became known, multitudes were convinced of thecorrectness of the principles of prophetic interpretation adoptedby Miller and his associates, and a wonderful impetus was givento the advent movement. Men of learning and position unitedwith Miller, both in preaching and in publishing his views, andfrom 1840 to 1844 the work rapidly extended.
4386	Amazing DiscoveriesDONATEGREAT CONTROVERSY 334-335• When it became known, multitudes were convinced of thecorrectness of the principles of prophetic interpretation adoptedby Miller and his associates, and a wonderful impetus was givento the advent movement. Men of learning and position unitedwith Miller, both in preaching and in publishing his views, andfrom 1840 to 1844 the work rapidly extended.
4392	Amazing DiscoveriesDONATEGREAT CONTROVERSY 334-335• When it became known, multitudes were convinced of thecorrectness of the principles of prophetic interpretation adoptedby Miller and his associates, and a wonderful impetus was givento the advent movement. Men of learning and position unitedwith Miller, both in preaching and in publishing his views, andfrom 1840 to 1844 the work rapidly extended.
4398	Amazing DiscoveriesDONATEGREAT CONTROVERSY 334-335• When it became known, multitudes were convinced of thecorrectness of the principles of prophetic interpretation adoptedby Miller and his associates, and a wonderful impetus was givento the advent movement. Men of learning and position unitedwith Miller, both in preaching and in publishing his views, andfrom 1840 to 1844 the work rapidly extended.
4404	Amazing DiscoveriesDONATEGREAT CONTROVERSY 334-335• When it became known, multitudes were convinced of thecorrectness of the principles of prophetic interpretation adoptedby Miller and his associates, and a wonderful impetus was givento the advent movement. Men of learning and position unitedwith Miller, both in preaching and in publishing his views, andfrom 1840 to 1844 the work rapidly extended.
4410	Amazing DiscoveriesDONATEGREAT CONTROVERSY 334-335• When it became known, multitudes were convinced of thecorrectness of the principles of prophetic interpretation adoptedby Miller and his associates, and a wonderful impetus was givento the advent movement. Men of learning and position unitedwith Miller, both in preaching and in publishing his views, andfrom 1840 to 1844 the work rapidly extended.
4416	Amazing DiscoveriesDONATEGREAT CONTROVERSY 334-335• When it became known, multitudes were convinced of thecorrectness of the principles of prophetic interpretation adoptedby Miller and his associates, and a wonderful impetus was givento the advent movement. Men of learning and position unitedwith Miller, both in preaching and in publishing his views, andfrom 1840 to 1844 the work rapidly extended.
4422	DONATEGREAT CONTROVERSY 334-335• When it became known, multitudes were convinced of thecorrectness of the principles of prophetic interpretation adoptedby Miller and his associates, and a wonderful impetus was givento the advent movement. Men of learning and position unitedwith Miller, both in preaching and in publishing his views, andfrom 1840 to 1844 the work rapidly extended.MYRLANDE RICHARDSONGen 7v11 and 8v 1-4
4428	Amazing DiscoveriesDONATEGREAT CONTROVERSY 334-335• When it became known, multitudes were convinced of thecorrectness of the principles of prophetic interpretation adoptedby Miller and his associates, and a wonderful impetus was givento the advent movement. Men of learning and position unitedwith Miller, both in preaching and in publishing his views, andfrom 1840 to 1844 the work rapidly extended.
4434	Amazing DiscoveriesDONATEGREAT CONTROVERSY 334-335• When it became known, multitudes were convinced of thecorrectness of the principles of prophetic interpretation adoptedby Miller and his associates, and a wonderful impetus was givento the advent movement. Men of learning and position unitedwith Miller, both in preaching and in publishing his views, andfrom 1840 to 1844 the work rapidly extended.
4440	Amazing DiscoveriesDONATEGREAT CONTROVERSY 334-335• When it became known, multitudes were convinced of thecorrectness of the principles of prophetic interpretation adoptedby Miller and his associates, and a wonderful impetus was givento the advent movement. Men of learning and position unitedwith Miller, both in preaching and in publishing his views, andfrom 1840 to 1844 the work rapidly extended.
4446	Amazing DiscoveriesDONATEGREAT CONTROVERSY 334-335• When it became known, multitudes were convinced of thecorrectness of the principles of prophetic interpretation adoptedby Miller and his associates, and a wonderful impetus was givento the advent movement. Men of learning and position unitedwith Miller, both in preaching and in publishing his views, andfrom 1840 to 1844 the work rapidly extended.
4452	Amazing DiscoveriesDONATEGREAT CONTROVERSY 334-335• When it became known, multitudes were convinced of thecorrectness of the principles of prophetic interpretation adoptedby Miller and his associates, and a wonderful impetus was givento the advent movement. Men of learning and position unitedwith Miller, both in preaching and in publishing his views, andfrom 1840 to 1844 the work rapidly extended.
4458	Amazing DiscoveriesDONATEGREAT CONTROVERSY 334-335• When it became known, multitudes were convinced of thecorrectness of the principles of prophetic interpretation adoptedby Miller and his associates, and a wonderful impetus was givento the advent movement. Men of learning and position unitedwith Miller, both in preaching and in publishing his views, andfrom 1840 to 1844 the work rapidly extended.
4464	Amazing DiscoveriesDONATEGREAT CONTROVERSY 334-335• When it became known, multitudes were convinced of thecorrectness of the principles of prophetic interpretation adoptedby Miller and his associates, and a wonderful impetus was givento the advent movement. Men of learning and position unitedwith Miller, both in preaching and in publishing his views, andfrom 1840 to 1844 the work rapidly extended.
4470	Amazing DiscoveriesDONATEGREAT CONTROVERSY 334-335• When it became known, multitudes were convinced of thecorrectness of the principles of prophetic interpretation adoptedby Miller and his associates, and a wonderful impetus was givento the advent movement. Men of learning and position unitedwith Miller, both in preaching and in publishing his views, andfrom 1840 to 1844 the work rapidly extended.
4476	Amazing DiscoveriesDONATEGREAT CONTROVERSY 334-335• When it became known, multitudes were convinced of thecorrectness of the principles of prophetic interpretation adoptedby Miller and his associates, and a wonderful impetus was givento the advent movement. Men of learning and position unitedwith Miller, both in preaching and in publishing his views, andfrom 1840 to 1844 the work rapidly extended.
4482	Amazing DiscoveriesDONATEGREAT CONTROVERSY 334-335• When it became known, multitudes were convinced of thecorrectness of the principles of prophetic interpretation adoptedby Miller and his associates, and a wonderful impetus was givento the advent movement. Men of learning and position unitedwith Miller, both in preaching and in publishing his views, andfrom 1840 to 1844 the work rapidly extended.
4488	Amazing DiscoveriesDONATEGREAT CONTROVERSY 334-335• When it became known, multitudes were convinced of thecorrectness of the principles of prophetic interpretation adoptedby Miller and his associates, and a wonderful impetus was givento the advent movement. Men of learning and position unitedwith Miller, both in preaching and in publishing his views, andfrom 1840 to 1844 the work rapidly extended.
4494	Amazing DiscoveriesDONATEGREAT CONTROVERSY 334-335• When it became known, multitudes were convinced of thecorrectness of the principles of prophetic interpretation adoptedby Miller and his associates, and a wonderful impetus was givento the advent movement. Men of learning and position unitedwith Miller, both in preaching and in publishing his views, andfrom 1840 to 1844 the work rapidly extended.
4500	Amazing DiscoveriesDONATEGREAT CONTROVERSY 334-335• When it became known, multitudes were convinced of thecorrectness of the principles of prophetic interpretation adoptedby Miller and his associates, and a wonderful impetus was givento the advent movement. Men of learning and position unitedwith Miller, both in preaching and in publishing his views, andfrom 1840 to 1844 the work rapidly extended.
4506	Amazing DiscoveriesDONATEGREAT CONTROVERSY 334-335• When it became known, multitudes were convinced of thecorrectness of the principles of prophetic interpretation adoptedby Miller and his associates, and a wonderful impetus was givento the advent movement. Men of learning and position unitedwith Miller, both in preaching and in publishing his views, andfrom 1840 to 1844 the work rapidly extended.
4512	Amazing DiscoveriesDONATEGREAT CONTROVERSY 334-335• When it became known, multitudes were convinced of thecorrectness of the principles of prophetic interpretation adoptedby Miller and his associates, and a wonderful impetus was givento the advent movement. Men of learning and position unitedwith Miller, both in preaching and in publishing his views, andfrom 1840 to 1844 the work rapidly extended.
4518	Amazing DiscoveriesDONATEGREAT CONTROVERSY 334-335• When it became known, multitudes were convinced of thecorrectness of the principles of prophetic interpretation adoptedby Miller and his associates, and a wonderful impetus was givento the advent movement. Men of learning and position unitedwith Miller, both in preaching and in publishing his views, andfrom 1840 to 1844 the work rapidly extended.
4524	Amazing DiscoveriesDONATEGREAT CONTROVERSY 334-335• When it became known, multitudes were convinced of thecorrectness of the principles of prophetic interpretation adoptedby Miller and his associates, and a wonderful impetus was givento the advent movement. Men of learning and position unitedwith Miller, both in preaching and in publishing his views, andfrom 1840 to 1844 the work rapidly extended.
4530	Amazing DiscoveriesDONATEGREAT CONTROVERSY 334-335• When it became known, multitudes were convinced of thecorrectness of the principles of prophetic interpretation adoptedby Miller and his associates, and a wonderful impetus was givento the advent movement. Men of learning and position unitedwith Miller, both in preaching and in publishing his views, andfrom 1840 to 1844 the work rapidly extended.
4536	DONATEGREAT CONTROVERSY 334-335• When it became known, multitudes were convinced of thecorrectness of the principles of prophetic interpretation adoptedby Miller and his associates, and a wonderful impetus was givento the advent movement. Men of learning and position unitedwith Miller, both in preaching and in publishing his views, andfrom 1840 to 1844 the work rapidly extended.Engage With UsWrite your questions and comments in the chat!
4542	DONATEGREAT CONTROVERSY 334-335• When it became known, multitudes were convinced of thecorrectness of the principles of prophetic interpretation adoptedby Miller and his associates, and a wonderful impetus was givento the advent movement. Men of learning and position unitedwith Miller, both in preaching and in publishing his views, andfrom 1840 to 1844 the work rapidly extended.Engage With UsWrite your questions and comments in the chat!
4548	DONATEGREAT CONTROVERSY 334-335• When it became known, multitudes were convinced of thecorrectness of the principles of prophetic interpretation adoptedby Miller and his associates, and a wonderful impetus was givento the advent movement. Men of learning and position unitedwith Miller, both in preaching and in publishing his views, andfrom 1840 to 1844 the work rapidly extended.Engage With UsWrite your questions and comments in the chat!
4554	DONATEGREAT CONTROVERSY 334-335• When it became known, multitudes were convinced of thecorrectness of the principles of prophetic interpretation adoptedby Miller and his associates, and a wonderful impetus was givento the advent movement. Men of learning and position unitedwith Miller, both in preaching and in publishing his views, andfrom 1840 to 1844 the work rapidly extended.Engage With UsWrite your questions and comments in the chat!
4560	Amazing DiscoveriesDONATEGREAT CONTROVERSY 334-335• When it became known, multitudes were convinced of thecorrectness of the principles of prophetic interpretation adoptedby Miller and his associates, and a wonderful impetus was givento the advent movement. Men of learning and position unitedwith Miller, both in preaching and in publishing his views, andfrom 1840 to 1844 the work rapidly extended.
4566	Amazing DiscoveriesDONATEGREAT CONTROVERSY 334-335• When it became known, multitudes were convinced of thecorrectness of the principles of prophetic interpretation adoptedby Miller and his associates, and a wonderful impetus was givento the advent movement. Men of learning and position unitedwith Miller, both in preaching and in publishing his views, andfrom 1840 to 1844 the work rapidly extended.
4572	Amazing DiscoveriesDONATEGREAT CONTROVERSY 334-335• When it became known, multitudes were convinced of thecorrectness of the principles of prophetic interpretation adoptedby Miller and his associates, and a wonderful impetus was givento the advent movement. Men of learning and position unitedwith Miller, both in preaching and in publishing his views, andfrom 1840 to 1844 the work rapidly extended.
4578	Amazing DiscoveriesDONATEGREAT CONTROVERSY 334-335• When it became known, multitudes were convinced of thecorrectness of the principles of prophetic interpretation adoptedby Miller and his associates, and a wonderful impetus was givento the advent movement. Men of learning and position unitedwith Miller, both in preaching and in publishing his views, andfrom 1840 to 1844 the work rapidly extended.
4584	Amazing DiscoveriesDONATEGREAT CONTROVERSY 334-335• When it became known, multitudes were convinced of thecorrectness of the principles of prophetic interpretation adoptedby Miller and his associates, and a wonderful impetus was givento the advent movement. Men of learning and position unitedwith Miller, both in preaching and in publishing his views, andfrom 1840 to 1844 the work rapidly extended.
4590	Amazing DiscoveriesDONATEGREAT CONTROVERSY 334-335• When it became known, multitudes were convinced of thecorrectness of the principles of prophetic interpretation adoptedby Miller and his associates, and a wonderful impetus was givento the advent movement. Men of learning and position unitedwith Miller, both in preaching and in publishing his views, andfrom 1840 to 1844 the work rapidly extended.
4596	Amazing DiscoveriesDONATEGREAT CONTROVERSY 334-335• When it became known, multitudes were convinced of thecorrectness of the principles of prophetic interpretation adoptedby Miller and his associates, and a wonderful impetus was givento the advent movement. Men of learning and position unitedwith Miller, both in preaching and in publishing his views, andfrom 1840 to 1844 the work rapidly extended.
4602	Amazing DiscoveriesDONATEGREAT CONTROVERSY 334-335• When it became known, multitudes were convinced of thecorrectness of the principles of prophetic interpretation adoptedby Miller and his associates, and a wonderful impetus was givento the advent movement. Men of learning and position unitedwith Miller, both in preaching and in publishing his views, andfrom 1840 to 1844 the work rapidly extended.
4608	Amazing DiscoveriesDONATEGREAT CONTROVERSY 334-335• When it became known, multitudes were convinced of thecorrectness of the principles of prophetic interpretation adoptedby Miller and his associates, and a wonderful impetus was givento the advent movement. Men of learning and position unitedwith Miller, both in preaching and in publishing his views, andfrom 1840 to 1844 the work rapidly extended.
4614	Amazing DiscoveriesDONATEGREAT CONTROVERSY 334-335• When it became known, multitudes were convinced of thecorrectness of the principles of prophetic interpretation adoptedby Miller and his associates, and a wonderful impetus was givento the advent movement. Men of learning and position unitedwith Miller, both in preaching and in publishing his views, andfrom 1840 to 1844 the work rapidly extended.
4620	Amazing DiscoveriesDONATEGREAT CONTROVERSY 334-335• When it became known, multitudes were convinced of thecorrectness of the principles of prophetic interpretation adoptedby Miller and his associates, and a wonderful impetus was givento the advent movement. Men of learning and position unitedwith Miller, both in preaching and in publishing his views, andfrom 1840 to 1844 the work rapidly extended.
4626	Amazing DiscoveriesDONATEGREAT CONTROVERSY 334-335• When it became known, multitudes were convinced of thecorrectness of the principles of prophetic interpretation adoptedby Miller and his associates, and a wonderful impetus was givento the advent movement. Men of learning and position unitedwith Miller, both in preaching and in publishing his views, andfrom 1840 to 1844 the work rapidly extended.
4632	Amazing DiscoveriesDONATEGREAT CONTROVERSY 334-335• When it became known, multitudes were convinced of thecorrectness of the principles of prophetic interpretation adoptedby Miller and his associates, and a wonderful impetus was givento the advent movement. Men of learning and position unitedwith Miller, both in preaching and in publishing his views, andfrom 1840 to 1844 the work rapidly extended.
4638	Amazing DiscoveriesDONATEGREAT CONTROVERSY 334-335• When it became known, multitudes were convinced of thecorrectness of the principles of prophetic interpretation adoptedby Miller and his associates, and a wonderful impetus was givento the advent movement. Men of learning and position unitedwith Miller, both in preaching and in publishing his views, andfrom 1840 to 1844 the work rapidly extended.
4644	Amazing DiscoveriesDONATEGREAT CONTROVERSY 334-335• When it became known, multitudes were convinced of thecorrectness of the principles of prophetic interpretation adoptedby Miller and his associates, and a wonderful impetus was givento the advent movement. Men of learning and position unitedwith Miller, both in preaching and in publishing his views, andfrom 1840 to 1844 the work rapidly extended.
4650	Amazing DiscoveriesGREAT CONTROVERSY 334-335• When it became known, multitudes were convinced of thecorrectness of the principles of prophetic interpretation adoptedby Miller and his associates, and a wonderful impetus was givento the advent movement. Men of learning and position unitedwith Miller, both in preaching and in publishing his views, andfrom 1840 to 1844 the work rapidly extended.
4656	Amazing DiscoveriesDONATEGREAT CONTROVERSY 334-335• When it became known, multitudes were convinced of thecorrectness of the principles of prophetic interpretation adoptedby Miller and his associates, and a wonderful impetus was givento the advent movement. Men of learning and position unitedwith Miller, both in preaching and in publishing his views, andfrom 1840 to 1844 the work rapidly extended.
4662	Amazing DiscoveriesDONATEGREAT CONTROVERSY 334-335• When it became known, multitudes were convinced of thecorrectness of the principles of prophetic interpretation adoptedby Miller and his associates, and a wonderful impetus was givento the advent movement. Men of learning and position unitedwith Miller, both in preaching and in publishing his views, andfrom 1840 to 1844 the work rapidly extended.
4668	DONATEGREAT CONTROVERSY 334-335• When it became known, multitudes were convinced of thecorrectness of the principles of prophetic interpretation adoptedby Miller and his associates, and a wonderful impetus was givento the advent movement. Men of learning and position unitedwith Miller, both in preaching and in publishing his views, andfrom 1840 to 1844 the work rapidly extended.Dr Joseph Anderson IlDo you have a complete book of all the messages the first second and third angelsmessages?
4674	DONATEGREAT CONTROVERSY 334-335• When it became known, multitudes were convinced of thecorrectness of the principles of prophetic interpretation adoptedby Miller and his associates, and a wonderful impetus was givento the advent movement. Men of learning and position unitedwith Miller, both in preaching and in publishing his views, andfrom 1840 to 1844 the work rapidly extended.Dr Joseph Anderson IlDo you have a complete book E of all the messages the first second and third angelsmessages?
4680	DONATEGREAT CONTROVERSY 334-335• When it became known, multitudes were convinced of thecorrectness of the principles of prophetic interpretation adoptedby Miller and his associates, and a wonderful impetus was givento the advent movement. Men of learning and position unitedwith Miller, both in preaching and in publishing his views, andfrom 1840 to 1844 the work rapidly extended.Dr Joseph Anderson IlDo you have a complete book E of all the messages the first second and third angelsmessages?
4686	DONATEGREAT CONTROVERSY 334-335• When it became known, multitudes were convinced of thecorrectness of the principles of prophetic interpretation adoptedby Miller and his associates, and a wonderful impetus was givento the advent movement. Men of learning and position unitedwith Miller, both in preaching and in publishing his views, andfrom 1840 to 1844 the work rapidly extended.Dr Joseph Anderson IlDo you have a complete book of all the messages the first second and third angelsmessages?
4692	DONATEGREAT CONTROVERSY 334-335• When it became known, multitudes were convinced of thecorrectness of the principles of prophetic interpretation adoptedby Miller and his associates, and a wonderful impetus was givento the advent movement. Men of learning and position unitedwith Miller, both in preaching and in publishing his views, andfrom 1840 to 1844 the work rapidly extended.Dr Joseph Anderson IlDo you have a complete book of all the messages the first second and third angelsmessages?
4698	DONATEGREAT CONTROVERSY 334-335• When it became known, multitudes were convinced of thecorrectness of the principles of prophetic interpretation adoptedby Miller and his associates, and a wonderful impetus was givento the advent movement. Men of learning and position unitedwith Miller, both in preaching and in publishing his views, andfrom 1840 to 1844 the work rapidly extended.Dr Joseph Anderson IlDo you have a complete book E of all the messages the first second and third angelsmessages?
4704	DONATEGREAT CONTROVERSY 334-335• When it became known, multitudes were convinced of thecorrectness of the principles of prophetic interpretation adoptedby Miller and his associates, and a wonderful impetus was givento the advent movement. Men of learning and position unitedwith Miller, both in preaching and in publishing his views, andfrom 1840 to 1844 the work rapidly extended.Dr Joseph Anderson IlDo you have a complete book E of all the messages the first second and third angelsmessages?
4710	DONATEAmazing DiscoveriesGREAT CONTROVERSY 334-335• When it became known, multitudes were convinced of thecorrectness of the principles of prophetic interpretation adoptedby Miller and his associates, and a wonderful impetus was givento the advent movement. Men of learning and position unitedwith Miller, both in preaching and in publishing his views, andfrom 1840 to 1844 the work rapidly extended.Diane CarterDo you have a study on the trumpets and woes specifically so i can start to understand?
4716	Amazing DiscoveriesGREAT CONTROVERSY 334-335• When it became known, multitudes were convinced of thecorrectness of the principles of prophetic interpretation adoptedby Miller and his associates, and a wonderful impetus was givento the advent movement. Men of learning and position unitedwith Miller, both in preaching and in publishing his views, andfrom 1840 to 1844 the work rapidly extended.
4722	Amazing DiscoveriesDONATEGREAT CONTROVERSY 334-335• When it became known, multitudes were convinced of thecorrectness of the principles of prophetic interpretation adoptedby Miller and his associates, and a wonderful impetus was givento the advent movement. Men of learning and position unitedwith Miller, both in preaching and in publishing his views, andfrom 1840 to 1844 the work rapidly extended.
4728	Amazing DiscoveriesDONATEGREAT CONTROVERSY 334-335• When it became known, multitudes were convinced of thecorrectness of the principles of prophetic interpretation adoptedby Miller and his associates, and a wonderful impetus was givento the advent movement. Men of learning and position unitedwith Miller, both in preaching and in publishing his views, andfrom 1840 to 1844 the work rapidly extended.
4734	Amazing DiscoveriesDONATEGREAT CONTROVERSY 334-335• When it became known, multitudes were convinced of thecorrectness of the principles of prophetic interpretation adoptedby Miller and his associates, and a wonderful impetus was givento the advent movement. Men of learning and position unitedwith Miller, both in preaching and in publishing his views, andfrom 1840 to 1844 the work rapidly extended.
4740	Amazing DiscoveriesDONATEGREAT CONTROVERSY 334-335• When it became known, multitudes were convinced of thecorrectness of the principles of prophetic interpretation adoptedby Miller and his associates, and a wonderful impetus was givento the advent movement. Men of learning and position unitedwith Miller, both in preaching and in publishing his views, andfrom 1840 to 1844 the work rapidly extended.
4746	Amazing DiscoveriesDONATEGREAT CONTROVERSY 334-335• When it became known, multitudes were convinced of thecorrectness of the principles of prophetic interpretation adoptedby Miller and his associates, and a wonderful impetus was givento the advent movement. Men of learning and position unitedwith Miller, both in preaching and in publishing his views, andfrom 1840 to 1844 the work rapidly extended.
4752	Amazing DiscoveriesDONATEGREAT CONTROVERSY 334-335• When it became known, multitudes were convinced of thecorrectness of the principles of prophetic interpretation adoptedby Miller and his associates, and a wonderful impetus was givento the advent movement. Men of learning and position unitedwith Miller, both in preaching and in publishing his views, andfrom 1840 to 1844 the work rapidly extended.
4758	Amazing DiscoveriesDONATEGREAT CONTROVERSY 334-335• When it became known, multitudes were convinced of thecorrectness of the principles of prophetic interpretation adoptedby Miller and his associates, and a wonderful impetus was givento the advent movement. Men of learning and position unitedwith Miller, both in preaching and in publishing his views, andfrom 1840 to 1844 the work rapidly extended.
4764	Amazing DiscoveriesDONATEGREAT CONTROVERSY 334-335• When it became known, multitudes were convinced of thecorrectness of the principles of prophetic interpretation adoptedby Miller and his associates, and a wonderful impetus was givento the advent movement. Men of learning and position unitedwith Miller, both in preaching and in publishing his views, andfrom 1840 to 1844 the work rapidly extended.
4770	Amazing DiscoveriesDONATEGREAT CONTROVERSY 334-335• When it became known, multitudes were convinced of thecorrectness of the principles of prophetic interpretation adoptedby Miller and his associates, and a wonderful impetus was givento the advent movement. Men of learning and position unitedwith Miller, both in preaching and in publishing his views, andfrom 1840 to 1844 the work rapidly extended.
4776	Amazing DiscoveriesDONATEGREAT CONTROVERSY 334-335• When it became known, multitudes were convinced of thecorrectness of the principles of prophetic interpretation adoptedby Miller and his associates, and a wonderful impetus was givento the advent movement. Men of learning and position unitedwith Miller, both in preaching and in publishing his views, andfrom 1840 to 1844 the work rapidly extended.
4782	Amazing DiscoveriesDONATEGREAT CONTROVERSY 334-335• When it became known, multitudes were convinced of thecorrectness of the principles of prophetic interpretation adoptedby Miller and his associates, and a wonderful impetus was givento the advent movement. Men of learning and position unitedwith Miller, both in preaching and in publishing his views, andfrom 1840 to 1844 the work rapidly extended.
4788	Amazing DiscoveriesDONATEGREAT CONTROVERSY 334-335• When it became known, multitudes were convinced of thecorrectness of the principles of prophetic interpretation adoptedby Miller and his associates, and a wonderful impetus was givento the advent movement. Men of learning and position unitedwith Miller, both in preaching and in publishing his views, andfrom 1840 to 1844 the work rapidly extended.
4794	Amazing DiscoveriesDONATEGREAT CONTROVERSY 334-335• When it became known, multitudes were convinced of thecorrectness of the principles of prophetic interpretation adoptedby Miller and his associates, and a wonderful impetus was givento the advent movement. Men of learning and position unitedwith Miller, both in preaching and in publishing his views, andfrom 1840 to 1844 the work rapidly extended.
4800	Amazing DiscoveriesDONATEGREAT CONTROVERSY 334-335• When it became known, multitudes were convinced of thecorrectness of the principles of prophetic interpretation adoptedby Miller and his associates, and a wonderful impetus was givento the advent movement. Men of learning and position unitedwith Miller, both in preaching and in publishing his views, andfrom 1840 to 1844 the work rapidly extended.
4806	Amazing DiscoveriesDONATEGREAT CONTROVERSY 334-335• When it became known, multitudes were convinced of thecorrectness of the principles of prophetic interpretation adoptedby Miller and his associates, and a wonderful impetus was givento the advent movement. Men of learning and position unitedwith Miller, both in preaching and in publishing his views, andfrom 1840 to 1844 the work rapidly extended.
4812	Amazing DiscoveriesDONATE
4818	DONATEAmazing Discoveries
4824	DONATEAmazing Discoveries
4830	DONATEAmazing Discoveries
4836	DONATEAmazing Discoveries
4842	DONATEAmazing Discoveries
4848	DONATEAmazing Discoveries
4854	DONATEAmazing Discoveries
4860	DONATESDA Foundational Truths 1840-44If we are supposed to repeat these messages, does that mean that the eastern question willonce again give impetus to our message?
4866	DONATESDA Foundational Truths 1840-44If we are supposed to repeat these messages, does that mean that the eastern question willonce again give impetus to our message?
4872	DONATESSDA Foundational Truths 1840-44If we are supposed to repeat these messages, does that mean that the eastern question willonce again give impetus to our message?
4878	DONATESSDA Foundational Truths 1840-44If we are supposed to repeat these messages, does that mean that the eastern question willonce again give impetus to our message?
4884	DONATESSDA Foundational Truths 1840-44If we are supposed to repeat these messages, does that mean that the eastern question willonce again give impetus to our message?
4890	DONATESDA Foundational Truths 1840-44If we are supposed to repeat these messages, does that mean that the eastern question willonce again give impetus to our message?
4896	DONATESDA Foundational Truths 1840-44If we are supposed to repeat these messages, does that mean that the eastern question willonce again give impetus to our message?
4902	DONATESSDA Foundational Truths 1840-44If we are supposed to repeat these messages, does that mean that the eastern question willonce again give impetus to our message?
4908	DONATESDA Foundational Truths 1840-44If we are supposed to repeat these messages, does that mean that the eastern question willonce again give impetus to our message?
4914	DONATESDA Foundational Truths 1840-44If we are supposed to repeat these messages, does that mean that the eastern question willonce again give impetus to our message?
4920	DONATESSDA Foundational Truths 1840-44If we are supposed to repeat these messages, does that mean that the eastern question willonce again give impetus to our message?
4926	DONATESSDA Foundational Truths 1840-44If we are supposed to repeat these messages, does that mean that the eastern question willonce again give impetus to our message?
4932	DONATESDA Foundational Truths 1840-44If we are supposed to repeat these messages, does that mean that the eastern question willonce again give impetus to our message?
4938	DONATESSDA Foundational Truths 1840-44If we are supposed to repeat these messages, does that mean that the eastern question willonce again give impetus to our message?
4944	DONATESDA Foundational Truths 1840-44If we are supposed to repeat these messages, does that mean that the eastern question willonce again give impetus to our message?
4950	DONATESDA Foundational Truths 1840-44If we are supposed to repeat these messages, does that mean that the eastern question willonce again give impetus to our message?
4956	DONATESDA Foundational Truths 1840-44If we are supposed to repeat these messages, does that mean that the eastern question willonce again give impetus to our message?
4962	DONATESDA Foundational Truths 1840-44If we are supposed to repeat these messages, does that mean that the eastern question willonce again give impetus to our message?
4968	DONATESSDA Foundational Truths 1840-44If we are supposed to repeat these messages, does that mean that the eastern question willonce again give impetus to our message?
4974	DONATESSDA Foundational Truths 1840-44If we are supposed to repeat these messages, does that mean that the eastern question willonce again give impetus to our message?
4980	DONATESSDA Foundational Truths 1840-44If we are supposed to repeat these messages, does that mean that the eastern question willonce again give impetus to our message?
4986	DONATESSDA Foundational Truths 1840-44If we are supposed to repeat these messages, does that mean that the eastern question willonce again give impetus to our message?
4992	DONATESDA Foundational Truths 1840-44If we are supposed to repeat these messages, does that mean that the eastern question willonce again give impetus to our message?
4998	DONATESSDA Foundational Truths 1840-44If we are supposed to repeat these messages, does that mean that the eastern question willonce again give impetus to our message?
5004	DONATESDA Foundational Truths 1840-44If we are supposed to repeat these messages, does that mean that the eastern question willonce again give impetus to our message?
5010	DONATESDA Foundational Truths 1840-44If we are supposed to repeat these messages, does that mean that the eastern question willonce again give impetus to our message?
5016	DONATESSDA Foundational Truths 1840-44If we are supposed to repeat these messages, does that mean that the eastern question willonce again give impetus to our message?
5022	DONATESDA Foundational Truths 1840-44If we are supposed to repeat these messages, does that mean that the eastern question willonce again give impetus to our message?
5028	DONATESSDA Foundational Truths 1840-44If we are supposed to repeat these messages, does that mean that the eastern question willonce again give impetus to our message?
5034	DONATESDA Foundational Truths 1840-44If we are supposed to repeat these messages, does that mean that the eastern question willonce again give impetus to our message?
5040	DONATESSDA Foundational Truths 1840-44If we are supposed to repeat these messages, does that mean that the eastern question willonce again give impetus to our message?
5046	DONATESDA Foundational Truths 1840-44If we are supposed to repeat these messages, does that mean that the eastern question willonce again give impetus to our message?
5052	DONATESSDA Foundational Truths 1840-44If we are supposed to repeat these messages, does that mean that the eastern question willonce again give impetus to our message?
5058	DONATESDA Foundational Truths 1840-44If we are supposed to repeat these messages, does that mean that the eastern question willonce again give impetus to our message?
5064	DONATESSDA Foundational Truths 1840-44If we are supposed to repeat these messages, does that mean that the eastern question willonce again give impetus to our message?
5070	DONATESSDA Foundational Truths 1840-44If we are supposed to repeat these messages, does that mean that the eastern question willonce again give impetus to our message?
5076	DONATESSDA Foundational Truths 1840-44If we are supposed to repeat these messages, does that mean that the eastern question willonce again give impetus to our message?
5082	DONATESSDA Foundational Truths 1840-44If we are supposed to repeat these messages, does that mean that the eastern question willonce again give impetus to our message?
5088	DONATESSDA Foundational Truths 1840-44If we are supposed to repeat these messages, does that mean that the eastern question willonce again give impetus to our message?
5094	DONATESSDA Foundational Truths 1840-44If we are supposed to repeat these messages, does that mean that the eastern question willonce again give impetus to our message?
5100	DONATESSDA Foundational Truths 1840-44If we are supposed to repeat these messages, does that mean that the eastern question willonce again give impetus to our message?
5106	DONATESSDA Foundational Truths 1840-44If we are supposed to repeat these messages, does that mean that the eastern question willonce again give impetus to our message?
5112	DONATEMarie Antoinewhat book should we read to understand the 3 Angel message in order?
5118	DONATEAmazing Discoveries
5124	DONATEAmazing Discoveries
5130	DONATEAmazing Discoveries
5136	DONATEAmazing Discoveries
5142	DONATEAmazing Discoveries
5148	DONATEAmazing Discoveries
5154	DONATEAmazing Discoveries
5160	DONATEAmazing Discoveries
5166	DONATEAmazing Discoveries
5172	DONATEAmazing Discoveries
5178	DONATEAmazing Discoveries
5184	DONATEAmazing Discoveries
5190	DONATEAmazing Discoveries
5196	DONATEAmazing Discoveries
5202	DONATEAmazing Discoveries
5208	DONATEAmazing Discoveries
5214	DONATEAmazing Discoveries
5220	DONATEAmazing Discoveries
5226	DONATEAmazing Discoveries
5232	DONATEAmazing Discoveries
5238	DONATEAmazing Discoveries
5244	DONATEAmazing Discoveries
5250	DONATEAmazing Discoveries
5256	DONATEAmazing Discoveries
5262	DONATEAmazing Discoveries
5268	DONATEAmazing Discoveries
5274	DONATEAmazing Discoveries
5280	DONATEAmazing Discoveries
5286	DONATEAmazing Discoveries
5292	DONATEAmazing Discoveries
5298	DONATEAmazing Discoveries
5304	DONATEAmazing Discoveries
5310	DONATEAmazing Discoveries
5316	DONATEAmazing Discoveries
5322	DONATEAmazing Discoveries
5328	DONATEAmazing Discoveries
5334	DONATEAmazing Discoveries
5340	DONATEAmazing Discoveries
5346	DONATEAmazing Discoveries
5352	DONATEAmazing Discoveries
5358	DONATEAmazing Discoveries
5364	DONATEAmazing Discoveries
5370	DONATEAmazing Discoveries
5376	DONATEAmazing Discoveries
5382	DONATEAmazing Discoveries
5388	DONATEAmazing Discoveries
5394	DONATEAmazing Discoveries
5400	DONATEAmazing Discoveries
5406	DONATEAmazing Discoveries
5412	DONATEAmazing Discoveries
5418	DONATEAmazing Discoveries
5424	" Someone scanned the QR codeDONATEAmazing Discoveries
5430	DONATEAmazing Discoveries
5436	DONATE
5442	DONATEAnthony DeaneDo you believe the established belief of the pioneers and the experience we are to have asthem will cause the shaking spoken of in SOP? Presently, these messages are not heard in ourchurches.
5448	DONATEAnthony DeaneDo you believe the established belief of the pioneers and the experience we are to have asthem will cause the shaking spoken of in SOP? Presently, these messages are not heard in ourchurches.
5454	DONATEAnthony DeaneDo you believe the established belief of the pioneers and the experience we are to have asthem will cause the shaking spoken of in SOP? Presently, these messages are not heard in ourchurches.
5460	DONATEAnthony DeaneDo you believe the established belief of the pioneers and the experience we are to have asthem will cause the shaking spoken of in SOP? Presently, these messages are not heard in ourchurches.
5466	DONATEAnthony DeaneDo you believe the established belief of the pioneers and the experience we are to have asthem will cause the shaking spoken of in SOP? Presently, these messages are not heard in ourchurches.
5472	DONATEAnthony DeaneDo you believe the established belief of the pioneers and the experience we are to have asthem will cause the shaking spoken of in SOP? Presently, these messages are not heard in ourchurches.
5478	DONATEAnthony DeaneDo you believe the established belief of the pioneers and the experience we are to have asthem will cause the shaking spoken of in SOP? Presently, these messages are not heard in ourchurches.
5484	DONATEAnthony DeaneDo you believe the established belief of the pioneers and the experience we are to have asthem will cause the shaking spoken of in SOP? Presently, these messages are not heard in ourchurches.
5490	DONATEAnthony DeaneDo you believe the established belief of the pioneers and the experience we are to have asthem will cause the shaking spoken of in SOP? Presently, these messages are not heard in ourchurches.
5496	DONATEAnthony DeaneDo you believe the established belief of the pioneers and the experience we are to have asthem will cause the shaking spoken of in SOP? Presently, these messages are not heard in ourchurches.
5502	DONATEAmazing Discoveries0900
5508	DONATEAmazing Discoveries
5514	DONATEAmazing Discoveries
5520	DONATEAmazing Discoveries
5526	DONATEAmazing Discoveries
5532	DONATEAmazing Discoveries
5538	DONATEAmazing Discoveries
5544	DONATEAmazing Discoveries
5550	DONATEAmazing Discoveries
5556	DONATEAmazing Discoveries
5562	DONATEAmazing Discoveries
5568	< Someone scanned the QR codeDONATEAmazing Discoveries
5574	< Someone scanned the QR codeDONATEAmazing Discoveries
5580	DONATEAmazing Discoveries
5586	DONATEAmazing Discoveries
5592	DONATEAmazing Discoveries
5598	DONATEAmazing Discoveries
5604	DONATEAmazing Discoveries
5610	DONATEAmazing Discoveries
5616	DONATEAmazing Discoveries
5622	DONATEAmazing Discoveries
5628	DONATEAmazing Discoveries
5634	DONATEAmazing Discoveries
5640	DONATEAmazing Discoveries
5646	DONATEAmazing Discoveries
5652	DONATEAmazing Discoveries
5658	DONATEAmazing Discoveries
5664	DONATEAmazing Discoveries
5670	Join us for the Next Bible StudyFriday, December 27 at 5:00pm PSTDONATE
5676	DONATEAmazing Discoveries
5682	DONATEJudgmentDayDocumentary.com
5688	DONATEJudgmentDayDocumentary.comAmazing Discoveries
5694	Check out last week's studyGo to judgmentdaydocumentary.comDONATE
5700	Check out last week's studyGo to judgmentdaydocumentary.comDONATE
5706	DONATEAmazing Discoveries
5712	DONATEAmazing Discoveries
5718	DONATEAmazing Discoveries
5724	DONATEAmazing DiscoveriesE: support@amazingdiscoveries.org P: 1-866-572-9457
5730	DONATEAmazing DiscoveriesE: support@amazingdiscoveries.org P: 1-866-572-9457
5736	DONATEAmazing DiscoveriesE: support@amazingdiscoveries.org P: 1-866-572-9457
5742	DONATEAmazing Discoveries
5748	DONATEAmazing Discoveries
5754	DONATE
5760	Join us for the Next Bible StudyFriday, December 27 at 5:00pm PSTDONATE
5766	DONATEAmazing Discoveries
5772	DONATEAmazing Discoveries
5778	DONATEAmazing Discoveries
5784	DONATEAmazing Discoveries
5790	DONATEAmazing Discoveries
5796	DONATEAmazing Discoveries
5802	DONATEAmazing Discoveries
5808	DONATEAmazing Discoveries
5814	DONATEAmazing Discoveries
5820	
5826	Have a blessed Sabbath!Thank you for watching!DONATE
5832	Have a blessed Sabbath!Thank you for watching!DONATE
5838	Join us for the Next Bible StudyFriday, December 27 al 5:00pm PSTDONATE
5844	Join us for the Next Bible StudyFriday, December 27 at 5:00pm PSTDONATE
5850	DONATEAmazing Discoveries
5856	Let's make the Truth plain again!JudgmentDayDocumentary.comDONATE
5862	1Y Someone scanned the QR codeDONATELet's make the Truth plain again!JudgmentDayDocumentary.com
5868	< Someone scanned the QR codeDONATEAmazing Discoveries
5874	DONATE
5880	DONATE• 0JUDGMENT DAY10 WEEK BIBLE STUDYNEXT STUDY FRIDAYDECEMBER 27 AT 5:00PM PST
5886	DONATE• 0JUDGMENT DAY10 WEEK BIBLE STUDYNEXT STUDY FRIDAYDECEMBER 27 AT 5:00PM PST
5892	DONATEJUDGMENT DAY10 WEEK BIBLE STUDYNEXT STUDY FRIDAYDECEMBER 27 AT 5:00PM PST
5898	DONATEJUDGMENT DAY10 WEEK BIBLE STUDYNEXT STUDY FRIDAYDECEMBER 27 AT 5:00PM PST
5904	DONATE• 0JUDGMENT DAY10 WEEK BIBLE STUDYNEXT STUDY FRIDAYDECEMBER 27 AT 5:00PM PST
