0	MAKING THETRUTH PLAINHAS JUDGMENTAOF THE LIVINGBEGUN? PART 1Week 12 of JUDGMENT DAY STUDIES
6	MAKING THETRUTH PLAINHAS JUDGMENTOF THE LIVINGBEGUN? PART 1Week 12 of JUDGMENT DAY STUDIES
12	MAKING THETRUTH PLAINHAS JUDGMENTOF THE LIVINGBEGUN? PART 1Week 12 of JUDGMENT DAY STUDIES
18	MAKING THETRUTH PLAINHAS JUDGMENTAOF THE LIVINGBEGUN? PART 1Week 12 of JUDGMENT DAY STUDIES
24	MAKING THETRUTH PLAINHAS JUDGMENTOF THE LIVINGBEGUN? PART 1Week 12 of JUDGMENT DAY STUDIES
30	MAKING THETRUTH PLAINHAS JUDGMENTOF THE LIVINGBEGUN? PART 1Week 12 of JUDGMENT DAY STUDIES
36	MAKING THETRUTH PLAINHAS JUDGMENTAOF THE LIVINGBEGUN? PART 1Week 12 of JUDGMENT DAY STUDIES
42	MAKING THETRUTH PLAINHAS JUDGMENTOF THE LIVINGBEGUN? PART 1Week 12 of JUDGMENT DAY STUDIES
48	MAKING THETRUTH PLAINHAS JUDGMENTAOF THE LIVINGBEGUN? PART 1Week 12 of JUDGMENT DAY STUDIES
54	MAKING THETRUTH PLAINHAS JUDGMENTAOF THE LIVINGBEGUN? PART 1Week 12 of JUDGMENT DAY STUDIES
60	MAKING THETRUTH PLAINHAS JUDGMENTOF THE LIVINGBEGUN? PART 1Week 12 of JUDGMENT DAY STUDIES
66	MAKING THETRUTH PLAINHAS JUDGMENTOF THE LIVINGBEGUN? PART 1Week 12 of JUDGMENT DAY STUDIES
72	MAKING THETRUTH PLAINHAS JUDGMENTAOF THE LIVINGBEGUN? PART 1Week 12 of JUDGMENT DAY STUDIES
78	MAKING THETRUTH PLAINHAS JUDGMENTAOF THE LIVINGBEGUN? PART 1Week 12 of JUDGMENT DAY STUDIES
84	MAKING THETRUTH PLAINHAS JUDGMENTOF THE LIVINGBEGUN? PART 1Week 12 of JUDGMENT DAY STUDIES
90	MAKING THETRUTH PLAINHAS JUDGMENTOF THE LIVINGBEGUN? PART 1Week 12 of JUDGMENT DAY STUDIES
96	MAKING THETRUTH PLAINHAS JUDGMENTAOF THE LIVINGBEGUN? PART 1Week 12 of JUDGMENT DAY STUDIES
102	MAKING THETRUTH PLAINHAS JUDGMENTAOF THE LIVINGBEGUN? PART 1Week 12 of JUDGMENT DAY STUDIES
108	MAKING THETRUTH PLAINHAS JUDGMENTAOF THE LIVINGBEGUN? PART 1Week 12 of JUDGMENT DAY STUDIES
114	MAKING THETRUTH PLAINHAS JUDGMENTOF THE LIVINGBEGUN? PART 1Week 12 of JUDGMENT DAY STUDIES
120	MAKING THETRUTH PLAINHAS JUDGMENTOF THE LIVINGBEGUN? PART 1Week 12 of JUDGMENT DAY STUDIES
126	MAKING THETRUTH PLAINHAS JUDGMENTOF THE LIVINGBEGUN? PART 1Week 12 of JUDGMENT DAY STUDIES
132	MAKING THETRUTH PLAINHAS JUDGMENTAOF THE LIVINGBEGUN? PART 1Week 12 of JUDGMENT DAY STUDIES
138	MAKING THETRUTH PLAINHAS JUDGMENTOF THE LIVINGBEGUN? PART 1Week 12 of JUDGMENT DAY STUDIES
144	MAKING THETRUTH PLAINHAS JUDGMENTOF THE LIVINGBEGUN? PART 1Week 12 of JUDGMENT DAY STUDIES
150	MAKING THETRUTH PLAINHAS JUDGMENTOF THE LIVINGBEGUN? PART 1Week 12 of JUDGMENT DAY STUDIES
156	MAKING THETRUTH PLAINHAS JUDGMENTAOF THE LIVINGBEGUN? PART 1Week 12 of JUDGMENT DAY STUDIES
162	MAKING THETRUTH PLAINHAS JUDGMENTAOF THE LIVINGBEGUN? PART 1Week 12 of JUDGMENT DAY STUDIES
168	MAKING THETRUTH PLAINHAS JUDGMENTAOF THE LIVINGBEGUN? PART 1Week 12 of JUDGMENT DAY STUDIES
174	MAKING THETRUTH PLAINHAS JUDGMENTOF THE LIVINGBEGUN? PART 1Week 12 of JUDGMENT DAY STUDIES
180	MAKING THETRUTH PLAINHAS JUDGMENTOF THE LIVINGBEGUN? PART 1Week 12 of JUDGMENT DAY STUDIES
186	
192	
198	MacKenzie DrebitVice President
204	DONATEMacKenzie DrebitVice President
210	ADILIVEDONATEA DYou're Watching Week 12 of the Judgment Day Studies
216	ADLIVEDONATEYou're Watching Week 12 of the Judgment Day Studies
222	ADILIVEDONATEADYou're Watching Week 12 of the Judgment Day Studies
228	ADLIVEDONATEWelcome to Judgment Day Studies
234	AD.LIVEDONATEALLWelcome to Judgment Day Studies
240	ADtvLIVEDONATEA DWelcome to Judgment Day Studies
246	ADILIVEDONATEWelcome to Judgment Day Studies
252	DONATEALD.LIVE
258	20DONATEAD.LIVEA D
264	DONATEAD.LIVEA D
270	20DONATEADLIVE
276	DONATEADLIVE
282	DONATEAR.
288	DONATEADLIVE
294	DONATELIVEAD
300	DONATEAD.
306	ADLIVEDONATEFor Your Copy of the Sabbath Bookmarksbookmarks.amazingdiscoveries.org
312	ADLIVEDONATEFor Your Copy of the Sabbath Bookmarksbookmarks.amazingdiscoveries.org
318	ADLIVEDONATEA DFor Your Copy of the Sabbath Bookmarksbookmarks.amazingdiscoveries.org
324	ADLIVEDONATEFor Your Copy of the Sabbath Bookmarksbookmarks.amazingdiscoveries.org
330	ADLIVEDONATEFor Your Copy of the Sabbath Bookmarksbookmarks.amazingdiscoveries.org
336	ADLIVEDONATEAIDFor Your Copy of the Sabbath Bookmarksbookmarks.amazingdiscoveries.org
342	ADLIVEDONATEFor Your Copy of the Sabbath Bookmarksbookmarks.amazingdiscoveries.org
348	ADLIVEDONATEFor Your Copy of the Sabbath Bookmarksbookmarks.amazingdiscoveries.org
354	ADLIVEDONATEFor Your Copy of the Sabbath Bookmarksbookmarks.amazingdiscoveries.org
360	20DONATELIVE
366	DONATEAID.LIVE
372	20DONATEAD.LIVE
378	DONATEAD.LIVE
384	20DONATEAD.LIVE
390	DONATEAD.LIVE
396	DONATEADLIVE
402	DONATEAD.LIVE
408	DONATEAD.
414	ADILIVEDONATEJudgmentDayDocumentary.com
420	ADLIVEDONATEA DJudgmentDayDocumentary.com
426	ALD.LIVEDONATEAIDJudgmentDayDocumentary.com
432	ADLIVEDONATEA DJudgmentDayDocumentary.com
438	DONATEAD.
444	DONATEAL.
450	20DONATEAD.LIVE
456	DONATEAD.LIVE
462	DONATEAD.LIVE
468	DONATEAD.LIVE
474	DONATEADLIVE
480	DONATEALLALD
486	DONATEAD.LIVE
492	DONATEAD.LIVE
498	HAS JUDGMENT OF12The Livingbeguna 0Part 1AD.
504	HAS JUDGMENT OF12The Livingbegun• 0Part 1AD.
510	DONATE• Shaking• Latter Rain• Sealing• Loud Cry• Judgment of the LivingAD.
516	DONATE• Shaking• Latter Rain• Sealing• Loud Cry• Judgment of the Living
522	• Shaking• Latter Rain• Sealing• Loud Cry• Judgment of the LivingAD.
528	DONATE• Shaking = Sifting (find out who is the True Wheat)• Latter Rain• Sealing• Loud Cry• Judgment of the LivingAD.
534	DONATE• Shaking = Sifting (find out who is the True Wheat)• Latter Rain• Sealing• Loud Cry• Judgment of the Living
540	DONATE• Shaking = Sifting (find out who is the True Wheat)• Latter Rain• Sealing• Loud Cry• Judgment of the LivingAD.
546	DONATE• Shaking = Sifting (find out who is the True Wheat)• Latter Rain• Sealing• Loud Cry• Judgment of the LivingAD.
552	DONATE• Shaking = Sifting (find out who is the True Wheat)• Latter Rain = True Doctrine (specifically Prophecy)• Sealing• Loud Cry• Judgment of the LivingAD.
558	DONATE• Shaking = Sifting (find out who is the True Wheat)• Latter Rain = True Doctrine (specifically Prophecy)• Sealing• Loud Cry• Judgment of the LivingAD.
564	DONATE• Shaking = Sifting (find out who is the True Wheat)• Latter Rain = True Doctrine (specifically Prophecy)• Sealing• Loud Cry• Judgment of the LivingAD.
570	DONATE• Shaking = Sifting (find out who is the True Wheat)• Latter Rain = True Doctrine (specifically Prophecy)• Sealing = ?• Loud Cry = ?• Judgment of the Living = ?AD.
576	DONATE• Shaking = Sifting (find out who is the True Wheat)• Latter Rain = True Doctrine (specifically Prophecy)• Sealing = ?• Loud Cry = ?• Judgment of the Living = ?AD.
582	• Shaking = Sifting (find out who is the True Wheat)• Latter Rain = True Doctrine (specifically Prophecy)• Sealing = ?• Loud Cry = ?• Judgment of the Living = ?AD.
588	CHRISTIAN EXPERIENCE AND TEACHINGS P.176.1• I asked the meaning of the shaking I had seen, and was shownthat it would be caused by the straight testimony called forthby the counsel of the True Witness to the Laodiceans.This will have its effect upon the heart of the receiver, and willlead him to exalt the standard and pour forth the straight truth.Some will not bear this straight testimony. They will rise upagainst it, and this is what will cause a shaking amongGod's people.ADLIVE
594	DONATEIRISTIAN EXPERIENCE AND TEACHINGS P. 176.1• I asked the meaning of the shaking I had seen, and was shownthat it would be caused by the straight testimony called forthby the counsel of the True Witness to the Laodiceans.This will have its effect upon the heart of the receiver, and willlead him to exalt the standard and pour forth the straight truth.Some will not bear this straight testimony. They will rise upagainst it, and this is what will cause a shaking amongGod's people.ADLIVE
600	DONATEIRISTIAN EXPERIENCE AND TEACHINGS P. 176.1• I asked the meaning of the shaking I had seen, and was shownthat it would be caused by the straight testimony called forthby the counsel of the True Witness to the Laodiceans.This will have its effect upon the heart of the receiver, and willlead him to exalt the standard and pour forth the straight truth.Some will not bear this straight testimony. They will rise upagainst it, and this is what will cause a shaking amongGod's people.ADLIVE
606	DONATEIRISTIAN EXPERIENCE AND TEACHINGS P. 176.1• I asked the meaning of the shaking I had seen, and was shownthat it would be caused by the straight testimony called forthby the counsel of the True Witness to the Laodiceans.This will have its effect upon the heart of the receiver, and willlead him to exalt the standard and pour forth the straight truth.Some will not bear this straight testimony. They will rise upagainst it, and this is what will cause a shaking amongGod's people.ADLIVE
612	DONATEIRISTIAN EXPERIENCE AND TEACHINGS P. 176.1• I asked the meaning of the shaking I had seen, and was shownthat it would be caused by the straight testimony called forthby the counsel of the True Witness to the Laodiceans.This will have its effect upon the heart of the receiver, and willlead him to exalt the standard and pour forth the straight truth.Some will not bear this straight testimony. They will rise upagainst it, and this is what will cause a shaking amongGod's people.ADLIVE
618	IRISTIAN EXPERIENCE AND TEACHINGS P. 176.1• I asked the meaning of the shaking I had seen, and was shownthat it would be caused by the straight testimony called forthby the counsel of the True Witness to the Laodiceans.This will have its effect upon the heart of the receiver, and willlead him to exalt the standard and pour forth the straight truth.Some will not bear this straight testimony. They will rise upagainst it, and this is what will cause a shaking amongGod's people.ADILIVE
624	DONATEIRISTIAN EXPERIENCE AND TEACHINGS P. 176.1• I asked the meaning of the shaking I had seen, and was shownthat it would be caused by the straight testimony called forthby the counsel of the True Witness to the Laodiceans.This will have its effect upon the heart of the receiver, and willlead him to exalt the standard and pour forth the straight truth.Some will not bear this straight testimony. They will rise upagainst it, and this is what will cause a shaking amongGod's people.ADLIVE
630	DONATEIRISTIAN EXPERIENCE AND TEACHINGS P. 176.1• I asked the meaning of the shaking I had seen, and was shownthat it would be caused by the straight testimony called forthby the counsel of the True Witness to the Laodiceans.This will have its effect upon the heart of the receiver, and willlead him to exalt the standard and pour forth the straight truth.Some will not bear this straight testimony. They will rise upagainst it, and this is what will cause a shaking amongGod's people.AD.LIVE
636	AD.DONATECHRISTIAN EXPERIENCE AND TEACHINGS P. 176.1• I asked the meaning of the shaking I had seen, and was shownthat it would be caused by the straight testimony called forthby the counsel of the True Witness to the Laodiceans.This will have its effect upon the heart of the receiver, and willlead him to exalt the standard and pour forth the straight truth.Some will not bear this straight testimony. They will rise upagainst it, and this is what will cause a shaking amongGod's people.
642	DONATECHRISTIAN EXPERIENCE AND TEACHINGS P.176.1• I asked the meaning of the shaking I had seen, and was shownthat it would be caused by the straight testimony called forthby the counsel of the True Witness to the Laodiceans.This will have its effect upon the heart of the receiver, and willlead him to exalt the standard and pour forth the straight truth.Some will not bear this straight testimony. They will rise upagainst it, and this is what will cause a shaking amongGod's people.ADItvLIVE
648	CHRISTIAN EXPERIENCE AND TEACHINGS P.176.1• I asked the meaning of the shaking I had seen, and was shownthat it would be caused by the straight testimony called forthby the counsel of the True Witness to the Laodiceans.This will have its effect upon the heart of the receiver, and willlead him to exalt the standard and pour forth the straight truth.Some will not bear this straight testimony. They will rise upagainst it, and this is what will cause a shaking amongGod's people.ADLIVE
654	CHRISTIAN EXPERIENCE AND TEACHINGS P.176.1• I asked the meaning of the shaking I had seen, and was shownthat it would be caused by the straight testimony called forthby the counsel of the True Witness to the Laodiceans.This will have its effect upon the heart of the receiver, and willlead him to exalt the standard and pour forth the straight truth.Some will not bear this straight testimony. They will rise upagainst it, and this is what will cause a shaking amongGod's people.ADILIVE
660	CHRISTIAN EXPERIENCE AND TEACHINGS P.176.1• I asked the meaning of the shaking I had seen, and was shownthat it would be caused by the straight testimony called forthby the counsel of the True Witness to the Laodiceans.This will have its effect upon the heart of the receiver, and willlead him to exalt the standard and pour forth the straight truth.Some will not bear this straight testimony. They will rise upagainst it, and this is what will cause a shaking amongGod's people.ADLIVE
666	CHRISTIAN EXPERIENCE AND TEACHINGS P.176.1• I asked the meaning of the shaking I had seen, and was shownthat it would be caused by the straight testimony called forthby the counsel of the True Witness to the Laodiceans.This will have its effect upon the heart of the receiver, and willlead him to exalt the standard and pour forth the straight truth.Some will not bear this straight testimony. They will rise upagainst it, and this is what will cause a shaking amongGod's people.ADLIVE
672	CHRISTIAN EXPERIENCE AND TEACHINGS P.176.1• I asked the meaning of the shaking I had seen, and was shownthat it would be caused by the straight testimony called forthby the counsel of the True Witness to the Laodiceans.This will have its effect upon the heart of the receiver, and willlead him to exalt the standard and pour forth the straight truth.Some will not bear this straight testimony. They will rise upagainst it, and this is what will cause a shaking amongGod's people.ADLIVE
678	CHRISTIAN EXPERIENCE AND TEACHINGS P.176.1• I asked the meaning of the shaking I had seen, and was shownthat it would be caused by the straight testimony called forthby the counsel of the True Witness to the Laodiceans.This will have its effect upon the heart of the receiver, and willlead him to exalt the standard and pour forth the straight truth.Some will not bear this straight testimony. They will rise upagainst it, and this is what will cause a shaking amongGod's people.ADLIVE
684	CHRISTIAN EXPERIENCE AND TEACHINGS P.176.1• I asked the meaning of the shaking I had seen, and was shownthat it would be caused by the straight testimony called forthby the counsel of the True Witness to the Laodiceans.This will have its effect upon the heart of the receiver, and willlead him to exalt the standard and pour forth the straight truth.Some will not bear this straight testimony. They will rise upagainst it, and this is what will cause a shaking amongGod's people.ADILIVE
690	DONATECHRISTIAN EXPERIENCE AND TEACHINGS P.176.1• I asked the meaning of the shaking I had seen, and was shownthat it would be caused by the straight testimony called forthby the counsel of the True Witness to the Laodiceans.This will have its effect upon the heart of the receiver, and willlead him to exalt the standard and pour forth the straight truth.Some will not bear this straight testimony. They will rise upagainst it, and this is what will cause a shaking amongGod's people.ADILIVE
696	CHRISTIAN EXPERIENCE AND TEACHINGS P.176.1• I asked the meaning of the shaking I had seen, and was shownthat it would be caused by the straight testimony called forthby the counsel of the True Witness to the Laodiceans.This will have its effect upon the heart of the receiver, and willlead him to exalt the standard and pour forth the straight truth.Some will not bear this straight testimony. They will rise upagainst it, and this is what will cause a shaking amongGod's people.ADLIVE
702	CHRISTIAN EXPERIENCE AND TEACHINGS P.176.1• I asked the meaning of the shaking I had seen, and was shownthat it would be caused by the straight testimony called forthby the counsel of the True Witness to the Laodiceans.This will have its effect upon the heart of the receiver, and willlead him to exalt the standard and pour forth the straight truth.Some will not bear this straight testimony. They will rise upagainst it, and this is what will cause a shaking amongGod's people.ADLIVE
708	CHRISTIAN EXPERIENCE AND TEACHINGS P.176.1• I asked the meaning of the shaking I had seen, and was shownthat it would be caused by the straight testimony called forthby the counsel of the True Witness to the Laodiceans.This will have its effect upon the heart of the receiver, and willlead him to exalt the standard and pour forth the straight truth.Some will not bear this straight testimony. They will rise upagainst it, and this is what will cause a shaking amongGod's people.ADLIVE
714	CHRISTIAN EXPERIENCE AND TEACHINGS P.176.1• I asked the meaning of the shaking I had seen, and was shownthat it would be caused by the straight testimony called forthby the counsel of the True Witness to the Laodiceans.This will have its effect upon the heart of the receiver, and willlead him to exalt the standard and pour forth the straight truth.Some will not bear this straight testimony. They will rise upagainst it, and this is what will cause a shaking amongGod's people.ADLIVE
720	CHRISTIAN EXPERIENCE AND TEACHINGS P.176.1• I asked the meaning of the shaking I had seen, and was shownthat it would be caused by the straight testimony called forthby the counsel of the True Witness to the Laodiceans.This will have its effect upon the heart of the receiver, and willlead him to exalt the standard and pour forth the straight truth.Some will not bear this straight testimony. They will rise upagainst it, and this is what will cause a shaking amongGod's people.ADLIVE
726	CHRISTIAN EXPERIENCE AND TEACHINGS P.176.1• I asked the meaning of the shaking I had seen, and was shownthat it would be caused by the straight testimony called forthby the counsel of the True Witness to the Laodiceans.This will have its effect upon the heart of the receiver, and willlead him to exalt the standard and pour forth the straight truth.Some will not bear this straight testimony. They will rise upagainst it, and this is what will cause a shaking amongGod's people.ADtvLIVE
732	CHRISTIAN EXPERIENCE AND TEACHINGS P.176.1• I asked the meaning of the shaking I had seen, and was shownthat it would be caused by the straight testimony called forthby the counsel of the True Witness to the Laodiceans.This will have its effect upon the heart of the receiver, and willlead him to exalt the standard and pour forth the straight truth.Some will not bear this straight testimony. They will rise upagainst it, and this is what will cause a shaking amongGod's people.AD!LIVE
738	CHRISTIAN EXPERIENCE AND TEACHINGS P.176.1• I asked the meaning of the shaking I had seen, and was shownthat it would be caused by the straight testimony called forthby the counsel of the True Witness to the Laodiceans.This will have its effect upon the heart of the receiver, and willlead him to exalt the standard and pour forth the straight truth.Some will not bear this straight testimony. They will rise upagainst it, and this is what will cause a shaking amongGod's people.ADtvLIVE
744	DEUTERONOMY 32:2• My doctrine shall drop as the rain, my speechshall distil as the dew, as the small rain upon thetender herb, and as the showers upon the grass:AD.
750	DONATEDEUTERONOMY 32:2• My doctrine shall drop as the rain, my speechshall distil as the dew, as the small rain upon thetender herb, and as the showers upon the grass:AD.
756	DONATEDEUTERONOMY 32:2• My doctrine shall drop as the rain, my speechshall distil as the dew, as the small rain upon thetender herb, and as the showers upon the grass:AD.
762	DEUTERONOMY 32:2• My doctrine shall drop as the rain, my speechshall distil as the dew, as the small rain upon thetender herb, and as the showers upon the grass:AD.
768	DEUTERONOMY 32:2• My doctrine shall drop as the rain, my speechshall distil as the dew, as the small rain upon thetender herb, and as the showers upon the grass:AD.
774	DEUTERONOMY 32:2• My doctrine shall drop as the rain, my speechshall distil as the dew, as the small rain upon thetender herb, and as the showers upon the grass:AD.
780	EZEKIEL 37:1-10• 1 The hand of the Lord was upon me, and carried me out in thespirit of the Lord, and set me down in the midst of the valleywhich was full of bones,• 2 And caused me to pass by them round about: and, behold,there were very many in the open valley; and, lo, they were verydry.• 3 And he said unto me, Son of man, can these bones live? And Ianswered, O Lord God, thou knowest.ADLIVE
786	EZEKIEL 37:1-10• 1 The hand of the Lord was upon me, and carried me out in thespirit of the Lord, and set me down in the midst of the valleywhich was full of bones,• 2 And caused me to pass by them round about: and, behold,there were very many in the open valley; and, lo, they were verydry.• 3 And he said unto me, Son of man, can these bones live? And Ianswered, O Lord God, thou knowest.ADLIVE
792	DONATEEZEKIEL 37:1-10• 1 The hand of the Lord was upon me, and carried me out in thespirit of the Lord, and set me down in the midst of the valleywhich was full of bones,• 2 And caused me to pass by them round about: and, behold,there were very many in the open valley; and, lo, they were verydry.• 3 And he said unto me, Son of man, can these bones live? And Ianswered, O Lord God, thou knowest.ADLIVE
798	DONATEEZEKIEL 37:1-10• 1 The hand of the Lord was upon me, and carried me out in thespirit of the Lord, and set me down in the midst of the valleywhich was full of bones,• 2 And caused me to pass by them round about: and, behold,there were very many in the open valley; and, lo, they were verydry.• 3 And he said unto me, Son of man, can these bones live? And Ianswered, O Lord God, thou knowest.ADLIVE
804	DONATEEZEKIEL 37:1-10• 1 The hand of the Lord was upon me, and carried me out in thespirit of the Lord, and set me down in the midst of the valleywhich was full of bones,• 2 And caused me to pass by them round about: and, behold,there were very many in the open valley; and, lo, they were verydry.• 3 And he said unto me, Son of man, can these bones live? And Ianswered, O Lord God, thou knowest.ADLIVE
810	DONATEEZEKIEL 37:1-10• 1 The hand of the Lord was upon me, and carried me out in thespirit of the Lord, and set me down in the midst of the valleywhich was full of bones,• 2 And caused me to pass by them round about: and, behold,there were very many in the open valley; and, lo, they were verydry.• 3 And he said unto me, Son of man, can these bones live? And Ianswered, O Lord God, thou knowest.AD.
816	ADLIVEEKIEL 37:1-10DONATE• 4 Again he said unto me, Prophesy upon these bones, andsay unto them, O ye dry bones, hear the word of the Lord.• 5 Thus saith the Lord God unto these bones; Behold, I will causebreath to enter into you, and ye shall live:• 6 And I will lay sinews upon you, and will bring up flesh uponyou, and cover you with skin, and put breath in you, and ye shalllive; and ye shall know that I am the Lord.• 7 So I prophesied as I was commanded: and as I prophesied,there was a noise, and behold a shaking, and the bones cametogether, bone to his bone.
822	ADLIVEEKIEL 37:1-10DONATE• 4 Again he said unto me, Prophesy upon these bones, andsay unto them, O ye dry bones, hear the word of the Lord.• 5 Thus saith the Lord God unto these bones; Behold, I will causebreath to enter into you, and ye shall live:• 6 And I will lay sinews upon you, and will bring up flesh uponyou, and cover you with skin, and put breath in you, and ye shalllive; and ye shall know that I am the Lord.• 7 So I prophesied as I was commanded: and as I prophesied,there was a noise, and behold a shaking, and the bones nametogether, bone to his bone.
828	ADLIVEEKIEL 37:1-10DONATE• 4 Again he said unto me, Prophesy upon these bones, andsay unto them, O ye dry bones, hear the word of the Lord.• 5 Thus saith the Lord God unto these bones; Behold, I will causebreath to enter into you, and ye shall live:• 6 And I will lay sinews upon you, and will bring up flesh uponyou, and cover you with skin, and put breath in you, and ye shalllive; and ye shall know that I am the Lord.• 7 So I prophesied as I was commanded: and as I prophesied,there was a noise, and behold a shaking, and the bones nametogether, bone to his bone.
834	ADLIVEEKIEL 37:1-10• 4 Again he said unto me, Prophesy upon these bones, andsay unto them, O ye dry bones, hear the word of the Lord.• 5 Thus saith the Lord God unto these bones; Behold, I will causebreath to enter into you, and ye shall live:• 6 And I will lay sinews upon you, and will bring up flesh uponyou, and cover you with skin, and put breath in you, and ye shalllive; and ye shall know that I am the Lord.• 7 So I prophesied as I was commanded: and as I prophesied,there was a noise, and behold a shaking, and the bones namatogether, bone to his bone.
840	ADLIVEEKIEL 37:1-10• 4 Again he said unto me, Prophesy upon these bones, andsay unto them, O ye dry bones, hear the word of the Lord.• 5 Thus saith the Lord God unto these bones; Behold, I will causebreath to enter into you, and ye shall live:• 6 And I will lay sinews upon you, and will bring up flesh uponyou, and cover you with skin, and put breath in you, and ye shalllive; and ye shall know that I am the Lord.• 7 So I prophesied as I was commanded: and as I prophesied,there was a noise, and behold a shaking, and the bones nstogether, bone to his bone.
846	ADLIVEEKIEL 37:1-10DONATE• 4 Again he said unto me, Prophesy upon these bones, andsay unto them, O ye dry bones, hear the word of the Lord.• 5 Thus saith the Lord God unto these bones; Behold, I will causebreath to enter into you, and ye shall live:• 6 And I will lay sinews upon you, and will bring up flesh uponyou, and cover you with skin, and put breath in you, and ye shalllive; and ye shall know that 1 am the Lord.• 7 So I prophesied as I was commanded: and as I prophesied,there was a noise, and behold a shaking, and the bones namatogether, bone to his bone.
852	ADLIVEEKIEL 37:1-10DONATE• 4 Again he said unto me, Prophesy upon these bones, andsay unto them, O ye dry bones, hear the word of the Lord.• 5 Thus saith the Lord God unto these bones; Behold, I will causebreath to enter into you, and ye shall live:• 6 And I will lay sinews upon you, and will bring up flesh uponyou, and cover you with skin, and put breath in you, and ye shalllive; and ye shall know that 1 am the Lord.• 7 So I prophesied as I was commanded: and as I prophesied,there was a noise, and behold a shaking, and the bones ntogether, bone to his bone.
858	ADLIVEEKIEL 37:1-10DONATE• 4 Again he said unto me, Prophesy upon these bones, andsay unto them, O ye dry bones, hear the word of the Lord.• 5 Thus saith the Lord God unto these bones; Behold, I will causebreath to enter into you, and ye shall live:• 6 And I will lay sinews upon you, and will bring up flesh uponyou, and cover you with skin, and put breath in you, and ye shalllive; and ye shall know that I am the Lord.• 7 So I prophesied as I was commanded: and as I prophesied,there was a noise, and behold a shaking, and the bones nametogether, bone to his bone.
864	ADLIVEEKIEL 37:1-10DONATE• 4 Again he said unto me, Prophesy upon these bones, andsay unto them, O ye dry bones, hear the word of the Lord.• 5 Thus saith the Lord God unto these bones; Behold, I will causebreath to enter into you, and ye shall live:• 6 And I will lay sinews upon you, and will bring up flesh uponyou, and cover you with skin, and put breath in you, and ye shalllive; and ye shall know that I am the Lord.• 7 So I prophesied as I was commanded: and as I prophesied,there was a noise, and behold a shaking, and the bones namatogether, bone to his bone.
870	ADLIVEEKIEL 37:1-10DONATE• 4 Again he said unto me, Prophesy upon these bones, andsay unto them, O ye dry bones, hear the word of the Lord.• 5 Thus saith the Lord God unto these bones; Behold, I will causebreath to enter into you, and ye shall live:• 6 And I will lay sinews upon you, and will bring up flesh uponyou, and cover you with skin, and put breath in you, and ye shalllive; and ye shall know that I am the Lord.• 7 So I prophesied as I was commanded: and as I prophesied,there was a noise, and behold a shaking, and the bones namatogether, bone to his bone.
876	DONATEADLIVEEZEKIEL 37:1-10• 4 Again he said unto me, Prophesy upon these bones, andsay unto them. O ye dry bones, hear the word of the Lord.• 5 Thus saith the Lord God unto these bones; Behold, I will causeoreat to enter into you, and e shall live:• o And I will lay sinews upon you, and will bring up lesh uponyou, and cover you with skin, and put breath in you, and ye shall•= Sof oronhesic as was comminded: and as montesidthere was a noise, and behold a shaking, and the bones cametogether, bone to his bone.
882	DONATEADLIVEEZEKIEL 37:1-10• 4 Again he said unto me, Prophesy upon these bones, andsay unto them, O ye dry bones, hear the word of the Lord.• 5 Thus saith the Lord God unto these bones; Bchold, I will cause• 6 And I will lay sinews upon you, and will bring up flesh uponyou, and cover you with skin, and put breath in you, and ye shall•= So i nonacsico ns was commanded: nne as " nonhesiedthere was a noise, and behold a shaking, and the bones cametozether, bone to his bone.
888	DONATEAD.EZEKIEL 37:1-10• 4 Again he said unto me. Prophesy upon these bones, andsay unto them, O ye dry bones, hear the word of the Lord.• 5 Thus saith the Lord God unto these bones; Behold, I will causebreath to enter into you, and ve shall live:• b and 1 will lay sinews upon you, and will bring up flesh uponyou, and cover you with skin, and put breath in you, and ye shall•= So I ornacsicd ns was commanded: nmi ns " nonhesicd.there was a noise, and behold a shaking, and the bones cametogether, bone to his bone.
894	DONATEAD.EZEKIEL 37:1-10• 4 Again he said unto me. Prophesy upon these bones, andsay unto them, O ye dry bones, hear the word of the Lord.• 5 Thus saith the Lord God unto these bones; Bchold, I will causebreath to enter into you, and ye shall live:• 6 And I will lay sinews upon you, and will bring up flesh uponyou, and cover you with skin, and put breath in you, and ye shall•= So I nonacsico as was commanded: ani as " nonhesied.there was a noise, and behold a shaking, and the bones cametogether, bone to his bone.
900	DONATEADLIVEEZEKIEL 37:1-10• 4 Again he said unto me. Prophesy upon these bones, andsay unto them, O ye dry bones, hear the word of the Lord.• 5 Thus saith the Lord God unto these bones; Bchold, I will causebreath to enter into you, and ye shall live:• 6 And 1 will lay sinews upon you, and will bring up llesh upon.you, and cover you with skin, and put breath in you, and ye shalllives and ve shall know that cam the lord•• So l amnacico ns I was commanded: ni as " nzonhesicdthere was a noise, and behold a shaking, and the bones cametogether, bone to his bone.
906	DONATEADLIVEEZEKIEL 37:1-10• 4 Again he said unto me. Prophesy upon these bones, andsay unto them, O ye dry bones, hear the word of the Lord.• 5 Thus saith the Lord God unto these bones; Bchold, I will causebreath to enter into you, and ve shall live:• 6 And I will lay sinews upon you, and will bring up flesh uponyou, and cover you with skin, and put breath in you, and ye shall•• So laxmacsica ns " was commanded: and as " tronhcsiedthere was a noise, and behold a shaking, and the bones cametogether, bone to his bone.
912	DONATEADLIVEEZEKIEL 37:1-10• 4 Again he said unto me. Prophesy upon these bones, andsay unto them, O ye dry bones, hear the word of the Lord.* 5 Thus saith the Lord God unto these bones; Behold, I will causeDreat to enter into you, and ve shall live:• b And 1 will lay sinews upon you, and will bring up llesh uponyou, and cover you with skin, and put breath in you, and ye shall•^ So axmacsica as was commanded: and as | 27071ccedthere was a noise, and behold a shaking, and the bones cametogether, bone to his bone.
918	DONATEADLIVEEZEKIEL 37:1-10• 4 Again he said unto me. Prophesy upon these bones, andsay unto them, O ye dry bones, hear the word of the Lord.• 5 Thus saith the Lord God unto these bones; Behold, I will causeDreath to enter into you, and ve shall live• 6 And I will lay sinews upon you, and will bring up flesh uponyou, and cover you with skin, and put breath in you, and ye shall•= So nanacico as was commanded: and as " tronicsiedthere was a noise, and behold a shaking, and the bones cametozether, bone to his bone.
924	EZEKIEL 37:1-10• 4 Again he said unto me, Prophesy upon these bones, andsay unto them, O ye dry bones, hear the word of the Lord.• 5 Thus saith the Lord God unto these bones; Behold, I will causebreath to enter into you, and ye shall live:• 6 And I will lay sinews upon you, and will bring up flesh uponyou, and cover you with skin, and put breath in you, and ye shalllive; and ve shall know that I am the Lord.• 7 So i prophesied as I was commanded: and as I prophesied,there was a noise, and behold a shaking, and the bones cametogether, bone to his bone.ADLIVE
930	EZEKIEL 37:1-10• 4 Again he said unto me, Prophesy upon these bones, andsay unto them, O ye dry bones, hear the word of the Lord.• 5 Thus saith the Lord God unto these bones; Behold, I will causebreath to enter into you, and ye shall live:• 6 And I will lay sinews upon you, and will bring up flesh uponyou, and cover you with skin, and put breath in you, and ye shalllive; and ye shall know that I am the Lord.• 7 So I prophesied as I was commanded: and as I prophesied,there was a noise, and behold a shaking, and the bones cametogether, bone to his bone.ADLIVE
936	EZEKIEL 37:1-10• 4 Again he said unto me, Prophesy upon these bones, andsay unto them, O ye dry bones, hear the word of the Lord.• 5 Thus saith the Lord God unto these bones; Behold, I will causebreath to enter into you, and ye shall live:• 6 And I will lay sinews upon you, and will bring up flesh uponyou, and cover you with skin, and put breath in you, and ye shalllive; and ve shall know that I am the Lord.• 7 So I prophesied as I was commanded: and as i prophesied,there was a noise, and behold a shaking, and the bones cametogether, bone to his bone.ADLIVE
942	DONATEEZEKIEL 37:1-10• 8 And when I beheld, lo, the sinews and the flesh came up uponthem, and the skin covered them above: but there was no breathin them.• 9 Then said he unto me, Prophesy unto the wind, prophesy, sonof man, and say to the wind, Thus saith the Lord God; Comefrom the four winds, O breath, and breathe upon these slain,that they may live.• 10 So I prophesied as he commanded me, and the breath cameinto them, and they lived, and stood up upon their feet, anexceeding great army.ADLIVE
948	DONATEEZEKIEL 37:1-10• 8 And when I beheld, lo, the sinews and the flesh came up uponthem, and the skin covered them above: but there was no breathin them.• 9 Then said he unto me, Prophesy unto the wind, prophesy, sonof man, and say to the wind, Thus saith the Lord God; Comefrom the four winds, O breath, and breathe upon these slain,that they may live.• 10 So I prophesied as he commanded me, and the breath cameinto them, and they lived, and stood up upon their feet, anexceeding great army.ADtvLIVE
954	DONATEEZEKIEL 37:1-10• 8 And when I beheld, lo, the sinews and the flesh came up uponthem, and the skin covered them above: but there was no breathin them.• 9 Then said he unto me, Prophesy unto the wind, prophesy, sonof man, and say to the wind, Thus saith the Lord God; Comefrom the four winds, O breath, and breathe upon these slain,that they may live.• 10 So I prophesied as he commanded me, and the breath cameinto them, and they lived, and stood up upon their feet, anexceeding great army.AD.
960	DONATEEZEKIEL 37:1-10• 8 And when I beheld, lo, the sinews and the flesh came up uponthem, and the skin covered them above: but there was no breathin them.• 9 Then said he unto me, Prophesy unto the wind, prophesy, sonof man, and say to the wind, Thus saith the Lord God; Comefrom the four winds, O breath, and breathe upon these slain,that they may live.• 10 So I prophesied as he commanded me, and the breath cameinto them, and they lived, and stood up upon their feet, anexceeding great army.ADtvLIVE
966	DONATEEZEKIEL 37:1-10• 8 And when I beheld, lo, the sinews and the flesh came up uponthem, and the skin covered them above: but there was no breathin them.• 9 Then said he unto me, Prophesy unto the wind, prophesy, sonof man, and say to the wind, Thus saith the Lord God; Comefrom the four winds, O breath, and breathe upon these slain,that they may live.• 10 So I prophesied as he commanded me, and the breath cameinto them, and they lived, and stood up upon their feet, anexceeding great army.ADLIVE
972	DONATEEZEKIEL 37:1-10• 8 And when I beheld, lo, the sinews and the flesh came up uponthem, and the skin covered them above: but there was no breathin them.• 9 Then said he unto me, Prophesy unto the wind, prophesy, sonof man, and say to the wind, Thus saith the Lord God; Comefrom the four winds, O breath, and breathe upon these slain,that they may live.• 10 So I prophesied as he commanded me, and the breath cameinto them, and they lived, and stood up upon their feet, anexceeding great army.ADLIVE
978	DONATEEZEKIEL 37:1-10• 8 And when I beheld, lo, the sinews and the flesh came up uponthem, and the skin covered them above: but there was no breathin them.• 9 Then said he unto me, Prophesy unto the wind, prophesy, sonof man, and say to the wind, Thus saith the Lord God; Comefrom the four winds, O breath, and breathe upon these slain,that they may live.• 10 So I prophesied as he commanded me, and the breath cameinto them, and they lived, and stood up upon their feet, anexceeding great army.ADLIVE
984	DONATEEZEKIEL 37:1-10• 8 And when I beheld, lo, the sinews and the flesh came up uponthem, and the skin covered them above: but there was no breathin them.• 9 Then said he unto me, Prophesy unto the wind, prophesy, sonof man, and say to the wind, Thus saith the Lord God; Comefrom the four winds, O breath, and breathe upon these slain,that they may live.• 10 So I prophesied as he commanded me, and the breath cameinto them, and they lived, and stood up upon their feet, anexceeding great army.AD!LIVE
990	DONATEEZEKIEL 37:1-10• 8 And when I beheld, lo, the sinews and the flesh came up uponthem, and the skin covered them above: but there was no breathin them.• 9 Then said he unto me, Prophesy unto the wind, prophesy, sonof man, and say to the wind, Thus saith the Lord God; Comefrom the four winds, O breath, and breathe upon these slain,that they may live.• 10 So I prophesied as he commanded me, and the breath cameinto them, and they lived, and stood up upon their feet, anexceeding great army.ADLIVE
996	DONATEEZEKIEL 37:1-10• 8 And when I beheld, lo, the sinews and the flesh came up uponthem, and the skin covered them above: but there was no breathin them.• 9 Then said he unto me, Prophesy unto the wind, prophesy, sonof man, and say to the wind, Thus saith the Lord God; Comefrom the four winds, O breath, and breathe upon these slain,that they may live.• 10 So I prophesied as he commanded me, and the breath cameinto them, and they lived, and stood up upon their feet, anexceeding great army.ADtvLIVE
1002	REVELATION 7:1-4• 1 And after these things I saw four angels standing on the fourcorners of the earth, holding the four winds of the earth, that thewind should not blow on the earth, nor on the sea, nor on any tree.• 2 And I saw another angel ascending from the east, having the sealof the living God: and he cried with a loud voice to the four angels,to whom it was given to hurt the earth and the sea,• 3 Saying, Hurt not the earth, neither the sea, nor the trees, till wehave sealed the servants of our God in their foreheads.• 4 And I heard the number of them which were sealed: and there wereealed an hundred and forty and four thousand of all the tribes of thechildren of Israel.AD!LIVE
1008	DONATEREVELATION 7:1-4• 1 And after these things I saw four angels standing on the fourcorners of the earth, holding the four winds of the earth, that thewind should not blow on the earth, nor on the sea, nor on any tree.• 2 And I saw another angel ascending from the east, having the sealof the living God: and he cried with a loud voice to the four angels,to whom it was given to hurt the earth and the sea,• 3 Saying, Hurt not the earth, neither the sea, nor the trees, till wehave sealed the servants of our God in their foreheads.• 4 And I heard the number of them which were sealed: and there wereealed an hundred and forty and four thousand of all the tribes of thechildren of Israel.ADtvLIVE
1014	DONATEREVELATION 7:1-4• 1 And after these things I saw four angels standing on the fourcorners of the earth, holding the four winds of the earth, that thewind should not blow on the earth, nor on the sea, nor on any tree.• 2 And I saw another angel ascending from the east, having the sealof the living God: and he cried with a loud voice to the four angels,to whom it was given to hurt the earth and the sea,• 3 Saying, Hurt not the earth, neither the sea, nor the trees, till wehave sealed the servants of our God in their foreheads.• 4 And I heard the number of them which were sealed: and there wereealed an hundred and forty and four thousand of all the tribes of thechildren of Israel.ADtvLIVE
1020	REVELATION 7:1-4• 1 And after these things I saw four angels standing on the fourcorners of the earth, holding the four winds of the earth, that thewind should not blow on the earth, nor on the sea, nor on any tree.• 2 And I saw another angel ascending from the east, having the sealof the living God: and he cried with a loud voice to the four angels,to whom it was given to hurt the earth and the sea,• 3 Saying, Hurt not the earth, neither the sea, nor the trees, till wehave sealed the servants of our God in their foreheads.• 4 And I heard the number of them which were sealed: and there wereealed an hundred and forty and four thousand of all the tribes of thechildren of Israel.ADLIVE
1026	DONATEREVELATION 7:1-4• 1 And after these things I saw four angels standing on the fourcorners of the earth, holding the four winds of the earth, that thewind should not blow on the earth, nor on the sea, nor on any tree.• 2 And I saw another angel ascending from the east, having the sealof the living God: and he cried with a loud voice to the four angels,to whom it was given to hurt the earth and the sea,• 3 Saying, Hurt not the earth, neither the sea, nor the trees, till wehave sealed the servants of our God in their foreheads.• 4 And I heard the number of them which were sealed: and there wereealed an hundred and forty and four thousand of all the tribes of thechildren of Israel.ADtvLIVE
1032	REVELATION 7:1-4• 1 And after these things I saw four angels standing on the fourcorners of the earth, holding the four winds of the earth, that thewind should not blow on the earth, nor on the sea, nor on any tree.• 2 And I saw another angel ascending from the east, having the sealof the living God: and he cried with a loud voice to the four angels,to whom it was given to hurt the earth and the sea,• 3 Saying, Hurt not the earth, neither the sea, nor the trees, till wehave sealed the servants of our God in their foreheads.• 4 And I heard the number of them which were sealed: and there wereealed an hundred and forty and four thousand of all the tribes of thechildren of Israel.ADtvLIVE
1038	DONATEREVELATION 7:1-4• 1 And after these things I saw four angels standing on the fourcorners of the earth, holding the four winds of the earth, that thewind should not blow on the earth, nor on the sea, nor on any tree.• 2 And I saw another angel ascending from the east, having the sealof the living God: and he cried with a loud voice to the four angels,to whom it was given to hurt the earth and the sea,• 3 Saying, Hurt not the earth, neither the sea, nor the trees, till wehave sealed the servants of our God in their foreheads.• 4 And I heard the number of them which were sealed: and there wereealed an hundred and forty and four thousand of all the tribes of thechildren of Israel.ADLIVE
1044	REVELATION 7:1-4• 1 And after these things I saw four angels standing on the fourcorners of the earth, holding the four winds of the earth, that thewind should not blow on the earth, nor on the sea, nor on any tree.• 2 And I saw another angel ascending from the east, having the sealof the living God: and he cried with a loud voice to the four angels,to whom it was given to hurt the earth and the sea,• 3 Saying, Hurt not the earth, neither the sea, nor the trees, till wehave sealed the servants of our God in their foreheads.• 4 And I heard the number of them which were sealed: and there wereealed an hundred and forty and four thousand of all the tribes of thechildren of Israel.ADLIVE
1050	DONATEREVELATION 7:1-4• 1 And after these things I saw four angels standing on the fourcorners of the earth, holding the four winds of the earth, that thewind should not blow on the earth, nor on the sea, nor on any tree.• 2 And I saw another angel ascending from the east, having the sealof the living God: and he cried with a loud voice to the four angels,to whom it was given to hurt the earth and the sea,• 3 Saying, Hurt not the earth, neither the sea, nor the trees, till wehave sealed the servants of our God in their foreheads.• 4 And I heard the number of them which were sealed: and there weresealed an hundred and forty and four thousand of all the tribes of thechildren of Israel.For Your Copy of the Sabbath Bookmarksbookmarks.amazingdiscoveries.orgADLIVE
1056	DONATEREVELATION 7:1-4• 1 And after these things I saw four angels standing on the fourcorners of the earth, holding the four winds of the earth, that thewind should not blow on the earth, nor on the sea, nor on any tree.• 2 And I saw another angel ascending from the east, having the sealof the living God: and he cried with a loud voice to the four angels,to whom it was given to hurt the earth and the sea,• 3 Saying, Hurt not the earth, neither the sea, nor the trees, till wehave sealed the servants of our God in their foreheads.• 4 And I heard the number of them which were sealed: and there wereealed an hundred and forty and four thousand of all the tribes of thechildren of Israel.For Your Copy of the Sabbath Bookmarksbookmarks.amazingdiscoveries.orgADLIVE
1062	REVELATION 7:1-4• 1 And after these things I saw four angels standing on the fourcorners of the earth, holding the four winds of the earth, that thewind should not blow on the earth, nor on the sea, nor on any tree.• 2 And I saw another angel ascending from the east, having the sealof the living God: and he cried with a loud voice to the four angels,to whom it was given to hurt the earth and the sea,• 3 Saying, Hurt not the earth, neither the sea, nor the trees, till wehave sealed the servants of our God in their foreheads.• 4 And I heard the number of them which were sealed: and there weresealed an hundred and forty and four thousand of all the tribes of thechildren of Israel.For Your Copy of the Sabbath Bookmarksbookmarks.amazingdiscoveries.orgADLIVE
1068	DONATEREVELATION 7:1-4• 1 And after these things I saw four angels standing on the fourcorners of the earth, holding the four winds of the earth, that thewind should not blow on the earth, nor on the sea, nor on any tree.• 2 And I saw another angel ascending from the east, having the sealof the living God: and he cried with a loud voice to the four angels,to whom it was given to hurt the earth and the sea,• 3 Saying, Hurt not the earth, neither the sea, nor the trees, till wehave sealed the servants of our God in their foreheads.• 4 And I heard the number of them which were sealed: and there weresealed an hundred and forty and four thousand of all the tribes of thechildren of Israel.For Your Copy of the Sabbath Bookmarksbookmarks.amazingdiscoveries.orgADLIVE
1074	DONATEREVELATION 7:1-4• 1 And after these things I saw four angels standing on the fourcorners of the earth, holding the four winds of the earth, that thewind should not blow on the earth, nor on the sea, nor on any tree.• 2 And I saw another angel ascending from the east, having the sealof the living God: and he cried with a loud voice to the four angels,to whom it was given to hurt the earth and the sea,• 3 Saying, Hurt not the earth, neither the sea, nor the trees, till wehave sealed the servants of our God in their foreheads.• 4 And I heard the number of them which were sealed: and there weresealed an hundred and forty and four thousand of all the tribes of thechildren of Israel.For Your Copy of the Sabbath Bookmarksbookmarks.amazingdiscoveries.orgADLIVE
1080	REVELATION 7:1-4• 1 And after these things I saw four angels standing on the fourcorners of the earth, holding the four winds of the earth, that thewind should not blow on the earth, nor on the sea, nor on any tree• 2 And I saw another angel ascending from the east, having the sealof the living God: and he cried with a loud voice to the four angels,to whom it was given to hurt the earth and the sea,• 3 Saying, Hurt not the earth, neither the sea, nor the trees, till wehave sealed the servants of our God in their foreheads.4 And I heard the number of them which were sealed: and there werealed an hundred and forty and four thousand of all the tribes of thchildren of Israel.ADLIVE
1086	DONATEREVELATION 7:1-4• 1 And after these things I saw four angels standing on the fourcorners of the earth, holding the four winds of the earth, that thewind should not blow on the earth, nor on the sea, nor on any tree.• 2 And I saw another angel ascending from the east, having the sealof the living God: and he cried with a loud voice to the four angels,to whom it was given to hurt the earth and the sea,• 3 Saying, Hurt not the earth, neither the sea, nor the trees, till wehave sealed the servants of our God in their foreheads.4 And I heard the number of them which were sealed: and there wereealed an hundred and forty and four thousand of all the tribes of thchildren of Israel.ADLIVE
1092	REVELATION 7:1-4• 1 And after these things I saw four angels standing on the fourcorners of the earth, holding the four winds of the earth, that thewind should not blow on the earth, nor on the sea, nor on any tree• 2 And I saw another angel ascending from the east, having the sealof the living God: and he cried with a loud voice to the four angels,to whom it was given to hurt the earth and the sea,• 3 Saying, Hurt not the earth, neither the sea, nor the trees, till wehave sealed the servants of our God in their foreheads.• 4 And I heard the number of them which were sealed: and there wereealed an hundred and forty and four thousand of all the tribes of thechildren of Israel.ADLIVE
1098	DONATEREVELATION 7:1-4• 1 And after these things I saw four angels standing on the fourcorners of the earth, holding the four winds of the earth, that thewind should not blow on the earth, nor on the sea, nor on any tree.• 2 And I saw another angel ascending from the east, having the sealof the living God: and he cried with a loud voice to the four angels,to whom it was given to hurt the earth and the sea,• 3 Saying, Hurt not the earth, neither the sea, nor the trees, till wehave sealed the servants of our God in their foreheads.• 4 And I heard the number of them which were sealed: and there wereealed an hundred and forty and four thousand of all the tribes of thechildren of Israel.ADLIVE
1104	DONATEREVELATION 7:1-4• 1 And after these things I saw four angels standing on the fourcorners of the earth, holding the four winds of the earth, that thewind should not blow on the earth, nor on the sea, nor on any tree.• 2 And I saw another angel ascending from the east, having the sealof the living God: and he cried with a loud voice to the four angels,to whom it was given to hurt the earth and the sea,• 3 Saying, Hurt not the earth, neither the sea, nor the trees, till wehave sealed the servants of our God in their foreheads.• 4 And I heard the number of them which were sealed: and there wereealed an hundred and forty and four thousand of all the tribes of thechildren of Israel.ADLIVE
1110	REVELATION 7:1-4• 1 And after these things I saw four angels standing on the fourcorners of the earth, holding the four winds of the earth, that thvind should not blow on the earth, nor on the sea, nor on any tree• 2 And I saw another angel ascending from the east, having the sealof the living God: and he cried with a loud voice to the four angels,to whom it was given to hurt the earth and the sea,• 3 Saying, Hurt not the earth, neither the sea, nor the trees, till wehave sealed the servants of our God in their foreheads.• 4 And I heard the number of them which were sealed: and there wereealed an hundred and forty and four thousand of all the tribes of thechildren of Israel.ADtvLIVE
1116	REVELATION 7:1-4• 1 And after these things I saw four angels standing on the fourcorners of the earth, holding the four winds of the earth, that thewind should not blow on the earth, nor on the sea, nor on any tree.• 2 And I saw another angel ascending from the east, having the sealof the living God: and he cried with a loud voice to the four angels,to whom it was given to hurt the earth and the sea,• 3 Saying, Hurt not the earth, neither the sea, nor the trees, till wehave sealed the servants of our God in their foreheads.• 4 And I heard the number of them which were sealed: and there wereealed an hundred and forty and four thousand of all the tribes of thechildren of Israel.ADLIVE
1122	DONATEREVELATION 7:1-4• 1 And after these things I saw four angels standing on the fourcorners of the earth, holding the four winds of the earth, that thewind should not blow on the earth, nor on the sea, nor on any tree• 2 And I saw another angel ascending from the east, having the sealof the living God: and he cried with a loud voice to the four angels,to whom it was given to hurt the earth and the sea,• 3 Saying, Hurt not the earth, neither the sea, nor the trees, till wehave sealed the servants of our God in their foreheads.• 4 And I heard the number of them which were sealed: and there wereealed an hundred and forty and four thousand of all the tribes of thechildren of Israel.ADtvLIVE
1128	DONATEREVELATION 7:1-4• 1 And after these things I saw four angels standing on the fourcorners of the earth, holding the four winds of the earth, that thvind should not blow on the earth, nor on the sea, nor on any tree• 2 And I saw another angel ascending from the east, having the sealof the living God: and he cried with a loud voice to the four angels,to whom it was given to hurt the earth and the sea,• 3 Saying, Hurt not the earth, neither the sea, nor the trees, till wehave sealed the servants of our God in their foreheads.• 4 And I heard the number of them which were sealed: and there wereealed an hundred and forty and four thousand of all the tribes of thechildren of Israel.ADLIVE
1134	REVELATION 7:1-4• 1 And after these things I saw four angels standing on the fourcorners of the earth, holding the four winds of the earth, that thewind should not blow on the earth, nor on the sea, nor on any tree.• 2 And I saw another angel ascending from the east, having the sealof the living God: and he cried with a loud voice to the four angels,to whom it was given to hurt the earth and the sea,• 3 Saying, Hurt not the earth, neither the sea, nor the trees, till wehave sealed the servants of our God in their foreheads.• 4 And I heard the number of them which were sealed: and there wereealed an hundred and forty and four thousand of all the tribes of thechildren of Israel.ADLIVE
1140	REVELATION 7:1-4• 1 And after these things I saw four angels standing on the fourcorners of the earth, holding the four winds of the earth, that thewind should not blow on the earth, nor on the sea, nor on any tree• 2 And I saw another angel ascending from the east, having the sealof the living God: and he cried with a loud voice to the four angels,to whom it was given to hurt the earth and the sea,• 3 Saying, Hurt not the earth, neither the sea, nor the trees, till wehave sealed the servants of our God in their foreheads.4 And I heard the number of them which were sealed: and there werealed an hundred and forty and four thousand of all the tribes of thchildren of Israel.ADtvLIVE
1146	REVELATION 7:1-4• 1 And after these things I saw four angels standing on the fourcorners of the earth, holding the four winds of the earth, that thewind should not blow on the earth, nor on the sea, nor on any tree.• 2 And I saw another angel ascending from the east, having the sealof the living God: and he cried with a loud voice to the four angels,to whom it was given to hurt the earth and the sea,• 3 Saying, Hurt not the earth, neither the sea, nor the trees, till wehave sealed the servants of our God in their foreheads.• 4 And I heard the number of them which were sealed: and there wereealed an hundred and forty and four thousand of all the tribes of thechildren of Israel.ADLIVE
1152	DONATEREVELATION 7:1-4• 1 And after these things I saw four angels standing on the fourcorners of the earth, holding the four winds of the earth, that thewind should not blow on the earth, nor on the sea, nor on any tree• 2 And I saw another angel ascending from the east, having the sealof the living God: and he cried with a loud voice to the four angels,to whom it was given to hurt the earth and the sea,• 3 Saying, Hurt not the earth, neither the sea, nor the trees, till wehave sealed the servants of our God in their foreheads.• 4 And I heard the number of them which were sealed: and there wereealed an hundred and forty and four thousand of all the tribes of thechildren of Israel.ADLIVE
1158	REVELATION 7:1-4• 1 And after these things I saw four angels standing on the fourcorners of the earth, holding the four winds of the earth, that thewind should not blow on the earth, nor on the sea, nor on any tree• 2 And I saw another angel ascending from the east, having the sealof the living God: and he cried with a loud voice to the four angels,to whom it was given to hurt the earth and the sea,• 3 Saying, Hurt not the earth, neither the sea, nor the trees, till wehave sealed the servants of our God in their foreheads.• 4 And I heard the number of them which were sealed: and there wereealed an hundred and forty and four thousand of all the tribes of thechildren of Israel.ADLIVE
1164	REVELATION 7:1-4• 1 And after these things I saw four angels standing on the fourcorners of the earth, holding the four winds of the earth, that thewind should not blow on the earth, nor on the sea, nor on any tree.• 2 And I saw another angel ascending from the east, having the sealof the living God: and he cried with a loud voice to the four angels,to whom it was given to hurt the earth and the sea,• 3 Saying, Hurt not the earth, neither the sea, nor the trees, till wehave sealed the servants of our God in their foreheads.• 4 And I heard the number of them which wereealed: and there wereealed an hundred and forty and four thousand of all the tribes of thchildren of Israel.ADItvLIVE
1170	DONATEREVELATION 7:1-4• 1 And after these things I saw four angels standing on the fourcorners of the earth, holding the four winds of the earth, that thewind should not blow on the earth, nor on the sea, nor on any tree• 2 And I saw another angel ascending from the east, having the sealof the living God: and he cried with a loud voice to the four angels,to whom it was given to hurt the earth and the sea,• 3 Saying, Hurt not the earth, neither the sea, nor the trees, till wehave sealed the servants of our God in their foreheads.• 4 And I heard the number of them which were sealed; and there wereealed an hundred and forty and four thousand of all the tribes of thechildren of Israel.ADtvLIVE
1176	REVELATION 7:1-4• 1 And after these things I saw four angels standing on the fours of the earth, holding the four winds of the earth, that thewind should not blow on the earth, nor on the sea, nor on any tree.• 2 And I saw another angel ascending from the east, having the sealof the living God: and he cried with a loud voice to the four angels,to whom it was given to hurt the earth and the sea,• 3 Saying, Hurt not the earth, neither the sea, nor the trees, till wehave sealed the servants of our God in their foreheads.• 4 And I heard the number of them which were sealed: and there wereealed an hundred and forty and four thousand of all the tribes of thechildren of Israel.ADtvLIVE
1182	DONATEREVELATION 7:1-4• 1 And after these things I saw four angels standing on the fourcorners of the earth, holding the four winds of the earth, that thewind should not blow on the earth, nor on the sea, nor on any tree.• 2 And I saw another angel ascending from the east, having the sealof the living God: and he cried with a loud voice to the four angels,to whom it was given to hurt the earth and the sea,• 3 Saying, Hurt not the earth, neither the sea, nor the trees, till wehave sealed the servants of our God in their foreheads.• 4 And I heard the number of them which were sealed: and there wereealed an hundred and forty and four thousand of all the tribes of thechildren of Israel.ADLIVE
1188	DONATEREVELATION 7:1-4• 1 And after these things I saw four angels standing on the fourcorners of the earth, holding the four winds of the earth, that thewind should not blow on the earth, nor on the sea, nor on any tree• 2 And I saw another angel ascending from the east, having the sealof the living God: and he cried with a loud voice to the four angels,to whom it was given to hurt the earth and the sea,• 3 Saying, Hurt not the earth, neither the sea, nor the trees, till wehave sealed the servants of our God in their foreheads.• 4 And I heard the number of them which were sealed: and there wereealed an hundred and forty and four thousand of all the tribes of thechildren of Israel.ADLIVE
1194	REVELATION 7:1-4• 1 And after these things I saw four angels standing on the fourcorners of the earth, holding the four winds of the earth, that thewind should not blow on the earth, nor on the sea, nor on any tree• 2 And I saw another angel ascending from the east, having the sealof the living God: and he cried with a loud voice to the four angels,to whom it was given to hurt the earth and the sea,• 3 Saying, Hurt not the earth, neither the sea, nor the trees, till wehave sealed the servants of our God in their foreheads.• 4 And I heard the number of them which were sealed: and there wereealed an hundred and forty and four thousand of all the tribes of thechildren of Israel.ADtyLIVE
1200	EZEKIEL 9:1-11• 1 He cried also in mine ears with a loud voice, saying, Cause themthat have charge over the city to draw near, even every man with hisdestroying weapon in his hand.• 2 And, behold, six men came from the way of the higher gate, whichlieth toward the north, and every man a slaughterweapon in hishand: and one man among them was clothed with linen, with awriter's inkhorn by his side: and they went in, and stood beside thebrasen altar.• 3 And the glory of the God of Israel was gone up from the cherub,whereupon he was, to the threshold of the house. And he called tothe man clothed with linen, which had the writer's inkhorn by hisside;ADLIVE
1206	EZEKIEL 9:1-11• 1 He cried also in mine ears with a loud voice, saying, Cause themthat have charge over the city to draw near, even every man with hisdestroying weapon in his hand.• 2 And, behold, six men came from the way of the higher gate, whichlieth toward the north, and every man a slaughterweapon in hishand: and one man among them was clothed with linen. with awriter's inkhorn by his side: and they went in, and stood beside thebrasen altar.• 3 And the glory of the God of Israel was gone up from the cherub,whereupon he was, to the threshold of the house. And he called tothe man clothed with linen, which had the writer's inkhorn by hisside;AD.
1212	EZEKIEL 9:1-11• 1 He cried also in mine ears with a loud voice, saying, Cause themthat have charge over the city to draw near, even every man with hisdestroying weapon in his hand.• 2 And, behold, six men came from the way of the higher gate, whichlieth toward the north, and every man a slaughterweapon in hishand: and one man among them was clothed with linen. with awriter's inkhorn by his side: and they went in, and stood beside thebrasen altar.• 3 And the glory of the God of Israel was gone up from the cherub,whereupon he was, to the threshold of the house. And he called tothe man clothed with linen, which had the writer's inkhorn by hisside;ADLIVE
1218	EZEKIEL 9:1-11• 1 He cried also in mine ears with a loud voice, saying, Cause themthat have charge over the city to draw near, even every man with hisdestroying weapon in his hand.• 2 And, behold, six men came from the way of the higher gate, whichlieth toward the north, and every man a slaughterweapon in hishand: and one man among them was clothed with linen, with awriter's inkhorn by his side: and they went in, and stood beside thebrasen altar.• 3 And the glory of the God of Israel was gone up from the cherub,whereupon he was, to the threshold of the house. And he called tothe man clothed with linen, which had the writer's inkhorn by hisside;ADLIVE
1224	EKIEL 9:1-11• 1 He cried also in mine ears with a loud voice, saying, Cause themthat have charge over the city to draw near, even every man with hisdestroying weapon in his hand.• 2 And, behold, six men came from the way of the higher gate, whichieth toward the north, and every man a slaughter weapon in hisland; and one man among them was clothed with linen, with awriter's inkhorn by his side: and they went in, and stood beside thebrasen altar.• 3 And the glory of the God of Israel was gone up from the cherub,whereupon he was, to the threshold of the house. And he called tothe man clothed with linen, which had the writer's inkhorn by hisside;AD.LIVE
1230	EKIEL 9:1-11• 1 He cried also in mine ears with a loud voice, saying, Cause themthat have charge over the city to draw near, even every man with hisdestroying weapon in his hand.• 2 And, behold, six men came from the way of the higher gate, whichlieth toward the north, and every man a slaughter weapon in hisand; and one man among them was clothed with linen, with awriter's inkhorn by his side: and they went in, and stood beside thebrasen altar.• 3 And the glory of the God of Israel was gone up from the cherub,whereupon he was, to the threshold of the house. And he called tothe man clothed with linen, which had the writer's inkhorn by hisside;ADLIVE
1236	EKIEL 9:1-11• 1 He cried also in mine ears with a loud voice, saying, Cause themthat have charge over the city to draw near, even every man with hisdestroying weapon in his hand.• 2 And, behold, six men came from the way of the higher gate, whichieth toward the north, and every man a slaughter weapon in hi:and: and one man among them was clothed with linen, with awriter's inkhorn by his side: and they went in, and stood beside thebrasen altar.• 3 And the glory of the God of Israel was gone up from the cherub,whereupon he was, to the threshold of the house. And he called tothe man clothed with linen, which had the writer's inkhorn by hisside;ADLIVE
1242	DONATEEKIEL 9:1-11• 1 He cried also in mine ears with a loud voice, saying, Cause themthat have charge over the city to draw near, even every man with hisdestroying weapon in his hand.• 2 And, behold, six men came from the way of the higher gate, whichieth toward the north, and every man a slaughter weapon in hisand; and one man among them was clothed with linen, with awriter's inkhorn by his side: and they went in, and stood beside thebrasen altar.• 3 And the glory of the God of Israel was gone up from the cherub,whereupon he was, to the threshold of the house. And he called tothe man clothed with linen, which had the writer's inkhorn by hisside;ADLIVE
1248	DONATEEKIEL 9:1-11• 1 He cried also in mine ears with a loud voice, saying, Cause themthat have charge over the city to draw near, even every man with hisdestroying weapon in his hand.• 2 And, behold, six men came from the way of the higher gate, whichieth toward the north, and every man a slaughter weapon in hi:and: and one man among them was clothed with linen, with awriter's inkhorn by his side: and they went in, and stood beside thebrasen altar.• 3 And the glory of the God of Israel was gone up from the cherub,whereupon he was, to the threshold of the house. And he called tothe man clothed with linen, which had the writer's inkhorn by hisside;ADLIVE
1254	DONATEEKIEL 9:1-11• 1 He cried also in mine ears with a loud voice, saying, Cause themthat have charge over the city to draw near, even every man with hisdestroying weapon in his hand.• 2 And, behold, six men came from the way of the higher gate, whichieth toward the north, and every man a slaughter weapon in hi:and: and one man among them was clothed with linen, with :writer's inkhorn by his side: and they went in, and stood beside thebrasen altar.• 3 And the glory of the God of Israel was gone up from the cherub,whereupon he was, to the threshold of the house. And he called tothe man clothed with linen, which had the writer's inkhorn by hisside;ADLIVE
1260	DONATEEKIEL 9:1-11• 1 He cried also in mine ears with a loud voice, saying, Cause themthat have charge over the city to draw near, even every man with hisdestroying weapon in his hand.• 2 And, behold, six men came from the way of the higher gate, whichieth toward the north, and every man a slaughter weapon in hi:and: and one man among them was clothed with linen, with awriter's inkhorn by his side: and they went in, and stood beside thebrasen altar.• 3 And the glory of the God of Israel was gone up from the cherub,whereupon he was, to the threshold of the house. And he called tothe man clothed with linen, which had the writer's inkhorn by hisside;ADLIVE
1266	DONATEEKIEL 9:1-11• 1 He cried also in mine ears with a loud voice, saying, Cause themthat have charge over the city to draw near, even every man with hisdestroying weapon in his hand.• 2 And, behold, six men came from the way of the higher gate, whichlieth toward the north, and every man a slaughter weapon in hishand; and one man among them was clothed with linen, with awriter's inkhorn by his side: and they went in, and stood beside thebrasen altar.• 3 And the glory of the God of Israel was gone up from the cherub,whereupon he was, to the threshold of the house. And he called tothe man clothed with linen, which had the writer's inkhorn by hisside;ADLIVE
1272	DONATEEKIEL 9:1-11• 1 He cried also in mine ears with a loud voice, saying, Cause themthat have charge over the city to draw near, even every man with hisdestroying weapon in his hand.• 2 And, behold, six men came from the way of the higher gate, whichieth toward the north, and every man a slaughter weapon in hi:and: and one man among them was clothed with linen, with awriter's inkhorn by his side: and they went in, and stood beside thebrasen altar.• 3 And the glory of the God of Israel was gone up from the cherub,whereupon he was, to the threshold of the house. And he called tothe man clothed with linen, which had the writer's inkhorn by hisside;ADLIVE
1278	DONATEEKIEL 9:1-11• 1 He cried also in mine ears with a loud voice, saying, Cause themthat have charge over the city to draw near, even every man with hisdestroying weapon in his hand.• 2 And, behold, six men came from the way of the higher gate, whichlieth toward the north, and every man a slaughter weapon in hishand; and one man among them was clothed with linen, with awriter's inkhorn by his side: and they went in, and stood beside thebrasen altar.• 3 And the glory of the God of Israel was gone up from the cherub,whereupon he was, to the threshold of the house. And he called tothe man clothed with linen, which had the writer's inkhorn by hisside;ADLIVE
1284	DONATEEKIEL 9:1-11• 1 He cried also in mine ears with a loud voice, saying, Cause themthat have charge over the city to draw near, even every man with hisdestroying weapon in his hand.• 2 And, behold, six men came from the way of the higher gate, whichieth toward the north, and every man a slaughter weapon in hi:and: and one man among them was clothed with linen, with awriter's inkhorn by his side: and they went in, and stood beside thebrasen altar.• 3 And the glory of the God of Israel was gone up from the cherub,whereupon he was, to the threshold of the house. And he called tothe man clothed with linen, which had the writer's inkhorn by hisside;ADLIVE
1290	DONATEEKIEL 9:1-11• 1 He cried also in mine ears with a loud voice, saying, Cause themthat have charge over the city to draw near, even every man with hisdestroying weapon in his hand.• 2 And, behold, six men came from the way of the higher gate, whichieth toward the north, and every man a slaughter weapon in hi:and: and one man among them was clothed with linen, with awriter's inkhorn by his side: and they went in, and stood beside thebrasen altar.• 3 And the glory of the God of Israel was gone up from the cherub,whereupon he was, to the threshold of the house. And he called tothe man clothed with linen, which had the writer's inkhorn by hisside;ADLIVE
1296	DONATEEKIEL 9:1-11• 1 He cried also in mine ears with a loud voice, saying, Cause themthat have charge over the city to draw near, even every man with hisdestroying weapon in his hand.• 2 And, behold, six men came from the way of the higher gate, whichieth toward the north, and every man a slaughter weapon in hi:and: and one man among them was clothed with linen, with awriter's inkhorn by his side: and they went in, and stood beside thebrasen altar.• 3 And the glory of the God of Israel was gone up from the cherub,whereupon he was, to the threshold of the house. And he called tothe man clothed with linen, which had the writer's inkhorn by hisside;ADLIVE
1302	DONATEEKIEL 9:1-11• 1 He cried also in mine ears with a loud voice, saying, Cause themthat have charge over the city to draw near, even every man with hisdestroying weapon in his hand.• 2 And, behold, six men came from the way of the higher gate, whichieth toward the north, and every man a slaughter weapon in hi:and; and one man among them was clothed with linen, with awriter's inkhorn by his side: and they went in, and stood beside thebrasen altar.• 3 And the glory of the God of Israel was gone up from the cherub,whereupon he was, to the threshold of the house. And he called tothe man clothed with linen, which had the writer's inkhorn by hisside;ADLIVE
1308	EKIEL 9:1-11AD.LIVEDONATE• 4 And the Lord said unto him, Go through the midst of the city,through the midst of Jerusalem, and set a mark upon theforeheads of the men that sigh and that cry for all the abominationsthat be done in the midst thereof.5 And to the others he said in mine hearing, Go ve after him throughhe city, and smite: let not vour eve spare, neither have ve pity• 6 Slay utterly old and young, both maids, and little children, andvomen: but come not near any man upon whom is the mark; ancegin at my sanctuary. Then they began at the ancient men whichwere before the house.• 7 And he said unto them, Defile the house, and fill the courts a-itslain: go ye forth. And they went forth, and slew in the city.
1314	EKIEL 9:1-11DONATE• 4 And the Lord said unto him, Go through the midst of the city,through the midst of Jerusalem, and set a mark upon theforeheads of the men that sigh and that cry for all the abominationsthat be done in the midst thereof.• 5 And to the others he said in mine hearing, Go ve after him throughhe city, and smite: let not vour eve spare, neither have ve pity• 6 Slay utterly old and young, both maids, and little children, andwomen: but come not near any man upon whom is the mark; andbegin at my sanctuary. Then they began at the ancient men whichwere before the house.• 7 And he said unto them, Defile the house, and fill the courts witslain: go ye forth. And they went forth, and slew in the city.ADLIVE
1320	DONATEEKIEL 9:1-11• 4 And the Lord said unto him, Go through the midst of the city,through the midst of Jerusalem, and set a mark upon theforeheads of the men that sigh and that cry for all the abominationsthat be done in the midst thereof.• 5 And to the others he said in mine hearing, Go ve after him throughhe city, and smite: let not vour eve spare, neither have ve pity• 6 Slay utterly old and young, both maids, and little children, andwomen: but come not near any man upon whom is the mark; ancbegin at my sanctuary. Then they began at the ancient men whichwere before the house.• 7 And he said unto them, Defile the house, and fill the courts witslain: go ye forth. And they went forth, and slew in the city.AD!LIVE
1326	DONATEEKIEL 9:1-11• 4 And the Lord said unto him, Go through the midst of the city,through the midst of Jerusalem, and set a mark upon theforeheads of the men that sigh and that cry for all the abominationsthat be done in the midst thereof.• 5 And to the others he said in mine hearing, Go ve after him throughhe city, and smite: let not vour eve spare, neither have ve pity• 6 Slay utterly old and young, both maids, and little children, andwomen: but come not near any man upon whom is the mark; ancbegin at my sanctuary. Then they began at the ancient men whichwere before the house.• 7 And he said unto them, Defile the house, and fill the courts tslain: go ye forth. And they went forth, and slew in the city.ADLIVE
1332	EKIEL 9:1-11ADLIVEDUNAIL• 4 And the Lord said unto him, Go through the midst of the city,through the midst of Jerusalem, and set a mark upon theforeheads of the men that sigh and that cry for all the abominationsthat be done in the midst thereof.• 5 And to the others he said in mine hearing, Go ve after him throughhe city, and smite: let not vour eve spare, neither have ve pity• 6 Slay utterly old and young, both maids, and little children, andwomen: but come not near any man upon whom is the mark: andbegin at my sanctuary. Then they began at the ancient men whichwere before the house.• 7 And he said unto them, Defile the house, and fill the courts ... tslain: go ye forth. And they went forth, and slew in the city.
1338	EKIEL 9:1-11AD.LIVEDUNAIL• 4 And the Lord said unto him, Go through the midst of the city,through the midst of Jerusalem, and set a mark upon theforeheads of the men that sigh and that cry for all the abominationsthat be done in the midst thereof.• 5 And to the others he said in mine hearing, Go ve after him throughhe city, and smite: let not vour eve spare, neither have ve pity• 6 Slay utterly old and young, both maids, and little children, andwomen: but come not near any man upon whom is the mark; andbegin at my sanctuary. Then they began at the ancient men whichwere before the house.• 7 And he said unto them, Defile the house, and fill the courts.. tslain: go ye forth. And they went forth, and slew in the city.
1344	DUNAILEKIEL 9:1-11• 4 And the Lord said unto him, Go through the midst of the city,through the midst of Jerusalem, and set a mark upon theforeheads of the men that sigh and that cry for all the abominationsthat be done in the midst thereof.• 5 And to the others he said in mine hearing, Go ve after him throughhe city, and smite: let not vour eve spare, neither have ve pity• 6 Slay utterly old and young, both maids, and little children, andwomen: but come not near any man upon whom is the mark; ancbegin at my sanctuary. Then they began at the ancient men whichwere before the house.• 7 And he said unto them, Defile the house, and fill the courts «-it!slain: go ye forth. And they went forth, and slew in the city.AD.LIVE
1350	EKIEL 9:1-11ADLIVE• 4 And the Lord said unto him, Go through the midst of the city,through the midst of Jerusalem, and set a mark upon theforeheads of the men that sigh and that cry for all the abominationsthat be done in the midst thereof.• 5 And to the others he said in mine hearing, Go ve after him throughhe city, and smite: let not vour eve spare, neither have ve pity• 6 Slay utterly old and young, both maids, and little children, andwomen: but come not near any man upon whom is the mark; andbegin at my sanctuary. Then they began at the ancient men whichwere before the house.• 7 And he said unto them, Defile the house, and fill the courts ...tslain: go ye forth. And they went forth, and slew in the city.
1356	EKIEL 9:1-11AD.LIVEDUNAIL• 4 And the Lord said unto him, Go through the midst of the city,through the midst of Jerusalem, and set a mark upon theforeheads of the men that sigh and that cry for all the abominationsthat be done in the midst thereof.• 5 And to the others he said in mine hearing, Go ve after him throughhe city, and smite: let not vour eve spare, neither have ve pity• 6 Slay utterly old and young, both maids, and little children, andwomen: but come not near any man upon whom is the mark; andbegin at my sanctuary. Then they began at the ancient men whichwere before the house.• 7 And he said unto them, Defile the house, and fill the courts tslain: go ye forth. And they went forth, and slew in the city.
1362	EKIEL 9:1-11AD.LIVEDUNAIL• 4 And the Lord said unto him, Go through the midst of the city,through the midst of Jerusalem, and set a mark upon theforeheads of the men that sigh and that cry for all the abominationsthat be done in the midst thereof.• 5 And to the others he said in mine hearing, Go ve after him throughhe city, and smite: let not vour eve spare, neither have ve pity• 6 Slay utterly old and young, both maids, and little children, andwomen: but come not near any man upon whom is the mark: andbegin at my sanctuary. Then they began at the ancient men whichwere before the house.• 7 And he said unto them, Defile the house, and fill the courts tslain: go ye forth. And they went forth, and slew in the city.
1368	EKIEL 9:1-11ADLIVEDONATE• 4 And the Lord said unto him, Go through the midst of the city,through the midst of Jerusalem, and set a mark upon theforeheads of the men that sigh and that cry for all the abominationsthat be done in the midst thereof.• 5 And to the others he said in mine hearing, Go ve after him throughhe city, and smite: let not vour eve spare, neither have ve pity• 6 Slay utterly old and young, both maids, and little children, andwomen: but come not near any man upon whom is the mark; andbegin at my sanctuary. Then they began at the ancient men whichwere before the house.• 7 And he said unto them, Defile the house, and fill the courts tslain: go ye forth. And they went forth, and slew in the city.
1374	EKIEL 9:1-11ADLIVEDONATE• 4 And the Lord said unto him, Go through the midst of the city,through the midst of Jerusalem, and set a mark upon theforeheads of the men that sigh and that cry for all the abominationsthat be done in the midst thereof.• 5 And to the others he said in mine hearing, Go ve after him throughhe city, and smite: let not vour eve spare, neither have ve pity• 6 Slay utterly old and young, both maids, and little children, andwomen: but come not near any man upon whom is the mark; ancbegin at my sanctuary. Then they began at the ancient men whichwere before the house.• 7 And he said unto them, Defile the house, and fill the courts tslain: go ye forth. And they went forth, and slew in the city.
1380	DUNAILEKIEL 9:1-11• 4 And the Lord said unto him, Go through the midst of the city,through the midst of Jerusalem, and set a mark upon theforeheads of the men that sigh and that cry for all the abominationsthat be done in the midst thereof.• 5 And to the others he said in mine hearing, Go ve after him throughhe city, and smite: let not vour eve spare, neither have ve pity• 6 Slay utterly old and young, both maids, and little children, andwomen: but come not near any man upon whom is the mark; ancbegin at my sanctuary. Then they began at the ancient men whichwere before the house.• 7 And he said unto them, Defile the house, and fill the courts ....tslain: go ye forth. And they went forth, and slew in the city.AD.LIVE
1386	DONATEEKIEL 9:1-11• 4 And the Lord said unto him, Go through the midst of the city,through the midst of Jerusalem, and set a mark upon theforeheads of the men that sigh and that cry for all the abominationsthat be done in the midst thereof.5 And to the others he said in mine hearing. Go ve after him throughhe city, and smite: let not vour eve spare, neither have ve pity• 6 Slay utterly old and young, both maids, and little children, andwomen: but come not near any man upon whom is the mark; andbegin at my sanctuary. Then they began at the ancient men whichwere before the house.• 7 And he said unto them, Defile the house, and fill the courts witslain: go ye forth. And they went forth, and slew in the city.ADLIVE
1392	DONATEEKIEL 9:1-11• 4 And the Lord said unto him, Go through the midst of the city,through the midst of Jerusalem, and set a mark upon theforeheads of the men that sigh and that cry for all the abominationsthat be done in the midst thereof.5 And to the others he said in mine hearing, Go ve after him throughhe city, and smite: let not vour eve spare, neither have ve pity• 6 Slay utterly old and young, both maids, and little children, andwomen: but come not near any man upon whom is the mark; ancbegin at my sanctuary. Then they began at the ancient men whichwere before the house.• 7 And he said unto them, Defile the house, and fill the courts witslain: go ye forth. And they went forth, and slew in the city.ADLIVE
1398	EKIEL 9:1-11ADLIVEDONATE• 4 And the Lord said unto him, Go through the midst of the city,through the midst of Jerusalem, and set a mark upon theforeheads of the men that sigh and that cry for all the abominationsthat be done in the midst thereof.5 And to the others he said in mine hearing, Go ve after him throughhe city, and smite: let not vour eve spare, neither have ve pity• 6 Slay utterly old and young, both maids, and little children, andvomen: but come not near any man upon whom is the mark: ancegin at my sanctuary. Then they began at the ancient men whichwere before the house.• 7 And he said unto them, Defile the house, and fill the courts a-it)slain: go ye forth. And they went forth, and slew in the city.
1404	EKIEL 9:1-11ADLIVEDONATE• 4 And the Lord said unto him, Go through the midst of the city,through the midst of Jerusalem, and set a mark upon theforeheads of the men that sigh and that cry for all the abominationsthat be done in the midst thereof.5 And to the others he said in mine hearing, Go ve after him throughhe city, and smite: let not vour eve spare, neither have ve pity• 6 Slay utterly old and young, both maids, and little children, andvomen: but come not near any man upon whom is the mark: ancegin at my sanctuary. Then they began at the ancient men whichwere before the house.• 7 And he said unto them, Defile the house, and fill the courts stslain: go ye forth. And they went forth, and slew in the city.
1410	DONATEEKIEL 9:1-11• 4 And the Lord said unto him, Go through the midst of the city,through the midst of Jerusalem, and set a mark upon theforeheads of the men that sigh and that cry for all the abominationsthat be done in the midst thereof.• 5 And to the others he said in mine hearing, Go ve after him throughhe city, and smite: let not vour eve spare, neither have ve pity• 6 Slay utterly old and young, both maids, and little children, andwomen: but come not near any man upon whom is the mark; andbegin at my sanctuary. Then they began at the ancient men whichwere before the house.• 7 And he said unto them, Defile the house, and fill the courts tslain: go ye forth. And they went forth, and slew in the city.AD.LIVE
1416	EKIEL 9:1-11ADLIVEDUNAIL• 4 And the Lord said unto him, Go through the midst of the city,through the midst of Jerusalem, and set a mark upon theforeheads of the men that sigh and that cry for all the abominationsthat be done in the midst thereof.• 5 And to the others he said in mine hearing, Go ve after him throughhe city, and smite: let not vour eve spare, neither have ve pity• 6 Slay utterly old and young, both maids, and little children, andwomen: but come not near any man upon whom is the mark; ancbegin at my sanctuary. Then they began at the ancient men whichwere before the house.• 7 And he said unto them, Defile the house, and fill the courts tslain: go ye forth. And they went forth, and slew in the city.
1422	DONATEADtvLIVEEZEKIEL 9:1-11ino tie wdsielne ittle mosoneewwenie tenodcnsenr0osecobai0000.tenforeheads of the men that sigh and that cry for all the abominationsthat be donc in the midst thercot.•5 Ana to tne otners he sala in mine noanas, Go ve aner dim taroushe city, and smite: let not your eye spare, neither have ye pityyttenvoo te atne ne nttocenno ntere ciltntththeonei ksowe noneacaae mmn tiooe Motstne thhenwonaen sinethanetoewwieieaeentnneeWhetAeeoeote the wots*Klain: go ye ko thto tdthey win forth, and slew in the cily-courts with the
1428	DONATEADLIVEEZEKIEL 9:1-11• 4 And the sord sao unto mia, Do through toe miest of the cityforeheads of the men that sigh and that cry for all the abominations5 And to the others he said in mine hearing. Go ye after him througle city, and smite: let not your eye spare, neither have ye pit;• o slay utterty old and young, vola maids, and tile chaleren, anorain at my sanctuan: Then they began at the ancient men which"toot the contelan: go ye forth. hi They went forth, and slew in the calyts with the
1434	DONATEADLIVEEZEKIEL 9:1-11srolie ndse tince itwot.etmone e0foreheads of the men that sigh and that cry for all the abominations5 And to the others he said in mine hearing, Go ye after him througe city, and smite: let not your eve spare, neither have ye pits• o slay uteriy old and voung, bota maids, and fide chaloren, ancamehoikconr nolencatamymlnntoewonisne thihtdhhexin at my sanctunny. Then they becan at the anoent men whichElam: go ye fortha. hd hey wient forth, and stew in the calytes with the
1440	DONATEADtvLIVEEZEKIEL 9:1-11forcheads of the men that sigh and that cry for all the abominations5 And to the others he said in mine hearing. Go ye after him througle city, and smite: let not your eye spare, neither have ye pits• o slay ultery old and young, bola mads, and mule chaleren, aucecin at my sanctuan: Then they began at the andent men whichlam: go ye forte. ha hey went forth, and stew in the ely"
1446	EZEKIEL 9:1-114 And the Lord said unto him, Go through the midst of the cityhrough the midst of Jerusalem, and set a mark upon theforeheads of the men that sigh and that cry for all the abominationsthat be done in the midst thereof.• 5 And to the others he said in mine hearing, Go ye after him throughhe city, and smite: let not your eye spare, neither have ye pity:• 6 Slay utterly old and young, both maids, and little children, andvomen: but come not near anman upon whom is the mark; andegin at my sanctuary. Then they began at the ancient men whichwere before the house.* 7 And he said unto them, Defile the house, and fill the courts with theslain: go ye forth. And they went forth, and slew in the city.ADLIVE
1452	DONATEISAIAH 27:2-8• 2 In that day sing ye unto her, A vineyard of red wine.* 3 1 the Lord do keep it; I will water it every moment: lest anynurt it, I will keep it night and day.• 4 Fury is not in me: who would set the briers and thorns againstme in battle? I would go through them, I would burn themtogether.• 5 Or let him take hold of my strength, that he may make peacewith me; and he shall make peace with me.ADLIVE
1458	DONATEISAIAH 27:2-8• 2 In that day sing ye unto her, A vineyard of red wine.3 l the Lord do keep it; I will water it every moment: lest anyhurt it, I will keep it night and day.• 4 Fury is not in me: who would set the briers and thorns againstme in battle? I would go through them, I would burn themtogether.• 5 Or let him take hold of my strength, that he may make peacewith me; and he shall make peace with me.AD.
1464	DONATEISAIAH 27:2-8• 2 In that day sing ye unto her, A vineyard of red wine.* 3 I the Lord do keep it; I will water it every moment: lest anyhurt it, I will keep it night and day.• 4 Fury is not in me: who would set the briers and thorns againstme in battle? I would go through them, I would burn themtogether.• 5 Or let him take hold of my strength, that he may make peacewith me; and he shall make peace with me.AD.
1470	DONATEISAIAH 27:2-8• 2 In that day sing ye unto her, A vineyard of red wine.3 1 the Lord do keep it; I will water it every moment: lest anyhurt it, I will keep it night and day.• 4 Fury is not in me: who would set the briers and thorns againstme in battle? I would go through them, I would burn themtogether.• 5 Or let him take hold of my strength, that he may make peacewith me; and he shall make peace with me.ADLIVE
1476	DONATEISAIAH 27:2-8• 2 In that day sing ye unto her, A vineyard of red wine.3 l the Lord do keep it; I will water it every moment: lest anyurt it, I will keep it night and day.• 4 Fury is not in me: who would set the briers and thorns againstme in battle? I would go through them, I would burn themtogether.• 5 Or let him take hold of my strength, that he may make peacewith me; and he shall make peace with me.ADLIVE
1482	DONATEISAIAH 27:2-8• 2 In that day sing ye unto her, A vineyard of red wine.3 1 the Lord do keep it; I will water it every moment: lest anyhurt it, I will keep it night and day.• 4 Fury is not in me: who would set the briers and thorns againstme in battle? I would go through them, I would burn themtogether.• 5 Or let him take hold of my strength, that he may make peacewith me; and he shall make peace with me.ADLIVE
1488	DONATEISAIAH 27:2-8• 2 In that day sing ye unto her, A vineyard of red wine.3 1 the Lord do keep it; I will water it every moment: lest anyhurt it, I will keep it night and day.• 4 Fury is not in me: who would set the briers and thorns againstme in battle? I would go through them, I would burn themtogether.• 5 Or let him take hold of my strength, that he may make peacewith me; and he shall make peace with me.ADILIVE
1494	DONATEISAIAH 27:2-8• 2 In that day sing ye unto her, A vineyard of red wine.3 l the Lord do keep it; I will water it every moment: lest anyhurt it, I will keep it night and day.• 4 Fury is not in me: who would set the briers and thorns againstme in battle? I would go through them, I would burn themtogether.• 5 Or let him take hold of my strength, that he may make peacewith me; and he shall make peace with me.ADLIVE
1500	DONATEISAIAH 27:2-8• 2 In that day sing ye unto her, A vineyard of red wine.3 1 the Lord do keep it; I will water it every moment: lest anyhurt it, I will keep it night and day.• 4 Fury is not in me: who would set the briers and thorns againstme in battle? I would go through them, I would burn themtogether.• 5 Or let him take hold of my strength, that he may make peacewith me; and he shall make peace with me.AD.
1506	DONATEISAIAH 27:2-8• 2 In that day sing ye unto her, A vineyard of red wine.3 l the Lord do keep it; I will water it every moment: lest anyhurt it, I will keep it night and day.• 4 Fury is not in me: who would set the briers and thorns againstme in battle? I would go through them, I would burn themtogether.• 5 Or let him take hold of my strength, that he may make peacewith me; and he shall make peace with me.AD.
1512	DONATEISAIAH 27:2-8• 6 He shall cause them that come of Jacob to take root: Israelshall blossom and bud, and fill the face of the world with fruit.• 7 Hath he smitten him, as he smote those that smote him? or ishe slain according to the slaughter of them that are slain byhim?• 8 In measure, when it shooteth forth, thou wilt debate with it:he stayeth his rough wind in the day of the east wind.AR.
1518	DONATEISAIAH 27:2-8• 6 He shall cause them that come of Jacob to take root: Israelshall blossom and bud, and fill the face of the world with fruit.• 7 Hath he smitten him, as he smote those that smote him? or ishe slain according to the slaughter of them that are slain byhim?• 8 In measure, when it shooteth forth, thou wilt debate with it:he stayeth his rough wind in the day of the east wind.ADtvLIVE
1524	DONATEISAIAH 27:2-8• 6 He shall cause them that come of Jacob to take root: Israelshall blossom and bud, and fill the face of the world with fruit.• 7 Hath he smitten him, as he smote those that smote him? or ishe slain according to the slaughter of them that are slain byhim?• 8 In measure, when it shooteth forth, thou wilt debate with it:he stayeth his rough wind in the day of the east wind.AD.
1530	DONATEISAIAH 27:2-8• 6 He shall cause them that come of Jacob to take root: Israelshall blossom and bud, and fill the face of the world with fruit.• 7 Hath he smitten him, as he smote those that smote him? or ishe slain according to the slaughter of them that are slain byhim?• 8 In measure, when it shooteth forth, thou wilt debate with it:he stayeth his rough wind in the day of the east wind.AD.
1536	DONATEISAIAH 27:2-8• 6 He shall cause them that come of Jacob to take root: Israelshall blossom and bud, and fill the face of the world with fruit.• 7 Hath he smitten him, as he smote those that smote him? or ishe slain according to the slaughter of them that are slain byhim?• 8 In measure, when it shooteth forth, thou wilt debate with it:he stayeth his rough wind in the day of the east wind.AD.
1542	DONATEISAIAH 27:2-8• 6 He shall cause them that come of Jacob to take root: Israelshall blossom and bud, and fill the face of the world with fruit.• 7 Hath he smitten him, as he smote those that smote him? or ishe slain according to the slaughter of them that are slain byhim?• 8 In measure, when it shooteth forth, thou wilt debate with it:he stayeth his rough wind in the day of the east wind.AD.
1548	DONATEISAIAH 27:2-8• 6 He shall cause them that come of Jacob to take root: Israelshall blossom and bud, and fill the face of the world with fruit.• 7 Hath he smitten him, as he smote those that smote him? or ishe slain according to the slaughter of them that are slain byhim?• 8 In measure, when it shooteth forth, thou wilt debate with it:he stayeth his rough wind in the day of the east wind.AD.
1554	DONATEISAIAH 27:2-8• 6 He shall cause them that come of Jacob to take root: Israelshall blossom and bud, and fill the face of the world with fruit.• 7 Hath he smitten him, as he smote those that smote him? or ishe slain according to the slaughter of them that are slain byhim?• 8 In measure, when it shooteth forth, thou wilt debate with it:he stayeth his rough wind in the day of the east wind.AD.
1560	DONATEISAIAH 27:2-8• 6 He shall cause them that come of Jacob to take root: Israelshall blossom and bud, and fill the face of the world with fruit.• 7 Hath he smitten him, as he smote those that smote him? or ishe slain according to the slaughter of them that are slain byhim?• 8 In measure, when it shooteth forth, thou wilt debate with it:he stayeth his rough wind in the day of the east wind.ADLIVE
1566	DONATEISAIAH 27:2-8• 6 He shall cause them that come of Jacob to take root: Israelshall blossom and bud, and fill the face of the world with fruit.• 7 Hath he smitten him, as he smote those that smote him? or ishe slain according to the slaughter of them that are slain byhim?• 8 In measure, when it shooteth forth, thou wilt debate with it:he stayeth his rough wind in the day of the east wind.AD.
1572	DONATEISAIAH 27:2-8• 6 He shall cause them that come of Jacob to take root: Israelshall blossom and bud, and fill the face of the world with fruit.• 7 Hath he smitten him, as he smote those that smote him? or ishe slain according to the slaughter of them that are slain byhim?• 8 In measure, when it shooteth forth, thou wilt debate with it:he stayeth his rough wind in the day of the east wind.AR.
1578	DONATEISAIAH 27:2-8• 6 He shall cause them that come of Jacob to take root: Israelshall blossom and bud, and fill the face of the world with fruit.• 7 Hath he smitten him, as he smote those that smote him? or ishe slain according to the slaughter of them that are slain byhim?• 8 In measure, when it shooteth forth, thou wilt debate with it:he stayeth his rough wind in the day of the east wind.AD.
1584	DONATEISAIAH 27:2-8• 6 He shall cause them that come of Jacob to take root: Israelshall blossom and bud, and fill the face of the world with fruit.• 7 Hath he smitten him, as he smote those that smote him? or ishe slain according to the slaughter of them that are slain byhim?• 8 In measure, when it shooteth forth, thou wilt debate with it:he stayeth his rough wind in the day of the east wind.AD.
1590	DONATEISAIAH 27:2-8• 6 He shall cause them that come of Jacob to take root: Israelshall blossom and bud, and fill the face of the world with fruit.• 7 Hath he smitten him, as he smote those that smote him? or ishe slain according to the slaughter of them that are slain byhim?• 8 In measure, when it shooteth forth, thou wilt debate with it:he stayeth his rough wind in the day of the east wind.AD.
1596	DONATEISAIAH 27:2-8• 6 He shall cause them that come of Jacob to take root: Israelshall blossom and bud, and fill the face of the world with fruit.• 7 Hath he smitten him, as he smote those that smote him? or ishe slain according to the slaughter of them that are slain byhim?• 8 In measure, when it shooteth forth, thou wilt debate with it:he stayeth his rough wind in the day of the east wind.AD.
1602	DONATEISAIAH 27:2-8• 6 He shall cause them that come of Jacob to take root: Israelshall blossom and bud, and fill the face of the world with fruit.• 7 Hath he smitten him, as he smote those that smote him? or ishe slain according to the slaughter of them that are slain byhim?• 8 In measure, when it shooteth forth, thou wilt debate with it:he stayeth his rough wind in the day of the east wind.AD.
1608	DONATEISAIAH 27:2-8• 6 He shall cause them that come of Jacob to take root: Israelshall blossom and bud, and fill the face of the world with fruit.• 7 Hath he smitten him, as he smote those that smote him? or ishe slain according to the slaughter of them that are slain byhim?• 8 In measure, when it shooteth forth, thou wilt debate with it:he stayeth his rough wind in the day of the east wind.ADLIVE
1614	DONATEISAIAH 27:2-8• 6 He shall cause them that come of Jacob to take root: Israelshall blossom and bud, and fill the face of the world with fruit.• 7 Hath he smitten him, as he smote those that smote him? or ishe slain according to the slaughter of them that are slain byhim?• 8 In measure, when it shooteth forth, thou wilt debate with it:he stayeth his rough wind in the day of the east wind.AD.
1620	DONATEISAIAH 27:2-8• 6 He shall cause them that come of Jacob to take root: Israelshall blossom and bud, and fill the face of the world with fruit.• 7 Hath he smitten him, as he smote those that smote him? or ishe slain according to the slaughter of them that are slain byhim?• 8 In measure, when it shooteth forth, thou wilt debate with it:he stayeth his rough wind in the day of the east wind.ADLIVE
1626	DONATEISAIAH 27:2-8• 6 He shall cause them that come of Jacob to take root: Israelshall blossom and bud, and fill the face of the world with fruit.• 7 Hath he smitten him, as he smote those that smote him? or ishe slain according to the slaughter of them that are slain byhim?• 8 In measure, when it shooteth forth, thou wilt debate with it:he stayeth his rough wind in the day of the east wind.AD.
1632	DONATEISAIAH 27:2-8• 6 He shall cause them that come of Jacob to take root: Israelshall blossom and bud, and fill the face of the world with fruit.• 7 Hath he smitten him, as he smote those that smote him? or ishe slain according to the slaughter of them that are slain byhim?• 8 In measure, when it shooteth forth, thou wilt debate with it:he stayeth his rough wind in the day of the east wind.ADLIVE
1638	DONATEISAIAH 27:2-8• 6 He shall cause them that come of Jacob to take root: Israelshall blossom and bud, and fill the face of the world with fruit.• 7 Hath he smitten him, as he smote those that smote him? or ishe slain according to the slaughter of them that are slain byhim?• 8 In measure, when it shooteth forth, thou wilt debate with it:he stayeth his rough wind in the day of the east wind.ADLIVE
1644	DONATEISAIAH 27:2-8• 6 He shall cause them that come of Jacob to take root: Israelshall blossom and bud, and fill the face of the world with fruit.• 7 Hath he smitten him, as he smote those that smote him? or ishe slain according to the slaughter of them that are slain byhim?• 8 In measure, when it shooteth forth, thou wilt debate with it:he stayeth his rough wind in the day of the east wind.AD.
1650	DONATEISAIAH 27:2-8• 6 He shall cause them that come of Jacob to take root: Israelshall blossom and bud, and fill the face of the world with fruit.• 7 Hath he smitten him, as he smote those that smote him? or ishe slain according to the slaughter of them that are slain byhim?• 8 In measure, when it shooteth forth, thou wilt debate with it:he stayeth his rough wind in the day of the east wind.ADLIVE
1656	DONATEISAIAH 27:2-8• 6 He shall cause them that come of Jacob to take root: Israelshall blossom and bud, and fill the face of the world with fruit.• 7 Hath he smitten him, as he smote those that smote him? or ishe slain according to the slaughter of them that are slain byhim?• 8 In measure, when it shooteth forth, thou wilt debate with it:he stayeth his rough wind in the day of the east wind.AD.
1662	DONATEISAIAH 27:2-8• 6 He shall cause them that come of Jacob to take root: Israelshall blossom and bud, and fill the face of the world with fruit.• 7 Hath he smitten him, as he smote those that smote him? or ishe slain according to the slaughter of them that are slain byhim?• 8 In measure, when it shooteth forth, thou wilt debate with it:he stayeth his rough wind in the day of the east wind.ADLIVE
1668	DONATEISAIAH 27:2-8• 6 He shall cause them that come of Jacob to take root: Israelshall blossom and bud, and fill the face of the world with fruit.• 7 Hath he smitten him, as he smote those that smote him? or ishe slain according to the slaughter of them that are slain byhim?• 8 In measure, when it shooteth forth, thou wilt debate with it:he stayeth his rough wind in the day of the east wind.ADLIVE
1674	HOSEA 8:7• For they have sown the wind, and they shall reapthe whirlwind: it hath no stalk; the bud shall yieldno meal: if so be it yield, the strangers shallswallow it up.AD.
1680	DONATEHOSEA 8:7• For they have sown the wind, and they shall reapthe whirlwind: it hath no stalk; the bud shall yieldno meal: if so be it yield, the strangers shallswallow it up.AR.
1686	DONATEHOSEA 8:7• For they have sown the wind, and they shall reapthe whirlwind: it hath no stalk; the bud shall yieldno meal: if so be it yield, the strangers shallswallow it up.AD.
1692	DONATEHOSEA 8:7• For they have sown the wind, and they shall reapthe whirlwind: it hath no stalk; the bud shall yieldno meal: if so be it yield, the strangers shallswallow it up.AD.
1698	DONATEHOSEA 8:7• For they have sown the wind, and they shall reapthe whirlwind: it hath no stalk; the bud shall yieldno meal: if so be it yield, the strangers shallswallow it up.AR.
1704	HOSEA 8:7• For they have sown the wind, and they shall reapthe whirlwind: it hath no stalk; the bud shall yieldno meal: if so be it yield, the strangers shallswallow it up.AD.
1710	DONATEHOSEA 8:7• For they have sown the wind, and they shall reapthe whirlwind: it hath no stalk; the bud shall yieldno meal: if so be it yield, the strangers shallswallow it up.AR.
1716	HOSEA 8:7• For they have sown the wind, and they shall reapthe whirlwind: it hath no stalk; the bud shall yieldno meal: if so be it yield, the strangers shallswallow it up.AD.
1722	DONATEREVELATION 7:1-4• 1 And after these things I saw four angels standing on the fourcorners of the earth, holding the four winds of the earth, that thewind should not blow on the earth, nor on the sea, nor on any tree• 2 And I saw another angel ascending from the east, having the sealof the living God: and he cried with a loud voice to the four angels,to whom it was given to hurt the earth and the sea,• 3 Saying, Hurt not the earth, neither the sea, nor the trees, till wehave sealed the servants of our God in their foreheads.• 4 And I heard the number of them which were sealed: and there wereealed an hundred and forty and four thousand of all the tribes of thechildren of Israel.ADLIVE
1728	DONATEREVELATION 7:1-4• 1 And after these things I saw four angels standing on the fourcorners of the earth, holding the four winds of the earth, that thewind should not blow on the earth, nor on the sea, nor on any tree• 2 And I saw another angel ascending from the east, having the sealof the living God: and he cried with a loud voice to the four angels,to whom it was given to hurt the earth and the sea,• 3 Saying, Hurt not the earth, neither the sea, nor the trees, till wehave sealed the servants of our God in their foreheads.4 And I heard the number of them which were sealed: and there wereealed an hundred and forty and four thousand of all the tribes of thchildren of Israel.ADtvLIVE
1734	DONATEREVELATION 7:1-4• 1 And after these things I saw four angels standing on the fourcorners of the earth, holding the four winds of the earth, that thewind should not blow on the earth, nor on the sea, nor on any tree.• 2 And I saw another angel ascending from the east, having the sealof the living God: and he cried with a loud voice to the four angels,to whom it was given to hurt the earth and the sea,• 3 Saying, Hurt not the earth, neither the sea, nor the trees, till wehave sealed the servants of our God in their foreheads.• 4 And I heard the number of them which weresealed an hundred and forty and four thousand of all the tribes on terechildren of Israel.ADtvLIVE
1740	REVELATION 7:1-4• 1 And after these things I saw four angels standing on the fourcorners of the earth, holding the four winds of the earth, that thewind should not blow on the earth, nor on the sea, nor on any tree.• 2 And I saw another angel ascending from the east, having the sealof the living God: and he cried with a loud voice to the four angels,to whom it was given to hurt the earth and the sea,• 3 Saying, Hurt not the earth, neither the sea, nor the trees, till wehave sealed the servants of our God in their foreheads.• 4 And I heard the number of them which were sealed: and there wereealed an hundred and forty and four thousand of all the tribes of thechildren of Israel.ADLIVE
1746	REVELATION 7:1-4• 1 And after these things I saw four angels standing on the fourcorners of the earth, holding the four winds of the earth, that thewind should not blow on the earth, nor on the sea, nor on any tree.• 2 And I saw another angel ascending from the east, having the sealof the living God: and he cried with a loud voice to the four angels,to whom it was given to hurt the earth and the sea,• 3 Saying, Hurt not the earth, neither the sea, nor the trees, till wehave sealed the servants of our God in their foreheads.• 4 And I heard the number of them which were sealed: and there wereealed an hundred and forty and four thousand of all the tribes of thechildren of Israel.ADtvLIVE
1752	DONATEREVELATION 7:1-4• 1 And after these things I saw four angels standing on the fourcorners of the earth, holding the four winds of the earth, that thewind should not blow on the earth, nor on the sea, nor on any tree.• 2 And I saw another angel ascending from the east, having the sealof the living God: and he cried with a loud voice to the four angels,to whom it was given to hurt the earth and the sea,• 3 Saying, Hurt not the earth, neither the sea, nor the trees, till wehave sealed the servants of our God in their foreheads.4 And I heard the number of them which were sealed: and there werealed an hundred and forty and four thousand of all the tribes of thchildren of Israel.AD.
1758	REVELATION 7:1-4• 1 And after these things I saw four angels standing on the fourcorners of the earth, holding the four winds of the earth, that thewind should not blow on the earth, nor on the sea, nor on any tree• 2 And I saw another angel ascending from the east, having the sealof the living God: and he cried with a loud voice to the four angels,to whom it was given to hurt the earth and the sea,• 3 Saying, Hurt not the earth, neither the sea, nor the trees, till wehave sealed the servants of our God in their foreheads.• 4 And I heard the number of them which were sealed: and there wereealed an hundred and forty and four thousand of all the tribes of thechildren of Israel.ADtvLIVE
1764	DONATEAD.LIVE
1770	DONATEADLIVE
1776	20DONATEAL.LIVE
1782	20DONATEAD.AID
1788	DONATEAL.
1794	DONATEADLIVE
1800	DONATEAD.LIVE
1806	DONATEAL.LIVE
1812	DONATEAL.
1818	DONATEADLIVE
1824	DONATEADLIVE
1830	DONATEAID.
1836	DONATEAD.LIVE
1842	DONATEAL.
1848	DONATEAD.
1854	DONATEAD.LIVE
1860	DONATEAD.LIVE
1866	DONATEAD.
1872	DONATEAD.LIVE
1878	DONATEALL.
1884	DONATEAIDLIVE
1890	DONATEADLIVE
1896	DONATEAD.LIVE
1902	DONATEAD.
1908	DONATEAD.
1914	DONATEADLIVE
1920	DONATEAD.LIVE
1926	DONATEADLIVE
1932	DONATEADLIVE
1938	DONATEAD'[tyLIVE
1944	DONATEAD.LIVE
1950	DONATEADLIVE
1956	DONATEAD.
1962	DONATEGENESIS 41:40-42• 40 Thou shalt be over my house, and according unto thy wordshall all my people be ruled: only in the throne will I be greaterthan thou.• 41 And Pharaoh said unto Joseph, See, I have set thee over allthe land of Egypt.• 42 And Pharaoh took off his ring from his hand, and put itupon Joseph's hand, and arrayed him in vestures of fine linen,and put a gold chain about his neck;AD.
1968	DONATEGENESIS 41:40-42• 40 Thou shalt be over my house, and according unto thy wordshall all my people be ruled: only in the throne will I be greaterthan thou.• 41 And Pharaoh said unto Joseph, See, I have set thee over allthe land of Egypt.• 42 And Pharaoh took off his ring from his hand, and put itupon Joseph's hand, and arrayed him in vestures of fine linen,and put a gold chain about his neck;ADLIVE
1974	GENESIS 41:40-42• 40 Thou shalt be over my house, and according unto thy wordshall all my people be ruled: only in the throne will I be greaterthan thou.• 41 And Pharaoh said unto Joseph, See, I have set thee over allthe land of Egypt.• 42 And Pharaoh took off his ring from his hand, and put itupon Joseph's hand, and arrayed him in vestures of fine linen,and put a gold chain about his neck;ADLIVE
1980	DONATEGENESIS 41:40-42• 40 Thou shalt be over my house, and according unto thy wordshall all my people be ruled: only in the throne will 1 be greaterthan thou.• 41 And Pharaoh said unto Joseph, See, I have set thee over allthe land of Egypt.• 42 And Pharaoh took off his ring from his hand, and put itupon Joseph's hand, and arrayed him in vestures of fine linen,and put a gold chain about his neck;ADLIVE
1986	GENESIS 41:40-42• 40 Thou shalt be over my house, and according unto thy wordshall all my people be ruled: only in the throne will I be greaterthan thou.• 41 And Pharaoh said unto Joseph, See, I have set thee over allthe land of Egypt.• 42 And Pharaoh took off his ring from his hand, and put itupon Joseph's hand, and arrayed him in vestures of fine linen,and put a gold chain about his neck;ADLIVE
1992	DONATEGENESIS 41:40-42• 40 Thou shalt be over my house, and according unto thy wordshall all my people be ruled: only in the throne will 1 be greaterthan thou.• 41 And Pharaoh said unto Joseph, See, I have set thee over allthe land of Egypt.• 42 And Pharaoh took off his ring from his hand, and put itupon Joseph's hand, and arrayed him in vestures of fine linen,and put a gold chain about his neck;ADLIVE
1998	GENESIS 41:40-42• 40 Thou shalt be over my house, and according unto thy wordshall all my people be ruled: only in the throne will I be greaterthan thou.• 41 And Pharaoh said unto Joseph, See, I have set thee over allthe land of Egypt.• 42 And Pharaoh took off his ring from his hand, and put itupon Joseph's hand, and arrayed him in vestures of fine linen,and put a gold chain about his neck;ADLIVE
2004	DONATEGENESIS 41:40-42• 40 Thou shalt be over my house, and according unto thy wordshall all my people be ruled: only in the throne will I be greaterthan thou.• 41 And Pharaoh said unto Joseph, See, I have set thee over allthe land of Egypt.• 42 And Pharaoh took off his ring from his hand, and put itupon Joseph's hand, and arrayed him in vestures of fine linen,and put a gold chain about his neck;ADLIVE
2010	GENESIS 41:40-42• 40 Thou shalt be over my house, and according unto thy wordshall all my people be ruled: only in the throne will I be greaterthan thou.* 41 And Pharaoh said unto Joseph, See, I have set thee over allthe land of Egypt.• 42 And Pharaoh took off his ring from his hand, and put itupon Joseph's hand, and arrayed him in vestures of fine linen,and put a gold chain about his neck;ADLIVE
2016	DONATEGENESIS 41:40-42• 40 Thou shalt be over my house, and according unto thy wordshall all my people be ruled: only in the throne will 1 be greaterthan thou.* 41 And Pharaoh said unto Joseph, See, I have set thee over allthe land of Egypt.• 42 And Pharaoh took off his ring from his hand, and put itupon Joseph's hand, and arrayed him in vestures of fine linen,and put a gold chain about his neck;ADLIVE
2022	DONATEGENESIS 41:40-42• 40 Thou shalt be over my house, and according unto thy wordshall all my people be ruled: only in the throne will 1 be greaterthan thou.• 41 And Pharaoh said unto Joseph, See, I have set thee over allthe land of Egypt.• 42 And Pharaoh took off his ring from his hand, and put itupon Joseph's hand, and arrayed him in vestures of fine linen,and put a gold chain about his neck;AD.
2028	GENESIS 41:40-42• 40 Thou shalt be over my house, and according unto thy wordshall all my people be ruled: only in the throne will I be greaterthan thou.* 41 And Pharaoh said unto Joseph, See, I have set thee over allthe land of Egypt.• 42 And Pharaoh took off his ring from his hand, and put itupon Joseph's hand, and arrayed him in vestures of fine linen,and put a gold chain about his neck;AD.
2034	DONATEGENESIS 41:40-42• 40 Thou shalt be over my house, and according unto thy wordshall all my people be ruled: only in the throne will 1 be greaterthan thou.• 41 And Pharaoh said unto Joseph, See, I have set thee over allthe land of Egypt.• 42 And Pharaoh took off his ring from his hand, and put itupon Joseph's hand, and arrayed him in vestures of fine linen,and put a gold chain about his neck;ADLIVE
2040	DONATEGENESIS 41:40-42• 40 Thou shalt be over my house, and according unto thy wordshall all my people be ruled: only in the throne will 1 be greaterthan thou.• 41 And Pharaoh said unto Joseph, See, I have set thee over allthe land of Egypt.• 42 And Pharaoh took off his ring from his hand, and put itupon Joseph's hand, and arrayed him in vestures of fine linen,and put a gold chain about his neck;AD.
2046	DONATEGENESIS 41:40-42• 40 Thou shalt be over my house, and according unto thy wordshall all my people be ruled: only in the throne will 1 be greaterthan thou.* 41 And Pharaoh said unto Joseph, See, I have set thee over allthe land of Egypt.• 42 And Pharaoh took off his ring from his hand, and put itupon Joseph's hand, and arrayed him in vestures of fine linen,and put a gold chain about his neck;ADLIVE
2052	DONATEESTHER 3:10-12• 10 And the king took his ring from his hand, and gave it untolaman the son of Hammedatha the Agagite, the Jews' enemy• 11 And the king said unto Maman, The silver is given to thee, thepeople also, to do with them as it seemeth good to thee.• 12 Then were the king's scribes called on the thirteenth day ofthe first month, and there was written according to all thatHaman had commanded unto the king's lieutenants, and to thegovernors that were over every province, and to the rulers ofevery people of every province according to the writing thereof.and to every people after their language; in the name of kingAhasuerus was it written, and sealed with the king's ring.ADILIVE
2058	ESTHER 3:10-12• 10 And the king took his ring from his hand, and gave it untolaman the son of Hammedatha the Agagite, the Jews' enemy• 11 And the king said unto Haman, The silver is given to thee, thepeople also, to do with them as it seemeth good to thee.• 12 Then were the king's scribes called on the thirteenth day ofthe first month, and there was written according to all thatHaman had commanded unto the king's lieutenants, and to thegovernors that were over every province, and to the rulers ofevery people of every province according to the writing thereof.and to every people after their language; in the name of kinsAhasuerus was it written, and sealed with the king's ring.AD.
2064	ESTHER 3:10-1210 And the king took his ring from his hand, and gave it untlaman the son of Hammedatha the Agagite, the Jews' enemy• 11 And the king said unto Haman, The silver is given to thee, thepeople also, to do with them as it seemeth good to thee.• 12 Then were the king's scribes called on the thirteenth day ofthe first month, and there was written according to all thatHaman had commanded unto the king's lieutenants, and to thegovernors that were over every province, and to the rulers ofevery people of every province according to the writing thereof.and to every people after their language; in the name of kingAhasuerus was it written, and sealed with the king's ring.AD.
2070	ESTHER 3:10-12• 10 And the king took his ring from his hand, and gave it untoJaman the son of Hammedatha the Agagite, the Jews' enemy• 11 And the king said unto Haman, The silver is given to thee, thepeople also, to do with them as it seemeth good to thee.• 12 Then were the king's scribes called on the thirteenth day ofthe first month, and there was written according to all thatHaman had commanded unto the king's lieutenants, and to thegovernors that were over every province, and to the rulers ofevery people of every province according to the writing thereof.and to every people after their language; in the name of kingAhasuerus was it written, and sealed with the king's ring.AD.
2076	ESTHER 3:10-12• 10 And the king took his ring from his hand, and gave it untolaman the son of Hammedatha the Agagite, the Jews' enemy• 11 And the king said unto Haman, The silver is given to thee, thepeople also, to do with them as it seemeth good to thee.• 12 Then were the king's scribes called on the thirteenth day ofthe first month, and there was written according to all thatHaman had commanded unto the king's lieutenants, and to thegovernors that were over every province, and to the rulers ofevery people of every province according to the writing thereof.and to every people after their language; in the name of kingAhasuerus was it written, and sealed with the king's ring.AR.
2082	ESTHER 3:10-12• 10 And the king took his ring from his hand, and gave it untolaman the son of Hammedatha the Agagite, the Jews' enemy• 11 And the king said unto Haman, The silver is given to thee, thepeople also, to do with them as it seemeth good to thee.• 12 Then were the king's scribes called on the thirteenth day ofthe first month, and there was written according to all thatHaman had commanded unto the king's lieutenants, and to thegovernors that were over every province, and to the rulers ofevery people of every province according to the writing thereof.and to every people after their language; in the name of kinsAhasuerus was it written, and sealed with the king's ring.AD.
2088	ESTHER 3:10-1210 And the king took his ring from his hand, and gave it untlaman the son of Hammedatha the Agagite, the Jews' enemy• 11 And the king said unto Haman, The silver is given to thee, thepeople also, to do with them as it seemeth good to thee.• 12 Then were the king's scribes called on the thirteenth day ofthe first month, and there was written according to all thatHaman had commanded unto the king's lieutenants, and to thegovernors that were over every province, and to the rulers ofevery people of every province according to the writing thereof,and to every people after their language; in the name of kingAhasuerus was it written, and sealed with the king's ring.AD.
2094	ESTHER 3:10-1210 And the king took his ring from his hand, and gave it untlaman the son of Hammedatha the Agagite, the Jews' enemy• 11 And the king said unto Haman, The silver is given to thee, thepeople also, to do with them as it seemeth good to thee.• 12 Then were the king's scribes called on the thirteenth day ofthe first month, and there was written according to all thatHaman had commanded unto the king's lieutenants, and to thegovernors that were over every province, and to the rulers ofevery people of every province according to the writing thereofand to every people after their language; in the name of kingAhasuerus was it written, and sealed with the king's ring.AD.
2100	ESTHER 3:10-1210 And the king took his ring from his hand, and gave it untlaman the son of Hammedatha the Agagite, the Jews' enemy• 11 And the king said unto Haman, The silver is given to thee, thepeople also, to do with them as it seemeth good to thee.• 12 Then were the king's scribes called on the thirteenth day ofthe first month, and there was written according to all thatHaman had commanded unto the king's lieutenants, and to thegovernors that were over every province, and to the rulers ofevery people of every province according to the writing thereofand to every people after their language; in the name of kingAhasuerus was it written, and sealed with the king's ring.AR.
2106	ESTHER 3:10-1210 And the king took his ring from his hand, and gave it untlaman the son of Hammedatha the Agagite, the Jews' enemy• 11 And the king said unto Haman, The silver is given to thee, thepeople also, to do with them as it seemeth good to thee.• 12 Then were the king's scribes called on the thirteenth day ofthe first month, and there was written according to all thatHaman had commanded unto the king's lieutenants, and to thegovernors that were over every province, and to the rulers ofevery people of every province according to the writing thereof.and to every people after their language; in the name of kinsAhasuerus was it written, and sealed with the king's ring.AR.
2112	ESTHER 3:10-12• 10 And the king took his ring from his hand, and gave it untoJaman the son of Hammedatha the Agagite, the Jews' enemy• 11 And the king said unto Haman, The silver is given to thee, thepeople also, to do with them as it seemeth good to thee.• 12 Then were the king's scribes called on the thirteenth day ofthe first month, and there was written according to all thatHaman had commanded unto the king's lieutenants, and to thegovernors that were over every province, and to the rulers ofevery people of every province according to the writing thereof.and to every people after their language; in the name of kingAhasuerus was it written, and sealed with the king's ring.AR.
2118	ESTHER 3:10-12• 10 And the king took his ring from his hand, and gave it untoJaman the son of Hammedatha the Agagite, the Jews' enemy• 11 And the king said unto Haman, The silver is given to thee, thepeople also, to do with them as it seemeth good to thee.• 12 Then were the king's scribes called on the thirteenth day ofthe first month, and there was written according to all thatHaman had commanded unto the king's lieutenants, and to thegovernors that were over every province, and to the rulers ofevery people of every province according to the writing thereof,and to every people after their language; in the name of kingAhasuerus was it written, and sealed with the king's ring.ADLIVE
2124	ESTHER 3:10-12• 10 And the king took his ring from his hand, and gave it untoJaman the son of Hammedatha the Agagite, the Jews' enemy• 11 And the king said unto Haman, The silver is given to thee, thepeople also, to do with them as it seemeth good to thee.• 12 Then were the king's scribes called on the thirteenth day ofthe first month, and there was written according to all thatHaman had commanded unto the king's lieutenants, and to thegovernors that were over every province, and to the rulers ofevery people of every province according to the writing thereof.and to every people after their language; in the name of kinsAhasuerus was it written, and sealed with the king's ring.AD.
2130	ESTHER 3:10-1210 And the king took his ring from his hand, and gave it untlaman the son of Hammedatha the Agagite, the Jews' enemy• 11 And the king said unto Haman, The silver is given to thee, thepeople also, to do with them as it seemeth good to thee.• 12 Then were the king's scribes called on the thirteenth day ofthe first month, and there was written according to all thatHaman had commanded unto the king's lieutenants, and to thegovernors that were over every province, and to the rulers ofevery people of every province according to the writing thereofand to every people after their language; in the name of kingAhasuerus was it written, and sealed with the king's ring.AD.
2136	ESTHER 3:10-1210 And the king took his ring from his hand, and gave it untlaman the son of Hammedatha the Agagite, the Jews' enemy• 11 And the king said unto Haman, The silver is given to thee, thepeople also, to do with them as it seemeth good to thee.• 12 Then were the king's scribes called on the thirteenth day ofthe first month, and there was written according to all thatHaman had commanded unto the king's lieutenants, and to thegovernors that were over every province, and to the rulers ofevery people of every province according to the writing thereof.and to every people after their language; in the name of kinsAhasuerus was it written, and sealed with the king's ring.AD.
2142	ESTHER 3:10-12• 10 And the king took his ring from his hand, and gave it untoJaman the son of Hammedatha the Agagite, the Jews' enemy• 11 And the king said unto Haman, The silver is given to thee, thepeople also, to do with them as it seemeth good to thee.• 12 Then were the king's scribes called on the thirteenth day ofthe first month, and there was written according to all thatHaman had commanded unto the king's lieutenants, and to thegovernors that were over every province, and to the rulers ofevery people of every province according to the writing thereof.and to every people after their language; in the name of kinsAhasuerus was it written, and sealed with the king's ring.
2148	ESTHER 3:10-12• 10 And the king took his ring from his hand, and gave it untoJaman the son of Hammedatha the Agagite, the Jews' enemy• 11 And the king said unto Haman, The silver is given to thee, thepeople also, to do with them as it seemeth good to thee.• 12 Then were the king's scribes called on the thirteenth day ofthe first month, and there was written according to all thatHaman had commanded unto the king's lieutenants, and to thegovernors that were over every province, and to the rulers ofevery people of every province according to the writing thereof.and to every people after their language; in the name of kingAhasuerus was it written, and sealed with the king's ring.AD.
2154	ESTHER 3:10-12• 10 And the king took his ring from his hand, and gave it untoJaman the son of Hammedatha the Agagite, the Jews' enemy• 11 And the king said unto Haman, The silver is given to thee, thepeople also, to do with them as it seemeth good to thee.• 12 Then were the king's scribes called on the thirteenth day ofthe first month, and there was written according to all thatHaman had commanded unto the king's lieutenants, and to thegovernors that were over every province, and to the rulers ofevery people of every province according to the writing thereof.and to every people after their language; in the name of kingAhasuerus was it written, and sealed with the king's ring.ADLIVE
2160	ESTHER 3:10-12• 10 And the king took his ring from his hand, and gave it untoJaman the son of Hammedatha the Agagite, the Jews' enemy• 11 And the king said unto Haman, The silver is given to thee, thepeople also, to do with them as it seemeth good to thee.• 12 Then were the king's scribes called on the thirteenth day ofthe first month, and there was written according to all thatHaman had commanded unto the king's lieutenants, and to thegovernors that were over every province, and to the rulers ofevery people of every province according to the writing thereofand to every people after their language; in the name of kingAhasuerus was it written, and sealed with the king's ring.AD.
2166	ESTHER 3:10-12• 10 And the king took his ring from his hand, and gave it untoJaman the son of Hammedatha the Agagite, the Jews' enemy• 11 And the king said unto Haman, The silver is given to thee, thepeople also, to do with them as it seemeth good to thee.• 12 Then were the king's scribes called on the thirteenth day ofthe first month, and there was written according to all thatHaman had commanded unto the king's lieutenants, and to thegovernors that were over every province, and to the rulers ofevery people of every province according to the writing thereofand to every people after their language; in the name of kingAhasuerus was it written, and sealed with the king's ring.AD.
2172	ESTHER 3:10-12• 10 And the king took his ring from his hand, and gave it untoJaman the son of Hammedatha the Agagite, the Jews' enemy• 11 And the king said unto Haman, The silver is given to thee, thepeople also, to do with them as it seemeth good to thee.• 12 Then were the king's scribes called on the thirteenth day ofthe first month, and there was written according to all thatHaman had commanded unto the king's lieutenants, and to thegovernors that were over every province, and to the rulers ofevery people of every province according to the writing thereof.and to every people after their language; in the name of kinsAhasuerus was it written, and sealed with the king's ring.AD.
2178	ESTHER 3:10-1210 And the king took his ring from his hand, and gave it untlaman the son of Hammedatha the Agagite, the Jews' enemy• 11 And the king said unto Haman, The silver is given to thee, thepeople also, to do with them as it seemeth good to thee.• 12 Then were the king's scribes called on the thirteenth day ofthe first month, and there was written according to all thatHaman had commanded unto the king's lieutenants, and to thegovernors that were over every province, and to the rulers ofevery people of every province according to the writing thereofand to every people after their language; in the name of kinsAhasuerus was it written, and sealed with the king's ring.AR.
2184	ESTHER 3:10-12• 10 And the king took his ring from his hand, and gave it untoJaman the son of Hammedatha the Agagite, the Jews' enemy• 11 And the king said unto Haman, The silver is given to thee, thepeople also, to do with them as it seemeth good to thee.• 12 Then were the king's scribes called on the thirteenth day ofthe first month, and there was written according to all thatHaman had commanded unto the king's lieutenants, and to thegovernors that were over every province, and to the rulers ofevery people of every province according to the writing thereof.and to every people after their language; in the name of kinsAhasuerus was it written, and sealed with the king's ring.
2190	ESTHER 3:10-12• 10 And the king took his ring from his hand, and gave it untoJaman the son of Hammedatha the Agagite, the Jews' enemy• 11 And the king said unto Haman, The silver is given to thee, thepeople also, to do with them as it seemeth good to thee.• 12 Then were the king's scribes called on the thirteenth day ofthe first month, and there was written according to all thatHaman had commanded unto the king's lieutenants, and to thegovernors that were over every province, and to the rulers ofevery people of every province according to the writing thereofand to every people after their language; in the name of kinsAhasuerus was it written, and sealed with the king's ring.AD.
2196	ESTHER 3:10-1210 And the king took his ring from his hand, and gave it untlaman the son of Hammedatha the Agagite, the Jews' enemy• 11 And the king said unto Haman, The silver is given to thee, thepeople also, to do with them as it seemeth good to thee.• 12 Then were the king's scribes called on the thirteenth day ofthe first month, and there was written according to all thatHaman had commanded unto the king's lieutenants, and to thegovernors that were over every province, and to the rulers ofevery people of every province according to the writing thereof.and to every people after their language; in the name of kinsAhasuerus was it written, and sealed with the king's ring.AD.
2202	ESTHER 3:10-1210 And the king took his ring from his hand, and gave it untlaman the son of Hammedatha the Agagite, the Jews' enemy• 11 And the king said unto Haman, The silver is given to thee, thepeople also, to do with them as it seemeth good to thee.• 12 Then were the king's scribes called on the thirteenth day ofthe first month, and there was written according to all thatHaman had commanded unto the king's lieutenants, and to thegovernors that were over every province, and to the rulers ofevery people of every province according to the writing thereof.and to every people after their language; in the name of kinsAhasuerus was it written, and sealed with the king's ring.AD.
2208	ESTHER 3:10-12• 10 And the king took his ring from his hand, and gave it untolaman the son of Hammedatha the Agagite, the Jews' enemy• 11 And the king said unto Haman, The silver is given to thee, thepeople also, to do with them as it seemeth good to thee.• 12 Then were the king's scribes called on the thirteenth day ofthe first month, and there was written according to all thatHaman had commanded unto the king's lieutenants, and to thegovernors that were over every province, and to the rulers ofevery people of every province according to the writing thereof.and to every people after their language; in the name of kingAhasuerus was it written, and sealed with the king's ring.AD.
2214	ESTHER 3:10-12• 10 And the king took his ring from his hand, and gave it untolaman the son of Hammedatha the Agagite, the Jews' enemy• 11 And the king said unto Maman, The silver is given to thee, thepeople also, to do with them as it seemeth good to thee.• 12 Then were the king's scribes called on the thirteenth day ofthe first month, and there was written according to all thatHaman had commanded unto the king's lieutenants, and to thegovernors that were over every province, and to the rulers ofevery people of every province according to the writing thereof.and to every people after their language; in the name of kingAhasuerus was it written, and sealed with the king's ring.AD.
2220	ESTHER 3:10-1210 And the king took his ring from his hand, and gave it untlaman the son of Hammedatha the Agagite, the Jews' enemy• 11 And the king said unto Haman, The silver is given to thee, thepeople also, to do with them as it seemeth good to thee.• 12 Then were the king's scribes called on the thirteenth day ofthe first month, and there was written according to all thatHaman had commanded unto the king's lieutenants, and to thegovernors that were over every province, and to the rulers ofevery people of every province according to the writing thereof.and to every people after their language; in the name of kinsAhasuerus was it written, and sealed with the king's ring.AD.
2226	DONATEESTER 8:8• 8 Write ye also for the Jews, as it liketh you, in theking's name, and seal it with the king's ring: for thewriting which is written in the king's name, and sealedwith the king's ring, may no man reverse.AD.
2232	ESTER 8:8• 8 Write ye also for the Jews, as it liketh you, in theking's name, and seal it with the king's ring: for thewriting which is written in the king's name, and sealedwith the king's ring, may no man reverse.AD.
2238	DONATEESTER 8:8• 8 Write ye also for the Jews, as it liketh you, in theking's name, and seal it with the king's ring: for thewriting which is written in the king's name, and sealedwith the king's ring, may no man reverse.AD.
2244	DONATEESTER 8:8• 8 Write ye also for the Jews, as it liketh you, in theking's name, and seal it with the king's ring: for thewriting which is written in the king's name, and sealedwith the king's ring, may no man reverse.ADLIVE
2250	DONATEESTER 8:8• 8 Write ye also for the Jews, as it liketh you, in theking's name, and seal it with the king's ring: for thewriting which is written in the king's name, and sealedwith the king's ring, may no man reverse.AD.
2256	DONATEESTER 8:8• 8 Write ye also for the Jews, as it liketh you, in theking's name, and seal it with the king's ring: for thewriting which is written in the king's name, and sealedwith the king's ring, may no man reverse.AD.
2262	DONATEESTER 8:8• 8 Write ye also for the Jews, as it liketh you, in theking's name, and seal it with the king's ring: for thewriting which is written in the king's name, and sealedwith the king's ring, may no man reverse.AD.
2268	DONATEESTER 8:8• 8 Write ye also for the Jews, as it liketh you, in theking's name, and seal it with the king's ring: for thewriting which is written in the king's name, and sealedwith the king's ring, may no man reverse.ADLIVE
2274	DONATEESTER 8:8• 8 Write ye also for the Jews, as it liketh you, in theking's name, and seal it with the king's ring: for thewriting which is written in the king's name, and sealedwith the king's ring, may no man reverse.AD.
2280	DONATEESTER 8:8• 8 Write ye also for the Jews, as it liketh you, in theking's name, and seal it with the king's ring: for thewriting which is written in the king's name, and sealedwith the king's ring, may no man reverse.AD.
2286	DONATEESTER 8:8• 8 Write ye also for the Jews, as it liketh you, in theking's name, and seal it with the king's ring: for thewriting which is written in the king's name, and sealedwith the king's ring, may no man reverse.AD.
2292	DONATEESTER 8:8• 8 Write ye also for the Jews, as it liketh you, in theking's name, and seal it with the king's ring: for thewriting which is written in the king's name, and sealedwith the king's ring, may no man reverse.AD.
2298	DONATEESTER 8:8• 8 Write ye also for the Jews, as it liketh you, in theking's name, and seal it with the king's ring: for thewriting which is written in the king's name, and sealedwith the king's ring, may no man reverse.AD.
2304	DONATEESTER 8:8• 8 Write ye also for the Jews, as it liketh you, in theking's name, and seal it with the king's ring: for thewriting which is written in the king's name, and sealedwith the king's ring, may no man reverse.AD.
2310	DONATEEXODUS 31:13• Speak thou also unto the children of Israel, saying, Verily mysabbaths ye shall keep: for it is a sign between me and youthroughout your generations; that ye may know that I am theLord that doth sanctify you.AD.
2316	DONATEEXODUS 31:13• Speak thou also unto the children of Israel, saying, Verily mysabbaths ye shall keep: for it is a sign between me and youthroughout your generations; that ye may know that I am theLord that doth sanctify you.ADLIVE
2322	DONATEEXODUS 31:13• Speak thou also unto the children of Israel, saying, Verily mysabbaths ye shall keep: for it is a sign between me and youthroughout your generations; that ye may know that I am theLord that doth sanctify you.AD.
2328	DONATEEXODUS 31:13• Speak thou also unto the children of Israel, saying, Verily mysabbaths ye shall keep: for it is a sign between me and youthroughout your generations; that ye may know that I am theLord that doth sanctify you.AD.
2334	EXODUS 31:13• Speak thou also unto the children of Israel, saying, Verily mysabbaths ye shall keep: for it is a sign between me and youthroughout your generations; that ye may know that I am theLord that doth sanctify you.AD.
2340	DONATEEXODUS 31:13• Speak thou also unto the children of Israel, saying, Verily mysabbaths ye shall keep: for it is a sign between me and youthroughout your generations; that ye may know that I am theLord that doth sanctify you.AD.
2346	EXODUS 31:13• Speak thou also unto the children of Israel, saying, Verily mysabbaths ye shall keep: for it is a sign between me and youthroughout your generations; that ye may know that I am theLord that doth sanctify you.AD.
2352	DONATEROMANS 4:15• 15 Because the law worketh wrath: for where nolaw is, there is no transgression.AD.
2358	DONATEROMANS 4:15• 15 Because the law worketh wrath: for where nolaw is, there is no transgression.AD.
2364	DONATEROMANS 4:15• 15 Because the law worketh wrath: for where nolaw is, there is no transgression.AD.
2370	ROMANS 4:15• 15 Because the law worketh wrath: for where nolaw is, there is no transgression.
2376	DONATEROMANS 4:15• 15 Because the law worketh wrath: for where nolaw is, there is no transgression.AD.
2382	DONATEROMANS 4:15• 15 Because the law worketh wrath: for where nolaw is, there is no transgression.AD.
2388	ROMANS 4:15• 15 Because the law worketh wrath: for where nolaw is, there is no transgression.AD.
2394	DONATEROMANS 4:15• 15 Because the law worketh wrath: for where nolaw is, there is no transgression.AD.
2400	DONATEROMANS 4:15• 15 Because the law worketh wrath: for where nolaw is, there is no transgression.AR.
2406	EXODUS 20:8-11• 8 Remember the sabbath day, to keep it holy.• 9 Six days shalt thou labour, and do all thy work:• 10 But the seventh day is the sabbath of the Lord thy God: in itthou shalt not do any work, thou, nor thy son, nor thy daughter,thy manservant, nor thy maidservant, nor thy cattle, nor thystranger that is within thy gates:• 11 For in six days the Lord made heaven and earth, the sea,and all that in them is, and rested the seventh day: whereforethe Lord blessed the sabbath day, and hallowed it.ADILIVE
2412	EXODUS 20:8-11• 8 Remember the sabbath day, to keep it holy.• 9 Six days shalt thou labour, and do all thy work:• 10 But the seventh day is the sabbath of the Lord thy God: in itthou shalt not do any work, thou, nor thy son, nor thy daughter,thy manservant, nor thy maidservant, nor thy cattle, nor thystranger that is within thy gates:• 11 For in six days the Lord made heaven and earth, the sea,and all that in them is, and rested the seventh day: whereforethe Lord blessed the sabbath day, and hallowed it.
2418	EXODUS 20:8-11• 8 Remember the sabbath day, to keep it holy.• 9 Six days shalt thou labour, and do all thy work:• 10 But the seventh day is the sabbath of the Lord thy God: in itthou shalt not do any work, thou, nor thy son, nor thy daughter,thy manservant, nor thy maidservant, nor thy cattle, nor thystranger that is within thy gates:• 11 For in six days the Lord made heaven and earth, the sea,and all that in them is, and rested the seventh day: whereforethe Lord blessed the sabbath day, and hallowed it.ADLIVE
2424	DONATEEXODUS 20:8-11• 8 Remember the sabbath day, to keep it holy.• 9 Six days shalt thou labour, and do all thy work:• 10 But the seventh day is the sabbath of the Lord thy God: in itthou shalt not do any work, thou, nor thy son, nor thy daughter,thy manservant, nor thy maidservant, nor thy cattle, nor thystranger that is within thy gates:• 11 For in six days the Lord made heaven and earth, the sea,and all that in them is, and rested the seventh day: whereforethe Lord blessed the sabbath day, and hallowed it.ALD.
2430	EXODUS 20:8-11• 8 Remember the sabbath day, to keep it holy.• 9 Six days shalt thou labour, and do all thy work:• 10 But the seventh day is the sabbath of the Lord thy God: in itthou shalt not do any work, thou, nor thy son, nor thy daughter,thy manservant, nor thy maidservant, nor thy cattle, nor thystranger that is within thy gates:• 11 For in six days the Lord made heaven and earth, the sea,and all that in them is, and rested the seventh day: whereforethe Lord blessed the sabbath day, and hallowed it.ADILIVE
2436	EXODUS 20:8-11• 8 Remember the sabbath day, to keep it holy.• 9 Six days shalt thou labour, and do all thy work:• 10 But the seventh day is the sabbath of the Lord thy God: in itthou shalt not do any work, thou, nor thy son, nor thy daughter,thy manservant, nor thy maidservant, nor thy cattle, nor thystranger that is within thy gates:• 11 For in six days the Lord made heaven and earth, the sea,and all that in them is, and rested the seventh day: whereforethe Lord blessed the sabbath day, and hallowed it.ADILIVE
2442	EXODUS 20:8-11• 8 Remember the sabbath day, to keep it holy.• 9 Six days shalt thou labour, and do all thy work:• 10 But the seventh day is the sabbath of the Lord thy God: in itthou shalt not do any work, thou, nor thy son, nor thy daughter,thy manservant, nor thy maidservant, nor thy cattle, nor thystranger that is within thy gates:• 11 For in six days the Lord made heaven and earth, the sea,and all that in them is, and rested the seventh day: whereforethe Lord blessed the sabbath day, and hallowed it.ALD
2448	EXODUS 20:8-11• 8 Remember the sabbath day, to keep it holy.• 9 Six days shalt thou labour, and do all thy work:• 10 But the seventh day is the sabbath of the Lord thy God: in itthou shalt not do any work, thou, nor thy son, nor thy daughter,thy manservant, nor thy maidservant, nor thy cattle, nor thystranger that is within thy gates:• 11 For in six days the Lord made heaven and earth, the sea,and all that in them is, and rested the seventh day: whereforethe Lord blessed the sabbath day, and hallowed it.ADLIVE
2454	EXODUS 20:8-11• 8 Remember the sabbath day, to keep it holy.• 9 Six days shalt thou labour, and do all thy work:• 10 But the seventh day is the sabbath of the Lord thy God: in itthou shalt not do any work, thou, nor thy son, nor thy daughter,thy manservant, nor thy maidservant, nor thy cattle, nor thystranger that is within thy gates:• 11 For in six days the Lord made heaven and earth, the sea,and all that in them is, and rested the seventh day: whereforethe Lord blessed the sabbath day, and hallowed it.ADILIVE
2460	DONATEEXODUS 20:8-11• 8 Remember the sabbath day, to keep it holy.• 9 Six days shalt thou labour, and do all thy work:• 10 But the seventh day is the sabbath of the Lord thy God: in itthou shalt not do any work, thou, nor thy son, nor thy daughter,thy manservant, nor thy maidservant, nor thy cattle, nor thystranger that is within thy gates:• 11 For in six days the Lord made heaven and earth, the sea,and all that in them is, and rested the seventh day: whereforethe Lord blessed the sabbath day, and hallowed it.ADLIVE
2466	DONATEEXODUS 20:8-11• 8 Remember the sabbath day, to keep it holy.• 9 Six days shalt thou labour, and do all thy work:• 10 But the seventh day is the sabbath of the Lord thy God: in itthou shalt not do any work, thou, nor thy son, nor thy daughter,thy manservant, nor thy maidservant, nor thy cattle, nor thystranger that is within thy gates:• 11 For in six days the Lord made heaven and earth, the sea,and all that in them is, and rested the seventh day: whereforethe Lord blessed the sabbath day, and hallowed it.ADLIVE
2472	EXODUS 20:8-11• 8 Remember the sabbath day, to keep it holy.• 9 Six days shalt thou labour, and do all thy work:• 10 But the seventh day is the sabbath of the Lord thy God: in itthou shalt not do any work, thou, nor thy son, nor thy daughter,thy manservant, nor thy maidservant, nor thy cattle, nor thystranger that is within thy gates:• 11 For in six days the Lord made heaven and earth, the sea,and all that in them is, and rested the seventh day: whereforethe Lord blessed the sabbath day, and hallowed it.ADILIVE
2478	DONATEEXODUS 20:8-11• 8 Remember the sabbath day, to keep it holy.• 9 Six days shalt thou labour, and do all thy work:• 10 But the seventh day is the sabbath of the Lord thy God: in itthou shalt not do any work, thou, nor thy son, nor thy daughter,thy manservant, nor thy maidservant, nor thy cattle, nor thystranger that is within thy gates:• 11 For in six days the Lord made heaven and earth, the sea,and all that in them is, and rested the seventh day: whereforethe Lord blessed the sabbath day, and hallowed it.ADLIVE
2484	DONATEEXODUS 20:8-11• 8 Remember the sabbath day, to keep it holy.• 9 Six days shalt thou labour, and do all thy work:• 10 But the seventh day is the sabbath of the Lord thy God: in itthou shalt not do any work, thou, nor thy son, nor thy daughter,thy manservant, nor thy maidservant, nor thy cattle, nor thystranger that is within thy gates:• 11 For in six days the Lord made heaven and earth, the sea,and all that in them is, and rested the seventh day: whereforethe Lord blessed the sabbath day, and hallowed it.AD.
2490	EXODUS 20:8-11• 8 Remember the sabbath day, to keep it holy.• 9 Six days shalt thou labour, and do all thy work:• 10 But the seventh day is the sabbath of the Lord thy God: in itthou shalt not do any work, thou, nor thy son, nor thy daughter,thy manservant, nor thy maidservant, nor thy cattle, nor thystranger that is within thy gates:• 11 For in six days the Lord made heaven and earth, the sea,and all that in them is, and rested the seventh day: whereforethe Lord blessed the sabbath day, and hallowed it.ALD
2496	DONATEEXODUS 20:8-11• 8 Remember the sabbath day, to keep it holy.• 9 Six days shalt thou labour, and do all thy work:• 10 But the seventh day is the sabbath of the Lord thy God: in itthou shalt not do any work, thou, nor thy son, nor thy daughter,thy manservant, nor thy maidservant, nor thy cattle, nor thystranger that is within thy gates:• 11 For in six days the Lord made heaven and earth, the sea,and all that in them is, and rested the seventh day: whereforethe Lord blessed the sabbath day, and hallowed it.ADLIVE
2502	DONATEEXODUS 20:8-11• 8 Remember the sabbath day, to keep it holy.• 9 Six days shalt thou labour, and do all thy work:• 10 But the seventh day is the sabbath of the Lord thy God: in itthou shalt not do any work, thou, nor thy son, nor thy daughter,thy manservant, nor thy maidservant, nor thy cattle, nor thystranger that is within thy gates:• 11 For in six days the Lord made heaven and earth, the sea,and all that in them is, and rested the seventh day: whereforethe Lord blessed the sabbath day, and hallowed it.AD!LIVE
2508	EXODUS 20:8-11• 8 Remember the sabbath day, to keep it holy.• 9 Six days shalt thou labour, and do all thy work:• 10 But the seventh day is the sabbath of the Lord thy God: in itthou shalt not do any work, thou, nor thy son, nor thy daughter,thy manservant, nor thy maidservant, nor thy cattle, nor thystranger that is within thy gates:• 11 For in six days the Lord made heaven and earth, the sea,and all that in them is, and rested the seventh day: whereforethe Lord blessed the sabbath day, and hallowed it.ADILIVE
2514	EXODUS 20:8-11• 8 Remember the sabbath day, to keep it holy.• 9 Six days shalt thou labour, and do all thy work:• 10 But the seventh day is the sabbath of the Lord thy God: in itthou shalt not do any work, thou, nor thy son, nor thy daughter,thy manservant, nor thy maidservant, nor thy cattle, nor thystranger that is within thy gates:• 11 For in six days the Lord made heaven and earth, the sea,and all that in them is, and rested the seventh day: whereforethe Lord blessed the sabbath day, and hallowed it.ADLIVE
2520	DONATEEXODUS 20:8-11• 8 Remember the sabbath day, to keep it holy.• 9 Six days shalt thou labour, and do all thy work:• 10 But the seventh day is the sabbath of the Lord thy God: in itthou shalt not do any work, thou, nor thy son, nor thy daughter,thy manservant, nor thy maidservant, nor thy cattle, nor thystranger that is within thy gates:• 11 For in six days the Lord made heaven and earth, the sea,and all that in them is, and rested the seventh day: whereforethe Lord blessed the sabbath day, and hallowed it.ADLIVE
2526	EXODUS 20:8-11• 8 Remember the sabbath day, to keep it holy.• 9 Six days shalt thou labour, and do all thy work:• 10 But the seventh day is the sabbath of the Lord thy God: in itthou shalt not do any work, thou, nor thy son, nor thy daughter,thy manservant, nor thy maidservant, nor thy cattle, nor thystranger that is within thy gates:• 11 For in six days the Lord made heaven and earth, the sea,and all that in them is, and rested the seventh day: whereforethe Lord blessed the sabbath day, and hallowed it.
2532	DONATEALD.EXODUS 20:8-11• 8 Remember the sabbath day, to keep it holy.• 9 Six days shalt thou labour, and do all thy work:• 10 But the serenth day is the sabbath of the Lord thy God; in ittron shalt not do any work, thou, nor thy son, nor thy danenter.thy manservant, nor thy maidservant, nor thy cattle, nor thystranger that is within thy gates:• 11 For in six days the Lord made heaven and earth, the sea,and all that in them is. and nated the smunth day wherd ordthe Lord blessed the sabbath day, and hallowed it.
2538	DONATEAD.LIVE
2544	DONATEAL.LIVE
2550	DONATEADLIVE
2556	DONATEAIDLIVE
2562	DONATEAD.LIVE
2568	DONATEAD.
2574	DONATEAL.LIVE
2580	ADLIVEDONATEeggo
2586	DONATEAIDLIVE
2592	DONATEAD.
2598	DONATEMacKenzie DrebitVice PresidentAIDLIVE
2604	DONATEMacKenzie DrebitVice PresidentAD.ISAIAH 8:16• Bind up the testimony, seal the law amongmy disciples.
2610	DONATEMacKenzie DrebitVice PresidentAR.ISAIAH 8:16• Bind up the testimony, seal the law amongmy disciples.
2616	DONATEMacKenzie DrebitVice PresidentAD.ISAIAH 8:16• Bind up the testimony, seal the law amongmy disciples.
2622	DONATEMacKenzie DrebitVice PresidentISAIAH 8:16• Bind up the testimony, seal the law amongmy disciples.
2628	AD.DONATEISAIAH 8:16• Bind up the testimony, seal the law amongmy disciples.You're Watching Week 12 of the Judgment Day Studies
2634	ADILIVEDONATEISAIAH 8:16• Bind up the testimony, seal the law amongmy disciples.You're Watching Week 12 of the Judgment Day Studies
2640	DONATEREVELATION 14:12• Here is the patience of the saints: here are theythat keep the commandments of God, and thefaith of Jesus.AD.
2646	REVELATION 14:12• Here is the patience of the saints: here are theythat keep the commandments of God, and thefaith of Jesus.AD.
2652	REVELATION 14:12• Here is the patience of the saints: here are theythat keep the commandments of God, and thefaith of Jesus.AD.
2658	REVELATION 14:12• Here is the patience of the saints: here are theythat keep the commandments of God, and thefaith of Jesus.AD.
2664	REVELATION 14:12• Here is the patience of the saints: here are theythat keep the commandments of God, and thefaith of Jesus.AD.
2670	REVELATION 14:12• Here is the patience of the saints: here are theythat keep the commandments of God, and thefaith of Jesus.AD.
2676	REVELATION 14:12• Here is the patience of the saints: here are theythat keep the commandments of God, and thefaith of Jesus.AD.
2682	REVELATION 14:12• Here is the patience of the saints: here are theythat keep the commandments of God, and thefaith of Jesus.AD.
2688	REVELATION 14:12• Here is the patience of the saints: here are theythat keep the commandments of God, and thefaith of Jesus.AD.
2694	REVELATION 14:12• Here is the patience of the saints: here are theythat keep the commandments of God, and thefaith of Jesus.AD.
2700	DONATEREVELATION 14:12• Here is the patience of the saints: here are theythat keep the commandments of God, and thefaith of Jesus.AD.
2706	REVELATION 14:12• Here is the patience of the saints: here are theythat keep the commandments of God, and thefaith of Jesus.AD.
2712	DONATEREVELATION 14:12• Here is the patience of the saints: here are theythat keep the commandments of God, and thefaith of Jesus.AD.
2718	REVELATION 14:12• Here is the patience of the saints: here are theythat keep the commandments of God, and thefaith of Jesus.AD.
2724	REVELATION 14:12• Here is the patience of the saints: here are theythat keep the commandments of God, and thefaith of Jesus.AD.
2730	REVELATION 14:12• Here is the patience of the saints: here are theythat keep the commandments of God, and thefaith of Jesus.AD.
2736	REVELATION 14:12• Here is the patience of the saints: here are theythat keep the commandments of God, and thefaith of Jesus.AD.
2742	ADLIVEDONATEEVELATION 7:1-4• 1 And after these things I saw four angels standing on the fourcorners of the earth, holding the four winds of the earth, that thewind should not blow on the earth, nor on the sea, nor on any tree.• 2 And I saw another angel ascending from the east, having the sealof the living God: and he cried with a loud voice to the four angels,to whom it was given to hurt the earth and the sea,• 3 Saying, Hurt not the earth, neither the sea, nor the trees, till wehave sealed the servants of our God in their foreheads.• 4 And I heard the number of them which were sealed: and there weresealed an hundred and forty and four thousand of all the tribes of thechildren of Israel.
2748	AD!LIVEEVELATION 7:1-4• 1 And after these things I saw four angels standing on the fourcorners of the earth, holding the four winds of the earth, that thewind should not blow on the earth, nor on the sea, nor on any tree.• 2 And I saw another angel ascending from the east, having the sealof the living God: and he cried with a loud voice to the four angels,to whom it was given to hurt the earth and the sea,• 3 Saying, Hurt not the earth, neither the sea, nor the trees, till wehave sealed the servants of our God in their foreheads.• 4 And I heard the number of them which were sealed: and there weresealed an hundred and forty and four thousand of all the tribes of thechildren of Israel.
2754	ADILIVEEVELATION 7:1-4• 1 And after these things I saw four angels standing on the fourcorners of the earth, holding the four winds of the earth, that thewind should not blow on the earth, nor on the sea, nor on any tree.• 2 And I saw another angel ascending from the east, having the sealof the living God: and he cried with a loud voice to the four angels,to whom it was given to hurt the earth and the sea,• 3 Saying, Hurt not the earth, neither the sea, nor the trees, till wehave sealed the servants of our God in their foreheads.• 4 And I heard the number of them which were sealed: and there weresealed an hundred and forty and four thousand of all the tribes of thechildren of Israel.
2760	ADLIVEEVELATION 7:1-4• 1 And after these things I saw four angels standing on the fourcorners of the earth, holding the four winds of the earth, that thewind should not blow on the earth, nor on the sea, nor on any tree.• 2 And I saw another angel ascending from the east, having the sealof the living God: and he cried with a loud voice to the four angels,to whom it was given to hurt the earth and the sea,• 3 Saying, Hurt not the earth, neither the sea, nor the trees, till wehave sealed the servants of our God in their foreheads.• 4 And I heard the number of them which were sealed: and there weresealed an hundred and forty and four thousand of all the tribes of thechildren of Israel.
2766	ADLIVEDONATEEVELATION 7:1-4• 1 And after these things I saw four angels standing on the fourcorners of the earth, holding the four winds of the earth, that thewind should not blow on the earth, nor on the sea, nor on any tree.• 2 And I saw another angel ascending from the east, having the sealof the living God: and he cried with a loud voice to the four angels,to whom it was given to hurt the earth and the sea,• 3 Saying, Hurt not the earth, neither the sea, nor the trees, till wehave sealed the servants of our God in their foreheads.• 4 And I heard the number of them which were sealed: and there weresealed an hundred and forty and four thousand of all the tribes of thechildren of Israel.
2772	ADILIVEEVELATION 7:1-4• 1 And after these things I saw four angels standing on the fourcorners of the earth, holding the four winds of the earth, that thewind should not blow on the earth, nor on the sea, nor on any tree.• 2 And I saw another angel ascending from the east, having the sealof the living God: and he cried with a loud voice to the four angels,to whom it was given to hurt the earth and the sea,• 3 Saying, Hurt not the earth, neither the sea, nor the trees, till wehave sealed the servants of our God in their foreheads.• 4 And I heard the number of them which were sealed: and there weresealed an hundred and forty and four thousand of all the tribes of thechildren of Israel.
2778	ADLIVEDONATEEVELATION 7:1-4• 1 And after these things I saw four angels standing on the fourcorners of the earth, holding the four winds of the earth, that thewind should not blow on the earth, nor on the sea, nor on any tree.• 2 And I saw another angel ascending from the east, having the sealof the living God: and he cried with a loud voice to the four angels,to whom it was given to hurt the earth and the sea,• 3 Saying, Hurt not the earth, neither the sea, nor the trees, till wehave sealed the servants of our God in their foreheads.• 4 And I heard the number of them which were sealed: and there weresealed an hundred and forty and four thousand of all the tribes of thechildren of Israel.
2784	ADLIVEDONATEEVELATION 7:1-4• 1 And after these things I saw four angels standing on the fourcorners of the earth, holding the four winds of the earth, that thewind should not blow on the earth, nor on the sea, nor on any tree.• 2 And I saw another angel ascending from the east, having the sealof the living God: and he cried with a loud voice to the four angels,to whom it was given to hurt the earth and the sea,• 3 Saying, Hurt not the earth, neither the sea, nor the trees, till wehave sealed the servants of our God in their foreheads.• 4 And I heard the number of them which were sealed: and there weresealed an hundred and forty and four thousand of all the tribes of thechildren of Israel.
2790	DONATEADLIVEREVELATION 7:1-4"and alter these things i saw tour angels standing on the toulwind should not blow on the earth, nor on the sea, nor on any tree•a Sane. Hurt not the earth, neither the sea, nor the troo, till wound there wer
2796	DONATEAD.REVELATION 7:1-4* 2 the say dot and is cited with loud voice to the to here!o whom it was given to hurt the earth and the sew• 3 samm, Hurt not the eartb, neither the sea, nor the trees, du we• And hund he and bort the four is were er leaned bes oversmildren of Israe
2802	DONATEADLIVEREVELATION 7:1-4"and anter toese tunes t saw four angels scatting on the tourwind shonkl not taw on the earth, nor on the sea, nor on any trol• 2 ne sata do and cried with Loud voice to the ro thenceo whom it was given to hurt the earth and the ses• 3 omme, Hurt not the earth, neither toe sea, aor the troco, Kul wewhich were
2808	DONATEADLIVEREVELATION 7:1-4*and atter these ties saw woar angels standing on toe tourcomers of the earth. holdine the four winds of the earth, that thewind shonk not how on the earth, nor on the ya, wor on any treeand say God and he cried with loud voice to the four engelo whom it was given to hurt the earth and the ses.• 3 some, Hurt not the earth, neitter the sea, nor the troco, Kil weand there were
2814	DONATEADLIVEREVELATION 7:1-4", And anter toese thigs " saw four angels standing on the lourusodeetitroleineuie otnosoliceitedtewind shonkl not low on the carth, nor on the sia, tor on any trs• 3 savm, Hurt not te earth, neither lbe sea, nor the troco, Kll weesencoteeserahiso ooleeilieontietetswhich were
2820	DONATEADLIVEREVELATION 7:1-4"Anottenet ntieswounressmarneoilne ouhtsondieenite oeltie onwinosotiee.ote• 3 savme, Hurt not te earth, nerther lhe sea, nor the Lreco, all wyesenco teseahiso oukooin lieotheeswhich were
2826	DONATEADLIVEREVELATION 7:1-4• 2 no lisa dod and he cited with loud voice to the rout engelo whom it was given to hurt the earth and the senwhich were
2832	DONATEADLIVEREVELATION 7:1-4"and anter toese things t saw four angeis statkiing on the lourmesoedeenieoeinedeowwilos otie ciniendneee MtrMte moleue ditrie tlheroe shar mun ht heenlwTesonco Keescohicodeioe nceoenoiswhich were
2838	DONATEADtvLIVEREVELATION 7:1-4"nottethet iiesoinoressmarneontheouhtsocdeeuitineoloineie on wines o lieeiordoedvind shoukl not bow on the earth, nor on the sen, nor on any trei• 3 smmnx, Murt not the earth, neither lbe sea, nor lae Lroco, Kll weesoico teseahhnisooukewen liehoncieescaled: and there were
2844	DONATEREVELATION 7:1-4"and anter toese tunes " saw four angels stating on the loursice to the four angels
2850	REVELATION 7:1-4• 1 And after these things I saw four angels standing on the fourcorners of the earth, holding the four winds of the earth, that thewind should not blow on the earth, nor on the sea, nor on any tree.• 2 And I saw another angel ascending from the east, having the sealof the living God: and he cried with a loud voice to the four angels,to whom it was given to hurt the earth and the sea,• 3 Saying, Hurt not the earth, neither the sea, nor the trees, till wehave sealed the servants of our God in their foreheads.4 And I heard the number of them which werecaled an undred and fort and outco sere set all he tribes werechildren of Israel.ADtvLIVE
2856	REVELATION 7:1-4• 1 And after these things I saw four angels standing on the fourcorners of the earth, holding the four winds of the earth, that thewind should not blow on the earth, nor on the sea, nor on any tree• 2 And I saw another angel ascending from the east, having the sealof the living God: and he cried with a loud voice to the four angels,to whom it was given to hurt the earth and the sea,• 3 Saying, Hurt not the earth, neither the sea, nor the trees, till wehave sealed the servants of our God in their foreheads.• 4 And I heard the number of them which were sealed: and there wereealed an hundred and forty and four thousand of all the tribes of thechildren of Israel.ADtvLIVE
2862	DONATEREVELATION 7:1-4• 1 And after these things I saw four angels standing on the fourers of the earth, holding the four winds of the earth, that thewind should not blow on the earth, nor on the sea, nor on any tree.• 2 And I saw another angel ascending from the east, having the sealof the living God: and he cried with a loud voice to the four angels,to whom it was given to hurt the earth and the sea,• 3 Saying, Hurt not the earth, neither the sea, nor the trees, till wehave sealed the servants of our God in their foreheads.• 4 And I heard the number of them which were sealed: and there wereealed an hundred and forty and four thousand of all the tribes of thechildren of Israel.ADLIVE
2868	REVELATION 7:1-4• 1 And after these things I saw four angels standing on the fourcorners of the earth, holding the four winds of the earth, that thewind should not blow on the earth, nor on the sea, nor on any tree.• 2 And I saw another angel ascending from the east, having the sealof the living God: and he cried with a loud voice to the four angels,to whom it was given to hurt the earth and the sea,• 3 Saying, Hurt not the earth, neither the sea, nor the trees, till wehave sealed the servants of our God in their foreheads.• 4 And I heard the number of them which were sealed: and there wereealed an hundred and forty and four thousand of all the tribes of thechildren of Israel.ADtvLIVE
2874	DONATEREVELATION 7:1-4• 1 And after these things I saw four angels standing on the fourcorners of the earth, holding the four winds of the earth, that thewind should not blow on the earth, nor on the sea, nor on any tree.• 2 And I saw another angel ascending from the east, having the sealof the living God: and he cried with a loud voice to the four angels,to whom it was given to hurt the earth and the sea,• 3 Saying, Hurt not the earth, neither the sea, nor the trees, till wehave sealed the servants of our God in their foreheads.• 4 And I heard the number of them which were sealed: and there wereealed an hundred and forty and four thousand of all the tribes of thechildren of Israel.ADtvLIVE
2880	REVELATION 7:1-4• 1 And after these things I saw four angels standing on the fourcorners of the earth, holding the four winds of the earth, that thewind should not blow on the earth, nor on the sea, nor on any tree• 2 And I saw another angel ascending from the east, having the sealof the living God: and he cried with a loud voice to the four angels,to whom it was given to hurt the earth and the sea,• 3 Saying, Hurt not the earth, neither the sea, nor the trees, till wehave sealed the servants of our God in their foreheads.• 4 And I heard the number of them which were sealed: and there wereealed an hundred and forty and four thousand of all the tribes of thechildren of Israel.ADtyLIVE
2886	DONATEREVELATION 7:1-4• 1 And after these things I saw four angels standing on the fourcorners of the earth, holding the four winds of the earth, that thewind should not blow on the earth, nor on the sea, nor on any tree.• 2 And I saw another angel ascending from the east, having the sealof the living God: and he cried with a loud voice to the four angels,to whom it was given to hurt the earth and the sea,• 3 Saying, Hurt not the earth, neither the sea, nor the trees, till wehave sealed the servants of our God in their foreheads.• 4 And I heard the number of them which were sealed: and there wereealed an hundred and forty and four thousand of all the tribes of thechildren of Israel.ADtvLIVE
2892	DONATEREVELATION 7:1-4• 1 And after these things I saw four angels standing on the fourcorners of the earth, holding the four winds of the earth, that thewind should not blow on the earth, nor on the sea, nor on any tree.• 2 And I saw another angel ascending from the east, having the sealof the living God: and he cried with a loud voice to the four angels,to whom it was given to hurt the earth and the sea,• 3 Saying, Hurt not the earth, neither the sea, nor the trees, till wehave sealed the servants of our God in their foreheads.• 4 And I heard the number of them which were sealed: and there wereealed an hundred and forty and four thousand of all the tribes of thechildren of Israel.ADLIVE
2898	REVELATION 7:1-4• 1 And after these things I saw four angels standing on the fourcorners of the earth, holding the four winds of the earth, that thewind should not blow on the earth, nor on the sea, nor on any tree.• 2 And I saw another angel ascending from the east, having the sealof the living God: and he cried with a loud voice to the four angels,to whom it was given to hurt the earth and the sea,• 3 Saying, Hurt not the earth, neither the sea, nor the trees, till wehave sealed the servants of our God in their foreheads.• 4 And I heard the number of them which were sealed: and there wereealed an hundred and forty and four thousand of all the tribes of thechildren of Israel.ADLIVE
2904	DONATEREVELATION 7:1-4• 1 And after these things I saw four angels standing on the fourcorners of the earth, holding the four winds of the earth, that thewind should not blow on the earth, nor on the sea, nor on any tree.• 2 And I saw another angel ascending from the east, having the sealof the living God: and he cried with a loud voice to the four angels,to whom it was given to hurt the earth and the sea,• 3 Saying, Hurt not the earth, neither the sea, nor the trees, till wehave sealed the servants of our God in their foreheads.• 4 And I heard the number of them which were sealed: and there wereealed an hundred and forty and four thousand of all the tribes of thechildren of Israel.ADLIVE
2910	DONATEREVELATION 7:1-4• 1 And after these things I saw four angels standing on the fourcorners of the earth, holding the four winds of the earth, that thewind should not blow on the earth, nor on the sea, nor on any tree• 2 And I saw another angel ascending from the east, having the sealof the living God: and he cried with a loud voice to the four angels,to whom it was given to hurt the earth and the sea,• 3 Saying, Hurt not the earth, neither the sea, nor the trees, till wehave sealed the servants of our God in their foreheads.4 And I heard the number of them which were sealed: and there wereealed an hundred and forty and four thousand of all the tribes of thchildren of Israel.ADLIVE
2916	DONATEREVELATION 7:1-4• 1 And after these things I saw four angels standing on the fourcorners of the earth, holding the four winds of the earth, that thewind should not blow on the earth, nor on the sea, nor on any tree.• 2 And I saw another angel ascending from the east, having the sealof the living God: and he cried with a loud voice to the four angels,to whom it was given to hurt the earth and the sea,• 3 Saying, Hurt not the earth, neither the sea, nor the trees, till wehave sealed the servants of our God in their foreheads.• 4 And I heard the number of them which were sealed: and there wereealed an hundred and forty and four thousand of all the tribes of thechildren of Israel.ADLIVE
2922	REVELATION 7:1-4• 1 And after these things I saw four angels standing on the fourcorners of the earth, holding the four winds of the earth, that thewind should not blow on the earth, nor on the sea, nor on any tree.• 2 And I saw another angel ascending from the east, having the sealof the living God: and he cried with a loud voice to the four angels,to whom it was given to hurt the earth and the sea,• 3 Saying, Hurt not the earth, neither the sea, nor the trees, till wehave sealed the servants of our God in their foreheads.• 4 And I heard the number of them which were sealed: and there wereealed an hundred and forty and four thousand of all the tribes of thechildren of Israel.ADLIVE
2928	REVELATION 7:1-4• 1 And after these things I saw four angels standing on the fourcorners of the earth, holding the four winds of the earth, that thewind should not blow on the earth, nor on the sea, nor on any tree.• 2 And I saw another angel ascending from the east, having the sealof the living God: and he cried with a loud voice to the four angels,to whom it was given to hurt the earth and the sea,• 3 Saying, Hurt not the earth, neither the sea, nor the trees, till wehave sealed the servants of our God in their foreheads.• 4 And I heard the number of them which were sealed: and there wereealed an hundred and forty and four thousand of all the tribes of thechildren of Israel.ADtvLIVE
2934	REVELATION 7:1-4• 1 And after these things I saw four angels standing on the fourcorners of the earth, holding the four winds of the earth, that thewind should not blow on the earth, nor on the sea, nor on any tree.• 2 And I saw another angel ascending from the east, having the sealof the living God: and he cried with a loud voice to the four angels,to whom it was given to hurt the earth and the sea,• 3 Saying, Hurt not the earth, neither the sea, nor the trees, till wehave sealed the servants of our God in their foreheads.• 4 And I heard the number of them which were sealed: and there weresealed an hundred and forty and four thousand of all the tribes of thechildren of Israel.millersrules.amazingdiscoveries.orgADILIVE
2940	REVELATION 7:1-4• 1 And after these things I saw four angels standing on the fourcorners of the earth, holding the four winds of the earth, that thewind should not blow on the earth, nor on the sea, nor on any tree.• 2 And I saw another angel ascending from the east, having the sealof the living God: and he cried with a loud voice to the four angels,to whom it was given to hurt the earth and the sea,• 3 Saying, Hurt not the earth, neither the sea, nor the trees, till wehave sealed the servants of our God in their foreheads.• 4 And I heard the number of them which were sealed: and there weresealed an hundred and forty and four thousand of all the tribes of thechildren of Israel.millersrules.amazingdiscoveries.orgADLIVE
2946	REVELATION 7:1-4• 1 And after these things I saw four angels standing on the fourcorners of the earth, holding the four winds of the earth, that thewind should not blow on the earth, nor on the sea, nor on any tree.• 2 And I saw another angel ascending from the east, having the sealof the living God: and he cried with a loud voice to the four angels,to whom it was given to hurt the earth and the sea,• 3 Saying, Hurt not the earth, neither the sea, nor the trees, till wehave sealed the servants of our God in their foreheads.• 4 And I heard the number of them which were sealed: and there weresealed an hundred and forty and four thousand of all the tribes of thechildren of Israel.millersrules.amazingdiscoveries.orgADILIVE
2952	DONATEREVELATION 7:1-4• 1 And after these things I saw four angels standing on the fourcorners of the earth, holding the four winds of the earth, that thewind should not blow on the earth, nor on the sea, nor on any tree.• 2 And I saw another angel ascending from the east, having the sealof the living God: and he cried with a loud voice to the four angels,to whom it was given to hurt the earth and the sea,• 3 Saying, Hurt not the earth, neither the sea, nor the trees, till wehave sealed the servants of our God in their foreheads.• 4 And I heard the number of them which were sealed: and there weresealed an hundred and forty and four thousand of all the tribes of thechildren of Israel.millersrules.amazingdiscoveries.orgADLIVE
2958	REVELATION 7:1-4• 1 And after these things I saw four angels standing on the fourcorners of the earth, holding the four winds of the earth, that thewind should not blow on the earth, nor on the sea, nor on any tree.• 2 And I saw another angel ascending from the east, having the sealof the living God: and he cried with a loud voice to the four angels,to whom it was given to hurt the earth and the sea,• 3 Saying, Hurt not the earth, neither the sea, nor the trees, till wehave sealed the servants of our God in their foreheads.• 4 And I heard the number of them which were sealed: and there wereealed an hundred and forty and four thousand of all the tribes of thechildren of Israel.millersrules.amazingdiscoveries.orgADItvLIVE
2964	DONATEREVELATION 7:1-4• 1 And after these things I saw four angels standing on the fourcorners of the earth, holding the four winds of the earth, that thewind should not blow on the earth, nor on the sea, nor on any tree.• 2 And I saw another angel ascending from the east, having the sealof the living God: and he cried with a loud voice to the four angels,to whom it was given to hurt the earth and the sea,• 3 Saying, Hurt not the earth, neither the sea, nor the trees, till wehave sealed the servants of our God in their foreheads.• 4 And I heard the number of them which were sealed: and there wereealed an hundred and forty and four thousand of all the tribes of thechildren of Israel.millersrules.amazingdiscoveries.orgADILIVE
2970	DONATEREVELATION 7:1-4• 1 And after these things I saw four angels standing on the fourcorners of the earth, holding the four winds of the earth, that thewind should not blow on the earth, nor on the sea, nor on any tree.• 2 And I saw another angel ascending from the east, having the sealof the living God: and he cried with a loud voice to the four angels,to whom it was given to hurt the earth and the sea,• 3 Saying, Hurt not the earth, neither the sea, nor the trees, till wehave sealed the servants of our God in their foreheads.• 4 And I heard the number of them which were sealed: and there wereealed an hundred and forty and four thousand of all the tribes of thechildren of Israel.ADtvLIVE
2976	REVELATION 7:1-4• 1 And after these things I saw four angels standing on the fourcorners of the earth, holding the four winds of the earth, that thewind should not blow on the earth, nor on the sea, nor on any tree.• 2 And I saw another angel ascending from the east, having the sealof the living God: and he cried with a loud voice to the four angels,to whom it was given to hurt the earth and the sea,• 3 Saying, Hurt not the earth, neither the sea, nor the trees, till wehave sealed the servants of our God in their foreheads.• 4 And I heard the number of them which were sealed: and there wereealed an hundred and forty and four thousand of all the tribes of thechildren of Israel.ADLIVE
2982	DONATEREVELATION 7:1-4• 1 And after these things I saw four angels standing on the fourcorners of the earth, holding the four winds of the earth, that thewind should not blow on the earth, nor on the sea, nor on any tree.• 2 And I saw another angel ascending from the east, having the sealof the living God: and he cried with a loud voice to the four angels,to whom it was given to hurt the earth and the sea,• 3 Saying, Hurt not the earth, neither the sea, nor the trees, till wehave sealed the servants of our God in their foreheads.4 And I heard the number of them which were sealed: and there wereealed an hundred and forty and four thousand of all the tribes of thchildren of Israel.ADLIVE
2988	DONATEREVELATION 7:1-4• 1 And after these things I saw four angels standing on the fourcorners of the earth, holding the four winds of the earth, that thewind should not blow on the earth, nor on the sea, nor on any tree.• 2 And I saw another angel ascending from the east, having the sealof the living God: and he cried with a loud voice to the four angels,to whom it was given to hurt the earth and the sea,• 3 Saying, Hurt not the earth, neither the sea, nor the trees, till wehave sealed the servants of our God in their foreheads.• 4 And I heard the number of them which were sealed: and there weresealed an hundred and forty and four thousand of all the tribes of thechildren of Israel.For Your Copy of the Sabbath Bookmarksbookmarks.amazingdiscoveries.orgADLIVE
2994	DONATEREVELATION 7:1-4• 1 And after these things I saw four angels standing on the fourcorners of the earth, holding the four winds of the earth, that thewind should not blow on the earth, nor on the sea, nor on any tree.• 2 And I saw another angel ascending from the east, having the sealof the living God: and he cried with a loud voice to the four angels,to whom it was given to hurt the earth and the sea,• 3 Saying, Hurt not the earth, neither the sea, nor the trees, till wehave sealed the servants of our God in their foreheads.• 4 And I heard the number of them which were sealed: and there weresealed an hundred and forty and four thousand of all the tribes of thechildren of Israel.For Your Copy of the Sabbath Bookmarksbookmarks.amazingdiscoveries.orgADLIVE
3000	DONATEREVELATION 7:1-4• 1 And after these things I saw four angels standing on the fourcorners of the earth, holding the four winds of the earth, that thewind should not blow on the earth, nor on the sea, nor on any tree.• 2 And I saw another angel ascending from the east, having the sealof the living God: and he cried with a loud voice to the four angels,to whom it was given to hurt the earth and the sea,• 3 Saying, Hurt not the earth, neither the sea, nor the trees, till wehave sealed the servants of our God in their foreheads.• 4 And I heard the number of them which were sealed: and there weresealed an hundred and forty and four thousand of all the tribes of thechildren of Israel.For Your Copy of the Sabbath Bookmarksbookmarks.amazingdiscoveries.orgAD!LIVE
3006	REVELATION 7:1-4• 1 And after these things I saw four angels standing on the fourcorners of the earth, holding the four winds of the earth, that thewind should not blow on the earth, nor on the sea, nor on any tree.• 2 And I saw another angel ascending from the east, having the sealof the living God: and he cried with a loud voice to the four angels,to whom it was given to hurt the earth and the sea,• 3 Saying, Hurt not the earth, neither the sea, nor the trees, till wehave sealed the servants of our God in their foreheads.• 4 And I heard the number of them which were sealed: and there weresealed an hundred and forty and four thousand of all the tribes of thechildren of Israel.For Your Copy of the Sabbath Bookmarksbookmarks.amazingdiscoveries.orgADLIVE
3012	DONATEREVELATION 7:1-4• 1 And after these things I saw four angels standing on the fourcorners of the earth, holding the four winds of the earth, that thewind should not blow on the earth, nor on the sea, nor on any tree.• 2 And I saw another angel ascending from the east, having the sealof the living God: and he cried with a loud voice to the four angels,to whom it was given to hurt the earth and the sea,• 3 Saying, Hurt not the earth, neither the sea, nor the trees, till wehave sealed the servants of our God in their foreheads.• 4 And I heard the number of them which were sealed: and there wereealed an hundred and forty and four thousand of all the tribes of thechildren of Israel.For Your Copy of the Sabbath Bookmarksbookmarks.amazingdiscoveries.orgADLIVE
3018	DONATEREVELATION 7:1-4• 1 And after these things I saw four angels standing on the fourcorners of the earth, holding the four winds of the earth, that thewind should not blow on the earth, nor on the sea, nor on any tree.• 2 And I saw another angel ascending from the east, having the sealof the living God: and he cried with a loud voice to the four angels,to whom it was given to hurt the earth and the sea,• 3 Saying, Hurt not the earth, neither the sea, nor the trees, till wehave sealed the servants of our God in their foreheads.• 4 And I heard the number of them which were :sealed: and there weresealed an hundred and forty and four thousand of all the tribes of thechildren of Israel.For Your Copy of the Sabbath Bookmarksbookmarks.amazingdiscoveries.orgADLIVE
3024	DONATEREVELATION 7:1-4• 1 And after these things I saw four angels standing on the fourcorners of the earth, holding the four winds of the earth, that thewind should not blow on the earth, nor on the sea, nor on any tree.• 2 And I saw another angel ascending from the east, having the sealof the living God: and he cried with a loud voice to the four angels,to whom it was given to hurt the earth and the sea,• 3 Saying, Hurt not the earth, neither the sea, nor the trees, till wehave sealed the servants of our God in their foreheads.• 4 And I heard the number of them which were :sealed: and there weresealed an hundred and forty and four thousand of all the tribes of thechildren of Israel.For Your Copy of the Sabbath Bookmarksbookmarks.amazingdiscoveries.orgADLIVE
3030	DONATEREVELATION 7:1-4• 1 And after these things I saw four angels standing on the fourcorners of the earth, holding the four winds of the earth, that thewind should not blow on the earth, nor on the sea, nor on any tree.• 2 And I saw another angel ascending from the east, having the sealof the living God: and he cried with a loud voice to the four angels,to whom it was given to hurt the earth and the sea,• 3 Saying, Hurt not the earth, neither the sea, nor the trees, till wehave sealed the servants of our God in their foreheads.• 4 And I heard the number of them which were sealed: and there weresealed an hundred and forty and four thousand of all the tribes of thechildren of Israel.For Your Copy of the Sabbath Bookmarksbookmarks.amazingdiscoveries.orgADtvLIVE
3036	DONATEREVELATION 7:1-4• 1 And after these things I saw four angels standing on the fourcorners of the earth, holding the four winds of the earth, that thewind should not blow on the earth, nor on the sea, nor on any tree.• 2 And I saw another angel ascending from the east, having the sealof the living God: and he cried with a loud voice to the four angels,to whom it was given to hurt the earth and the sea,• 3 Saying, Hurt not the earth, neither the sea, nor the trees, till wehave sealed the servants of our God in their foreheads.• 4 And I heard the number of them which were sealed: and there wereealed an hundred and forty and four thousand of all the tribes of thechildren of Israel.ADtvLIVE
3042	REVELATION 13:16, 17• 16 And he causeth all, both small and great, rich andpoor, free and bond, to receive a mark in their righthand, or in their foreheads:• 17 And that no man might buy or sell, save he that hadthe mark, or the name of the beast, or the number ofhis name.ADLIVE
3048	REVELATION 13:16, 17• 16 And he causeth all, both small and great, rich andpoor, free and bond, to receive a mark in their righthand, or in their foreheads:• 17 And that no man might buy or sell, save he that hadthe mark, or the name of the beast, or the number ofhis name.ADLIVE
3054	REVELATION 13:16, 17• 16 And he causeth all, both small and great, rich andpoor, free and bond, to receive a mark in their righthand, or in their foreheads:• 17 And that no man might buy or sell, save he that hadthe mark, or the name of the beast, or the number ofhis name.
3060	REVELATION 13:16, 17• 16 And he causeth all, both small and great, rich andpoor, free and bond, to receive a mark in their righthand, or in their foreheads:• 17 And that no man might buy or sell, save he that hadthe mark, or the name of the beast, or the number ofhis name.ADLIVE
3066	REVELATION 13:16, 17• 16 And he causeth all, both small and great, rich andpoor, free and bond, to receive a mark in their righthand, or in their foreheads:• 17 And that no man might buy or sell, save he that hadthe mark, or the name of the beast, or the number ofhis name.AD.
3072	REVELATION 13:16, 17• 16 And he causeth all, both small and great, rich andpoor, free and bond, to receive a mark in their righthand, or in their foreheads:• 17 And that no man might buy or sell, save he that hadthe mark, or the name of the beast, or the number ofhis name.ALD.
3078	DONATEREVELATION 13:16, 17• 16 And he causeth all, both small and great, rich andpoor, free and bond, to receive a mark in their righthand, or in their foreheads:• 17 And that no man might buy or sell, save he that hadthe mark, or the name of the beast, or the number ofhis name.ADtvLIVE
3084	REVELATION 13:16, 17• 16 And he causeth all, both small and great, rich andpoor, free and bond, to receive a mark in their righthand, or in their foreheads:• 17 And that no man might buy or sell, save he that hadthe mark, or the name of the beast, or the number ofhis name.ADLIVE
3090	REVELATION 13:16, 17• 16 And he causeth all, both small and great, rich andpoor, free and bond, to receive a mark in their righthand, or in their foreheads:• 17 And that no man might buy or sell, save he that hadthe mark, or the name of the beast, or the number ofhis name.AD
3096	REVELATION 13:16, 17• 16 And he causeth all, both small and great, rich andpoor, tree and bond, to receive a mark in their righthand, or in their foreheads:• 17 And that no man might buy or sell, save he that hadthe mark, or the name of the beast, or the number ofhis name.ADLIVE
3102	REVELATION 13:16, 17• 16 And he causeth all, both small and great, rich andpoor, free and bond, to receive a mark in their righthand, or in their foreheads:• 17 And that no man might buy or sell, save he that hadthe mark, or the name of the beast, or the number ofhis name.ADLIVE
3108	REVELATION 13:16, 17• 16 And he causeth all, both small and great, rich andpoor, free and bond, to receive a mark in their righthand, or in their foreheads:• 17 And that no man might buy or sell, save he that hadthe mark, or the name of the beast, or the number ofhis name.ALD.
3114	REVELATION 13:11, 12• 11 And I beheld another beast coming up out of theearth; and he had two horns like a lamb, and he spakeas a dragon.• 12 And he exerciseth all the power of the first beastbefore him, and causeth the earth and them which dwelltherein to worship the first beast, whose deadly woundwas healed.ADLIVE
3120	DONATEREVELATION 13:11, 12• 11 And I beheld another beast coming up out of theearth; and he had two horns like a lamb, and he spakeas a dragon.• 12 And he exerciseth all the power of the first beastbefore him, and causeth the earth and them which dwelltherein to worship the first beast, whose deadly woundwas healed.ADLIVE
3126	DONATEREVELATION 13:11, 12• 11 And I beheld another beast coming up out of theearth; and he had two horns like a lamb, and he spakeas a dragon.• 12 And he exerciseth all the power of the first beastbefore him, and causeth the earth and them which dwelltherein to worship the first beast, whose deadly woundwas healed.ADLIVE
3132	DONATEREVELATION 13:11, 12• 11 And I beheld another beast coming up out of theearth; and he had two horns like a lamb, and he spakeas a dragon.• 12 And he exerciseth all the power of the first beastbefore him, and causeth the earth and them which dwelltherein to worship the first beast, whose deadly woundwas healed.ADItvLIVE
3138	DONATEREVELATION 13:11, 12• 11 And I beheld another beast coming up out of theearth; and he had two horns like a lamb, and he spakeas a dragon.• 12 And he exerciseth all the power of the first beastbefore him, and causeth the earth and them which dwelltherein to worship the first beast, whose deadly woundwas healed.ADtyLIVE
3144	DONATEREVELATION 13:11, 12• 11 And I beheld another beast coming up out of theearth; and he had two horns like a lamb, and he spakeas a dragon.• 12 And he exerciseth all the power of the first beastbefore him, and causeth the earth and them which dwelltherein to worship the first beast, whose deadly woundwas healed.ADLIVE
3150	REVELATION 13:11, 12• 11 And I beheld another beast coming up out of theearth; and he had two horns like a lamb, and he spakeas a dragon.• 12 And he exerciseth all the power of the first beastbefore him, and causeth the earth and them which dwelltherein to worship the first beast, whose deadly woundwas healed.ADLIVE
3156	REVELATION 13:11, 12• 11 And I beheld another beast coming up out of theearth; and he had two horns like a lamb, and he spakeas a dragon.• 12 And he exerciseth all the power of the first beastbefore him, and causeth the earth and them which dwelltherein to worship the first beast, whose deadly woundwas healed.ADLIVE
3162	REVELATION 13:11, 12• 11 And I beheld another beast coming up out of theearth; and he had two horns like a lamb, and he spakeas a dragon.• 12 And he exerciseth all the power of the first beastbefore him, and causeth the earth and them which dwelltherein to worship the first beast, whose deadly woundwas healed.ADLIVE
3168	DONATEREVELATION 13:11, 12• 11 And I beheld another beast coming up out of theearth; and he had two horns like a lamb, and he spakeas a dragon.• 12 And he exerciseth all the power of the first beastbefore him, and causeth the earth and them which dwelltherein to worship the first beast, whose deadly woundwas healed.ADLIVE
3174	DANIEL 7:25• And he shall speak great words against the mostHigh, and shall wear out the saints of the mostHigh, and think to change times and laws:AD.
3180	DONATEDANIEL 7:25• And he shall speak great words against the mostHigh, and shall wear out the saints of the mostHigh, and think to change times and laws:AD.
3186	DANIEL 7:25• And he shall speak great words against the mostHigh, and shall wear out the saints of the mostHigh, and think to change times and laws:AD.
3192	DANIEL 7:25• And he shall speak great words against the mostHigh, and shall wear out the saints of the mostHigh, and think to change times and laws:AD.
3198	DANIEL 7:25• And he shall speak great words against the mostHigh, and shall wear out the saints of the mostHigh, and think to change times and laws:AD.
3204	DANIEL 7:25• And he shall speak great words against the mostHigh, and shall wear out the saints of the mostHigh, and think to change times and laws:AD.
3210	DANIEL 7:25• And he shall speak great words against the mostHigh, and shall wear out the saints of the mostHigh, and think to change times and laws:ADLIVE
3216	DANIEL 7:25• And he shall speak great words against the mostHigh, and shall wear out the saints of the mostHigh, and think to change times and laws:AD.
3222	DANIEL 7:25• And he shall speak great words against the mostHigh, and shall wear out the saints of the mostHigh, and think to change times and laws:AD.
3228	SELECTED MESSAGES VOL.2 P.80.4• The Lord has shown me clearly that the image of the beast willbe formed before probation closes; for it is to be the great testfor the people of God, by which their eternal destiny will bedecided.AD.
3234	DONATESELECTED MESSAGES VOL.2 P.80.4• The Lord has shown me clearly that the image of the beast willbe formed before probation closes; for it is to be the great testfor the people of God, by which their eternal destiny will bedecided.AD.
3240	SELECTED MESSAGES VOL.2 P.80.4• The Lord has shown me clearly that the image of the beast willbe formed before probation closes; for it is to be the great testfor the people of God, by which their eternal destiny will bedecided.AD.
3246	SELECTED MESSAGES VOL.2 P.80.4• The Lord has shown me clearly that the image of the beast willbe formed before probation closes; for it is to be the great testfor the people of God, by which their eternal destiny will bedecided.AD.
3252	SELECTED MESSAGES VOL.2 P.80.4• The Lord has shown me clearly that the image of the beast willbe formed before probation closes; for it is to be the great testfor the people of God, by which their eternal destiny will bedecided.AD.
3258	SELECTED MESSAGES VOL.2 P.80.4• The Lord has shown me clearly that the image of the beast willbe formed before probation closes; for it is to be the great testfor the people of God, by which their eternal destiny will bedecided.AD.
3264	SELECTED MESSAGES VOL.2 P.80.4• The Lord has shown me clearly that the image of the beast willbe formed before probation closes; for it is to be the great testfor the people of God, by which their eternal destiny will bedecided.AD.
3270	SELECTED MESSAGES VOL.2 P.80.4• The Lord has shown me clearly that the image of the beast willbe formed before probation closes; for it is to be the great testfor the people of God, by which their eternal destiny will bedecided.AD.
3276	SELECTED MESSAGES VOL.2 P.80.4• The Lord has shown me clearly that the image of the beast willbe formed before probation closes; for it is to be the great testfor the people of God, by which their eternal destiny will bedecided.AD.
3282	SELECTED MESSAGES VOL.2 P.80.4• The Lord has shown me clearly that the image of the beast willbe formed before probation closes; for it is to be the great testfor the people of God, by which their eternal destiny will bedecided.AD.
3288	SELECTED MESSAGES VOL.2 P.80.4• The Lord has shown me clearly that the image of the beast willbe formed before probation closes; for it is to be the great testfor the people of God, by which their eternal destiny will bedecided.AD.
3294	SELECTED MESSAGES VOL.2 P.80.4• The Lord has shown me clearly that the image of the beast willbe formed before probation closes; for it is to be the great testfor the people of God, by which their eternal destiny will bedecided.AD.
3300	SELECTED MESSAGES VOL.2 P.80.4• The Lord has shown me clearly that the image of the beast willbe formed before probation closes; for it is to be the great testfor the people of God, by which their eternal destiny will bedecided.AD.
3306	SELECTED MESSAGES VOL.2 P.80.4• The Lord has shown me clearly that the image of the beast willbe formed before probation closes; for it is to be the great testfor the people of God, by which their eternal destiny will bedecided.AD.
3312	SELECTED MESSAGES VOL.2 P.80.4• The Lord has shown me clearly that the image of the beast willbe formed before probation closes; for it is to be the great testfor the people of God, by which their eternal destiny will bedecided.AD.
3318	DONATEEVANGELISM P.234.2• No one has yet received the mark of the beast. The testing timehas not yet come. There are true Christians in every church, notexcepting the Roman Catholic communion. None arecondemned until they have had the light and have seen theobligation of the fourth commandment. But when the decreeshall go forth enforcing the counterfeit sabbath, and the loudcry of the third angel shall warn men against the worship of thebeast and his image, the line will be clearly drawn between thefalse and the true. Then those who still continue intransgression will receive the mark of the beast.ADLIVE
3324	DONATEANGELISM P.234.2• No one has yet received the mark of the beast. The testing timehas not yet come. There are true Christians in every church, notexcepting the Roman Catholic communion. None arecondemned until they have had the light and have seen theobligation of the fourth commandment. But when the decreeshall go forth enforcing the counterfeit sabbath, and the loudcry of the third angel shall warn men against the worship of thebeast and his image, the line will be clearly drawn between thefalse and the true. Then those who still continue intransgression will receive the mark of the beast.ADLIVE
3330	ANGELISM P.234.2• No one has yet received the mark of the beast. The testing timehas not yet come. There are true Christians in every church, notexcepting the Roman Catholic communion. None arecondemned until they have had the light and have seen theobligation of the fourth commandment. But when the decreeshall go forth enforcing the counterfeit sabbath, and the loudcry of the third angel shall warn men against the worship of thebeast and his image, the line will be clearly drawn between thefalse and the true. Then those who still continue intransgression will receive the mark of the beast.ADLIVE
3336	ANGELISM P.234.2• No one has yet received the mark of the beast. The testing timehas not yet come. There are true Christians in every church, notexcepting the Roman Catholic communion. None arecondemned until they have had the light and have seen theobligation of the fourth commandment. But when the decreeshall go forth enforcing the counterfeit sabbath, and the loudcry of the third angel shall warn men against the worship of thebeast and his image, the line will be clearly drawn between thefalse and the true. Then those who still continue intransgression will receive the mark of the beast.ADLIVE
3342	DONATEANGELISM P.234.2• No one has yet received the mark of the beast. The testing timehas not yet come. There are true Christians in every church, notexcepting the Roman Catholic communion. None arecondemned until they have had the light and have seen theobligation of the fourth commandment. But when the decreeshall go forth enforcing the counterfeit sabbath, and the loudcry of the third angel shall warn men against the worship of thebeast and his image, the line will be clearly drawn between thefalse and the true. Then those who still continue intransgression will receive the mark of the beast.AD!LIVE
3348	DONATEANGELISM P.234.2• No one has yet received the mark of the beast. The testing timehas not yet come. There are true Christians in every church, notexcepting the Roman Catholic communion. None arecondemned until they have had the light and have seen theobligation of the fourth commandment. But when the decreeshall go forth enforcing the counterfeit sabbath, and the loudcry of the third angel shall warn men against the worship of thebeast and his image, the line will be clearly drawn between thefalse and the true. Then those who still continue intransgression will receive the mark of the beast.ADLIVE
3354	ANGELISM P.234.2• No one has yet received the mark of the beast. The testing timehas not yet come. There are true Christians in every church, notexcepting the Roman Catholic communion. None arecondemned until they have had the light and have seen theobligation of the fourth commandment. But when the decreeshall go forth enforcing the counterfeit sabbath, and the loudcry of the third angel shall warn men against the worship of thebeast and his image, the line will be clearly drawn between thefalse and the true. Then those who still continue intransgression will receive the mark of the beast.ADLIVE
3360	DONATEANGELISM P.234.2• No one has yet received the mark of the beast. The testing timehas not yet come. There are true Christians in every church, notexcepting the Roman Catholic communion. None arecondemned until they have had the light and have seen theobligation of the fourth commandment. But when the decreeshall go forth enforcing the counterfeit sabbath, and the loudcry of the third angel shall warn men against the worship of thebeast and his image, the line will be clearly drawn between thefalse and the true. Then those who still continue intransgression will receive the mark of the beast.ADLIVE
3366	DONATEANGELISM P.234.2• No one has yet received the mark of the beast. The testing timehas not yet come. There are true Christians in every church, notexcepting the Roman Catholic communion. None arecondemned until they have had the light and have seen theobligation of the fourth commandment. But when the decreeshall go forth enforcing the counterfeit sabbath, and the loudcry of the third angel shall warn men against the worship of thebeast and his image, the line will be clearly drawn between thefalse and the true. Then those who still continue intransgression will receive the mark of the beast.ADLIVE
3372	DONATEANGELISM P.234.2• No one has yet received the mark of the beast. The testing timehas not yet come. There are true Christians in every church, notexcepting the Roman Catholic communion. None arecondemned until they have had the light and have seen theobligation of the fourth commandment. But when the decreeshall go forth enforcing the counterfeit sabbath, and the loudcry of the third angel shall warn men against the worship of thebeast and his image, the line will be clearly drawn between thefalse and the true. Then those who still continue intransgression will receive the mark of the beast.ADLIVE
3378	DONATEANGELISM P.234.2• No one has yet received the mark of the beast. The testing timehas not yet come. There are true Christians in every church, notexcepting the Roman Catholic communion. None arecondemned until they have had the light and have seen theobligation of the fourth commandment. But when the decreeshall go forth enforcing the counterfeit sabbath, and the loudcry of the third angel shall warn men against the worship of thebeast and his image, the line will be clearly drawn between thefalse and the true. Then those who still continue intransgression will receive the mark of the beast.ADLIVE
3384	DONATEANGELISM P.234.2• No one has yet received the mark of the beast. The testing timehas not yet come. There are true Christians in every church, notexcepting the Roman Catholic communion. None arecondemned until they have had the light and have seen theobligation of the fourth commandment. But when the decreeshall go forth enforcing the counterfeit sabbath, and the loudcry of the third angel shall warn men against the worship of thebeast and his image, the line will be clearly drawn between thefalse and the true. Then those who still continue intransgression will receive the mark of the beast.ADLIVE
3390	DONATEANGELISM P.234.2• No one has yet received the mark of the beast. The testing timehas not yet come. There are true Christians in every church, notexcepting the Roman Catholic communion. None arecondemned until they have had the light and have seen theobligation of the fourth commandment. But when the decreeshall go forth enforcing the counterfeit sabbath, and the loudcry of the third angel shall warn men against the worship of thebeast and his image, the line will be clearly drawn between thefalse and the true. Then those who still continue intransgression will receive the mark of the beast.ADLIVE
3396	ANGELISM P.234.2• No one has yet received the mark of the beast. The testing timehas not yet come. There are true Christians in every church, notexcepting the Roman Catholic communion. None arecondemned until they have had the light and have seen theobligation of the fourth commandment. But when the decreeshall go forth enforcing the counterfeit sabbath, and the loudcry of the third angel shall warn men against the worship of thebeast and his image, the line will be clearly drawn between thefalse and the true. Then those who still continue intransgression will receive the mark of the beast.ADLIVE
3402	ANGELISM P.234.2• No one has yet received the mark of the beast. The testing timehas not yet come. There are true Christians in every church, notexcepting the Roman Catholic communion. None arecondemned until they have had the light and have seen theobligation of the fourth commandment. But when the decreeshall go forth enforcing the counterfeit sabbath, and the loudcry of the third angel shall warn men against the worship of thebeast and his image, the line will be clearly drawn between thefalse and the true. Then those who still continue intransgression will receive the mark of the beast.ADLIVE
3408	DONATEAD.EVANGELISM P.234.2• No one has yet received the mark of the beast. The testing timehas not yet come. There are true Christians in every church, notcondemned until they have had the light and have seen thebligation of the fourth commandment. But when the decreecry of the third angel shall warn men against the worship of thebeast and his image, the line will be clearly drawn between thealse and the trie. Then thae who shil continue irtransgression will receive the mark of the beast.
3414	DONATEADLIVEEVANGELISM P.234.2• No one has yet received the mark of the beast. The testing timehas not yet come. There are true Christians in every church, notcondemned until they have had the light and have seen thebligation of the fourth commandment. But when the decreecry of the third angel shall warn men against the worship of thebesst and his image, the line will be clearly drawn between thetransgression will receive the mark of the beast.
3420	DONATEADLIVEEVANGELISM P.234.2• No one has yet received the mark of the beast. The testing timehas not yet come. There are true Christians in every church, notcondemned until they have had the light and have seen the›bligation of the fourth commandment. But when the deereeshal so lonn emorans de chinkener sapont, and tie loudcry of the third angel shall warn men against the worship of thebeast and his image, the line will be clearly drawn between thetransgression will receive the mark of the beast.
3426	DONATEADLIVEEVANGELISM P.234.2• No one has yet received the mark of the beast. The testing timehas not yet come. There are true Christians in every church, notKWToECwIM1Ion Notetnecondemned until they have had the light and have seen thebligation of the fourth commandment. But when the deereecry of the third angel shall warn men against the worship of theeast and his image, the line will be clearly drawn between thetransgression will receive the mark of the beast.
3432	DONATEADLIVEEVANGELISM P.234.2•No one has yet received the mark of the beast. The testing timehas not yet come. There are true Christians in every church, notondemned until they have had the light and have seen the›bligation of the fourth commandment. But when the decreecry of the third angel shall warn men against the worship of theast and his image, the line will be clearly drawn between thetransgression will receive the mark of the beast.
3438	DONATEMARANATHA P.164.4• This is the test that the people of God must have before they aresealed. All who prove their loyalty to God by observing His law,and refusing to accept a spurious sabbath, will rank under thebanner of the Lord God Jehovah, and will receive the seal of theliving God. Those who yield the truth of heavenly origin, andaccept the Sunday sabbath, will receive the mark of theADLIVE
3444	DONATEMARANATHA P. 164.4• This is the test that the people of God must have before they aresealed. All who prove their loyalty to God by observing His law,and refusing to accept a spurious sabbath, will rank under thebanner of the Lord God Jehovah, and will receive the seal of theliving God. Those who yield the truth of heavenly origin, andaccept the Sunday sabbath, will receive the mark of thebeast....ADtvLIVE
3450	DONATEMARANATHA P. 164.4• This is the test that the people of God must have before they aresealed. All who prove their loyalty to God by observing His law,and refusing to accept a spurious sabbath, will rank under thebanner of the Lord God Jehovah, and will receive the seal of theliving God. Those who yield the truth of heavenly origin, andaccept the Sunday sabbath, will receive the mark of thebeast....ADLIVE
3456	DONATEMARANATHA P. 164.4• This is the test that the people of God must have before they aresealed. All who prove their loyalty to God by observing His law,and refusing to accept a spurious sabbath, will rank under thebanner of the Lord God Jehovah, and will receive the seal of theliving God. Those who yield the truth of heavenly origin, andaccept the Sunday sabbath, will receive the mark of thebeast....ADLIVE
3462	DONATEMARANATHA P. 164.4• This is the test that the people of God must have before they aresealed. All who prove their loyalty to God by observing His law,and refusing to accept a spurious sabbath, will rank under thebanner of the Lord God Jehovah, and will receive the seal of theliving God. Those who yield the truth of heavenly origin, andaccept the Sunday sabbath, will receive the mark of theAD.
3468	DONATEMARANATHA P. 164.4• This is the test that the people of God must have before they aresealed. All who prove their loyalty to God by observing His law,and refusing to accept a spurious sabbath, will rank under thebanner of the Lord God Jehovah, and will receive the seal of theliving God. Those who yield the truth of heavenly origin, andaccept the Sunday sabbath, will receive the mark of thebeast....ADLIVE
3474	DONATEMARANATHA P. 164.4• This is the test that the people of God must have before they aresealed. All who prove their loyalty to God by observing His law,and refusing to accept a spurious sabbath, will rank under thebanner of the Lord God Jehovah, and will receive the seal of theliving God. Those who yield the truth of heavenly origin, andaccept the Sunday sabbath, will receive the mark of thebeast....ADLIVE
3480	DONATEMARANATHA P. 164.4• This is the test that the people of God must have before they aresealed. All who prove their loyalty to God by observing His law,and refusing to accept a spurious sabbath, will rank under thebanner of the Lord God Jehovah, and will receive the seal of theliving God. Those who yield the truth of heavenly origin, andaccept the Sunday sabbath, will receive the mark of thebeast....ADLIVE
3486	DONATEMARANATHA P. 164.4• This is the test that the people of God must have before they aresealed. All who prove their loyalty to God by observing His law,and refusing to accept a spurious sabbath, will rank under thebanner of the Lord God Jehovah, and will receive the seal of theliving God. Those who yield the truth of heavenly origin, andaccept the Sunday sabbath, will receive the mark of thebeast....AD.
3492	DONATEMARANATHA P. 164.4• This is the test that the people of God must have before they aresealed. All who prove their loyalty to God by observing His law,and refusing to accept a spurious sabbath, will rank under thebanner of the Lord God Jehovah, and will receive the seal of theliving God. Those who yield the truth of heavenly origin, andaccept the Sunday sabbath, will receive the mark of thebeast....AD.
3498	DONATEMARANATHA P. 164.4• This is the test that the people of God must have before they aresealed. All who prove their loyalty to God by observing His law,and refusing to accept a spurious sabbath, will rank under thebanner of the Lord God Jehovah, and will receive the seal of theliving God. Those who yield the truth of heavenly origin, andaccept the Sunday sabbath, will receive the mark of thebeast....AD.
3504	DONATEMARANATHA P. 164.4• This is the test that the people of God must have before they aresealed. All who prove their loyalty to God by observing His law,and refusing to accept a spurious sabbath, will rank under thebanner of the Lord God Jehovah, and will receive the seal of theliving God. Those who yield the truth of heavenly origin, andaccept the Sunday sabbath, will receive the mark of thebeast....ADLIVE
3510	DONATEMARANATHA P. 164.4• This is the test that the people of God must have before they aresealed. All who prove their loyalty to God by observing His law,and refusing to accept a spurious sabbath, will rank under thebanner of the Lord God Jehovah, and will receive the seal of theliving God. Those who yield the truth of heavenly origin, andaccept the Sunday sabbath, will receive the mark of thebeast....ADLIVE
3516	DONATEMARANATHA P. 164.4• This is the test that the people of God must have before they aresealed. All who prove their loyalty to God by observing His law,and refusing to accept a spurious sabbath, will rank under thebanner of the Lord God Jehovah, and will receive the seal of theliving God. Those who yield the truth of heavenly origin, andaccept the Sunday sabbath, will receive the mark of thebeast....AD.
3522	DONATEMARANATHA P. 164.4• This is the test that the people of God must have before they aresealed. All who prove their loyalty to God by observing His law,and refusing to accept a spurious sabbath, will rank under thebanner of the Lord God Jehovah, and will receive the seal of theliving God. Those who yield the truth of heavenly origin, andaccept the Sunday sabbath, will receive the mark of thebeast....ADLIVE
3528	DONATEMARANATHA P. 164.4• This is the test that the people of God must have before they aresealed. All who prove their loyalty to God by observing His law,and refusing to accept a spurious sabbath, will rank under thebanner of the Lord God Jehovah, and will receive the seal of theliving God. Those who yield the truth of heavenly origin, andaccept the Sunday sabbath, will receive the mark of thebeast....AD.
3534	DONATEMARANATHA P. 164.4• This is the test that the people of God must have before they aresealed. All who prove their loyalty to God by observing His law,and refusing to accept a spurious sabbath, will rank under thebanner of the Lord God Jehovah, and will receive the seal of theliving God. Those who yield the truth of heavenly origin, andaccept the Sunday sabbath, will receive the mark of thebeast....ADLIVE
3540	DONATEMARANATHA P. 164.4• This is the test that the people of God must have before they aresealed. All who prove their loyalty to God by observing His law,and refusing to accept a spurious sabbath, will rank under thebanner of the Lord God Jehovah, and will receive the seal of theliving God. Those who yield the truth of heavenly origin, andaccept the Sunday sabbath, will receive the mark of thebeast....ADLIVE
3546	DONATEMARANATHA P. 164.4• This is the test that the people of God must have before they aresealed. All who prove their loyalty to God by observing His law,and refusing to accept a spurious sabbath, will rank under thebanner of the Lord God Jehovah, and will receive the seal of theliving God. Those who yield the truth of heavenly origin, andaccept the Sunday sabbath, will receive the mark of thebeast....ADtvLIVE
3552	DONATEREVELATION 18:1-4• 1 And after these things I saw another angel come down from heavenaving great power; and the earth was lightened with his glory• 3 For all nations have drunk of the wine of the wrath of hercornication, and the kings of the earth have committed fornicationwith her, and the merchants of the earth are waxed rich through theabundance of her delicacies.• 4 And I heard another voice from heaven, saying, Come out of her,ple, that ye be not partakers of her sins, and that ye receivenot of her plagues.ADLIVE
3558	no MatinREVELATION 18:1-4• 1 And after these things I saw another angel come down from heavenaving great power; and the earth was lightened with his glorysaving, Babylon thgreat is fallen, is fallen, and is become the habitation of devils, anthe hold of every foul spirit, and a cage of every unclean and hatefulbird.• 3 For all nations have drunk of the wine of the wrath of hercornication, and the kings of the earth have committed fornicationwith her, and the merchants of the earth are waxed rich through theabundance of her delicacies.• 4 And I heard another voice from heaven, saying, Come out of her,ple, that ye be not partakers of her sins, and that ye receivenot of her plaguesADLIVE
3564	DONATEREVELATION 18:1-41 And after these things I saw another angel come down from heavenaving great power; and the earth was lightened with his glory2 And he cried mightily with a strong voice, saying, Babylon theat is fallen, is fallen, and is become the habitation of devils, anthe hold of every foul spirit, and a cage of every unclean and hatefulbird.• 3 For all nations have drunk of the wine of the wrath of hercornication, and the kings of the earth have committed fornicationwith her, and the merchants of the earth are waxed rich through theabundance of her delicacies.• 4 And I heard another voice from heaven, saying, Come out of her,ple, that ye be not partakers of her sins, and that ye receivenot of her plagues.ADLIVE
3570	DONATEREVELATION 18:1-4• 1 And after these things I saw another angel come down from heavenaving great power; and the earth was lightened with his glory• 3 For all nations have drunk of the wine of the wrath of hercornication, and the kings of the earth have committed fornicationwith her, and the merchants of the earth are waxed rich through theabundance of her delicacies.• 4 And I heard another voice from heaven, saying, Come out of her,ole, that ve be not partakers of her sins. and that ve receivenot of her plagues.ADLIVE
3576	DONATEREVELATION 18:1-4• 1 And after these things I saw another angel come down from heavenaving great power; and the earth was lightened with his gloryoice, saying, Babylon tigreat is fallen, is fallen, and is become the habitation of devils, arthe hold of every foul spirit, and a cage of every unclean and hatefulbird.• 3 For all nations have drunk of the wine of the wrath of hercornication, and the kings of the earth have committed fornicationwith her, and the merchants of the earth are waxed rich through theabundance of her delicacies.• 4 And I heard another voice from heaven, saying, Come out of her,ple, that ye be not partakers of her sins, and that ye receivenot of her plagues.AD.
3582	DONATEREVELATION 18:1-41 And after these things I saw another angel come down from heavenaving great power; and the earth was lightened with his glory• 3 For all nations have drunk of the wine of the wrath of hercornication, and the kings of the earth have committed fornicationwith her, and the merchants of the earth are waxed rich through theabundance of her delicacies.• 4 And I heard another voice from heaven, saying, Come out of her,ole, that ve be not partakers of her sins. and that ye receivenot of her plagues.ADLIVE
3588	DONATEREVELATION 18:1-4• 1 And after these things I saw another angel come down from heavenaving great power; and the earth was lightened with his glory• 3 For all nations have drunk of the wine of the wrath of hercornication, and the kings of the earth have committed fornicationwith her, and the merchants of the earth are waxed rich through theabundance of her delicacies.• 4 And I heard another voice from heaven, saying, Come out of her,ole, that ve be not partakers of her sins. and that ve receivenot of her plagues.ADLIVE
3594	DONATEREVELATION 18:1-4• 1 And after these things I saw another angel come down from heavenaving great power; and the earth was lightened with his glory• 3 For all nations have drunk of the wine of the wrath of hercornication, and the kings of the earth have committed fornicationwith her, and the merchants of the earth are waxed rich through theabundance of her delicacies.• 4 And I heard another voice from heaven, saying, Come out of her,ole, that ve be not partakers of her sins. and that ve receivenot of her plagues.ADLIVE
3600	DONATEREVELATION 18:1-4• 1 And after these things I saw another angel come down from heavenaving great power; and the earth was lightened with his glory• 3 For all nations have drunk of the wine of the wrath of hercornication, and the kings of the earth have committed fornicationwith her, and the merchants of the earth are waxed rich through theabundance of her delicacies.• 4 And I heard another voice from heaven, saying, Come out of her,ole, that ve be not partakers of her sins. and that ve receivenot of her plaguesAD!LIVE
3606	DONATEREVELATION 18:1-4• 1 And after these things I saw another angel come down from heavenaving great power; and the earth was lightened with his glory• 3 For all nations have drunk of the wine of the wrath of herornication, and the kings of the earth have committed fornicationwith her, and the merchants of the earth are waxed rich through theabundance of her delicacies.• 4 And I heard another voice from heaven, saying, Come out of her,ole, that ve be not partakers of her sins. and that ve receivenot of her plagues.ADLIVE
3612	DONATEREVELATION 18:1-4• 1 And after these things I saw another angel come down from heavenaving great power; and the earth was lightened with his gloryoice, saying, Babylon thgreat is fallen, is fallen, and is become the habitation of devils, anthe hold of every foul spirit, and a cage of every unclean and hatefulbird.• 3 For all nations have drunk of the wine of the wrath of hercornication, and the kings of the earth have committed fornicationwith her, and the merchants of the earth are waxed rich through theabundance of her delicacies.• 4 And I heard another voice from heaven, saying, Come out of her,ple, that ve be not partakers of her sins. and that ye receivenot of her plaguesADLIVE
3618	REVELATION 18:1-4• 1 And after these things I saw another angel come down from heavenlaving great power; and the earth was lightened with his glory.• 3 For all nations have drunk of the wine of the wrath of hercornication, and the kings of the earth have committed fornicationwith her, and the merchants of the earth are waxed rich through theabundance of her delicacies.• 4 And I heard another voice from heaven, saying, Come out of her,ple, that ye be not partakers of her sins, and that ye receivenot of her plagues.ADLIVE
3624	DONATEREVELATION 18:1-4• 1 And after these things I saw another angel come down from heaven,having great power; and the earth was lightened with his glory.• 3 For all nations have drunk of the wine of the wrath of hercornication, and the kings of the earth have committed fornicationwith her, and the merchants of the earth are waxed rich through theabundance of her delicacies.• 4 And I heard another voice from heaven, saying, Come out of her,ple, that ve be not partakers of her sins. and that ve receivenot of her plaguesAD.
3630	DONATEREVELATION 18:1-4• 1 And after these things I saw another angel come down from heavenaving great power; and the earth was lightened with his glory2 And he cried mightily with a strong voice, saying, Babylon theat is fallen, is fallen, and is become the habitation of devils, anthe hold of every foul spirit, and a cage of every unclean and hatefulbird.• 3 For all nations have drunk of the wine of the wrath of hercornication, and the kings of the earth have committed fornicationwith her, and the merchants of the earth are waxed rich through theabundance of her delicacies.• 4 And I heard another voice from heaven, saying, Come out of her,ole, that ve be not partakers of her sins. and that ve receivenot of her plaguesADLIVE
3636	REVELATION 18:1-41 And after these things I saw another angel come down from heavenaving great power; and the earth was lightened with his gloryoice, saying, Babylon thgreat is fallen, is fallen, and is become the habitation of devils, anthe hold of every foul spirit, and a cage of every unclean and hatefulbird.• 3 For all nations have drunk of the wine of the wrath of hercornication, and the kings of the earth have committed fornicationwith her, and the merchants of the earth are waxed rich through theabundance of her delicacies.• 4 And I heard another voice from heaven, saying, Come out of her,ole, that ve be not partakers of her sins. and that ve receivenot of her plagues.ADLIVE
3642	DONATEREVELATION 18:1-4•1 And after these things I saw another angel come down from heavenaving great power; and the earth was lightened with his glory• 3 For all nations have drunk of the wine of the wrath of hercornication, and the kings of the earth have committed fornicationwith her, and the merchants of the earth are waxed rich through theabundance of her delicacies.• 4 And I heard another voice from heaven, saying, Come out of her,ole, that ve be not partakers of her sins. and that ve receivenot of her plagues.ADLIVE
3648	DONATEREVELATION 18:1-4• 1 And after these things I saw another angel come down from heavenaving great power; and the earth was lightened with his glory• 3 For all nations have drunk of the wine of the wrath of hercornication, and the kings of the earth have committed fornicationwith her, and the merchants of the earth are waxed rich through theabundance of her delicacies.• 4 And I heard another voice from heaven, saying, Come out of her,my people, that ye be not partakers of her sins, and that ye receivenot of her plagues.ADtvLIVE
3654	DONATEREVELATION 18:1-41 And after these things I saw another angel come down from heavenaving great power; and the earth was lightened with his glory• 3 For all nations have drunk of the wine of the wrath of hercornication, and the kings of the earth have committed fornicationwith her, and the merchants of the earth are waxed rich through theabundance of her delicacies.• 4 And I heard another voice from heaven, saying, Come out of her,ple, that ve be not partakers of her sins, and that ve receivenot of her plagues.ADLIVE
3660	DONATEREVELATION 18:1-4• 1 And after these things I saw another angel come down from heavenaving great power; and the earth was lightened with his gloryoice, saying, Babylon thgreat is fallen, is fallen, and is become the habitation of devils, anthe hold of every foul spirit, and a cage of every unclean and hatefulbird.• 3 For all nations have drunk of the wine of the wrath of hercornication, and the kings of the earth have committed fornicationwith her, and the merchants of the earth are waxed rich through theabundance of her delicacies.• 4 And I heard another voice from heaven, saying, Come out of her,ple, that ye be not partakers of her sins, and that ye receivenot of her plaguesADLIVE
3666	REVELATION 18:1-4•1 And after these things I saw another angel come down from heavenaving great power; and the earth was lightened with his glory2 And he cried mightily with a strong voice, saying, Babylon threat is fallen, is fallen, and is become the habitation of devils, anthe hold of every foul spirit, and a cage of every unclean and hatefulbird.• 3 For all nations have drunk of the wine of the wrath of hercornication, and the kings of the earth have committed fornicationwith her, and the merchants of the earth are waxed rich through theabundance of her delicacies.• 4 And I heard another voice from heaven, saying, Come out of her,ple, that ye be not partakers of her sins, and that ye receivenot of her plagues.ADILIVE
3672	DONATEREVELATION 18:1-4• 1 And after these things I saw another angel come down from heavenaving great power; and the earth was lightened with his glory2 And he cried mightily with a strong voice, saying, Babylon threat is fallen, is fallen, and is become the habitation of devils, anthe hold of every foul spirit, and a cage of every unclean and hatefulbird.• 3 For all nations have drunk of the wine of the wrath of hercornication, and the kings of the earth have committed fornicationwith her, and the merchants of the earth are waxed rich through theabundance of her delicacies.• 4 And I heard another voice from heaven, saying, Come out of her,ple, that ye be not partakers of her sins, and that ye receivenot of her plaguesADtvLIVE
3678	REVELATION 18:1-4• 1 And after these things I saw another angel come down from heavenaving great power; and the earth was lightened with his glory2 And he cried mightily with a strong voice, saying, Babylon theat is fallen, is fallen, and is become the habitation of devils, anthe hold of every foul spirit, and a cage of every unclean and hatefulbird.• 3 For all nations have drunk of the wine of the wrath of hercornication, and the kings of the earth have committed fornicationwith her, and the merchants of the earth are waxed rich through theabundance of her delicacies.• 4 And I heard another voice from heaven, saying, Come out of her,ole, that ve be not partakers of her sins. and that ve receivenot of her plaguesADILIVE
3684	DONATEREVELATION 18:1-4• 1 And after these things I saw another angel come down from heavenlaving great power; and the earth was lightened with his glory.2 And he cried mightily with a strong voice, saying, Babylon threat is fallen, is fallen, and is become the habitation of devils, anthe hold of every foul spirit, and a cage of every unclean and hatefulbird.• 3 For all nations have drunk of the wine of the wrath of hercornication, and the kings of the earth have committed fornicationwith her, and the merchants of the earth are waxed rich through theabundance of her delicacies.• 4 And I heard another voice from heaven, saying, Come out of her,my people, that ye be not partakers of her sins, and that ye receivenot of her plaguesADLIVE
3690	DONATEREVELATION 18:1-4• 1 And after these things I saw another angel come down from heavenaving great power; and the earth was lightened with his glory• 3 For all nations have drunk of the wine of the wrath of hercornication, and the kings of the earth have committed fornicationwith her, and the merchants of the earth are waxed rich through theabundance of her delicacies.• 4 And I heard another voice from heaven, saying, Come out of her,my people, that ye be not partakers of her sins, and that ye receivenot of her plagues.ADLIVE
3696	DONATEREVELATION 18:1-4• 1 And after these things I saw another angel come down from heavenaving great power; and the earth was lightened with his glorythe hold of every foul spirit, and a cage of every unclean and hatefulbird.• 3 For all nations have drunk of the wine of the wrath of hercornication, and the kings of the earth have committed fornicationwith her, and the merchants of the earth are waxed rich through theabundance of her delicacies.• 4 And I heard another voice from heaven, saying, Come out of her,ple, that ye be not partakers of her sins, and that ye receivenot of her plaguesADLIVE
3702	REVELATION 18:1-4•1 And after these things I saw another angel come down from heavenaving great power; and the earth was lightened with his glory• 3 For all nations have drunk of the wine of the wrath of hercornication, and the kings of the earth have committed fornicationwith her, and the merchants of the earth are waxed rich through theabundance of her delicacies.• 4 And I heard another voice from heaven, saying, Come out of her,ple, that ye be not partakers of her sins, and that ye receivenot of her plagues.ADLIVE
3708	DONATEREVELATION 18:1-4• 1 And after these things I saw another angel come down from heavenaving great power; and the earth was lightened with his glory• 3 For all nations have drunk of the wine of the wrath of hercornication, and the kings of the earth have committed fornicationwith her, and the merchants of the earth are waxed rich through theabundance of her delicacies.• 4 And I heard another voice from heaven, saying, Come out of her,ole, that ve be not partakers of her sins. and that ve receivenot of her plagues.ADLIVE
3714	DONATEREVELATION 14:9, 10• 9 And the third angel followed them, saying with a loud voice, Ifany man worship the beast and his image, and receive his markin his forehead, or in his hand,• 10 The same shall drink of the wine of the wrath of God,which is poured out without mixture into the cup of hisindignation; and he shall be tormented with fire and brimstonein the presence of the holy angels, and in the presence of theLamb:ADLIVE
3720	DONATEREVELATION 14:9, 10* 9 And the third angel followed them, saying with a loud voice, Ifany man worship the beast and his image, and receive his markin his forehead, or in his hand,• 10 The same shall drink of the wine of the wrath of God,which is poured out without mixture into the cup of hisindignation; and he shall be tormented with fire and brimstonein the presence of the holy angels, and in the presence of theLamb:AD.
3726	DONATEREVELATION 14:9, 10* 9 And the third angel followed them, saying with a loud voice, Ifany man worship the beast and his image, and receive his markin his forehead, or in his hand,• 10 The same shall drink of the wine of the wrath of God,which is poured out without mixture into the cup of hisindignation; and he shall be tormented with fire and brimstonein the presence of the holy angels, and in the presence of theLamb:ADLIVE
3732	DONATEREVELATION 14:9, 10* 9 And the third angel followed them, saying with a loud voice, Ifany man worship the beast and his image, and receive his markin his forehead, or in his hand,• 10 The same shall drink of the wine of the wrath of God,which is poured out without mixture into the cup of hisindignation; and he shall be tormented with fire and brimstonein the presence of the holy angels, and in the presence of theLamb:ADtyLIVE
3738	DONATEREVELATION 14:9, 10* 9 And the third angel followed them, saying with a loud voice, Ifany man worship the beast and his image, and receive his markin his forehead, or in his hand,• 10 The same shall drink of the wine of the wrath of God,which is poured out without mixture into the cup of hisindignation; and he shall be tormented with fire and brimstonein the presence of the holy angels, and in the presence of theLamb:ADtvLIVE
3744	DONATEREVELATION 14:9, 10* 9 And the third angel followed them, saying with a loud voice, Ifany man worship the beast and his image, and receive his markin his forehead, or in his hand,• 10 The same shall drink of the wine of the wrath of God,which is poured out without mixture into the cup of hisindignation; and he shall be tormented with fire and brimstonein the presence of the holy angels, and in the presence of theLamb:ADLIVE
3750	DONATEREVELATION 14:9, 10* 9 And the third angel followed them, saying with a loud voice, Ifany man worship the beast and his image, and receive his markin his forehead, or in his hand,• 10 The same shall drink of the wine of the wrath of God,which is poured out without mixture into the cup of hisindignation; and he shall be tormented with fire and brimstonein the presence of the holy angels, and in the presence of theLamb:AD.
3756	DONATEREVELATION 14:9, 10• 9 And the third angel followed them, saying with a loud voice, Ifany man worship the beast and his image, and receive his markin his forehead, or in his hand,• 10 The same shall drink of the wine of the wrath of God,which is poured out without mixture into the cup of hisindignation; and he shall be tormented with fire and brimstonein the presence of the holy angels, and in the presence of theLamb:ADLIVE
3762	DONATEREVELATION 14:9, 10* 9 And the third angel followed them, saying with a loud voice, Ifany man worship the beast and his image, and receive his markin his forehead, or in his hand,• 10 The same shall drink of the wine of the wrath of God,which is poured out without mixture into the cup of hisindignation; and he shall be tormented with fire and brimstonein the presence of the holy angels, and in the presence of theLamb:ADLIVE
3768	DONATEREVELATION 14:9, 10• 9 And the third angel followed them, saying with a loud voice, Ifany man worship the beast and his image, and receive his markin his forehead, or in his hand,• 10 The same shall drink of the wine of the wrath of God,which is poured out without mixture into the cup of hisindignation; and he shall be tormented with fire and brimstonein the presence of the holy angels, and in the presence of theLamb:ADLIVE
3774	DONATEREVELATION 14:9, 10* 9 And the third angel followed them, saying with a loud voice, Ifany man worship the beast and his image, and receive his markin his forehead, or in his hand,• 10 The same shall drink of the wine of the wrath of God,which is poured out without mixture into the cup of hisindignation; and he shall be tormented with fire and brimstonein the presence of the holy angels, and in the presence of theLamb:ADLIVE
3780	DONATEREVELATION 14:9, 10* 9 And the third angel followed them, saying with a loud voice, Ifany man worship the beast and his image, and receive his markin his forehead, or in his hand,• 10 The same shall drink of the wine of the wrath of God,which is poured out without mixture into the cup of hisindignation; and he shall be tormented with fire and brimstonein the presence of the holy angels, and in the presence of theLamb:AD.
3786	DONATEREVELATION 14:9, 10* 9 And the third angel followed them, saying with a loud voice, Ifany man worship the beast and his image, and receive his markin his forehead, or in his hand,• 10 The same shall drink of the wine of the wrath of God,which is poured out without mixture into the cup of hisindignation; and he shall be tormented with fire and brimstonein the presence of the holy angels, and in the presence of theLamb:ADLIVE
3792	DONATEREVELATION 14:9, 10* 9 And the third angel followed them, saying with a loud voice, Ifany man worship the beast and his image, and receive his markin his forehead, or in his hand,• 10 The same shall drink of the wine of the wrath of God,which is poured out without mixture into the cup of hisindignation; and he shall be tormented with fire and brimstonein the presence of the holy angels, and in the presence of theLamb:ADLIVE
3798	DONATEREVELATION 14:9, 10* 9 And the third angel followed them, saying with a loud voice, Ifany man worship the beast and his image, and receive his markin his forehead, or in his hand,• 10 The same shall drink of the wine of the wrath of God,which is poured out without mixture into the cup of hisindignation; and he shall be tormented with fire and brimstonein the presence of the holy angels, and in the presence of theLamb:ADLIVE
3804	DONATEREVELATION 14:9, 10* 9 And the third angel followed them, saying with a loud voice, Ifany man worship the beast and his image, and receive his markin his forehead, or in his hand,• 10 The same shall drink of the wine of the wrath of God,which is poured out without mixture into the cup of hisindignation; and he shall be tormented with fire and brimstonein the presence of the holy angels, and in the presence of theLamb:ADLIVE
3810	DONATEREVELATION 14:9, 10* 9 And the third angel followed them, saying with a loud voice, Ifany man worship the beast and his image, and receive his markin his forehead, or in his hand,• 10 The same shall drink of the wine of the wrath of God,which is poured out without mixture into the cup of hisindignation; and he shall be tormented with fire and brimstonein the presence of the holy angels, and in the presence of theLamb:ADLIVE
3816	DONATEREVELATION 14:9, 10* 9 And the third angel followed them, saying with a loud voice, Ifany man worship the beast and his image, and receive his markin his forehead, or in his hand,• 10 The same shall drink of the wine of the wrath of God,which is poured out without mixture into the cup of hisindignation; and he shall be tormented with fire and brimstonein the presence of the holy angels, and in the presence of theLamb:ADLIVE
3822	DONATEREVELATION 14:9, 10• 9 And the third angel followed them, saying with a loud voice, Ifany man worship the beast and his image, and receive his markin his forehead, or in his hand,• 10 The same shall drink of the wine of the wrath of God,which is poured out without mixture into the cup of hisindignation; and he shall be tormented with fire and brimstonein the presence of the holy angels, and in the presence of theLamb:ADLIVE
3828	DONATEALD.
3834	DONATEAD.
3840	DONATEAD.
3846	DONATEMARANATHA P.200.2• Just as soon as the people of God are sealed in theirforeheads-it is not any seal or mark that can be seen, but asettling into the truth, both intellectually and spiritually, sothey cannot be moved-just as soon as God's people are sealedand prepared for the shaking, it will come. Indeed, it has begunalready; the judgments of God are now upon the land, to give uswarning, that we may know what is coming.AD.
3852	DONATEMARANATHA P.200.2• Just as soon as the people of God are sealed in theirforeheads-it is not any seal or mark that can be seen, but asettling into the truth, both intellectually and spiritually, sothey cannot be moved-just as soon as God's people are sealedand prepared for the shaking, it will come. Indeed, it has begunalready; the judgments of God are now upon the land, to give uswarning, that we may know what is coming.ADLIVE
3858	DONATEMARANATHA P.200.2• Just as soon as the people of God are sealed in theirforeheads-it is not any seal or mark that can be seen, but asettling into the truth, both intellectually and spiritually, sothey cannot be moved-just as soon as God's people are sealedand prepared for the shaking, it will come. Indeed, it has begunalready; the judgments of God are now upon the land, to give uswarning, that we may know what is coming.AD.
3864	DONATEMARANATHA P.200.2• Just as soon as the people of God are sealed in theirforeheads-it is not any seal or mark that can be seen, but asettling into the truth, both intellectually and spiritually, sothey cannot be moved-just as soon as God's people are sealedand prepared for the shaking, it will come. Indeed, it has begunalready; the judgments of God are now upon the land, to give uswarning, that we may know what is coming.ADLIVE
3870	DONATEMARANATHA P.200.2• Just as soon as the people of God are sealed in theirforeheads-it is not any seal or mark that can be seen, but asettling into the truth, both intellectually and spiritually, sothey cannot be moved-just as soon as God's people are sealedand prepared for the shaking, it will come. Indeed, it has begunalready; the judgments of God are now upon the land, to give uswarning, that we may know what is coming.ADLIVE
3876	DONATEMARANATHA P.200.2• Just as soon as the people of God are sealed in theirforeheads-it is not any seal or mark that can be seen, but asettling into the truth, both intellectually and spiritually, sothey cannot be moved-just as soon as God's people are sealedand prepared for the shaking, it will come. Indeed, it has begunalready; the judgments of God are now upon the land, to give uswarning, that we may know what is coming.ADLIVE
3882	DONATEMARANATHA P.200.2• Just as soon as the people of God are sealed in theirforeheads-it is not any seal or mark that can be seen, but asettling into the truth, both intellectually and spiritually, sothey cannot be moved-just as soon as God's people are sealedand prepared for the shaking, it will come. Indeed, it has begunalready; the judgments of God are now upon the land, to give uswarning, that we may know what is coming.ADLIVE
3888	DONATEMARANATHA P.200.2• Just as soon as the people of God are sealed in theirforeheads-it is not any seal or mark that can be seen, but asettling into the truth, both intellectually and spiritually, sothey cannot be moved-just as soon as God's people are sealedand prepared for the shaking, it will come. Indeed, it has begunalready; the judgments of God are now upon the land, to give uswarning, that we may know what is coming.ADLIVE
3894	DONATEMARANATHA P.200.2• Just as soon as the people of God are sealed in theirforeheads-it is not any seal or mark that can be seen, but asettling into the truth, both intellectually and spiritually, sothey cannot be moved-just as soon as God's people are sealedand prepared for the shaking, it will come. Indeed, it has begunalready; the judgments of God are now upon the land, to give uswarning, that we may know what is coming.ADtvLIVE
3900	DONATEMARANATHA P.200.2• Just as soon as the people of God are sealed in theirforeheads-it is not any seal or mark that can be seen, but asettling into the truth, both intellectually and spiritually, sothey cannot be moved-just as soon as God's people are sealedand prepared for the shaking, it will come. Indeed, it has begunalready; the judgments of God are now upon the land, to give uswarning, that we may know what is coming.AD.
3906	DONATEMARANATHA P.200.2• Just as soon as the people of God are sealed in theirforeheads-it is not any seal or mark that can be seen, but asettling into the truth, both intellectually and spiritually, sothey cannot be moved-just as soon as God's people are sealedand prepared for the shaking, it will come. Indeed, it has begunalready; the judgments of God are now upon the land, to give uswarning, that we may know what is coming.AD.
3912	DONATEMARANATHA P.200.2• Just as soon as the people of God are sealed in theirforeheads-it is not any seal or mark that can be seen, but asettling into the truth, both intellectually and spiritually, sothey cannot be moved-just as soon as God's people are sealedand prepared for the shaking, it will come. Indeed, it has begunalready; the judgments of God are now upon the land, to give uswarning, that we may know what is coming.AD.
3918	DONATEMARANATHA P.200.2• Just as soon as the people of God are sealed in theirforeheads-it is not any seal or mark that can be seen, but asettling into the truth, both intellectually and spiritually, sothey cannot be moved-just as soon as God's people are sealedand prepared for the shaking, it will come. Indeed, it has begunalready; the judgments of God are now upon the land, to give uswarning, that we may know what is coming.ADLIVE
3924	DONATEMARANATHA P.200.2• Just as soon as the people of God are sealed in theirforeheads-it is not any seal or mark that can be seen, but asettling into the truth, both intellectually and spiritually, sothey cannot be moved-just as soon as God's people are sealedand prepared for the shaking, it will come. Indeed, it has begunalready; the judgments of God are now upon the land, to give uswarning, that we may know what is coming.AD.
3930	DONATEMARANATHA P.200.2• Just as soon as the people of God are sealed in theirforeheads-it is not any seal or mark that can be seen, but asettling into the truth, both intellectually and spiritually, sothey cannot be moved-just as soon as God's people are sealedand prepared for the shaking, it will come. Indeed, it has begunalready; the judgments of God are now upon the land, to give uswarning, that we may know what is coming.ADLIVE
3936	DONATEMARANATHA P.200.2• Just as soon as the people of God are sealed in theirforeheads-it is not any seal or mark that can be seen, but asettling into the truth, both intellectually and spiritually, sothey cannot be moved-just as soon as God's people are sealedand prepared for the shaking, it will come. Indeed, it has begunalready; the judgments of God are now upon the land, to give uswarning, that we may know what is coming.ADLIVE
3942	DONATEMARANATHA P.200.2• Just as soon as the people of God are sealed in theirforeheads-it is not any seal or mark that can be seen, but asettling into the truth, both intellectually and spiritually, sothey cannot be moved-just as soon as God's people are sealedand prepared for the shaking, it will come. Indeed, it has begunalready; the judgments of God are now upon the land, to give uswarning, that we may know what is coming.ADLIVE
3948	DONATEMARANATHA P.200.2• Just as soon as the people of God are sealed in theirforeheads-it is not any seal or mark that can be seen, but asettling into the truth, both intellectually and spiritually, sothey cannot be moved-just as soon as God's people are sealedand prepared for the shaking, it will come. Indeed, it has begunalready; the judgments of God are now upon the land, to give uswarning, that we may know what is coming.ADLIVE
3954	DONATEMARANATHA P.200.2• Just as soon as the people of God are sealed in theirforeheads-it is not any seal or mark that can be seen, but asettling into the truth, both intellectually and spiritually, sothey cannot be moved-just as soon as God's people are sealedand prepared for the shaking, it will come. Indeed, it has begunalready; the judgments of God are now upon the land, to give uswarning, that we may know what is coming.ADLIVE
3960	DONATEMARANATHA P.200.2• Just as soon as the people of God are sealed in theirforeheads-it is not any seal or mark that can be seen, but asettling into the truth, both intellectually and spiritually, sothey cannot be moved-just as soon as God's people are sealedand prepared for the shaking, it will come. Indeed, it has begunalready; the judgments of God are now upon the land, to give uswarning, that we may know what is coming.AD.
3966	DONATEMARANATHA P.200.2• Just as soon as the people of God are sealed in theirforeheads-it is not any seal or mark that can be seen, but asettling into the truth, both intellectually and spiritually, sothey cannot be moved-just as soon as God's people are sealedand prepared for the shaking, it will come. Indeed, it has begunalready; the judgments of God are now upon the land, to give uswarning, that we may know what is coming.AD
3972	ADLIVECB APRIL 6, 1903, ART. A, PAR. 35• The ur the hundation of the fais open Which we have been bundlingever since the message came in 1842, 1843, and 1844. I was in thismessage, and ever since I have been standing before the world, true to thelight that God has given us. We do not propose to take our feet off theplatform on which they were placed as day by day we sought the Lord withearnest prayer, seeking for light. Do you think that I could give up the lightthat God has given me? It is to be as the Rock of Ages. It has beenguiding me ever since it was given. Brethren and sisters, God lives andreigns and works today. His hand is on the wheel, and in His providenceHe is turning the wheel in accordance with His own will. Let not menfasten themselves to documents, saying what they will do and what theywill not do. Let them fasten themselves to the Lord God of heaven. Thenthe light of heaven will shine into the soul-temple, and we shall se,salvation of God.
3978	B APRIL 6, 1903, ART. A, PAR. 35• The warning has come: Nothing is to be allowed to come in that willdisturb the foundation of the faith upon which we have been buildingever since the message came in 1842, 1843, and 1844. I was in thismessage, and ever since I have been standing before the world, true to thelight that God has given us. We do not propose to take our feet off theplatform on which they were placed as day by day we sought the Lord withearnest prayer, seeking for light. Do you think that I couldgive up the lightthat God has given me? It is to be as the Rock of Ages. It has beenuiding me ever since it was given. Brethren and sisters, God lives andreigns and works today. His hand is on the wheel, and in His providenceHe is turning the wheel in accordance with His own will. Let not menfasten themselves to documents, saying what they will do and what theywill not do. Let them fasten themselves to the Lord God of heaven. Thenthe light of heaven will shine into the soul-temple, and we shall sesalvation of God.ADILIVE
3984	B APRIL 6, 1903, ART. A, PAR. 35• The warning has come: Nothing is to be allowed to come in that willdisturb the foundation of the faith upon which we have been buildingever since the message came in 1842, 1843, and 1844. I was in thismessage, and ever since I have been standing before the world, true to thelight that God has given us. We do not propose to take our feet off theplatform on which they were placed as day by day we sought the Lord withearnest prayer, seeking for light. Do you think that I couldgive up the lightthat God has given me? It is to be as the Rock of Ages. It has beenuiding me ever since it was given. Brethren and sisters, God lives andreigns and works today. His hand is on the wheel, and in His providenceHe is turning the wheel in accordance with His own will. Let not menfasten themselves to documents, saying what they will do and what theywill not do. Let them fasten themselves to the Lord God of heaven. Thenthe light of heaven will shine into the soul-temple, and we shall sesalvation of God.ADLIVE
3990	DONAILB APRIL 6, 1903, ART. A, PAR. 35• The warning has come: Nothing is to be allowed to come in that willdisturb the foundation of the faith upon which we have been buildingever since the message came in 1842, 1843, and 1844. I was in thismessage, and ever since I have been standing before the world, true to thelight that God has given us. We do not propose to take our feet off theplatform on which they were placed as day by day we sought the Lord withearnest prayer, seeking for light. Do you think that I couldgive up the lightthat God has given me? It is to be as the Rock of Ages. It has beenguiding me ever since it was given. Brethren and sisters, God lives andreigns and works today. His hand is on the wheel, and in His providenceHe is turning the wheel in accordance with His own will. Let not menfasten themselves to documents, saying what they will do and what theywill not do. Let them fasten themselves to the Lord God of heaven. Thenthe light of heaven will shine into the soul-temple, and we shall sesalvation of God.ADLIVE
3996	ADLIVEB APRIL 6, 1903, ART. A, PAR. 35• The warning has come: Nothing is to be allowed to come in that willdisturb the foundation of the faith upon which we have been buildingever since the message came in 1842, 1843, and 1844. I was in thismessage, and ever since I have been standing before the world, true to thelight that God has given us. We do not propose to take our feet off theplatform on which they were placed as day by day we sought the Lord withearnest prayer, seeking for light. Do you think that I couldgive up the lightthat God has given me? It is to be as the Rock of Ages. It has beenguiding me ever since it was given. Brethren and sisters, God lives andreigns and works today. His hand is on the wheel, and in His providenceHe is turning the wheel in accordance with His own will. Let not menfasten themselves to documents, saying what they will do and what theywill not do. Let them fasten themselves to the Lord God of heaven. Thenthe light of heaven will shine into the soul-temple, and we shall sesalvation of God.
4002	ADLIVEB APRIL 6, 1903, ART. A, PAR. 35• The warning has come: Nothing is to be allowed to come in that willdisturb the foundation of the faith upon which we have been buildingever since the message came in 1842, 1843, and 1844. I was in thismessage, and ever since I have been standing before the world, true to thelight that God has given us. We do not propose to take our feet off theplatform on which they were placed as day by day we sought the Lord withgive up the lightearnest prayer, seeking for light. Do you think that I could give up the lightthat God has given me? It is to be as the Rock of Ages. It has beenuiding me ever since it was given. Brethren and sisters, God lives andreigns and works today. His hand is on the wheel, and in His providenceHe is turning the wheel in accordance with His own will. Let not menfasten themselves to documents, saying what they will do and what theywill not do. Let them fasten themselves to the Lord God of heaven. Thenthe light of heaven will shine into the soul-temple, and we shall sesalvation of God.
4008	ADLIVEDONATEB APRIL 6, 1903, ART. A, PAR. 35• The warning has come: Nothing is to be allowed to come in that willdisturb the foundation of the faith upon which we have been buildingever since the message came in 1842, 1843, and 1844. I was in thismessage, and ever since I have been standing before the world, true to thelight that God has given us. We do not propose to take our feet off theplatform on which they were placed as day by day we sought the Lord withgive up the lightearnest prayer, seeking for light. Do you think that I could give up the lightthat God has given me? It is to be as the Rock of Ages. It has beenuiding me ever since it was given. Brethren and sisters, God lives andreigns and works today. His hand is on the wheel, and in His providenceHe is turning the wheel in accordance with His own will. Let not menfasten themselves to documents, saying what they will do and what theywill not do. Let them fasten themselves to the Lord God of heaven. Thenthe light of heaven will shine into the soul-temple, and we shall sesalvation of God.
4014	ADLIVEDONATEB APRIL 6, 1903, ART. A, PAR. 35• The warning has come: Nothing is to be allowed to come in that willdisturb the foundation of the faith upon which we have been buildingever since the message came in 1842, 1843, and 1844. I was in thismessage, and ever since I have been standing before the world, true to thelight that God has given us. We do not propose to take our feet off theplatform on which they were placed as day by day we sought the Lord withearnest prayer, seeking for light. Do you think that I could .give up the lightthat God has given me? It is to be as the Rock of Ages. It has beenguiding me ever since it was given. Brethren and sisters, God lives andreigns and works today. His hand is on the wheel, and in His providenceHe is turning the wheel in accordance with His own will. Let not menfasten themselves to documents, saying what they will do and what theywill not do. Let them fasten themselves to the Lord God of heaven. Thenthe light of heaven will shine into the soul-temple, and we shall sesalvation of God.
4020	ADLIVEB APRIL 6, 1903, ART. A, PAR. 35• The warning has come: Nothing is to be allowed to come in that willdisturb the foundation of the faith upon which we have been buildinsever since the message came in 1842, 1843, and 1844. I was in thismessage, and ever since I have been standing before the world, true to thelight that God has given us. We do not propose to take our feet off theplatform on which they were placed as day by day we sought the Lord withgive up the lightearnest prayer, seeking for light. Do you think that I could give up the lightthat God has given me? It is to be as the Rock of Ages. It has beenriding me ever since it was given. Brethren and sisters, God lives andreigns and works today. His hand is on the wheel, and in His providenceHe is turning the wheel in accordance with His own will. Let not menfasten themselves to documents, saying what they will do and what theywill not do. Let them fasten themselves to the Lord God of heaven. Thenthe light of heaven will shine into the soul-temple, and we shall sesalvation of God.
4026	ADILIVEB APRIL 6, 1903, ART. A, PAR. 35• The warning has come: Nothing is to be allowed to come in that willdisturb the foundation of the faith upon which we have been buildingever since the message came in 1842, 1843, and 1844. I was in thismessage, and ever since I have been standing before the world, true to thelight that God has given us. We do not propose to take our feet off theplatform on which they were placed as day by day we sought the Lord withearnest prayer, seeking for light. Do you think that I couldgive up the lightthat God has given me? It is to be as the Rock of Ages. It has beenguiding me ever since it was given. Brethren and sisters, God lives andreigns and works today. His hand is on the wheel, and in His providenceHe is turning the wheel in accordance with His own will. Let not menfasten themselves to documents, saying what they will do and what theywill not do. Let them fasten themselves to the Lord God of heaven. Thenthe light of heaven will shine into the soul-temple, and we shall sesalvation of God.
4032	ADLIVEB APRIL 6, 1903, ART. A, PAR. 35• The warning has come: Nothing is to be allowed to come in that willdisturb the foundation of the faith upon which we have been buildingever since the message came in 1842, 1843, and 1844. I was in thismessage, and ever since I have been standing before the world, true to thelight that God has given us. We do not propose to take our feet off theplatform on which they were placed as day by day we sought the Lord withgive up the lightearnest prayer, seeking for light. Do you think that I could give up the lightthat God has given me? It is to be as the Rock of Ages. It has beenguiding me ever since it was given. Brethren and sisters, God lives andreigns and works today. His hand is on the wheel, and in His providenceHe is turning the wheel in accordance with His own will. Let not menfasten themselves to documents, saying what they will do and what theywill not do. Let them fasten themselves to the Lord God of heaven. Thenthe light of heaven will shine into the soul-temple, and we shall sesalvation of God.
4038	ADLIVEB APRIL 6, 1903, ART. A, PAR. 35• The warning has come: Nothing is to be allowed to come in that willdisturb the foundation of the faith upon which we have been buildingever since the message came in 1842, 1843, and 1844. I was in thismessage, and ever since I have been standing before the world, true to thelight that God has given us. We do not propose to take our feet off theplatform on which they were placed as day by day we sought the Lord withearnest prayer, seeking for light. Do you think that I couldgive up the lightthat God has given me? It is to be as the Rock of Ages. It has beenguiding me ever since it was given. Brethren and sisters, God lives andreigns and works today. His hand is on the wheel, and in His providenceHe is turning the wheel in accordance with His own will. Let not menfasten themselves to documents, saying what they will do and what theywill not do. Let them fasten themselves to the Lord God of heaven. Thenthe light of heaven will shine into the soul-temple, and we shall sesalvation of God.
4044	ADLIVEB APRIL 6, 1903, ART. A, PAR. 35• The warning has come: Nothing is to be allowed to come in that willdisturb the foundation of the faith upon which we have been buildingever since the message came in 1842, 1843, and 1844. I was in thismessage, and ever since I have been standing before the world, true to thelight that God has given us. We do not propose to take our feet off theplatform on which they were placed as day by day we sought the Lord withearnest prayer, seeking for light. Do you think that I couldgive up the lightthat God has given me? It is to be as the Rock of Ages. It has beenriding me ever since it was given. Brethren and sisters, God lives andreigns and works today. His hand is on the wheel, and in His providenceHe is turning the wheel in accordance with His own will. Let not menfasten themselves to documents, saying what they will do and what theywill not do. Let them fasten themselves to the Lord God of heaven. Thenthe light of heaven will shine into the soul-temple, and we shall sesalvation of God.
4050	ADLIVEB APRIL 6, 1903, ART. A, PAR. 35• The warning has come: Nothing is to be allowed to come in that willdisturb the foundation of the faith upon which we have been buildingever since the message came in 1842, 1843, and 1844. I was in thismessage, and ever since I have been standing before the world, true to thelight that God has given us. We do not propose to take our feet off theplatform on which they were placed as day by day we sought the Lord withgive up the lightearnest prayer, seeking for light. Do you think that I could give up the lightthat God has given me? It is to be as the Rock of Ages. It has beenuiding me ever since it was given. Brethren and sisters, God lives andreigns and works today. His hand is on the wheel, and in His providenceHe is turning the wheel in accordance with His own will. Let not menfasten themselves to documents, saying what they will do and what theywill not do. Let them fasten themselves to the Lord God of heaven. Thenthe light of heaven will shine into the soul-temple, and we shall sesalvation of God.
4056	AD.LIVEB APRIL 6, 1903, ART. A, PAR. 35• The warning has come: Nothing is to be allowed to come in that willdisturb the foundation of the faith upon which we have been buildingever since the message came in 1842, 1843, and 1844. I was in thismessage, and ever since I have been standing before the world, true to thelight that God has given us. We do not propose to take our feet off theplatform on which they were placed as day by day we sought the Lord withearnest prayer, seeking for light. Do you think that I couldgive up the lightthat God has given me? It is to be as the Rock of Ages. It has beenguiding me ever since it was given. Brethren and sisters, God lives andreigns and works today. His hand is on the wheel, and in His providenceHe is turning the wheel in accordance with His own will. Let not menfasten themselves to documents, saying what they will do and what theywill not do. Let them fasten themselves to the Lord God of heaven. Thenthe light of heaven will shine into the soul-temple, and we shall sesalvation of God.
4062	AD.LIVEB APRIL 6, 1903, ART. A, PAR. 35• The warning has come: Nothing is to be allowed to come in that willdisturb the foundation of the faith upon which we have been buildingever since the message came in 1842, 1843, and 1844. I was in thismessage, and ever since I have been standing before the world, true to thelight that God has given us. We do not propose to take our feet off theplatform on which they were placed as day by day we sought the Lord withearnest prayer, seeking for light. Do you think that I couldgive up the lightthat God has given me? It is to be as the Rock of Ages. It has beenuiding me ever since it was given. Brethren and sisters, God lives andreigns and works today. His hand is on the wheel, and in His providenceHe is turning the wheel in accordance with His own will. Let not menfasten themselves to documents, saying what they will do and what theywill not do. Let them fasten themselves to the Lord God of heaven. Thenthe light of heaven will shine into the soul-temple, and we shall sesalvation of God.
4068	ADLIVEB APRIL 6, 1903, ART. A, PAR. 35• The warning has come: Nothing is to be allowed to come in that willdisturb the foundation of the faith upon which we have been buildingever since the message came in 1842, 1843, and 1844. I was in thismessage, and ever since I have been standing before the world, true to thelight that God has given us. We do not propose to take our feet off theplatform on which they were placed as day by day we sought the Lord withearnest prayer, seeking for light. Do you think that I couldgive up the lightthat God has given me? It is to be as the Rock of Ages. It has beenuiding me ever since it was given. Brethren and sisters, God lives andreigns and works today. His hand is on the wheel, and in His providenceHe is turning the wheel in accordance with His own will. Let not menfasten themselves to documents, saying what they will do and what theywill not do. Let them fasten themselves to the Lord God of heaven. Thenthe light of heaven will shine into the soul-temple, and we shall sesalvation of God.
4074	ADILIVEB APRIL 6, 1903, ART. A, PAR. 35• The warning has come: Nothing is to be allowed to come in that willdisturb the foundation of the faith upon which we have been buildingever since the message came in 1842, 1843, and 1844. I was in thismessage, and ever since I have been standing before the world, true to thelight that God has given us. We do not propose to take our feet off theplatform on which they were placed as day by day we sought the Lord withearnest prayer, seeking for light. Do you think that I couldgive up the lightthat God has given me? It is to be as the Rock of Ages. It has beenguiding me ever since it was given. Brethren and sisters, God lives andreigns and works today. His hand is on the wheel, and in His providenceHe is turning the wheel in accordance with His own will. Let not menfasten themselves to documents, saying what they will do and what theywill not do. Let them fasten themselves to the Lord God of heaven. Thenthe light of heaven will shine into the soul-temple, and we shall sesalvation of God.
4080	B APRIL 6, 1903, ART. A, PAR. 35• The warning has come: Nothing is to be allowed to come in that willdisturb the foundation of the faith upon which we have been buildingever since the message came in 1842, 1843, and 1844. I was in thismessage, and ever since I have been standing before the world, true to thelight that God has given us. We do not propose to take our feet off theplatform on which they were placed as day by day we sought the Lord withearnest prayer, seeking for light. Do you think that I couldgive up the lightthat God has given me? It is to be as the Rock of Ages. It has beenuiding me ever since it was given. Brethren and sisters, God lives andreigns and works today. His hand is on the wheel, and in His providenceHe is turning the wheel in accordance with His own will. Let not menfasten themselves to documents, saying what they will do and what theywill not do. Let them fasten themselves to the Lord God of heaven. Thenthe light of heaven will shine into the soul-temple, and we shall sesalvation of God.AD.LIVE
4086	B APRIL 6, 1903, ART. A, PAR. 35• The warning has come: Nothing is to be allowed to come in that willlisturb the foundation of the faith upon which we have been buildingever since the message came in 1842, 1843, and 1844. I was in thismessage, and ever since I have been standing before the world, true to thelight that God has given us. We do not propose to take our feet off theplatform on which they were placed as day by day we sought the Lord withearnest prayer, seeking for light. Do you think that I couldgive up the lightthat God has given me? It is to be as the Rock of Ages. It has beenguiding me ever since it was given. Brethren and sisters, God lives andreigns and works today. His hand is on the wheel, and in His providenceHe is turning the wheel in accordance with His own will. Let not menfasten themselves to documents, saying what they will do and what theywill not do. Let them fasten themselves to the Lord God of heaven. Thenthe light of heaven will shine into the soul-temple, and we shall sesalvation of God.ADLIVE
4092	B APRIL 6, 1903, ART. A, PAR. 35• The warning has come: Nothing is to be allowed to come in that willdisturb the foundation of the faith upon which we have been buildingever since the message came in 1842, 1843, and 1844. I was in thismessage, and ever since I have been standing before the world, true to thelight that God has given us. We do not propose to take our feet off theplatform on which they were placed as day by day we sought the Lord withgive up the lightearnest prayer, seeking for light. Do you think that I could give up the lightthat God has given me? It is to be as the Rock of Ages. It has beenguiding me ever since it was given. Brethren and sisters, God lives andreigns and works today. His hand is on the wheel, and in His providenceHe is turning the wheel in accordance with His own will. Let not menfasten themselves to documents, saying what they will do and what theywill not do. Let them fasten themselves to the Lord God of heaven. Thenthe light of heaven will shine into the soul-temple, and we shall sesalvation of God.ADLIVE
4098	ADILIVEB APRIL 6, 1903, ART. A, PAR. 35• The warning has come: Nothing is to be allowed to come in that willdisturb the foundation of the faith upon which we have been buildingever since the message came in 1842, 1843, and 1844. I was in thismessage, and ever since I have been standing before the world, true to thelight that God has given us. We do not propose to take our feet off theplatform on which they were placed as day by day we sought the Lord withgive up the lightearnest prayer, seeking for light. Do you think that I could give up the lightthat God has given me? It is to be as the Rock of Ages. It has beenguiding me ever since it was given. Brethren and sisters, God lives andreigns and works today. His hand is on the wheel, and in His providenceHe is turning the wheel in accordance with His own will. Let not menfasten themselves to documents, saying what they will do and what theywill not do. Let them fasten themselves to the Lord God of heaven. Thenthe light of heaven will shine into the soul-temple, and we shall sesalvation of God.
4104	ADLIVEDONATEB APRIL 6, 1903, ART. A, PAR. 35• The warning has come: Nothing is to be allowed to come in that willdisturb the foundation of the faith upon which we have been buildingever since the message came in 1842, 1843, and 1844. I was in thismessage, and ever since I have been standing before the world, true to thelight that God has given us. We do not propose to take our feet off theplatform on which they were placed as day by day we sought the Lord withearnest prayer, seeking for light. Do you think that I could .give up the lightthat God has given me? It is to be as the Rock of Ages. It has beenguiding me ever since it was given. Brethren and sisters, God lives andreigns and works today. His hand is on the wheel, and in His providenceHe is turning the wheel in accordance with His own will. Let not menfasten themselves to documents, saying what they will do and what theywill not do. Let them fasten themselves to the Lord God of heaven. Thenthe light of heaven will shine into the soul-temple, and we shall sesalvation of God.
4110	B APRIL 6, 1903, ART. A, PAR. 35• The warning has come: Nothing is to be allowed to come in that willdisturb the foundation of the faith upon which we have been buildingever since the message came in 1842, 1843, and 1844. I was in thismessage, and ever since I have been standing before the world, true to thelight that God has given us. We do not propose to take our feet off theplatform on which they were placed as day by day we sought the Lord withearnest prayer, seeking for light. Do you think that I couldgive up the lightthat God has given me? It is to be as the Rock of Ages. It has beenguiding me ever since it was given. Brethren and sisters, God lives andreigns and works today. His hand is on the wheel, and in His providenceHe is turning the wheel in accordance with His own will. Let not menfasten themselves to documents, saying what they will do and what theywill not do. Let them fasten themselves to the Lord God of heaven. Thenthe light of heaven will shine into the soul-temple, and we shall see thesalvation of God.AD.LIVE
4116	DONATEAL.LIVE
4122	DONATEAIDLIVE
4128	DONATEAID.
4134	DONATEALD.
4140	DONATEADLIVE
4146	DONATEADLIVE
4152	DONATEADLIVE
4158	GCB APRIL 6, 1903, ART. A, PAR. 35salvation of God.
4164	CHRIST IN HIS SANCTUARY P. 188.1• Solemn are the scenes connected with the closing work of theatonement. Momentous are the interests involved therein. Thejudgment is now passing in the sanctuary above. For many yearsthis work has been in progress. Soon-none know how soon-itwill pass to the cases of the living. In the awful presence ofGod our lives are to come up in review. At this time above allothers it behooves every soul to heed the Saviour's admonition:"Watch and pray: for ye know not when the time is." Mark13:33. "If therefore thou shalt not watch, I will come on thee as athief, and thou shalt not know what hour I will come upon thee."Revelation 3:3.AD!LIVE
4170	AD!LIVEIRIST IN HIS SANCTUARY P. 188.1• Solemn are the scenes connected with the closing work of theatonement. Momentous are the interests involved therein. Thejudgment is now passing in the sanctuary above. For many yearsthis work has been in progress. Soon-none know how soon—itwill pass to the cases of the living. In the awful presence ofGod our lives are to come up in review. At this time above allothers it behooves every soul to heed the Saviour's admonition:"Watch and pray: for ye know not when the time is." Mark13:33. "If therefore thou shalt not watch, I will come on thee as athief, and thou shalt not know what hour I will come upon thee.Revelation 3:3.
4176	ADLIVEIRIST IN HIS SANCTUARY P. 188.1• Solemn are the scenes connected with the closing work of theatonement. Momentous are the interests involved therein. Thejudgment is now passing in the sanctuary above. For many yearsthis work has been in progress. Soon-none know how soon-itwill pass to the cases of the living. In the awful presence ofGod our lives are to come up in review. At this time above allothers it behooves every soul to heed the Saviour's admonition:"Watch and pray: for ye know not when the time is." Mark13:33. "If therefore thou shalt not watch, I will come on thee as athief, and thou shalt not know what hour I will come upon thee.Revelation 3:3.
4182	AD.LIVEIRIST IN HIS SANCTUARY P. 188.1• Solemn are the scenes connected with the closing work of theatonement. Momentous are the interests involved therein. Thejudgment is now passing in the sanctuary above. For many yearsthis work has been in progress. Soon—none know how soon-itwill pass to the cases of the living. In the awful presence ofGod our lives are to come up in review. At this time above allothers it behooves every soul to heed the Saviour's admonition:"Watch and pray: for ye know not when the time is." Mark13:33. "If therefore thou shalt not watch, I will come on thee as athief, and thou shalt not know what hour I will come upon thee.Revelation 3:3.
4188	ADLIVEIRIST IN HIS SANCTUARY P. 188.1• Solemn are the scenes connected with the closing work of theatonement. Momentous are the interests involved therein. Thejudgment is now passing in the sanctuary above. For many yearsthis work has been in progress. Soon-none know how soon-itwill pass to the cases of the living. In the awful presence ofGod our lives are to come up in review. At this time above allothers it behooves every soul to heed the Saviour's admonition:"Watch and pray: for ye know not when the time is." Mark13:33. "If therefore thou shalt not watch, I will come on thee as athief, and thou shalt not know what hour I will come upon thee.Revelation 3:3.
4194	ADLIVEDONATEIRIST IN HIS SANCTUARY P. 188.1• Solemn are the scenes connected with the closing work of theatonement. Momentous are the interests involved therein. Thejudgment is now passing in the sanctuary above. For many yearsthis work has been in progress. Soon—none know how soon-itwill pass to the cases of the living. In the awful presence ofGod our lives are to come up in review. At this time above allothers it behooves every soul to heed the Saviour's admonition:"Watch and pray: for ye know not when the time is." Mark13:33. "If therefore thou shalt not watch, I will come on thee as athief, and thou shalt not know what hour I will come upon thee.Revelation 3:3.
4200	DONATEAD!tyLIVECHRIST IN HIS SANCTUARY P. 188.1• Solemn are the scenes connected with the closing work of theatonement. Momentous are the interests involved therein. Theudgment is now passing in the sanetuary above. For many yearsthis work has been in progress. Soon-twill pass to the cases of the living, In the awful presence oftaxi our lives are lo come up in review. de uns lime above alothers it behooves every soul to heed the Saviour's admonition:Yatch and oray: for ve know not when the time is. Mar13:23. 11 Ulch tore thou Saalt bot waleh, & Will come on thee as aand thou shalt not know what hour I will come upon thee."Revelation 3=3.
4206	DONATEAR.CHRIST IN HIS SANCTUARY P. 188.1• Solemn are the scenes connected with the closing work of theatonement. Momentous are the interests involved therein. TheJudement is now passing in the sanctuary above. For many yearsthis work has been in progress. Soonerwill pass to the cases of the living. In the awful oresence ofGot our lives are lo come up in revew. At ums ume alcove al.others it behooves every soul to heed the Saviour's admonition:Watch and pray; for ve know not when the time is. Mar13:22. 1l Merelore tou shall not walch, I will come on thee asand thou shalt not know what hour I will come upon thee.Kevelation 3:2
4212	DONATEADLIVECHRIST IN HIS SANCTUARY P. 188.1• Solemn are the scenes connected with the closing work of theatonement. Momentous are the interests involved therein. Thejudgment is now passing in the sanctuary above. For many yearsthis work has been in progress. Soon-will pass to the cases of the living, in the awful presence ofGod our lives are lo come up in revew. At this ume above al.others it behooves every soul to heed the Saviour's admonition:Watch and pray: for ve know not when the time is. Alar13:22. 1l literclore thou shall not watch, I will come on thee as aand thou shalt not know what hour I will come upon thee.Keve ation 2:2
4218	DONATEMacKenzie DrebitVice PresidentADLIVECHRIST IN HIS SANCTUARY P. 188.1• Solemn are the scenes connected with the closing work of theatonement. Momentous are the interests involved therein. Thejudgment is now passing in the sanctuary above. For many yearsthis work has been in progress. Soon-will pass to the cases of the living, n the awful presence ofGxi our lives are lo come up in revew. At tus ume above al.thers it behooves every soul to heed the Saviour's admonition:Watch and pray; for ve know not when the time is. Mar13:32. 11 therelore thou shall not walch, I will come on thee as athiefand thou shalt not know what hour I will come upon thee.Kevelation 2:2
4224	DONATEMacKenzie DrebitVice PresidentADLIVECHRIST IN HIS SANCTUARY P.188.1• Solemn are the scenes connected with the closing ywork of theatonement. Momentous are the interests involved therein. Thejudgment is now passing in the sanctuary above. For many yearsthis work has hoen in progress. Soon-will pass to the cases of the living. In the awful oresence orothers it behooves every soul to heed the Saviour's admonition:Watch and pray: for ve know not when the time is. Mark13:22. 1l Merelore thou shall not watch, I will come on tee as athiefand thou shalt not know what hour I will come upon thee.Revelation 3:3.
4230	DONATEMacKenzie DrebitVice PresidentAD.CHRIST IN HIS SANCTUARY P. 188.1• Solemn are the scenes connected with the closing work of theatonement. Momentous are the interests involved therein.Thejudgment is now passing in the sanctuary above. For many yearsthis work has been in progress. Soon -none know how soon-will pass to the cases of the living. In the awful presence ofGxi our lives are lo come up in revew. At this ume above al.›thers it behooves every soul to heed the Saviour's admonition:Watch and pray; for ve know not when the time is. Mar13:32. 1l therelore thou shall not walch, I will come on thee asand thou shalt not know what hour I will come upon thee.Keve ation 3:2
4236	DONATEMacKenzie DrebitVice PresidentADLIVECHRIST IN HIS SANCTUARY P. 188.1• Solemn are the scenes connected with the closing work of theatonement. Momentous are the interests involved therein. Thejudgment is now passing in the sanctuary above. For many yearsthis work has been in progress. Soon-will pass to the cases of the living. in the awful oresence ofGxi our lives are lo come up in review. At this ume above allthers it behooves every soul to heed the Saviour's admonition:Watch and pray; for ve know not when the time is. Mar13:22. 11 terclore thou shall not walch, I will come on thee as athiefand thou shalt not know what hour I will come upon thee.Kevelation 3:2
4242	DONATEMacKenzie DrebitVice PresidentADLIVECHRIST IN HIS SANCTUARY P. 188.1• Solemn are the scenes connected with the closing ywork of theatonement. Momentous are the interests involved therein. Thejudgment is now passing in the sanctuary above. For many yearsthis work has been in progress. Soon- none know how soon-will pass to the cases of the living, In the awful presence ofGxi our lives are lo come up in review. At this ame above al.others it behooves every soul to heed the Saviour's admonition:"Watch and pray: for ve know not when the time is." Mark13:232. 1 Merelore thou shall not walch, I will come on thee asthiefand thou shalt not know what hour I will come upon thee.Kevelation 3.2
4248	DONATEMacKenzie DrebitVice PresidentADLIVECHRIST IN HIS SANCTUARY P. 188.1• Solemn are the scenes connected with the closing ywork of theatonement. Momentous are the interests involved therein. TheJudgment is now passing in the sanetuary above. For many yearsthis work has been in progress. Soon-ywill pass to the cases of the living, In the awful oresence ofGxi our lives are lo come up in review. At us ume above al.others it behooves every soul to heed the Saviour's admonition:"Watch and prav: for ve know not when the time is." Mark13:22. 1l terlore thou shall not walch, I will come on thee asthiefand thou shalt not know what hour I will come upon thee.'Kevelation 2:2
4254	DONATEADLIVECHRIST IN HIS SANCTUARY P. 188.1• Solemn are the scenes connected with the closing work of theatonement. Momentous are the interests involved therein. TheJudgment is now passing in the sanctuary above. For many yearsthis work has been in progress. Soon-nowill pass to the cases of the living. In the awful presence ofalie we the la come tith twin the mi sue sun›thers it behooves every soul to heed the Saviour's admonition:Watch and pray; for ve know not when the time is. Mar13:22. 11 Merelore thou shall not walch, ! will come on thee as aand thou shalt not know what hour I will come upon thee.Kevelation 2:2
4260	DONATEADLIVECHRIST IN HIS SANCTUARY P. 188.1• Solemn are the scenes connected with the closing work of theatonement. Momentous are the interests involved therein. Thejudgment is now passing in the sanctuary above. For many yearsthis work has been in progress. Soon-nwill pass to the cases of the living. In the awful oresence ofGou our lives are lo come up in revew. At tus ame above al.others it behooves every soul to heed the Saviour's admonition:Watch and pray: for ve know not when the time is. Mar13:22. 1l tereore thou shall not walch, I will come on thee asand thou shalt not know what hour I will come upon thee.'Revelation 3:3.
4266	DONATEADLIVECHRIST IN HIS SANCTUARY P. 188.1• Solemn are the scenes connected with the closing work of theatonement. Momentous are the interests involved therein. theJudgment is now passing in the sanctuary above. For many yearsthis work has been in progress. Soonwill pass to the cases of the livine, In the awful presence ofGou our lives are to come up in revew. At this ame above al.›thers it behooves every soul to heed the Saviour's admonition:Watch and pray; for ve know not when the time is. Mar13:22. 1l Merclore thou shall not watch, I will come on lice asthiefand thou shalt not know what hour I will come upon thee.'"Revelation 3:3.
4272	DONATEADtvLIVECHRIST IN HIS SANCTUARY P. 188.1• Solemn are the scenes connected with the closing work of theatonement. Momentous are the interests involved therein. Thejudgment is now passing in the sanctuary above. For many yearsthis work has been in progress. Soon—nwill pass to the cases of the living, In the awful presence ofGou our lives are lo come up in revew. At uns ume above al.›thers it behooves every soul to heed the Saviour's admonition:Watch and pray; for ve know not when the time is. Mar13:22. 1l Uerelore thou shall not walch, I will come on thee as aand thou shalt not know what hour I will come upon thee.'Kevelation 2.2
4278	DONATEADLIVECHRIST IN HIS SANCTUARY P. 188.1• Solemn are the scenes connected with the closing work of theatonement. Momentous are the interests involved therein. Thejudgment is now passing in the sanctuary above. For many yearsthis work has been in progress. Soon-twill pass to the cases of the living, In the awful oresence ofGod our lives are lo come up in review. At this time above al.›thers it behooves every soul to heed the Saviour's admonition:Watch and pray; for ve know not when the time is. Mar13:22. 1l Merelore thou shall not watch, I will come on thee asthiefand thou shalt not know what hour I will come upon thee.Revelation 3:3.
4284	DONATEAD.LIVECHRIST IN HIS SANCTUARY P. 188.1• Solemn are the scenes connected with the closing work of theatonement. Momentous are the interests involved therein. Thejudgment is now passing in the sanctuary above. For many yearsthis work has heen in progress. Soon-will pass to the cases of the living, In the awful presence ofGol our lives are lo come up in review. At this ame above al.›thers it behooves every soul to heed the Saviour's admonition:Watch and pray; for ve know not when the time is. Mar13:22. 1l Merelore thou shall not walch, I will come on thee asthiefand thou shalt not know what hour I will come upon thee.Revelation 3:3.
4290	AD.LIVEIRIST IN HIS SANCTUARY P. 188.1• Solemn are the scenes connected with the closing work of theatonement. Momentous are the interests involved therein. Thejudgment is now passing in the sanctuary above. For many yearsthis work has been in progress. Soon-none know how soon-itwill pass to the cases of the living. In the awful presence ofGod our lives are to come up in review. At this time above allothers it behooves every soul to heed the Saviour's admonition:"Watch and pray: for ye know not when the time is." Mark13:33. "If therefore thou shalt not watch, I will come on thee as athief, and thou shalt not know what hour I will come upon thee.Revelation 3:3.
4296	ADLIVEDONATEIRIST IN HIS SANCTUARY P. 188.1• Solemn are the scenes connected with the closing work of theatonement. Momentous are the interests involved therein. Thejudgment is now passing in the sanctuary above. For many yearsthis work has been in progress. Soon—none know how soon-itwill pass to the cases of the living. In the awful presence ofGod our lives are to come up in review. At this time above allothers it behooves every soul to heed the Saviour's admonition:"Watch and pray: for ye know not when the time is." Mark13:33. "If therefore thou shalt not watch, I will come on thee as athief, and thou shalt not know what hour I will come upon thee.Revelation 3:3.
4302	ADLIVEDONATEIRIST IN HIS SANCTUARY P. 188.1• Solemn are the scenes connected with the closing work of theatonement. Momentous are the interests involved therein. Thejudgment is now passing in the sanctuary above. For many yearsthis work has been in progress. Soon—none know how soon-itwill pass to the cases of the living. In the awful presence ofGod our lives are to come up in review. At this time above allothers it behooves every soul to heed the Saviour's admonition:"Watch and pray: for ye know not when the time is." Mark13:33. "If therefore thou shalt not watch, I will come on thee as athief, and thou shalt not know what hour I will come upon thee.Revelation 3:3.
4308	ADLIVEIRIST IN HIS SANCTUARY P. 188.1• Solemn are the scenes connected with the closing work of theatonement. Momentous are the interests involved therein. Thejudgment is now passing in the sanctuary above. For many yearsthis work has been in progress. Soon—none know how soon-itwill pass to the cases of the living. In the awful presence ofGod our lives are to come up in review. At this time above allothers it behooves every soul to heed the Saviour's admonition:"Watch and pray: for ye know not when the time is." Mark13:33. "If therefore thou shalt not watch, I will come on thee as athief, and thou shalt not know what hour I will come upon thee.Revelation 3:3.
4314	AD.LIVEIRIST IN HIS SANCTUARY P. 188.1• Solemn are the scenes connected with the closing work of theatonement. Momentous are the interests involved therein. Thejudgment is now passing in the sanctuary above. For many yearsthis work has been in progress. Soon—none know how soon-itwill pass to the cases of the living. In the awful presence ofGod our lives are to come up in review. At this time above allothers it behooves every soul to heed the Saviour's admonition:"Watch and pray: for ye know not when the time is." Mark13:33. "If therefore thou shalt not watch, I will come on thee as athief, and thou shalt not know what hour I will come upon thee.Revelation 3:3.
4320	ADLIVEDONATEIRIST IN HIS SANCTUARY P. 188.1• Solemn are the scenes connected with the closing work of theatonement. Momentous are the interests involved therein. Thejudgment is now passing in the sanctuary above. For many yearsthis work has been in progress. Soon—none know how soon-itwill pass to the cases of the living. In the awful presence ofGod our lives are to come up in review. At this time above allothers it behooves every soul to heed the Saviour's admonition:"Watch and pray: for ye know not when the time is." Mark13:33. "If therefore thou shalt not watch, I will come on thee as athief, and thou shalt not know what hour I will come upon thee.Revelation 3:3.
4326	ADLIVEDONATEIRIST IN HIS SANCTUARY P. 188.1• Solemn are the scenes connected with the closing work of theatonement. Momentous are the interests involved therein. Thejudgment is now passing in the sanctuary above. For many yearsthis work has been in progress. Soon—none know how soon-itwill pass to the cases of the living. In the awful presence ofGod our lives are to come up in review. At this time above allothers it behooves every soul to heed the Saviour's admonition:"Watch and pray: for ye know not when the time is." Mark13:33. "If therefore thou shalt not watch, I will come on thee as athief, and thou shalt not know what hour I will come upon thee.Revelation 3:3.
4332	ADLIVEIRIST IN HIS SANCTUARY P. 188.1• Solemn are the scenes connected with the closing work of theatonement. Momentous are the interests involved therein. Thejudgment is now passing in the sanctuary above. For many yearsthis work has been in progress. Soon—none know how soon-itwill pass to the cases of the living. In the awful presence ofGod our lives are to come up in review. At this time above allothers it behooves every soul to heed the Saviour's admonition:"Watch and pray: for ye know not when the time is." Mark13:33. "If therefore thou shalt not watch, I will come on thee as athief, and thou shalt not know what hour I will come upon thee.Revelation 3:3.
4338	AD.LIVEDONALIRIST IN HIS SANCTUARY P. 188.1• Solemn are the scenes connected with the closing work of theatonement. Momentous are the interests involved therein. Thejudgment is now passing in the sanctuary above. For many yearsthis work has been in progress. Soon—none know how soon-itwill pass to the cases of the living. In the awful presence ofGod our lives are to come up in review. At this time above allothers it behooves every soul to heed the Saviour's admonition:"Watch and pray: for ye know not when the time is." Mark13:33. "If therefore thou shalt not watch, I will come on thee as athief, and thou shalt not know what hour I will come upon thee."Revelation 3:3.
4344	DONATEAD.
4350	DONATEADLIVE
4356	DONATEADLIVE
4362	DONATEAD.LIVE
4368	DONATEAD.
4374	DONATEAD.LIVE
4380	DONATEAD.
4386	DONATEAIDLIVE
4392	DONATEADLIVE
4398	DONATEADLIVE
4404	DONATEAD.
4410	DONATEAD.
4416	DONATEADLIVE
4422	DONATEALD
4428	DONATEAIDLIVE
4434	DONATEAD.LIVE
4440	DONATEAD.LIVE
4446	DONATEAD.LIVE
4452	DONATEAD.LIVE
4458	DONATEAD.
4464	DONATEADLIVE
4470	20DONATEAIDLIVE
4476	DONATEADLIVE
4482	DONATEADLIVE
4488	DONATEAD.LIVE
4494	DONATEAID.
4500	DONATEADLIVE
4506	DONATEAD.
4512	DONATEAL.LIVE
4518	DONATEAD.LIVE
4524	DONATEAD.
4530	DONATEALD.
4536	DONATEAD.
4542	ADLIVEDONATELIVE Q&A TimeWe will answer as many questions as we can!
4548	ADLIVEDONATELIVE Q&A TimeWe will answer as many questions as we can!
4554	ALD.DONATELIVE Q&A TimeWe will answer as many questions as we can!
4560	ADLIVEDONATELIVE Q&A TimeWe will answer as many questions as we can!
4566	AD!LIVEDONATELIVE Q&A TimeWe will answer as many questions as we can!
4572	ADLIVEDONATELIVE Q&A TimeWe will answer as many questions as we can!
4578	ADLIVEDONATELIVE Q&A TimeWe will answer as many questions as we can!
4584	ADLIVEDONATELIVE Q&A TimeWe will answer as many questions as we can!
4590	$ Someone scanned the QR codeADLIVEDONATELIVE Q&A TimeWe will answer as many questions as we can!
4596	ADLIVEDONATELIVE Q&A TimeWe will answer as many questions as we can!
4602	DONATEAD.LIVE
4608	ADLIVEDONATECarolyn Galettihey I have a question. Should anyone be denied Baptism in these Last Days of Earth'sHistory???
4614	ADLIVEDONATECarolyn Galettihey I have a question. Should anyone be denied Baptism in these Last Days of Earth'sHistory???
4620	AD.DONATECarolyn Galettihey I have a question. Should anyone be denied Baptism in these Last Days of Earth'sHistory???
4626	AD!LIVEDONATECarolyn Galettihey I have a question. Should anyone be denied Baptism in these Last Days of Earth'sHistory???
4632	ADLIVEDONATECarolyn Galettihey I have a question. Should anyone be denied Baptism in these Last Days of Earth'sHistory???
4638	AD.LIVEDONATECarolyn Galettihey I have a question. Should anyone be denied Baptism in these Last Days of Earth'sHistory???
4644	ADLIVEDONATECarolyn Galettihey I have a question. Should anyone be denied Baptism in these Last Days of Earth'sHistory???
4650	ADLIVEDONATECarolyn Galettihey I have a question. Should anyone be denied Baptism in these Last Days of Earth'sHistory???
4656	ADLIVEDONATECarolyn Galettihey I have a question. Should anyone be denied Baptism in these Last Days of Earth'sHistory???
4662	AD.LIVEDONATECarolyn Galettihey I have a question. Should anyone be denied Baptism in these Last Days of Earth'sHistory???
4668	ADLIVEDONATECarolyn Galettihey I have a question. Should anyone be denied Baptism in these Last Days of Earth'sHistory???
4674	DONATEADLIVE
4680	20DONATEADLIVE
4686	DONATEAID.
4692	DONATEAIDLIVE
4698	DONATEALD.LIVE
4704	DONATEAD.LIVE
4710	DONATEAD.
4716	AD.LIVEDONATEMick ExplorerWhy would we need a seal if the locus are only going to get the grass and the trees?
4722	ADLIVEDONATEMick ExplorerWhy would we need a seal if the locus are only going to get the grass and the trees?
4728	ADLIVEDONATEMick ExplorerWhy would we need a seal if the locus are only going to get the grass and the trees?
4734	AD.LIVEDONATEMick ExplorerWhy would we need a seal if the locus are only going to get the grass and the trees?
4740	ADLIVEDONATEMick ExplorerWhy would we need a seal if the locus are only going to get the grass and the trees?
4746	ADLIVEDONATEMick ExplorerWhy would we need a seal if the locus are only going to get the grass and the trees?
4752	ADLIVEDONATEMick ExplorerWhy would we need a seal if the locus are only going to get the grass and the trees?
4758	AD.LIVEDONATEMick ExplorerWhy would we need a seal if the locus are only going to get the grass and the trees?
4764	ADLIVEDONATEMick ExplorerWhy would we need a seal if the locus are only going to get the grass and the trees?
4770	ADLIVEDONATEMick ExplorerWhy would we need a seal if the locus are only going to get the grass and the trees?
4776	ADLIVEDONATEMick ExplorerWhy would we need a seal if the locus are only going to get the grass and the trees?
4782	ADLIVEDONATEMick ExplorerWhy would we need a seal if the locus are only going to get the grass and the trees?
4788	DONATEMick ExplorerWhy would we need a seal if the locus are only going to get the grass and the trees?
4794	ADLIVEDONATEMick ExplorerWhy would we need a seal if the locus are only going to get the grass and the trees?
4800	ADtvLIVEDONATEMick ExplorerWhy would we need a seal if the locus are only going to get the grass and the trees?
4806	ALD.DONATEMick ExplorerWhy would we need a seal if the locus are only going to get the grass and the trees?
4812	ADLIVEDONATEMick ExplorerWhy would we need a seal if the locus are only going to get the grass and the trees?
4818	ADLIVEDONATEMick ExplorerWhy would we need a seal if the locus are only going to get the grass and the trees?
4824	ADLIVEDONATEMick ExplorerWhy would we need a seal if the locus are only going to get the grass and the trees?
4830	ADLIVEDONATEMick ExplorerWhy would we need a seal if the locus are only going to get the grass and the trees?
4836	DONATEADLIVE
4842	ADLIVEDONATEMike JamesWill the 144,000 be the only living righteous at the 2nd coming? Thank you
4848	ADLIVEDONATEMike JamesWill the 144,000 be the only living righteous at the 2nd coming?Thank you
4854	ADLIVEDONATEMike JamesWill the 144,000 be the only living righteous at the 2nd coming? Thank you
4860	ADLIVEDONATEMike JamesWill the 144,000 be the only living righteous at the 2nd coming? Thank you
4866	AD!LIVEDONATEMike JamesWill the 144,000 be the only living righteous at the 2nd coming? Thank you
4872	ADLIVEDONATEMike JamesWill the 144,000 be the only living righteous at the 2nd coming?Thank you
4878	ADLIVEDONATEMike JamesWill the 144,000 be the only living righteous at the 2nd coming? Thank you ..
4884	ADLIVEDONATEMike JamesWill the 144,000 be the only living righteous at the 2nd coming? Thank you ..
4890	ADLIVEDONATEM.Mike JamesWill the 144,000 be the only living righteous at the 2nd coming? Thank you
4896	ADLIVEDONATEMike JamesWill the 144,000 be the only living righteous at the 2nd coming? Thank you a
4902	ADLIVEDONATEMike JamesWill the 144,000 be the only living righteous at the 2nd coming? Thank you a
4908	ADLIVEDONATEMike JamesWill the 144,000 be the only living righteous at the 2nd coming? Thank you
4914	ADLIVEDONATEMike JamesWill the 144,000 be the only living righteous at the 2nd coming? Thank you
4920	ADLIVEDONATEMike JamesWill the 144,000 be the only living righteous at the 2nd coming? Thank you
4926	ADLIVEDONATEMike JamesWill the 144,000 be the only living righteous at the 2nd coming? Thank you
4932	ADLIVEDONATEMike JamesWill the 144,000 be the only living righteous at the 2nd coming? Thank you
4938	ADLIVEDONATEMike JamesWill the 144,000 be the only living righteous at the 2nd coming? Thank you
4944	ADLIVEDONATEMike JamesWill the 144,000 be the only living righteous at the 2nd coming? Thank you
4950	ADLIVEDONATEMike JamesWill the 144,000 be the only living righteous at the 2nd coming? Thank you
4956	ADLIVEDONATEMike JamesWill the 144,000 be the only living righteous at the 2nd coming? Thank you
4962	ADLIVEDONATEMike JamesWill the 144,000 be the only living righteous at the 2nd coming? Thank you
4968	ADLIVEDONATEMike JamesWill the 144,000 be the only living righteous at the 2nd coming? Thank you
4974	ADLIVEDONATEMike JamesWill the 144,000 be the only living righteous at the 2nd coming? Thank you
4980	ADLIVEDONATEMike JamesWill the 144,000 be the only living righteous at the 2nd coming? Thank you
4986	ADLIVEDONATEMike JamesWill the 144,000 be the only living righteous at the 2nd coming? Thank you
4992	ADLIVEDONATEMike JamesWill the 144,000 be the only living righteous at the 2nd coming? Thank you
4998	ADLIVEDONATEMike JamesWill the 144,000 be the only living righteous at the 2nd coming? Thank you
5004	AD.LIVEDONATEMike JamesWill the 144,000 be the only living righteous at the 2nd coming?Thank you
5010	ADtyLIVEDONATEMike JamesWill the 144,000 be the only living righteous at the 2nd coming? Thank you
5016	ADLIVEDONATEMike JamesWill the 144,000 be the only living righteous at the 2nd coming? Thank you
5022	ADLIVEDONATEM.Mike JamesWill the 144,000 be the only living righteous at the 2nd coming?Thank you
5028	ADLIVEDONATEMike JamesWill the 144,000 be the only living righteous at the 2nd coming? Thank you
5034	AD.LIVEDONATEMike JamesWill the 144,000 be the only living righteous at the 2nd coming? Thank you.
5040	ADLIVEDONATEMike JamesWill the 144,000 be the only living righteous at the 2nd coming? Thank you
5046	ADLIVEDONATEMike JamesWill the 144,000 be the only living righteous at the 2nd coming? Thank you
5052	AD.LIVEDONATEMike JamesWill the 144,000 be the only living righteous at the 2nd coming? Thank you
5058	ALD.DONATEMike JamesWill the 144,000 be the only living righteous at the 2nd coming? Thank you a
5064	AD27/97DONATEFieviousPrev resultBack to searchNextNext resultme core too vetea wowe vile wonus wise were grate one an angelanchecute montlecity to a place that was bright and glorious. The grass of the place was living green, and the birds therewarbled a sweet song. The inhabitants of the place were of all sizes; they were noble, majestic, and lovely.They bore the express image of Jesus, and their countenances beamed with holy joy. expressive of thefreedom and happiness of the place. I asked one of them why they were so much more lovely than those onthe earth. The reply was. "We have lived in strict obedience to the commandments of God. and have notfallen by disobedience, like those on the earth. Then I saw two trees, one looked much like the tree of life inif both looked beautiful, but of one they could not eat. They had power to eat ofMike Jameseat of one. Then my attending angel said to me. "None in this place have toWill the 144,000 be the only living righteous at the 2nd coming? Thank you a
5070	AD27/97DONATErieviousPrev resultBack to searchNextNext resultbrighter than the stars. and cast a reflection upon the letters and magnified them. On the back part of hishead was a bow that confined the wreath, and upon the bow was written "Holiness." Above the wreath was alovely crown that shone brighter than the sun. I asked him if this was the place he was taken to from the earth.He said. 'It is not: the city is my home. and I have come to visit this place.* He moved about the place as ifperfectly at home. I begged of my attending angel to let me remain in that place. I could not bear the thoughtof coming back to this dark world again. Then the angel said. "You must go back. and if you are faithful. you.with the 144.000. Shall have the privilege of visiting all the worlds and viewing the handiwork of Got39.3)DrovinueDrov rocultRack to coarch36 8 0
5076	AD27/97DONATEFieviousPrev resultBack to searchNextNext resultwere forbidden to eat of one. Then my attending angel said to me. "None in this place have tasted of theforbidden tree; but if they should eat, they would fall." Then I was taken to a world which had seven moons.There I saw good old Enoch, who had been translated. On his right arm he bore a glorious palm. and oneach leaf was written "Victory. Around his head was a dazzling white wreath, and leaves on the wreath, and inthe middle of each leaf was written "Purity." and around the wreath were stones of various colors. that shonebrighter than the stars. and cast a reflection upon the letters and magnified them. On the back part of hishead was a bow that confined the wreath, and upon the bow was written "Holiness. Above the wrealovely crown that shone brighter than the sun. I asked him if this was the place he was takenHe said, *It is not; the city is my home, and I have come to visit this place." He moved about thnorfectlu at home I handed of mu attendina angel to let me remain in that alace lenuild not
5082	AD27/97DONATEFieviousPrev resultBack to searchNextNext resultfallen by disobedience. like those on the earth." Then I saw two trees. one looked much like the tree of life inthe city. The fruit of both looked beautiful, but of one they could not eat. They had power to eat of both, butwere forbidden to eat of one. Then my attending angel said to me. "None in this place have tasted of theforbidden tree; but if they should eat, they would fall" Then I was taken to a world which had seven moons.There I saw good old Enoch, who had been translated. On his right arm he bore a glorious palm. and oneach leaf was written "Victory. Around his head was a dazzling white wreath. and leaves on the wreath, and inthe middle of each leaf was written "Purity." and around the wreath were stones of various colors. tbrighter than the stars, and cast a reflection upon the letters and magnified them. On the barhead was a bow that confined the wreath, and upon the bow was written "Holiness." Above thlovely crown that shone briahter than the sun. I asked him if this was the place he was taken
5088	AD27/97DONATErieviousPrev resultBack to searchNextNext resultfallen by disobedience. like those on the earth." Then I saw two trees. one looked much like the tree of life inthe city. The fruit of both looked beautiful, but of one they could not eat. They had power to eat of both, butwere forbidden to eat of one. Then my attending angel said to me. "None in this place have tasted of theforbidden tree; but if they should eat, they would fall." Then I was taken to a world which had seven moons.There I saw good oldEnoch. who had been translated. On his right arm he bore a glorious palm, and oneach leaf was written "Victory. Around his head was a dazzling white wreath, and leaves on the wreath. and inthe middle of each leaf was written "Purity." and around the wreath were stones of various colors. tbrighter than the stars, and cast a reflection upon the letters and magnified them. On the bar*head was a bow that confined the wreath, and upon the bow was written "Holiness." Above thlovely crown that shone briahter than the sun. | asked him if this was the place he was taken
5094	AD27/97DONATErieviousPrev resultBack to searchNextNext resultfallen by disobedience, like those on the earth." Then I saw two trees, one looked much like the tree of life inthe city. The fruit of both looked beautiful, but of one they could not eat. They had power to eat of both, butwere forbidden to eat of one. Then my attending angel said to me. "None in this place have tasted of theforbidden tree; but if they should eat, they would fall." Then I was taken to a world which had seven moons.There I saw good oldEnoch. who had been translated. On his right arm he bore a glorious palm. and oneach leaf was written "Victory. Around his head was a dazzling white wreath, and leaves on the wreath. and inthe middle of each leaf was written "Purity." and around the wreath were stones of various colors. tinebrighter than the stars, and cast a reflection upon the letters and magnified them. On the barhead was a bow that confined the wreath, and upon the bow was written "Holiness." Above thlovely crown that shone briahter than the sun. I asked him if this was the place he was taken
5100	AD27/97DONATErieviousPrev resultBack to searchNextNext resultfallen by disobedience. like those on the earth." Then I saw two trees. one looked much like the tree of life inthe city. The fruit of both looked beautiful, but of one they could not eat. They had power to eat of both, butwere forbidden to eat of one. Then my attending angel said to me. "None in this place have tasted of theforbidden tree; but if they should eat, they would fall" Then I was taken to a world which had seven moons.There I saw good oldEnoch| who r. been translated. On his right arm he bore a glorious palm. and oneach leaf was written "Victory. Around his head was a dazzling white wreath, and leaves on the wreath. and inthe middle of each leaf was written "Purity." and around the wreath were stones of various colors. toncbrighter than the stars, and cast a reflection upon the letters and magnified them. On the bar*head was a bow that confined the wreath, and upon the bow was written "Holiness." Above trlovely crown that shone briahter than the sun. I asked him if this was the place he was taken
5106	AD27/97DONATErieviousPrev resultBack to searchNextNext resultfallen by disobedience. like those on the earth." Then I saw two trees, one looked much like the tree of life inthe city. The fruit of both looked beautiful, but of one they could not eat. They had power to eat of both, butwere forbidden to eat of one. Then my attending angel said to me. "None in this place have tasted of theforbidden tree; but if they should eat, they would fall" Then I was taken to a world which had seven moons.There I saw good old Enoch|, who r. been translated. On his right arm he bore a glorious palm. and oneach leaf was written "Victory. Around his head was a dazzling white wreath, and leaves on the wreath, and inthe middle of each leaf was written "Purity." and around the wreath were stones of various colors. tibrighter than the stars, and cast a reflection upon the letters and magnified them. On the bar*head was a bow that confined the wreath, and upon the bow was written "Holiness." Above trlovely crown that shone briahter than the sun. I asked him if this was the place he was taken
5112	AD27/97DONATErieviousPrev resultBack to searchNextNext resultfallen by disobedience. like those on the earth." Then I saw two trees, one looked much like the tree of life inthe city. The fruit of both looked beautiful, but of one they could not eat. They had power to eat of both, butwere forbidden to eat of one. Then my attending angel said to me. "None in this place have tasted of theforbidden tree; but if they should eat, they would fall." Then I was taken to a world which had seven moons.There I saw good oldEnoch| who r. been translated. On his right arm he bore a glorious palm. and oneach leaf was written "Victory. Around his head was a dazzling white wreath, and leaves on the wreath, and inthe middle of each leaf was written "Purity." and around the wreath were stones of various colors. tbrighter than the stars, and cast a reflection upon the letters and magnified them. On the bar*head was a bow that confined the wreath, and upon the bow was written "Holiness." Above trlovely crown that shone briahter than the sun. I asked him if this was the place he was taken
5118	AD27/97DONATErieviousPrev resultBack to searchNextNext resultfallen by disobedience. like those on the earth." Then I saw two trees, one looked much like the tree of life inthe city. The fruit of both looked beautiful, but of one they could not eat. They had power to eat of both, butwere forbidden to eat of one. Then my attending angel said to me. "None in this place have tasted of theforbidden tree; but if they should eat, they would fall." Then I was taken to a world which had seven moons.There I saw good oldEnoch| who r. been translated. On his right arm he bore a glorious palm. and oneach leaf was written "Victory. Around his head was a dazzling white wreath, and leaves on the wreath. and inthe middle of each leaf was written "Purity." and around the wreath were stones of various colors. tbrighter than the stars, and cast a reflection upon the letters and magnified them. On the bar*head was a bow that confined the wreath, and upon the bow was written "Holiness." Above trlovely crown that shone briahter than the sun. I asked him if this was the place he was taken
5124	AD27/97DONATErieviousPrev resultBack to searchNextNext resultfallen by disobedience, like those on the earth." Then I saw two trees, one looked much like the tree of life inthe city. The fruit of both looked beautiful, but of one they could not eat. They had power to eat of both, butwere forbidden to eat of one. Then my attending angel said to me. "None in this place have tasted of theforbidden tree; but if they should eat, they would fall" Then I was taken to a world which had seven moons.There I saw good old Enoch|. who .a been translated. On his right arm he bore a glorious palm. and oneach leaf was written "Victory. Around his head was a dazzling white wreath, and leaves on the wreath, and inthe middle of each leaf was written "Purity." and around the wreath were stones of various colors. tbrighter than the stars, and cast a reflection upon the letters and magnified them. On the bar*head was a bow that confined the wreath, and upon the bow was written "Holiness." Above trlovely crown that shone briahter than the sun. I asked him if this was the place he was taken
5130	AD27/97DONATErieviousPrev resultBack to searchNextNext resultfallen by disobedience. like those on the earth." Then I saw two trees. one looked much like the tree of life inthe city. The fruit of both looked beautiful, but of one they could not eat. They had power to eat of both, butwere forbidden to eat of one. Then my attending angel said to me. "None in this place have tasted of theforbidden tree; but if they should eat, they would fall." Then I was taken to a world which had seven moons.There I saw good old Enoch|. who r. been translated. On his right arm he bore a glorious palm. and oneach leaf was written "Victory. Around his head was a dazzling white wreath, and leaves on the wreath. and inthe middle of each leaf was written "Purity." and around the wreath were stones of various colors. thbrighter than the stars, and cast a reflection upon the letters and magnified them. On the barhead was a bow that confined the wreath, and upon the bow was written "Holiness." Above thlovely crown that shone briahter than the sun. I asked him if this was the place he was taken
5136	AD27/97DONATErieviousPrev resultBack to searchNextNext resultfallen by disobedience. like those on the earth." Then I saw two trees, one looked much like the tree of life inthe city. The fruit of both looked beautiful, but of one they could not eat. They had power to eat of both, butwere forbidden to eat of one. Then my attending angel said to me. "None in this place have tasted of theforbidden tree; but if they should eat, they would fall" Then I was taken to a world which had seven moons.There I saw good old(Enoch|. who ru been translated. On his right arm he bore a glorious palm, and oneach leaf was written "Victory. Around his head was a dazzling white wreath, and leaves on the wreath. and inthe middle of each leaf was written "Purity." and around the wreath were stones of various colors. tbrighter than the stars, and cast a reflection upon the letters and magnified them. On the barhead was a bow that confined the wreath, and upon the bow was written "Holiness." Above trlovely crown that shone briahter than the sun. I asked him if this was the place he was takenake
5142	tabirg -tans Wa meXAo Nitre Louteoocgnol ht choce coecno nono n Thi Chôn hNellenwhite.org | Select language | Login | RegistrationDONATE&Sf WritingsSearchtEWEarly WritingsHome / EGW Writings / Books /Early Writings -27/97Q SeachADDarkA+
5148	O tyriy-ts ww XXo WAte Louvroocg mothài chone comechnn nono cnn ThiTôellenwhite.org | Select language | Login | RegistrationDONATELill Writings144.00g mantleADDarkEWA+Early WritingsHome / EGW Writings / BooksEarly Writings-27/97Q Serch
5154	@wwrit.ng..om /unarch Mang tentiguery z 144%CX0000+ mantledcuo zettion 10ellenwhite.org| Select language | Login | RegistrationADDarkDONATEeyll Writings )glorious white mantleSearch for: 144,000 mantleHome / Search for: 144.000 mantleNo results foundQ seurch
5160	ellenwhite.org| Select language | Login | RegistrationAD1V2DONATEtill WritingsSearch...Christian Experience and Teachings ofEllen G. WhiteHomo / FAX/\X/ritinac / Ranke& seach305 0
5166	AD23/97DONATEFieviousPrev resultBack to searchNextNext resultoverdie meetingoe wordieLuo do we traineu voi trio soa vi giaoo to tie ya vi to vityJesus raised His mighty. glorious arm. laid hold of the pearly gate, swung it back on its glittering hinges. andsaid to us. "You have washed your robes in My blood. stood stiffly for My truth, enter in." We all marched in andfelt that we had a perfect right in the city. {EW 162)Here we saw the tree of life and the throne of God. Out of the throne came a pure river of water. and oneither side of the river was the tree of life. On one side of the river was a trunk of a tree, and a trunk on theother side of the river. both of pure. transparent gold. At first I thought I saw two trees. I looked again. and sawthat they were united at the top in one tree. So it was the tree of life on either side of the river,branches bowed to the place where we stood. and the fruit was glorious: it looked like gold
5172	AD23/97DONATErieviousPrev resultBack to searchNextNext resultbrought the crowns, and with His own right hand placed them on our heads. He gave us harps of gold andpalms of victory. Here on the sea of glass the 144.000 stood in a perfect square. Some of them had very brightcrowns, others not so bright. Some crowns appeared heavy with stars. while others had but few. All wereperfectly satisfied with their crowns. And they were all clothed with a glorious white mantle from theirshoulders to their feet. Angels were all about us as we marched over the sea of glass to the gate of the city.Jesus raised His mighty. glorious arm. laid hold of the pearly gate, swung it back on its glittering hinges. andsaid to us. "You have washed your robes in My blood, stood stiffly for My truth, enter in." We all marcandfelt that we had a perfect right in the city. {EW 16.2}Here we caw the tree of life and the throne of God Out of the throne came a nure river of
5178	AD23/97DONATErieviousPrev resultBack to searchNextNext resultbrought the crowns, and with His own right hand placed them on our heads. He gave us harps of gold andpalms of victory. Here on the sea of glass the 144.000 stood in a perfect square. Some of them had very brightcrowns, others not so bright. Some crowns appeared heavy with stars. while others had but few. All wereperfectly satisfied with their crowns. And they were all clothed with a glorious white mantle from theirshoulders to their feet. Angels were all about us as we marched over the sea of glass to the gate of the city.Jesus raised His mighty. glorious arm. laid hold of the pearly gate, swung it back on its glittering hinges. andsaid to us. "You have washed your robes in My blood, stood stifly for My truth, enter in." We all marcandfelt that we had a perfect right in the city. {EW 16.2}Here we saw the tree of life and the throne of God Out of the throne came a nure river of
5184	AD23/97DONATEFieviousPrev resultBack to searchNextNext resultbrought the crowns. and with His own right hand placed them on our heads. He gave us harps of gold andpalms of victory. Here on the sea of glass the 144.000 stood in a perfect square. Some of them had very brightcrowns, others not so bright. Some crowns appeared heavy with stars. while others had but few. All wereperfectly satisfied with their crowns. And they were all clothed with a glorious white mantle from theirshoulders to their feet. Angels were all about us as we marched over the sea of glass to the gate of the city.Jesus raised His mighty, glorious arm. laid hold of the pearly gate, swung it back on its glittering hinges. andsaid to us. "You have washed your robes in My blood, stood stifly for My truth, enter in." We all marcandfelt that we had a perfect right in the city. {EW 16.2}Here we caw the tree of life and the throne of God Out of the throne came a nure river of
5190	AD23/97DONATEFieviousPrev resultBack to searchNextNext resultbrought the crowns. and with His own right hand placed them on our heads. He gave us harps of gold andpalms of victory. Here on the sea of glass the 144.000 stood in a perfect square. Some of them had very brightcrowns, others not so bright. Some crowns appeared heavy with stars. while others had but few. All wereperfectly satisfied with their crowns. And they were all clothed with a glorious white mantle from theirshoulders to their feet. Angels were all about us as we marched over the sea of glass to the gate of the city.Jesus raised His mighty, glorious arm. laid hold of the pearly gate, swung it back on its glittering hinges. andsaid to us. "You have washed your robes in My blood. stood stiffly for My truth, enter in." We all marcandfelt that we had a perfect right in the city. {EW 16.2}Here we caw the tree of life and the throne of God Out of the throne came a nure river of
5196	AD23/97DONATErieviousPrev resultBack to searchNextNext resultbrought the crowns. and with His own right hand placed them on our heads. He gave us harps of gold andpalms of victory. Here on the sea of glass the 144.000 stood in a perfect square. Some of them had very brightcrowns, others not so bright. Some crowns appeared heavy with stars. while others had but few. All wereperfectly satisfied with their crowns. And they were all clothed with a glorious white mantle from theirshoulders to their feet. Angels were all about us as we marched over the sea of glass to the gate of the city.Jesus raised His mighty. glorious arm. laid hold of the pearly gate. swung it back on its glittering hinges. andsaid to us. "You have washed your robes in My blood. stood stiffly for My truth, enter in." We all marcandfelt that we had a perfect right in the city. {EW 16.2}Here we saw the tree of life and the throne of God Out of the throne came a nure river of
5202	AD23/97DONATEFieviousPrev resultBack to searchNextNext resultbrought the crowns. and with His own right hand placed them on our heads. He gave us harps of gold andpalms of victory. Here on the sea of glass the 144.000 stood in a perfect square. Some of them had very brightcrowns, others not so bright. Some crowns appeared heavy with stars. while others had but few. All wereperfectly satisfied with their crowns. And they were all clothed with a glorious white mantle from theirshoulders to their feet. Angels were all about us as we marched over the sea of glass to the gate of the city.Jesus raised His mighty. glorious arm. laid hold of the pearly gate, swung it back on its glittering hinges. andsaid to us. "You have washed your robes in My blood. stood stiffly for My truth. enter in." We all marcandfelt that we had a perfect right in the city. {EW 16.2}Here we saw the tree of life and the throne of God Out of the throne came a nure river of
5208	DONATEAIR.
5214	DONATEALL.LIVE
5220	DONATEAD.
5226	DONATEAL.LIVE
5232	DONATEAL.LIVE
5238	DONATEADLIVE
5244	DONATEADLIVE
5250	DONATEAIDLIVE
5256	DONATEADLIVE
5262	DONATEAID.
5268	DONATEAL.
5274	DONATEADLIVE
5280	DONATEADLIVE
5286	DONATEADLIVE
5292	DONATEAL.LIVE
5298	DONATEAD.LIVE
5304	DONATEAID.
5310	DONATEAID.
5316	AID.DONATEeuge
5322	ADLIVEDONATERWHow has the judgment of the living begun if probation doesn't close until after people fail thetest of Sunday worship and receive the mark of the beast? Man can still fall at any moment untilthen.
5328	AD.LIVEDONATERWHow has the judgment of the living begun if probation doesn't close until after people fail thetest of Sunday worship and receive the mark of the beast? Man can still fall at any moment untilthen.
5334	ADLIVEDONATERWHow has the judgment of the living begun if probation doesn't close until after people fail thetest of Sunday worship and receive the mark of the beast? Man can still fall at any moment untilthen.
5340	ADLIVEDONATERWHow has the judgment of the living begun if probation doesn't close until after people fail thetest of Sunday worship and receive the mark of the beast? Man can still fall at any moment untilthen.
5346	ADLIVEDONATERWHow has the judgment of the living begun if probation doesn't close until after people fail thetest of Sunday worship and receive the mark of the beast? Man can still fall at any moment untilthen.
5352	ADLIVEDONATERWHow has the judgment of the living begun if probation doesn't close until after people fail thetest of Sunday worship and receive the mark of the beast? Man can still fall at any moment untilthen.
5358	ADtvLIVEDONATERWHow has the judgment of the living begun if probation doesn't close until after people fail thetest of Sunday worship and receive the mark of the beast? Man can still fall at any moment untilthen.
5364	ADLIVEDONATERWHow has the judgment of the living begun if probation doesn't close until after people fail thetest of Sunday worship and receive the mark of the beast? Man can still fall at any moment untilthen.
5370	ADLIVEDONATERWHow has the judgment of the living begun if probation doesn't close until after people fail thetest of Sunday worship and receive the mark of the beast? Man can still fall at any moment untilthen.
5376	ADLIVEDONATERWHow has the judgment of the living begun if probation doesn't close until after people fail thetest of Sunday worship and receive the mark of the beast? Man can still fall at any moment untilthen.
5382	ADLIVEDONATERWHow has the judgment of the living begun if probation doesn't close until after people fail thetest of Sunday worship and receive the mark of the beast? Man can still fall at any moment untilthen.
5388	DONATEAD.
5394	ADLIVEDONATERWHow do we know where we even are on that timeline?
5400	ADLIVEDONATER WHow do we know where we even are on that timeline?
5406	ADLIVEDONATERWHow do we know where we even are on that timeline?
5412	ADLIVEDONATERWHow do we know where we even are on that timeline?
5418	ADLIVEDONATER WHow do we know where we even are on that timeline?
5424	ADtvLIVEDONATER WHow do we know where we even are on that timeline?
5430	ADLIVEDONATERWHow do we know where we even are on that timeline?
5436	DONATEAD.
5442	DONATEADLIVE
5448	DONATEADLIVE
5454	AD.LIVEDONATE8999
5460	DONATEAD.LIVE
5466	ADLIVEDONATEinosi Biulailaisealing is a settling into the truth both intellectually and spiritually...is it a one off work orsealing from stage to stage?
5472	ADLIVEDONATEinosi Biulailaisealing is a settling into the truth both intellectually and spiritually... is it a one off work orsealing from stage to stage?
5478	ADLIVEDONATEinosi Biulailaisealing is a settling into the truth both intellectually and spiritually...is it a one off work orsealing from stage to stage?
5484	ADtyLIVEDONATEinosi Biulailaisealing is a settling into the truth both intellectually and spiritually...is it a one off work orsealing from stage to stage?
5490	ADLIVEDONATEinosi Biulailaisealing is a settling into the truth both intellectually and spiritually...is it a one off work orsealing from stage to stage?
5496	ADLIVEDONATEinosi Biulailaisealing is a settling into the truth both intellectually and spiritually... is it a one off work orsealing from stage to stage?
5502	AD.LIVEDONATEinosi Biulailaisealing is a settling into the truth both intellectually and spiritually...is it a one off work orsealing from stage to stage?
5508	ADLIVEDONATEinosi Biulailaisealing is a settling into the truth both intellectually and spiritually...is it a one off work orsealing from stage to stage?
5514	ADLIVEDONATEinosi Biulailaisealing is a settling into the truth both intellectually and spiritually...is it a one off work orsealing from stage to stage?
5520	ADLIVEDONATEMIDNIGHTinosi Biulailaisealing is a settling into the truth both intellectually and spiritually... is it a one off work orsealing from stage to stage?
5526	ADLIVEDONATEGet the free ebook True Midnight Cry & Waymarksjudgmentdaydocumentary.com
5532	ADLIVEDONATEGet the free ebook True Midnight Cry & Waymarksjudgmentdaydocumentary.com
5538	ADLIVEDONATEDownload The True Midnight Cry for free here:midnightcry.amazingdiscoveries.org
5544	ADLIVEDONATEDownload The True Midnight Cry for free here:midnightcry.amazingdiscoveries.org
5550	ADLIVEDONATEDownload The True Midnight Cry for free here:midnightcry.amazingdiscoveries.org
5556	ADLIVEDONATEDownload The True Midnight Cry for free here:midnightcry.amazingdiscoveries.org
5562	ADLIVEDONATEDownload The True Midnight Cry for free here:midnightcry.amazingdiscoveries.org
5568	ADLIVEDONATEDownload The True Midnight Cry for free here:midnightcry.amazingdiscoveries.org
5574	ADLIVEDONATEDownload The True Midnight Cry for free here:midnightcry.amazingdiscoveries.org
5580	ADLIVEDONATEDownload The True Midnight Cry for free here:midnightcry.amazingdiscoveries.org
5586	DONATEAL.LIVE
5592	ADLIVEDONATERicky Bokovoy (Malchiel)Why does Dan. 7:25 say "times" —plural.
5598	ADLIVEDONATERicky Bokovoy (Malchiel)Why does Dan. 7:25 say "times" —plural.
5604	ADLIVEDONATERicky Bokovoy (Malchiel)Why does Dan. 7:25 say "times" —plural.
5610	ADLIVEDONATERicky Bokovoy (Malchiel)Why does Dan. 7:25 say "times" —plural.
5616	ADLIVEDONATERicky Bokovoy (Malchiel)Why does Dan. 7:25 say "times" —plural.
5622	ADLIVEDONATERicky Bokovoy (Malchiel)Why does Dan. 7:25 say "times" —plural.
5628	ADLIVEDONATERicky Bokovoy (Malchiel)Why does Dan. 7:25 say "times" —plural.
5634	ADLIVEDONATERicky Bokovoy (Malchiel)Why does Dan. 7:25 say "times" —plural.
5640	DONATEAD.LIVE
5646	ADLIVEDONATEMessy VeganQuestion: is the Loud Cry the 3 Angels Messages?
5652	ADLIVEDONATEMessy VeganQuestion: is the Loud Cry the 3 Angels Messages?
5658	ADLIVEDONATEMessy VeganQuestion: is the Loud Cry the 3 Angels Messages?
5664	AD.DONATEMessy VeganQuestion: is the Loud Cry the 3 Angels Messages?
5670	ADLIVEDONATEMessy VeganNOQuestion: is the Loud Cry the 3 Angels Messages?
5676	ADLIVEDONATEMessy VeganQuestion: is the Loud Cry the 3 Angels Messages?
5682	ADLIVEDONATEMessy VeganNOQuestion: is the Loud Cry the 3 Angels Messages?
5688	ADLIVEDONATEMessy VeganQuestion: is the Loud Cry the 3 Angels Messages?
5694	ADLIVEDONATEMessy VeganQuestion: is the Loud Cry the 3 Angels Messages?
5700	ADLIVEDONATEMessy VeganQuestion: is the Loud Cry the 3 Angels Messages?
5706	ADLIVEDONATEMessy VeganQuestion: is the Loud Cry the 3 Angels Messages?
5712	ADLIVEDONATEMessy VeganQuestion: is the Loud Cry the 3 Angels Messages?
5718	ADLIVEDONATEMessy VeganQuestion: is the Loud Cry the 3 Angels Messages?
5724	ADLIVEDONATEMessy VeganQuestion: is the Loud Cry the 3 Angels Messages?
5730	ALLLIVEDONATEMessy VeganNOQuestion: is the Loud Cry the 3 Angels Messages?
5736	ADLIVEDONATEMessy VeganQuestion: is the Loud Cry the 3 Angels Messages?
5742	ADLIVEDONATEMessy VeganQuestion: is the Loud Cry the 3 Angels Messages?
5748	ADLIVEDONATEMessy VeganQuestion: is the Loud Cry the 3 Angels Messages?
5754	ADLIVEDONATEMessy VeganNOQuestion: is the Loud Cry the 3 Angels Messages?
5760	AD.DONATEMessy VeganQuestion: is the Loud Cry the 3 Angels Messages?
5766	ADLIVEDONATEMessy VeganQuestion: is the Loud Cry the 3 Angels Messages?
5772	ADLIVEDONATEMessy VeganQuestion: is the Loud Cry the 3 Angels Messages?
5778	ADLIVEDONATEMessy VeganNOQuestion: is the Loud Cry the 3 Angels Messages?
5784	ADLIVEDONATEMessy VeganQuestion: is the Loud Cry the 3 Angels Messages?
5790	ADLIVEDONATEMessy VeganNOQuestion: is the Loud Cry the 3 Angels Messages?
5796	ADLIVEDONATEMessy VeganQuestion: is the Loud Cry the 3 Angels Messages?
5802	ADLIVEDONATEMessy VeganQuestion: is the Loud Cry the 3 Angels Messages?
5808	DONATEADLIVE
5814	DONATEAD.
5820	DONATEADLIVE
5826	DONATEAD.LIVE
5832	DONATEAD.
5838	AD.LIVE
5844	DONATEADLIVE
5850	DONATEADLIVE
5856	DONATEAD.
5862	DONATEADLIVE
5868	DONATEAIDLIVE
5874	DONATEALLLIVE
5880	DONATEADLIVE
5886	DONATEAD.
5892	DONATEAL.LIVE
5898	DONATEAID.LIVE
5904	DONATEALD.
5910	DONATEAD.LIVE
5916	ADLIVEDONATEMike JamesCould the multitude be the risen righteous dead? Thank you ..
5922	ADLIVEDONATEMike JamesCould the multitude be the risen righteous dead? Thank you a
5928	AD.LIVEDONATEMike JamesCould the multitude be the risen righteous dead? Thank you a
5934	ADLIVEDONATEMike JamesCould the multitude be the risen righteous dead? Thank you a
5940	AD.LIVEDONATEMike JamesCould the multitude be the risen righteous dead? Thank you ..
5946	ADLIVEDONATEMike JamesCould the multitude be the risen righteous dead? Thank you ..
5952	ADDONATEMike JamesCould the multitude be the risen righteous dead? Thank you ..
5958	ADLIVEDONATEMike JamesCould the multitude be the risen righteous dead? Thank you a
5964	ADLIVEDONATEMike JamesCould the multitude be the risen righteous dead? Thank you a
5970	ADLIVEDONATEMike JamesCould the multitude be the risen righteous dead? Thank you ..
5976	ADLIVEDONATEMike JamesCould the multitude be the risen righteous dead? Thank you ..
5982	ADtvLIVEDONATEMike JamesCould the multitude be the risen righteous dead? Thank you a
5988	ADLIVEDONATEMike JamesCould the multitude be the risen righteous dead? Thank you ..
5994	ADLIVEDONATEMike JamesCould the multitude be the risen righteous dead? Thank you a
6000	ADLIVEDONATEMike JamesCould the multitude be the risen righteous dead? Thank you ..
6006	ADLIVEDONATEMike JamesCould the multitude be the risen righteous dead? Thank you a
6012	ADLIVEDONATEMike JamesCould the multitude be the risen righteous dead? Thank you
6018	ADLIVEDONATEMike JamesCould the multitude be the risen righteous dead? Thank you a
6024	ADLIVEDONATEMike JamesCould the multitude be the risen righteous dead? Thank you a
6030	ADLIVEDONATEMike JamesCould the multitude be the risen righteous dead? Thank you ..
6036	ADLIVEDONATEMike JamesCould the multitude be the risen righteous dead? Thank you ..
6042	ADLIVEDONATEMike JamesCould the multitude be the risen righteous dead? Thank you da
6048	ADLIVEDONATEMike JamesCould the multitude be the risen righteous dead? Thank you ..
6054	ADLIVEDONATEMike JamesCould the multitude be the risen righteous dead? Thank you ..
6060	ADLIVEDONATEMike JamesCould the multitude be the risen righteous dead? Thank you a
6066	ADLIVEDONATEMike JamesCould the multitude be the risen righteous dead? Thank you a
6072	ADLIVEDONATEMike JamesCould the multitude be the risen righteous dead? Thank you a
6078	ADLIVEDONATEMike JamesCould the multitude be the risen righteous dead? Thank you a
6084	ADLIVEDONATEMike JamesCould the multitude be the risen righteous dead? Thank you a
6090	AD.LIVEDONATEMike JamesCould the multitude be the risen righteous dead? Thank you a
6096	DONATEAD.LIVE
6102	DONATEAD.
6108	DONATEAD.
6114	DONATEAD.LIVE
6120	ADLIVEDONATEinosi BiulailaiIs Rev.18 connected with LR, LC, JOL?
6126	ADLIVEDONATEinosi BiulailaiIs Rev.18 connected with LR, LC, JOL?
6132	DONATEAL.LIVE
6138	AD!LIVEDONATEanna MoralesI would like clarification on the 2300 year prophecy and 2520 prophecy, will you cover this atsome point?
6144	ADLIVEDONATEanna MoralesI would like clarification on the 2300 year prophecy and 2520 prophecy, will you cover this atsome point?
6150	ADLIVEDONATEanna MoralesI would like clarification on the 2300 year prophecy and 2520 prophecy, will you cover this atsome point?
6156	AD.LIVEDONATEanna MoralesI would like clarification on the 2300 year prophecy and 2520 prophecy, will you cover this atsome point?
6162	AD.LIVEDONATEanna MoralesI would like clarification on the 2300 year prophecy and 2520 prophecy, will you cover this atsome point?
6168	ADLIVEDONATEanna MoralesI would like clarification on the 2300 year prophecy and 2520 prophecy, will you cover this atsome point?
6174	ADLIVEDONATEanna MoralesI would like clarification on the 2300 year prophecy and 2520 prophecy, will you cover this atsome point?
6180	AD.LIVEDONATEanna MoralesI would like clarification on the 2300 year prophecy and 2520 prophecy, will you cover this atsome point?
6186	AD.LIVEDONATEanna MoralesI would like clarification on the 2300 year prophecy and 2520 prophecy, will you cover this atsome point?
6192	ADLIVEDONATEanna MoralesI would like clarification on the 2300 year prophecy and 2520 prophecy, will you cover this atsome point?
6198	ADLIVEDONATEanna MoralesI would like clarification on the 2300 year prophecy and 2520 prophecy, will you cover this atsome point?
6204	AD.LIVEDONATEanna MoralesI would like clarification on the 2300 year prophecy and 2520 prophecy, will you cover this atsome point?
6210	ADLIVEDONATEanna MoralesI would like clarification on the 2300 year prophecy and 2520 prophecy, will you cover this atsome point?
6216	ADLIVEDONATEanna MoralesI would like clarification on the 2300 year prophecy and 2520 prophecy, will you cover this atsome point?
6222	ADLIVEDONATEanna MoralesI would like clarification on the 2300 year prophecy and 2520 prophecy, will you cover this atsome point?
6228	ADLIVEDONATEanna MoralesI would like clarification on the 2300 year prophecy and 2520 prophecy, will you cover this atsome point?
6234	DONATEAD.
6240	DONATEAD.
6246	DONATEAD.
6252	DONATEAD.
6258	DONATEALD.
6264	DONATEAD.LIVE
6270	DONATEAD.
6276	DONATESign up for Our E-Newsletterswelcome.amazingdiscoveries.orgAD!LIVE
6282	DONATESign up for Our E-Newsletterswelcome.amazingdiscoveries.orgADLIVE
6288	DONATESign up for Our E-Newsletterswelcome.amazingdiscoveries.orgADLIVE
6294	DONATESign up for Our E-Newsletterswelcome.amazingdiscoveries.orgAD!LIVE
6300	DONATESign up for Our E-Newsletterswelcome.amazingdiscoveries.orgAD.LIVE
6306	DONATESign up for Our E-Newsletterswelcome.amazingdiscoveries.orgAD!LIVE
6312	DONATESign up for Our E-Newsletterswelcome.amazingdiscoveries.orgADLIVE
6318	DONATESign up for Our E-Newsletterswelcome.amazingdiscoveries.orgADLIVE
6324	DONATESign up for Our E-Newsletterswelcome.amazingdiscoveries.orgAD.LIVE
6330	DONATESign up for Our E-Newsletterswelcome.amazingdiscoveries.orgADLIVE
6336	DONATESign up for Our E-Newsletterswelcome.amazingdiscoveries.orgADLIVE
6342	DONATESign up for Our E-Newsletterswelcome.amazingdiscoveries.orgADLIVE
6348	DONATESign up for Our E-Newsletterswelcome.amazingdiscoveries.orgADLIVE
6354	DONATESign up for Our E-Newsletterswelcome.amazingdiscoveries.orgADLIVE
6360	DONATESign up for Our E-Newsletterswelcome.amazingdiscoveries.orgAD!LIVE
6366	DONATESign up for Our E-Newsletterswelcome.amazingdiscoveries.orgADLIVE
6372	DONATEAIDLIVE
6378	DONATEALD.
6384	AD!LIVEDONATEDiane WeigleyDo the 2 witnesses represent the old and the new testaments?
6390	ADLIVEDONATEDiane WeigleyDo the 2 witnesses represent the old and the new testaments?
6396	ADLIVEDONATEDDiane WeigleyDo the 2 witnesses represent the old and the new testaments?
6402	ADLIVEDONATEDiane WeigleyDo the 2 witnesses represent the old and the new testaments?
6408	ADLIVEDONATEDDiane WeigleyDo the 2 witnesses represent the old and the new testaments?
6414	ADLIVEDONATEDDiane WeigleyDo the 2 witnesses represent the old and the new testaments?
6420	ADLIVEDONATEDiane WeigleyDo the 2 witnesses represent the old and the new testaments?
6426	ADLIVEDONATEDDiane WeigleyDo the 2 witnesses represent the old and the new testaments?
6432	DONATEAIDLIVE
6438	DONATEAD.LIVE
6444	ADLIVEDONATEMike James144,000 are living we know that Pastor, but you're saying the multitude are living also, justwondering if the multitude are risen dead plus the 144,000? Thank you.
6450	ADLIVEDONATEMike James144,000 are living we know that Pastor, but you're saying the multitude are living also, justwondering if the multitude are risen dead plus the 144,000? Thank you a
6456	ADLIVEDONATEMike James144,000 are living we know that Pastor, but you're saying the multitude are living also, justwondering if the multitude are risen dead plus the 144,000? Thank you
6462	ADLIVEDONATEMMike James144,000 are living we know that Pastor, but you're saying the multitude are living also, justwondering if the multitude are risen dead plus the 144,000? Thank you a
6468	ADLIVEDONATEMike James144,000 are living we know that Pastor, but you're saying the multitude are living also, justwondering if the multitude are risen dead plus the 144,000? Thank you ..
6474	ADLIVEDONATEMMike James144,000 are living we know that Pastor, but you're saying the multitude are living also, justwondering if the multitude are risen dead plus the 144,000? Thank you
6480	ADLIVEDONATEMMike James144,000 are living we know that Pastor, but you're saying the multitude are living also, justwondering if the multitude are risen dead plus the 144,000? Thank you.
6486	ADLIVEDONATEMike James144,000 are living we know that Pastor, but you're saying the multitude are living also, justwondering if the multitude are risen dead plus the 144,000? Thank you a
6492	ADLIVEDONATEMike James144,000 are living we know that Pastor, but you're saying the multitude are living also, justwondering if the multitude are risen dead plus the 144,000? Thank you ..
6498	ADLIVEDONATEMMike James144,000 are living we know that Pastor, but you're saying the multitude are living also, justwondering if the multitude are risen dead plus the 144,000? Thank you a
6504	ADLIVEDONATEMMike James144,000 are living we know that Pastor, but you're saying the multitude are living also, justwondering if the multitude are risen dead plus the 144,000? Thank you ..
6510	ADLIVEDONATEMMike James144,000 are living we know that Pastor, but you're saying the multitude are living also, justwondering if the multitude are risen dead plus the 144,000? Thank you a
6516	ADLIVEDONATEMMike James144,000 are living we know that Pastor, but you're saying the multitude are living also, justwondering if the multitude are risen dead plus the 144,000? Thank you
6522	ADLIVEDONATEMike James144,000 are living we know that Pastor, but you're saying the multitude are living also, justwondering if the multitude are risen dead plus the 144,000? Thank you ..
6528	DONATEADLIVE
6534	DONATEAID.
6540	DONATEAID.
6546	DONATEAD.
6552	DONATEADLIVE
6558	DONATEADLIVE
6564	DONATEADLIVE
6570	DONATEAD.
6576	DONATEADLIVE
6582	DONATEAD.LIVE
6588	DONATEADLIVE
6594	DONATEAD.LIVE
6600	DONATEADLIVE
6606	DONATEJUDGMENT DAY10/ WEEK BIBLE STUDYNEXT STUDY FRIDAYFEBRUARY 21 AT 5:00PM PST
6612	AD.JUDGMENT DAY10 WEEK BIBLE STUDYNEXT STUDY FRIDAYFEBRUARY 21 AT 5:00PM PST
6618	JUDGMENT DAY10 WEEK BIBLE STUDYNEXT STUDY FRIDAYFEBRUARY 21 AT 5:00PM PST
6624	JUDGMENT DAY10 WEEK BIBLE STUDYNEXT STUDY FRIDAYFEBRUARY 21 AT 5:00PM PST
6630	AD.0. 0JUDGMENT DAY10 WEEK BIBLE STUDYNEXT STUDY FRIDAYFEBRUARY 21 AT 5:00PM PST
