0	MAKING THETRUTH PLAINTHE BATTLE OFARMAGEDDONWeek 14 of JUDGMENT DAY STUDIES
6	MAKING THETRUTH PLAINTHE BATTLE OFARMAGEDDONWeek 14 of JUDGMENT DAY STUDIES
12	MAKING THETRUTH PLAINTHE BATTLE OFARMAGEDDONWeek 14 of JUDGMENT DAY STUDIES
18	MAKING THETRUTH PLAINTHE BATTLE OFARMAGEDDONWeek 14 of JUDGMENT DAY STUDIES
24	MAKING THETRUTH PLAINTHE BATTLE OFARMAGEDDONWeek 14 of JUDGMENT DAY STUDIES
30	MAKING THETRUTH PLAINTHE BATTLE OFARMAGEDDONWeek 14 of JUDGMENT DAY STUDIES
36	MAKING THETRUTH PLAINTHE BATTLE OFARMAGEDDONWeek 14 of JUDGMENT DAY STUDIES
42	MAKING THETRUTH PLAINTHE BATTLE OFARMAGEDDONWeek 14 of JUDGMENT DAY STUDIES
48	MAKING THETRUTH PLAINTHE BATTLE OFARMAGEDDONWeek 14 of JUDGMENT DAY STUDIES
54	MAKING THETRUTH PLAINTHE BATTLE OFARMAGEDDONWeek 14 of JUDGMENT DAY STUDIES
60	MAKING THETRUTH PLAINTHE BATTLE OFARMAGEDDONWeek 14 of JUDGMENT DAY STUDIES
66	MAKING THETRUTH PLAINTHE BATTLE OFARMAGEDDONWeek 14 of JUDGMENT DAY STUDIES
72	MAKING THETRUTH PLAINTHE BATTLE OFARMAGEDDONWeek 14 of JUDGMENT DAY STUDIES
78	MAKING THETRUTH PLAINTHE BATTLE OFARMAGEDDONWeek 14 of JUDGMENT DAY STUDIES
84	MAKING THETRUTH PLAINTHE BATTLE OFARMAGEDDONWeek 14 of JUDGMENT DAY STUDIES
90	MAKING THETRUTH PLAINTHE BATTLE OFARMAGEDDONWeek 14 of JUDGMENT DAY STUDIES
96	MAKING THETRUTH PLAINTHE BATTLE OFARMAGEDDONWeek 14 of JUDGMENT DAY STUDIES
102	MAKING THETRUTH PLAINTHE BATTLE OFARMAGEDDONWeek 14 of JUDGMENT DAY STUDIES
108	MAKING THETRUTH PLAINTHE BATTLE OFARMAGEDDONWeek 14 of JUDGMENT DAY STUDIES
114	MAKING THETRUTH PLAINTHE BATTLE OFARMAGEDDONWeek 14 of JUDGMENT DAY STUDIES
120	MAKING THETRUTH PLAINTHE BATTLE OFARMAGEDDONWeek 14 of JUDGMENT DAY STUDIES
126	MAKING THETRUTH PLAINTHE BATTLE OFARMAGEDDONWeek 14 of JUDGMENT DAY STUDIES
132	MAKING THETRUTH PLAINTHE BATTLE OFARMAGEDDONWeek 14 of JUDGMENT DAY STUDIES
138	MAKING THETRUTH PLAINTHE BATTLE OFARMAGEDDONWeek 14 of JUDGMENT DAY STUDIES
144	MAKING THETRUTH PLAINTHE BATTLE OFARMAGEDDONWeek 14 of JUDGMENT DAY STUDIES
150	MAKING THETRUTH PLAINTHE BATTLE OFARMAGEDDONWeek 14 of JUDGMENT DAY STUDIES
156	MAKING THETRUTH PLAINTHE BATTLE OFARMAGEDDONWeek 14 of JUDGMENT DAY STUDIES
162	MAKING THETRUTH PLAINTHE BATTLE OFARMAGEDDONWeek 14 of JUDGMENT DAY STUDIES
168	MAKING THETRUTH PLAINTHE BATTLE OFARMAGEDDONWeek 14 of JUDGMENT DAY STUDIES
174	MAKING THETRUTH PLAINTHE BATTLE OFARMAGEDDONWeek 14 of JUDGMENT DAY STUDIES
180	MAKING THETRUTH PLAINTHE BATTLE OFARMAGEDDONWeek 14 of JUDGMENT DAY STUDIES
186	MAKING THETRUTH PLAINTHE BATTLE OFARMAGEDDONWeek 14 of JUDGMENT DAY STUDIES
192	
198	
204	MacKenzie DrebitVice President
210	MacKenzie DrebitVice President
216	MacKenzie DrebitVice President
222	MacKenzie DrebitVice President
228	MacKenzie DrebitVice President
234	DONATEMacKenzie DrebitVice President
240	DONATEMacKenzie DrebitVice PresidentALD.
246	DONATEAD.
252	DONATEAD.
258	DONATELet's make the Truth plain again!JudgmentDayDocumentary.comADLIVE
264	DONATELet's make the Truth plain again!JudgmentDayDocumentary.comADLIVE
270	DONATELet's make the Truth plain again!JudgmentDayDocumentary.comADLIVE
276	DONATELet's make the Truth plain again!JudgmentDayDocumentary.comALD.
282	DONATELet's make the Truth plain again!JudgmentDayDocumentary.comALD.
288	DONATELet's make the Truth plain again!JudgmentDayDocumentary.comADLIVE
294	DONATELet's make the Truth plain again!JudgmentDayDocumentary.comALD.
300	DONATELet's make the Truth plain again!JudgmentDayDocumentary.comADLIVE
306	AD.
312	DONATEHow to Country YouTubeLook for the channel!ADLIVE
318	DONATEHow to Country YouTubeLook for the channel!ADLIVE
324	DONATEHow to Country YouTubeLook for the channel!ADLIVE
330	DONATEFarm Programfarm.amazingdiscoveries.orgALD.
336	DONATEFarm Programfarm.amazingdiscoveries.orgALD.
342	DONATEFarm Programfarm.amazingdiscoveries.orgADLIVE
348	DONATEFarm Programfarm.amazingdiscoveries.orgADLIVE
354	DONATEFarm Programfarm.amazingdiscoveries.orgAD.
360	DONATEFarm Programfarm.amazingdiscoveries.orgALD.
366	DONATEFarm Programfarm.amazingdiscoveries.orgALD.
372	DONATEFarm Programfarm.amazingdiscoveries.orgALD.
378	DONATEAD.
384	DONATEAD.
390	DONATESign up for Our E-Newsletterswelcome.amazingdiscoveries.orgADLIVE
396	DONATESign up for Our E-Newsletterswelcome.amazingdiscoveries.orgALD.
402	DONATESign up for Our E-Newsletterswelcome.amazingdiscoveries.orgADLIVE
408	DONATESign up for Our E-Newsletterswelcome.amazingdiscoveries.orgADLIVE
414	DONATESign up for Our E-Newsletterswelcome.amazingdiscoveries.orgADLIVE
420	DONATESign up for Our E-Newsletterswelcome.amazingdiscoveries.orgAD!LIVE
426	DONATESign up for Our E-Newsletterswelcome.amazingdiscoveries.orgALD.
432	DONATEGet Your Free E-Bookebooks.amazingdiscoveries.orgALD.
438	DONATEGet Your Free E-Bookebooks.amazingdiscoveries.orgALD.
444	DONATEGet Your Free E-Bookebooks.amazingdiscoveries.orgAD.
450	DONATEGet Your Free E-Bookebooks.amazingdiscoveries.orgALD.
456	DONATEGet Your Free E-Bookebooks.amazingdiscoveries.orgALD
462	DONATEGet Your Free E-Bookebooks.amazingdiscoveries.orgADLIVE
468	DONATEGet Your Free E-Bookebooks.amazingdiscoveries.orgALD.
474	DONATEGet Your Free E-Bookebooks.amazingdiscoveries.orgADLIVE
480	DONATEGet Your Free E-Bookebooks.amazingdiscoveries.orgADLIVE
486	DONATEGet Your Free E-Bookebooks.amazingdiscoveries.orgALD.
492	DONATE• 0.THE LAST WORLD WAR14•ArmageddonGet Your Free E-Bookebooks.amazingdiscoveries.orgAD.
498	SELECTED MESSAGES VOL1 P.204.2• The enemy of souls has sought to bring in the supposition that agreat reformation was to take place among Seventh-day Adventistsund that this reformation would consist in giving up the doctrinewhich stand as the pillars of our faith, and engaging in aprocess of reorganization. Were this reformation to take place, whatwould result? The principles of truth that God in His wisdom hasgiven to the remnant church, would be discarded. Our religion wouldbe changed. The fundamental principles that have sustained thework for the last fifty years would be accounted as error. A neworganization would be established. Books of a new order wouldbe written. A system of intellectual philosophy would beintroduced.ADLIVE
504	DONATESELECTED MESSAGES VOL 1 P.204.2• The enemy of souls has sought to bring in the supposition that agreat reformation was to take place among Seventh-day Adventistsnd that this reformation would consist in giving up the doctrinewhich stand as the pillars of our faith, and engaging in aprocess of reorganization. Were this reformation to take place, whatwould result? The principles of truth that God in His wisdom hasgiven to the remnant church, would be discarded. Our religion wouldbe changed. The fundamental principles that have sustained thework for the last fifty years would be accounted as error. A neworganization would be established. Books of a new order wouldbe written. A system of intellectual philosophy would beintroduced.ADtvLIVE
510	DONATESELECTED MESSAGES VOL 1 P.204.2• The enemy of souls has sought to bring in the supposition that areal retormaton was to take place amous sevenurudy navenus.nd that this reformation would consist in giving up the doctrinewhich stand as the pillars of our faith, and engaging in aprocess of reorganization. Were this reformation to take place, whatwould result? The principles of truth that God in His wisdom hasgiven to the remnant church, would be discarded. Our religion wouldbe changed. The fundamental principles that have sustained thework for the last fifty years would be accounted as error. A neworganization would be established. Books of a new order wouldbe written. A system of intellectual philosophy would beintroduced.ADLIVE
516	SELECTED MESSAGES VOL1 P.204.2• The enemy of souls has sought to bring in the supposition that and that this reformation would consist in giving up the doctrinewhich stand as the pillars of our faith, and engaging in aprocess of reorganization. Were this reformation to take place, whatwould result? The principles of truth that God in His wisdom hasgiven to the remnant church, would be discarded. Our religion wouldbe changed. The fundamental principles that have sustained thework for the last fifty years would be accounted as error. A neworganization would be established. Books of a new order wouldbe written. A system of intellectual philosophy would beintroduced.AD.
522	DONATESELECTED MESSAGES VOL 1 P.204.2• The enemy of souls has sought to bring in the supposition that areat reformation was to take place among Seventh-day Adventistnd that this reformation would consist in giving up the doctrinewhich stand as the pillars of our faith, and engaging in aprocess of reorganization. Were this reformation to take place, whatwould result? The principles of truth that God in His wisdom hasgiven to the remnant church, would be discarded. Our religion wouldbe changed. The fundamental principles that have sustained thework for the last fifty years would be accounted as error. A neworganization would be established. Books of a new order wouldbe written. A system of intellectual philosophy would beintroduced.ADLIVE
528	SELECTED MESSAGES VOL 1 P.204.2• The enemy of souls has sought to bring in the supposition that areal retormaton was to take place amony sevenuudy navenustnd that this reformation would consist in giving up the doctrinewhich stand as the pillars of our faith, and engaging in aprocess of reorganization. Were this reformation to take place, whatwould result? The principles of truth that God in His wisdom hasgiven to the remnant church, would be discarded. Our religion wouldbe changed. The fundamental principles that have sustained thework for the last fifty years would be accounted as error. A neworganization would be established. Books of a new order wouldbe written. A system of intellectual philosophy would beintroduced.ADLIVE
534	SELECTED MESSAGES VOL 1 P.204.2• The enemy of souls has sought to bring in the supposition that ateal reormanon was to lake place amons sevenurud navenusuund that this reformation would consist in giving up the doctrinewhich stand as the pillars of our faith, and engaging in aprocess of reorganization. Were this reformation to take place, whatwould result? The principles of truth that God in His wisdom hasgiven to the remnant church, would be discarded. Our religion wouldbe changed. The fundamental principles that have sustained thework for the last fifty years would be accounted as error. A neworganization would be established. Books of a new order wouldbe written. A system of intellectual philosophy would beintroduced.ADLIVE
540	SELECTED MESSAGES VOL1 P.204.2• The enemy of souls has sought to bring in the supposition that areal retormaton was to take place amous sevenurudy navenus.nd that this reformation would consist in giving up the doctrinewhich stand as the pillars of our faith, and engaging in aprocess of reorganization. Were this reformation to take place, whatwould result? The principles of truth that God in His wisdom hasgiven to the remnant church, would be discarded. Our religion wouldbe changed. The fundamental principles that have sustained thework for the last fifty years would be accounted as error. A neworganization would be established. Books of a new order wouldbe written. A system of intellectual philosophy would beintroduced.ADLIVE
546	DONATESELECTED MESSAGES VOL1 P.204.2• The enemy of souls has sought to bring in the supposition that areat reformation was to take place among Seventh-day Adventistnd that this reformation would consist in giving up the doctrinewhich stand as the pillars of our faith, and engaging in aprocess of reorganization. Were this reformation to take place, whatwould result? The principles of truth that God in His wisdom hasgiven to the remnant church, would be discarded. Our religion wouldbe changed. The fundamental principles that have sustained thework for the last fifty years would be accounted as error. A neworganization would be established. Books of a new order wouldbe written. A system of intellectual philosophy would beintroduced.ADILIVE
552	DONATESELECTED MESSAGES VOL 1 P.204.2• The enemy of souls has sought to bring in the supposition that areat reformation was to take place among Seventh-day Adventistnd that this reformation would consist in giving up the doctrinewhich stand as the pillars of our faith, and engaging in aprocess of reorganization. Were this reformation to take place, whatwould result? The principles of truth that God in His wisdom hasgiven to the remnant church, would be discarded. Our religion wouldbe changed. The fundamental principles that have sustained thework for the last fifty years would be accounted as error. A neworganization would be established. Books of a new order wouldbe written. A system of intellectual philosophy would beintroduced.ADLIVE
558	DONATESELECTED MESSAGES VOL1 P.204.2• The enemy of souls has sought to bring in the supposition that areat reformation was to take place among Seventh-day Adventistnd that this reformation would consist in giving up the doctrinewhich stand as the pillars of our faith, and engaging in aprocess of reorganization. Were this reformation to take place, whatwould result? The principles of truth that God in His wisdom hasgiven to the remnant church, would be discarded. Our religion wouldbe changed. The fundamental principles that have sustained thework for the last fifty years would be accounted as error. A neworganization would be established. Books of a new order wouldbe written. A system of intellectual philosophy would beintroduced.ADLIVE
564	DONATESELECTED MESSAGES VOL1 P.204.2• The enemy of souls has sought to bring in the supposition that agreat reformation was to take place among Seventh-day Adventistsnd that this reformation would consist in giving up the doctrinewhich stand as the pillars of our faith, and engaging in aprocess of reorganization. Were this reformation to take place, whatwould result? The principles of truth that God in His wisdom hasgiven to the remnant church, would be discarded. Our religion wouldbe changed. The fundamental principles that have sustained thework for the last fifty years would be accounted as error. A neworganization would be established. Books of a new order wouldbe written. A system of intellectual philosophy would beintroduced.ADLIVE
570	DONATESELECTED MESSAGES VOL 1 P.204.2• The enemy of souls has sought to bring in the supposition that ateal retormaton was to take place amony sevenurud navenustund that this reformation would consist in giving up the doctrinewhich stand as the pillars of our faith, and engaging in aprocess of reorganization. Were this reformation to take place, whatwould result? The principles of truth that God in His wisdom hasgiven to the remnant church, would be discarded. Our religion wouldbe changed. The fundamental principles that have sustained thework for the last fifty years would be accounted as error. A neworganization would be established. Books of a new order wouldbe written. A system of intellectual philosophy would beintroduced.ADLIVE
576	SELECTED MESSAGES VOL1 P.204.2• The enemy of souls has sought to bring in the supposition that areat reformation was to take place among Seventh-day Adventistnd that this reformation would consist in giving up the doctrinewhich stand as the pillars of our faith, and engaging in aprocess of reorganization. Were this reformation to take place, whatwould result? The principles of truth that God in His wisdom hasgiven to the remnant church, would be discarded. Our religion wouldbe changed. The fundamental principles that have sustained thework for the last fifty years would be accounted as error. A neworganization would be established. Books of a new order wouldbe written. A system of intellectual philosophy would beintroduced.ADLIVE
582	SELECTED MESSAGES VOL 1 P.204.2• The enemy of souls has sought to bring in the supposition that and that this reformation would consist in giving up the doctrinewhich stand as the pillars of our faith, and engaging in aprocess of reorganization. Were this reformation to take place, whatwould result? The principles of truth that God in His wisdom hasgiven to the remnant church, would be discarded. Our religion wouldbe changed. The fundamental principles that have sustained thework for the last fifty years would be accounted as error. A neworganization would be established. Books of a new order wouldbe written. A system of intellectual philosophy would beintroduced.ADLIVE
588	DONATESELECTED MESSAGES VOL1 P.204.2• The enemy of souls has sought to bring in the supposition that areal retormaton was to take place amony sevenuad navenustund that this reformation would consist in giving up the doctrinewhich stand as the pillars of our faith, and engaging in aprocess of reorganization. Were this reformation to take place, whatwould result? The principles of truth that God in His wisdom hasgiven to the remnant church, would be discarded. Our religion wouldbe changed. The fundamental principles that have sustained thework for the last fifty years would be accounted as error. A neworganization would be established. Books of a new order wouldbe written. A system of intellectual philosophy would beintroduced.ADLIVE
594	SELECTED MESSAGES VOL 1 P.204.2• The enemy of souls has sought to bring in the supposition that areal retormaton was to lake place amons sevenurud navenustnd that this reformation would consist in giving up the doctrinewhich stand as the pillars of our faith, and engaging in aprocess of reorganization. Were this reformation to take place, whatwould result? The principles of truth that God in His wisdom hasgiven to the remnant church, would be discarded. Our religion wouldbe changed. The fundamental principles that have sustained thework for the last fifty years would be accounted as error. A neworganization would be established. Books of a new order wouldbe written. A system of intellectual philosophy would beintroduced.ADLIVE
600	AD.
606	DONATECUASHENADLIVE
612	DONATEAD.
618	ADLIVEDONATEGet the free ebook True Midnight Cry & Waymarksjudgmentdaydocumentary.com
624	ALD.DONATEGet the free ebook True Midnight Cry & Waymarksjudgmentdaydocumentary.com
630	SELECTED MESSAGES VOL 1 P.204.2• The enemy of souls has sought to bring in the supposition that areat reformation was to take place among Seventh-day Adventistsand that this reformation would consist in giving up the doctrineswhich stand as the pillars of our faith, and engaging in aprocess of reorganization. Were this reformation to take place, whatwould result? The principles of truth that God in His wisdom hasgiven to the remnant church, would be discarded. Our religion wouldbe changed. The fundamental principles that have sustained thework for the last fifty years would be accounted as error. A neworganization would be established. Books of a new order wouldbe written. A system of intellectual philosophy would beintroduced.Get the free ebook True Midnight Cry & Waymarksjudgmentdaydocumentary.comADLIVE
636	SELECTED MESSAGES VOL1 P.204.2• The enemy of souls has sought to bring in the supposition that areal retormaton was to lake place amons sevenurudy navenustund that this reformation would consist in giving up the doctrinewhich stand as the pillars of our faith, and engaging in aprocess of reorganization. Were this reformation to take place, whatwould result? The principles of truth that God in His wisdom hasgiven to the remnant church, would be discarded. Our religion wouldbe changed. The fundamental principles that have sustained thework for the last fifty years would be accounted as error. A neworganization would be established. Books of a new order wouldbe written. A system of intellectual philosophy would beintroduced.ADILIVE
642	DONATEAL.
648	DONATEThe Ssy glintyThiyd AngalAD.
654	DONATEThe Condintythyd AngalsMessageAL.
660	DONATEAD.
666	DONATEAD.
672	DONATEAD.
678	ADLIVEDONATEmillersrules.amazingdiscoveries.org
684	ALD.DONATEmillersrules.amazingdiscoveries.org
690	ALD.DONATEmillersrules.amazingdiscoveries.org
696	ALD.DONATEmillersrules.amazingdiscoveries.org
702	ALL
708	DONATEAL.
714	DONATEAD.
720	SELECTED MESSAGES VOL 1 P.204.2• The enemy of souls has sought to bring in the supposition that areat reformation was to take place among Seventh-day Adventist:und that this reformation would consist in giving up the doctrinewhich stand as the pillars of our faith, and engaging in aprocess of reorganization. Were this reformation to take place, whatwould result? The principles of truth that God in His wisdom hasgiven to the remnant church, would be discarded. Our religion wouldbe changed. The fundamental principles that have sustained thework for the last fifty years would be accounted as error. A neworganization would be established. Books of a new order wouldbe written. A system of intellectual philosophy would beintroduced.ADtvLIVE
726	THE BATTLE OFArmageddon
732	DARKNESS BEFORE DAWN P.38.4• The truths most plainly revealed in the Bible have been involvedin doubt and darkness by learned men, who, with a pretense ofgreat wisdom, teach that the Scriptures have a mystical, a secret,spiritual meaning not apparent in the language employed. Thesemen are false teachers. It was to such a class that Jesusdeclared: "Ye know not the Scriptures, neither the power ofGod." Mark 12:24.AD.
738	DONATEDARKNESS BEFORE DAWN P.38.4• The truths most plainly revealed in the Bible have been involvedin doubt and darkness by learned men, who, with a pretense ofgreat wisdom, teach that the Scriptures have a mystical, a secret.spiritual meaning not apparent in the language employed. Thesemen are false teachers. It was to such a class that Jesusdeclared: "Ye know not the Scriptures, neither the power ofGod." Mark 12:24.AD.
744	DONATEDARKNESS BEFORE DAWN P.38.4• The truths most plainly revealed in the Bible have been involvedin doubt and darkness by learned men, who, with a pretense ofgreat wisdom, teach that the Scriptures have a mystical, a secret.spiritual meaning not apparent in the language employed. Thesemen are false teachers. It was to such a class that Jesusdeclared: "Ye know not the Scriptures, neither the power ofGod." Mark 12:24.AL.
750	DONATEDARKNESS BEFORE DAWN P.38.4• The truths most plainly revealed in the Bible have been involvedin doubt and darkness by learned men, who, with a pretense ofgreat wisdom, teach that the Scriptures have a mystical, a secret,spiritual meaning not apparent in the language employed. Thesemen are false teachers. It was to such a class that Jesusdeclared: "Ye know not the Scriptures, neither the power ofGod." Mark 12:24.AR.
756	DONATEDARKNESS BEFORE DAWN P.38.4• The truths most plainly revealed in the Bible have been involvedin doubt and darkness by learned men, who, with a pretense ofgreat wisdom, teach that the Scriptures have a mystical, a secret,spiritual meaning not apparent in the language employed. Thesemen are false teachers. It was to such a class that Jesusdeclared: "Ye know not the Scriptures, neither the power ofGod." Mark 12:24.AD.
762	DONATEDARKNESS BEFORE DAWN P.38.4• The truths most plainly revealed in the Bible have been involvedin doubt and darkness by learned men, who, with a pretense ofgreat wisdom, teach that the Scriptures have a mystical, a secret.spiritual meaning not apparent in the language employed. Thesemen are false teachers. It was to such a class that Jesusdeclared: "Ye know not the Scriptures, neither the power ofGod." Mark 12:24.AD.
768	REVELATION 16:16• 16 And he gathered them together into aplace called in the Hebrew tongueArmageddon.AD.
774	DONATEREVELATION 16:16• 16 And he gathered them together into aplace called in the Hebrew tongueArmageddon.AD.
780	REVELATION 16:16•16 And he gathered them together into aplace called in the Hebrew tongueArmageddon.AD.
786	DONATEAD.
792	ADLIVEDONATEYou're Watching the Final Episode of the Judgment Day StudiesThe Battle of Armageddon
798	ADLIVEDONATEYou're Watching the Final Episode of the Judgment Day StudiesThe Battle of Armageddon
804	ALD.DONATEYou're Watching the Final Episode of the Judgment Day StudiesThe Battle of Armageddon
810	TESTIMONIES FOR THE CHURCH VOL.6 P. 14• We are standing upon the threshold of great and solemn events.ulfilling. Strange, eventful history is beingrecorded in the books of heaven. Everything in our world is inagitation.There are wars and rumors of wars. The nations areangry, and the time of the dead has come, that they should bejudged. Events are changing to bring about the day of God,which hasteth greatly. Only a moment of time, as it were, yetremains. But while already nation is rising against nation, andkingdom against kingdom, there is not now a generalengagement. As yet the four winds are held until the servants ofGod shall be sealed in their foreheads. Then the powers of earthwill marshal their forces for the last great battle.You're Watching the Final Episode of the Judgment Day StudiesThe Battle of ArmageddonADLIVE
816	ADLIVESTIMONIES FOR THE CHURCH VOL.6 P. 14• We are standing upon the threshold of great and solemn events.Prophecies are fulfilling. Strange, eventful history is beingrecorded in the books of heaven. Everything in our world is inagitation. There are wars and rumors of wars. The nations areangry, and the time of the dead has come, that they should bejudged. Events are changing to bring about the day of God,which hasteth greatly. Only a moment of time, as it were, yetremains. But while already nation is rising against nation, andkingdom against kingdom, there is not now a generalengagement. As yet the four winds are held until the servants ofGod shall be sealed in their foreheads. Then the powers of earthwill marshal their forces for the last great battle.
822	ADLIVEDONATESTIMONIES FOR THE CHURCH VOL.6 P. 14• We are standing upon the threshold of great and solemn events.Prophecies are fulfilling. Strange, eventful history is beingrecorded in the books of heaven. Everything in our world is inagitation. There are wars and rumors of wars. The nations areangry, and the time of the dead has come, that they should bejudged. Events are changing to bring about the day of God,which hasteth greatly. Only a moment of time, as it were, yetremains. But while already nation is rising against nation, andkingdom against kingdom, there is not now a generalengagement. As yet the four winds are held until the servants ofGod shall be sealed in their foreheads. Then the powers of earth.will marshal their forces for the last great battle.
828	ADLIVEDONATEESTIMONIES FOR THE CHURCH VOL.6 P.14• We are standing upon the threshold of great and solemn events.Prophecies are fulfilling. Strange, eventful history is beingrecorded in the books of heaven. Everything in our world is inagitation. There are wars and rumors of wars. The nations areangry, and the time of the dead has come, that they should bejudged. Events are changing to bring about the day of God,which hasteth greatly. Only a moment of time, as it were, yetremains. But while already nation is rising against nation, andkingdom against kingdom, there is not now a generalengagement. As yet the four winds are held until the servants ofGod shall be sealed in their foreheads. Then the powers of earth.will marshal their forces for the last great battle.
834	ADLIVEDONATEESTIMONIES FOR THE CHURCH VOL.6 P.14• We are standing upon the threshold of great and solemn events.Prophecies are fulfilling. Strange, eventful history is beingrecorded in the books of heaven. Everything in our world is inagitation. There are wars and rumors of wars. The nations areangry, and the time of the dead has come, that they should bejudged. Events are changing to bring about the day of God,which hasteth greatly. Only a moment of time, as it were, yetremains. But while already nation is rising against nation, andkingdom against kingdom, there is not now a generalengagement. As yet the four winds are held until the servants ofGod shall be sealed in their foreheads. Then the powers of earth.will marshal their forces for the last great battle.
840	ADLIVEESTIMONIES FOR THE CHURCH VOL.6 P.14• We are standing upon the threshold of great and solemn events.Prophecies are fulfilling. Strange, eventful history is beingrecorded in the books of heaven. Everything in our world is inagitation. There are wars and rumors of wars. The nations areangry, and the time of the dead has come, that they should bejudged. Events are changing to bring about the day of God,which hasteth greatly. Only a moment of time, as it were, yetremains. But while already nation is rising against nation, andkingdom against kingdom, there is not now a generalengagement. As yet the four winds are held until the servants ofGod shall be sealed in their foreheads. Then the powers of earth.will marshal their forces for the last great battle.
846	ADILIVEESTIMONIES FOR THE CHURCH VOL.6 P.14• We are standing upon the threshold of great and solemn events.Prophecies are fulfilling. Strange, eventful history is beingrecorded in the books of heaven. Everything in our world is inagitation. There are wars and rumors of wars. The nations areangry, and the time of the dead has come, that they should bejudged. Events are changing to bring about the day of God,which hasteth greatly. Only a moment of time, as it were, yetremains. But while already nation is rising against nation, andkingdom against kingdom, there is not now a generalengagement. As yet the four winds are held until the servants ofGod shall be sealed in their foreheads. Then the powers of earth.will marshal their forces for the last great battle.
852	ADLIVEESTIMONIES FOR THE CHURCH VOL.6 P.14• We are standing upon the threshold of great and solemn events.Prophecies are fulfilling. Strange, eventful history is beingrecorded in the books of heaven. Everything in our world is inagitation. There are wars and rumors of wars. The nations areangry, and the time of the dead has come, that they should bejudged. Events are changing to bring about the day of God,which hasteth greatly. Only a moment of time, as it were, yetremains. But while already nation is rising against nation, andkingdom against kingdom, there is not now a generalengagement. As yet the four winds are held until the servants ofGod shall be sealed in their foreheads. Then the powers of earth.will marshal their forces for the last great battle.
858	ADLIVEDONALESTIMONIES FOR THE CHURCH VOL.6 P.14• We are standing upon the threshold of great and solemn events.Prophecies are fulfilling. Strange, eventful history is beingrecorded in the books of heaven. Everything in our world is inagitation. There are wars and rumors of wars. The nations areangry, and the time of the dead has come, that they should bejudged. Events are changing to bring about the day of God,which hasteth greatly. Only a moment of time, as it were, yetremains. But while already nation is rising against nation, andkingdom against kingdom, there is not now a generalengagement. As yet the four winds are held until the servants ofGod shall be sealed in their foreheads. Then the powers of earth.will marshal their forces for the last great battle.
864	ADLIVEDONATEESTIMONIES FOR THE CHURCH VOL.6 P.14• We are standing upon the threshold of great and solemn events.Prophecies are fulfilling. Strange, eventful history is beingrecorded in the books of heaven. Everything in our world is inagitation. There are wars and rumors of wars. The nations areangry, and the time of the dead has come, that they should bejudged. Events are changing to bring about the day of God,which hasteth greatly. Only a moment of time, as it were, yetremains. But while already nation is rising against nation, andkingdom against kingdom, there is not now a generalengagement. As yet the four winds are held until the servants ofGod shall be sealed in their foreheads. Then the powers of earth.will marshal their forces for the last great battle.
870	ADLIVEDONALESTIMONIES FOR THE CHURCH VOL.6 P.14• We are standing upon the threshold of great and solemn events.Prophecies are fulfilling. Strange, eventful history is beingrecorded in the books of heaven. Everything in our world is inagitation. There are wars and rumors of wars. The nations areangry, and the time of the dead has come, that they should bejudged. Events are changing to bring about the day of God,which hasteth greatly. Only a moment of time, as it were, yetremains. But while already nation is rising against nation, andkingdom against kingdom, there is not now a generalengagement. As yet the four winds are held until the servants ofGod shall be sealed in their foreheads. Then the powers of earth.will marshal their forces for the last great battle.
876	TESTIMONIES FOR THE CHURCH VOL.6 P. 14agitation.There are wars and rumors of wars. The nations areangry, and the time of the dead has come, that they should bejudged. Events are changing to bring about the day of God,which hasteth greatly. Only a moment of time, as it were, yetremains. But while already nation is rising against nation, andkingdom against kingdom, there is not now a generalengagement. As yet the four winds are held until the servants ofGod shall be sealed in their foreheads. Then the powers of earthwill marshal their forces for the last great battle.ADLIVE
882	TESTIMONIES FOR THE CHURCH VOL.6 P.14agitation.There are wars and rumors of wars. The nations areangry, and the time of the dead has come, that they should bejudged. Events are changing to bring about the day of God,which hasteth greatly. Only a moment of time, as it were, yetremains. But while already nation is rising against nation, andkingdom against kingdom, there is not now a generalengagement. As yet the tour winds are held until the servants ofGod shall be sealed in their foreheads. Then the powers of earthwill marshal their forces for the last great battle.ADLIVE
888	TESTIMONIES FOR THE CHURCH VOL.6 P.14• We are standing upon the threshold of great and solemn events.Prophecies are fulfilling. Strange, eventful history is beingrecorded in the books of heaven. Everything in our world is inagitation.There are wars and rumors of wars. The nations areangry, and the time of the dead has come, that they should bejudged. Events are changing to bring about the day of God,which hasteth greatly. Only a moment of time, as it were, yeremains. But while already nation is rising against nation, anckingdom against kingdom, there is not now a generalengagement. As yet the four winds are held until the servants ofGod shall be sealed in their foreheads. Then the powers of earthwill marshal their forces for the last great battle.ADILIVE
894	TESTIMONIES FOR THE CHURCH VOL.6 P.14agitation.There are wars and rumors of wars. The nations areangry, and the time of the dead has come, that they should bejudged. Events are changing to bring about the day of God,which hasteth greatly. Only a moment of time, as it were, yeremains. But while already nation is rising against nation, anckingdom against kingdom, there is not now a generalengagement. As yet the four winds are held until the servants ofGod shall be sealed in their foreheads. Then the powers of earthwill marshal their forces for the last great battle.ADLIVE
900	TESTIMONIES FOR THE CHURCH VOL.6 P.14agitation.There are wars and rumors of wars. The nations areangry, and the time of the dead has come, that they should bejudged. Events are changing to bring about the day of God,which hasteth greatly. Only a moment of time, as it were, yetremains. But while already nation is rising against nation, andkingdom against kingdom, there is not now a generalengagement. As yet the four winds are held until the servants ofGod shall be sealed in their foreheads. Then the powers of earthwill marshal their forces for the last great battle.ADLIVE
906	TESTIMONIES FOR THE CHURCH VOL.6 P.14• We are standing upon the threshold of great and solemn eventsProphecies are fulfilling. Strange, eventful history is beingrecorded in the books of heaven. Everything in our world is inagitation.There are wars and rumors of wars. The nations areangry, and the time of the dead has come, that they should bejudged. Events are changing to bring about the day of God,which hasteth greatly. Only a moment of time, as it were, yetremains. But while already nation is rising against nation, andkingdom against kingdom, there is not now a generalengagement. As yet the four winds are held until the servants ofGod shall be sealed in their foreheads. Then the powers of earthwill marshal their forces for the last great battle.ADILIVE
912	TESTIMONIES FOR THE CHURCH VOL.6 P.14• We are standing upon the threshold of great and solemn events.Prophecies are fulfilling. Strange, eventful history is beingrecorded in the books of heaven. Everything in our world is inagitation.There are wars and rumors of wars. The nations areangry, and the time of the dead has come, that they should bejudged. Events are changing to bring about the day of God,which hasteth greatly. Only a moment of time, as it were, yetremains. But while already nation is rising against nation, andkingdom against kingdom, there is not now a generalengagement. As yet the four winds are held until the servants ofGod shall be sealed in their foreheads. Then the powers of earthwill marshal their forces for the last great battle.ADILIVE
918	TESTIMONIES FOR THE CHURCH VOL.6 P.14• We are standing upon the threshold of great and solemn events.Prophecies are fulfilling. Strange, eventful history is beingrecorded in the books of heaven. Everything in our world is inagitation.There are wars and rumors of wars. The nations areangry, and the time of the dead has come, that they should bejudged. Events are changing to bring about the day of God,which hasteth greatly. Only a moment of time, as it were, yeremains. But while already nation is rising against nation, anckingdom against kingdom, there is not now a generalengagement. As yet the four winds are held until the servants ofGod shall be sealed in their foreheads. Then the powers of earthwill marshal their forces for the last great battle.ADILIVE
924	TESTIMONIES FOR THE CHURCH VOL.6 P.14• We are standing upon the threshold of great and solemn events.Prophecies are fulfilling. Strange, eventful history is beingrecorded in the books of heaven. Everything in our world is inagitation.There are wars and rumors of wars. The nations areangry, and the time of the dead has come, that they should bejudged. Events are changing to bring about the day of God,which hasteth greatly. Only a moment of time, as it were, yetremains. But while already nation is rising against nation, andkingdom against kingdom, there is not now a generalengagement. As yet the four winds are held until the servants ofGod shall be sealed in their foreheads. Then the powers of earthwill marshal their forces for the last great battle.ADILIVE
930	TESTIMONIES FOR THE CHURCH VOL.6 P.14• We are standing upon the threshold of great and solemn events.Prophecies are fulfilling. Strange, eventful history is beingrecorded in the books of heaven. Everything in our world is inagitation.There are wars and rumors of wars. The nations areangry, and the time of the dead has come, that they should bejudged. Events are changing to bring about the day of God,which hasteth greatly. Only a moment of time, as it were, yetremains. But while already nation is rising against nation, andkingdom against kingdom, there is not now a generalengagement. As yet the four winds are held until the servants ofGod shall be sealed in their foreheads. Then the powers of earthwill marshal their forces for the last great battle.ADILIVE
936	TESTIMONIES FOR THE CHURCH VOL.6 P.14• We are standing upon the threshold of great and solemn events.Prophecies are fulfilling. Strange, eventful history is beingrecorded in the books of heaven. Everything in our world is inagitation.There are wars and rumors of wars. The nations areangry, and the time of the dead has come, that they should bejudged. Events are changing to bring about the day of God,which hasteth greatly. Only a moment of time, as it were, yetremains. But while already nation is rising against nation, andkingdom against kingdom, there is not now a generalengagement. As yet the tour winds are held until the servants ofGod shall be sealed in their foreheads. Then the powers of earthwill marshal their forces for the last great battle.ADLIVE
942	TESTIMONIES FOR THE CHURCH VOL.6 P.14agitation.There are wars and rumors of wars. The nations areangry, and the time of the dead has come, that they should bejudged. Events are changing to bring about the day of God,which hasteth greatly. Only a moment of time, as it were, yetremains. But while already nation is rising against nation, andkingdom against kingdom, there is not now a generalengagement. As yet the four winds are held until the servants ofGod shall be sealed in their foreheads. Then the powers of earthwill marshal their forces for the last great battle.ADLIVE
948	TESTIMONIES FOR THE CHURCH VOL.6 P.14• We are standing upon the threshold of great and solemn events.Prophecies are fulfilling. Strange, eventful history is beingrecorded in the books of heaven. Everything in our world is inagitation.There are wars and rumors of wars. The nations areangry, and the time of the dead has come, that they should bejudged. Events are changing to bring about the day of God,which hasteth greatly. Only a moment of time, as it were, yeremains. But while already nation is rising against nation, anckingdom against kingdom, there is not now a generalengagement. As yet the four winds are held until the servants ofGod shall be sealed in their foreheads. Then the powers of earthwill marshal their forces for the last great battle.ADILIVE
954	WHAT ARE THE4 WindsAD.
960	TESTIMONIES FOR THE CHURCH VOL.6 P.14• We are standing upon the threshold of great and solemn events.Prophecies are fulfilling. Strange, eventful history is beingrecorded in the books of heaven. Everything in our world is inagitation.There are wars and rumors of wars. The nations areangry, and the time of the dead has come, that they should bejudged. Events are changing to bring about the day of God,which hasteth greatly. Only a moment of time, as it were, yetremains. But while already nation is rising against nation, andkingdom against kingdom, there is not now a generalengagement. As yet the four winds are held until the servants ofGod shall be sealed in their foreheads. Then the powers of earthwill marshal their forces for the last great battle.ADILIVE
966	TESTIMONIES FOR THE CHURCH VOL.6 P.14agitation.There are wars and rumors of wars. The nations areangry, and the time of the dead has come, that they should bejudged. Events are changing to bring about the day of God.which hasteth greatly. Only a moment of time, as it were, yeremains. But while already nation is rising against nation, anckingdom against kingdom, there is not now a generalengagement. As yet the four winds are held until the servants ofGod shall be sealed in their foreheads. Then the powers of earthwill marshal their forces for the last great battle.ADLIVE
972	TESTIMONIES FOR THE CHURCH VOL.6 P.14• We are standing upon the threshold of great and solemn events.Prophecies are fulfilling. Strange, eventful history is beingrecorded in the books of heaven. Everything in our world is inagitation.There are wars and rumors of wars. The nations areangry, and the time of the dead has come, that they should bejudged. Events are changing to bring about the day of God,which hasteth greatly. Only a moment of time, as it were, yetremains. But while already nation is rising against nation, andkingdom against kingdom, there is not now a generalengagement. As yet the four winds are held until the servants ofGod shall be sealed in their foreheads. Then the powers of earthwill marshal their forces for the last great battle.ADILIVE
978	TESTIMONIES FOR THE CHURCH VOL.6 P.14• We are standing upon the threshold of great and solemn events.Prophecies are fulfilling. Strange, eventful history is beingrecorded in the books of heaven. Everything in our world is inagitation.There are wars and rumors of wars. The nations areangry, and the time of the dead has come, that they should bejudged. Events are changing to bring about the day of God,which hasteth greatly. Only a moment of time, as it were, yetremains. But while already nation is rising against nation, andkingdom against kingdom, there is not now a generalengagement. As yet the four winds are held until the servants ofGod shall be sealed in their foreheads. Then the powers of earthwill marshal their forces for the last great battle.ADLIVE
984	TESTIMONIES FOR THE CHURCH VOL.6 P.14• We are standing upon the threshold of great and solemn events.Prophecies are fulfilling. Strange, eventful history is beingrecorded in the books of heaven. Everything in our world is inagitation.There are wars and rumors of wars. The nations areangry, and the time of the dead has come, that they should bejudged. Events are changing to bring about the day of God,which hasteth greatly. Only a moment of time, as it were, yetremains. But while already nation is rising against nation, andkingdom against kingdom, there is not now a generalengagement. As yet the tour winds are held until the servants ofGod shall be sealed in their foreheads. Then the powers of earthwill marshal their forces for the last great battle.ADLIVE
990	WHAT ARE THE4 Winds• 0.AR.
996	DONATEREVELATION 7:1-3• 1 And after these things I saw four angels standing on the fourcorners of the earth, holding the four winds of the earth, that thewind should not blow on the earth, nor on the sea, nor on anytree.• 2 And I saw another angel ascending from the east, having theseal of the living God: and he cried with a loud voice to the fourangels, to whom it was given to hurt the earth and the sea,• 3 Saying, Hurt not the earth, neither the sea, nor the trees, tillwe have sealed the servants of our God in their foreheads.ADLIVE
1002	DONATEREVELATION 7:1-3• 1 And after these things I saw four angels standing on the fourcorners of the earth, holding the four winds of the earth, that thewind should not blow on the earth, nor on the sea, nor on anytree.• 2 And I saw another angel ascending from the east, having theseal of the living God: and he cried with a loud voice to the fourangels, to whom it was given to hurt the earth and the sea,• 3 Saying, Hurt not the earth, neither the sea, nor the trees, tillwe have sealed the servants of our God in their foreheads.ADLIVE
1008	DONATEREVELATION 7:1-3• 1 And after these things I saw four angels standing on the fourcorners of the earth, holding the four winds of the earth, that thewind should not blow on the earth, nor on the sea, nor on anytree.• 2 And I saw another angel ascending from the east, having theseal of the living God: and he cried with a loud voice to the fourangels, to whom it was given to hurt the earth and the sea,• 3 Saying, Hurt not the earth, neither the sea, nor the trees, tillwe have sealed the servants of our God in their foreheads.ADLIVE
1014	DONATEREVELATION 7:1-3• 1 And after these things I saw four angels standing on the fourcorners of the earth, holding the four winds of the earth, that thewind should not blow on the earth, nor on the sea, nor on anytree.• 2 And I saw another angel ascending from the east, having theseal of the living God: and he cried with a loud voice to the fourangels, to whom it was given to hurt the earth and the sea,• 3 Saying, Hurt not the earth, neither the sea, nor the trees, tillwe have sealed the servants of our God in their foreheads.AD!LIVE
1020	DONATEREVELATION 7:1-3• 1 And after these things I saw four angels standing on the fourcorners of the earth, holding the four winds of the earth, that thewind should not blow on the earth, nor on the sea, nor on anytree.• 2 And I saw another angel ascending from the east, having theseal of the living God: and he cried with a loud voice to the fourangels, to whom it was given to hurt the earth and the sea,• 3 Saying, Hurt not the earth, neither the sea, nor the trees, tillwe have sealed the servants of our God in their foreheads.ADLIVE
1026	DONATEREVELATION 7:1-3• 1 And after these things I saw four angels standing on the fourcorners of the earth, holding the four winds of the earth, that thewind should not blow on the earth, nor on the sea, nor on anytree.• 2 And I saw another angel ascending from the east, having theseal of the living God: and he cried with a loud voice to the fourangels, to whom it was given to hurt the earth and the sea,• 3 Saying, Hurt not the earth, neither the sea, nor the trees, tillwe have sealed the servants of our God in their foreheads.ADLIVE
1032	DONATEREVELATION 7:1-3• 1 And after these things I saw four angels standing on the fourcorners of the earth, holding the four winds of the earth, that thewind should not blow on the earth, nor on the sea, nor on anytree.• 2 And I saw another angel ascending from the east, having theseal of the living God: and he cried with a loud voice to the fourangels, to whom it was given to hurt the earth and the sea,• 3 Saying, Hurt not the earth, neither the sea, nor the trees, tillwe have sealed the servants of our God in their foreheads.ADLIVE
1038	DONATEREVELATION 7:1-3• 1 And after these things I saw four angels standing on the fourcorners of the earth, holding the four winds of the earth, that thewind should not blow on the earth, nor on the sea, nor on anytree.• 2 And I saw another angel ascending from the east, having theseal of the living God: and he cried with a loud voice to the fourangels, to whom it was given to hurt the earth and the sea,• 3 Saying, Hurt not the earth, neither the sea, nor the trees, tillwe have sealed the servants of our God in their foreheads.ADLIVE
1044	DONATEREVELATION 7:1-3* 1 And after these things I saw four angels standing on the fourcorners of the earth, holding the four winds of the earth, that thewind should not blow on the earth, nor on the sea, nor on anytree.• 2 And I saw another angel ascending from the east, having theseal of the living God: and he cried with a loud voice to the fourangels, to whom it was given to hurt the earth and the sea,• 3 Saying, Hurt not the earth, neither the sea, nor the trees, tillwe have sealed the servants of our God in their foreheads.ADLIVE
1050	DONATEREVELATION 7:1-3• 1 And after these things I saw four angels standing on the fourcorners of the earth, holding the four winds of the earth, that thewind should not blow on the earth, nor on the sea, nor on anytree.• 2 And I saw another angel ascending from the east, having theseal of the living God: and he cried with a loud voice to the fourangels, to whom it was given to hurt the earth and the sea,• 3 Saying, Hurt not the earth, neither the sea, nor the trees, tillwe have sealed the servants of our God in their foreheads.AD!LIVE
1056	DONATEEZEKIEL 37:1-10• 8 And when I beheld, lo, the sinews and the flesh came up uponthem, and the skin covered them above: but there was no breathin them.• 9 Then said he unto me, Prophesy unto the wind, prophesy, sonof man, and say to the wind, Thus saith the Lord God; Comefrom the four winds, O breath, and breathe upon these slain,that they may live.• 10 So I prophesied as he commanded me, and the breath cameinto them, and they lived, and stood up upon their feet, anexceeding great army.ADLIVE
1062	DONATEEZEKIEL 37:1-10• 8 And when I beheld, lo, the sinews and the flesh came up uponthem, and the skin covered them above: but there was no breathin them.• 9 Then said he unto me, Prophesy unto the wind, prophesy, sonof man, and say to the wind, Thus saith the Lord God; Comefrom the four winds, O breath, and breathe upon these slain,that they may live.• 10 So I prophesied as he commanded me, and the breath cameinto them, and they lived, and stood up upon their feet, anexceeding great army.ADLIVE
1068	EZEKIEL 37:1-10• 8 And when I beheld, lo, the sinews and the flesh came up uponthem, and the skin covered them above: but there was no breathin them.• 9 Then said he unto me, Prophesy unto the wind, prophesy, sonof man, and say to the wind, Thus saith the Lord God; Comefrom the four winds, O breath, and breathe upon these slain,that they may live.• 10 So I prophesied as he commanded me, and the breath cameinto them, and they lived, and stood up upon their feet, anexceeding great army.ADLIVE
1074	ADLIVEDONATEEZEKIEL 37:1-10• 8 And when I beheld, lo, the sinews and the flesh came up uponthem, and the skin covered them above: but there was no breathin them.• 9 Then said he unto me, Prophesy unto the wind, prophesy, sonof man, and say to the wind, Thus saith the Lord God; Comefrom the four winds, O breath, and breathe upon these slain,that they may live.• 10 So I prophesied as he commanded me, and the breath cameinto them, and they lived, and stood up upon their feet, anexceeding great army.Engage With Us!Write your questions in the chat.
1080	ADLIVEDONATEEZEKIEL 37:1-10• 8 And when I beheld, lo, the sinews and the flesh came up uponthem, and the skin covered them above: but there was no breathin them.• 9 Then said he unto me, Prophesy unto the wind, prophesy, sonof man, and say to the wind, Thus saith the Lord God; Comefrom the four winds, O breath, and breathe upon these slain,that they may live.• 10 So I prophesied as he commanded me, and the breath cameinto them, and they lived, and stood up upon their feet, anexceeding great army.Engage With Us!Write your questions in the chat.
1086	ADLIVEEZEKIEL 37:1-10• 8 And when I beheld, lo, the sinews and the flesh came up uponthem, and the skin covered them above: but there was no breathin them.• 9 Then said he unto me, Prophesy unto the wind, prophesy, sonof man, and say to the wind, Thus saith the Lord God; Comefrom the four winds, O breath, and breathe upon these slain,that they may live.• 10 So I prophesied as he commanded me, and the breath cameinto them, and they lived, and stood up upon their feet, anexceeding great army.Engage With Us!Write your questions in the chat.
1092	ADLIVEDONATEEZEKIEL 37:1-10• 8 And when I beheld, lo, the sinews and the flesh came up uponthem, and the skin covered them above: but there was no breathin them.• 9 Then said he unto me, Prophesy unto the wind, prophesy, sonof man, and say to the wind, Thus saith the Lord God; Comefrom the four winds, O breath, and breathe upon these slain,that they may live.• 10 So I prophesied as he commanded me, and the breath cameinto them, and they lived, and stood up upon their feet, anexceeding great army.Engage With Us!Write your questions in the chat.
1098	ADLIVEDONATEEZEKIEL 37:1-10• 8 And when I beheld, lo, the sinews and the flesh came up uponthem, and the skin covered them above: but there was no breathin them.• 9 Then said he unto me, Prophesy unto the wind, prophesy, sonof man, and say to the wind, Thus saith the Lord God; Comefrom the four winds, O breath, and breathe upon these slain,that they may live.• 10 So I prophesied as he commanded me, and the breath cameinto them, and they lived, and stood up upon their feet, anexceeding great army.Engage With Us!Write your questions in the chat.
1104	ADLIVEEZEKIEL 37:1-10• 8 And when I beheld, lo, the sinews and the flesh came up uponthem, and the skin covered them above: but there was no breathin them.• 9 Then said he unto me, Prophesy unto the wind, prophesy, sonof man, and say to the wind, Thus saith the Lord God; Comefrom the four winds, O breath, and breathe upon these slain,that they may live.• 10 So I prophesied as he commanded me, and the breath cameinto them, and they lived, and stood up upon their feet, anexceeding great army.Engage With Us!Write your questions in the chat.
1110	ADLIVEDONATEEZEKIEL 37:1-10• 8 And when I beheld, lo, the sinews and the flesh came up uponthem, and the skin covered them above: but there was no breathin them.• 9 Then said he unto me, Prophesy unto the wind, prophesy, sonof man, and say to the wind, Thus saith the Lord God; Comefrom the four winds, O breath, and breathe upon these slain,that they may live.• 10 So I prophesied as he commanded me, and the breath cameinto them, and they lived, and stood up upon their feet, anexceeding great army.Engage With Us!Write your questions in the chat.
1116	ADLIVEDONATEEZEKIEL 37:1-10• 8 And when I beheld, lo, the sinews and the flesh came up uponthem, and the skin covered them above: but there was no breathin them.• 9 Then said he unto me, Prophesy unto the wind, prophesy, sonof man, and say to the wind, Thus saith the Lord God; Comefrom the four winds, O breath, and breathe upon these slain,that they may live.• 10 So I prophesied as he commanded me, and the breath cameinto them, and they lived, and stood up upon their feet, anexceeding great army.Engage With Us!Write your questions in the chat.
1122	ADLIVEEZEKIEL 37:1-10• 8 And when I beheld, lo, the sinews and the flesh came up uponthem, and the skin covered them above: but there was no breathin them.• 9 Then said he unto me, Prophesy unto the wind, prophesy, sonof man, and say to the wind, Thus saith the Lord God; Comefrom the four winds, O breath, and breathe upon these slain,that they may live.• 10 So I prophesied as he commanded me, and the breath cameinto them, and they lived, and stood up upon their feet, anexceeding great army.Engage With Us!Write your questions in the chat.
1128	SELECTED MESSAGES VOL.3 P.409.1• Angels are holding the four winds, representedas an angry horse seeking to break loose, andrush over the face of the whole earth, bearingdestruction and death in its path....ALD.
1134	SELECTED MESSAGES VOL.3 P.409.1• Angels are holding the four winds, representedas an angry horse seeking to break loose, andrush over the face of the whole earth, bearingdestruction and death in its path....ALD
1140	SELECTED MESSAGES VOL.3 P.409.1• Angels are holding the four winds, representedas an angry horse seeking to break loose, andrush over the face of the whole earth, bearingdestruction and death in its path....ALD.
1146	SELECTED MESSAGES VOL.3 P.409.1• Angels are holding the four winds, representedas an angry horse seeking to break loose, andrush over the face of the whole earth, bearingdestruction and death in its path....ALD.
1152	SELECTED MESSAGES VOL.3 P.409.1• Angels are holding the four winds, representedas an angry horse seeking to break loose, andrush over the face of the whole earth, bearingdestruction and death in its path....
1158	DONATEISAIAH 27:2-8• 6 He shall cause them that come of Jacob to take root: Israelshall blossom and bud, and fill the face of the world with fruit.• 7 Hath he smitten him, as he smote those that smote him? or ishe slain according to the slaughter of them that are slain byhim?• 8 In measure, when it shooteth forth, thou wilt debate with it:he stayeth his rough wind in the day of the east wind.AD.
1164	DONATEISAIAH 27:2-8• 6 He shall cause them that come of Jacob to take root: Israelshall blossom and bud, and fill the face of the world with fruit.• 7 Hath he smitten him, as he smote those that smote him? or ishe slain according to the slaughter of them that are slain byhim?• 8 In measure, when it shooteth forth, thou wilt debate with it:he stayeth his rough wind in the day of the east wind.AL.
1170	DONATEISAIAH 27:2-8• 6 He shall cause them that come of Jacob to take root: Israelshall blossom and bud, and fill the face of the world with fruit.• 7 Hath he smitten him, as he smote those that smote him? or ishe slain according to the slaughter of them that are slain byhim?• 8 In measure, when it shooteth forth, thou wilt debate with it:he stayeth his rough wind in the day of the east wind.AR.
1176	DONATEISAIAH 27:2-8• 6 He shall cause them that come of Jacob to take root: Israelshall blossom and bud, and fill the face of the world with fruit.• 7 Hath he smitten him, as he smote those that smote him? or ishe slain according to the slaughter of them that are slain byhim?• 8 In measure, when it shooteth forth, thou wilt debate with it:he stayeth his rough wind in the day of the east wind.AD.
1182	DONATEISAIAH 27:2-8• 6 He shall cause them that come of Jacob to take root: Israelshall blossom and bud, and fill the face of the world with fruit.• 7 Hath he smitten him, as he smote those that smote him? or ishe slain according to the slaughter of them that are slain byhim?• 8 In measure, when it shooteth forth, thou wilt debate with it:he stayeth his rough wind in the day of the east wind.AD.
1188	DONATEISAIAH 27:2-8• 6 He shall cause them that come of Jacob to take root: Israelshall blossom and bud, and fill the face of the world with fruit.• 7 Hath he smitten him, as he smote those that smote him? or ishe slain according to the slaughter of them that are slain byhim?• 8 In measure, when it shooteth forth, thou wilt debate with it:he stayeth his rough wind in the day of the east wind.ADLIVE
1194	DONATEISAIAH 27:2-8• 6 He shall cause them that come of Jacob to take root: Israelshall blossom and bud, and fill the face of the world with fruit.• 7 Hath he smitten him, as he smote those that smote him? or ishe slain according to the slaughter of them that are slain byhim?• 8 In measure, when it shooteth forth, thou wilt debate with it:he stayeth his rough wind in the day of the east wind.ADLIVE
1200	DONATEISAIAH 27:2-8• 6 He shall cause them that come of Jacob to take root: Israelshall blossom and bud, and fill the face of the world with fruit.• 7 Hath he smitten him, as he smote those that smote him? or ishe slain according to the slaughter of them that are slain byhim?• 8 In measure, when it shooteth forth, thou wilt debate with it:he stayeth his rough wind in the day of the east wind.ADLIVE
1206	DONATEISAIAH 27:2-8• 6 He shall cause them that come of Jacob to take root: Israelshall blossom and bud, and fill the face of the world with fruit.• 7 Hath he smitten him, as he smote those that smote him? or ishe slain according to the slaughter of them that are slain byhim?• 8 In measure, when it shooteth forth, thou wilt debate with it:he stayeth his rough wind in the day of the east wind.AD.
1212	DONATEISAIAH 27:2-8• 6 He shall cause them that come of Jacob to take root: Israelshall blossom and bud, and fill the face of the world with fruit.• 7 Hath he smitten him, as he smote those that smote him? or ishe slain according to the slaughter of them that are slain byhim?• 8 In measure, when it shooteth forth, thou wilt debate with it:he stayeth his rough wind in the day of the east wind.AD.
1218	DONATEISAIAH 27:2-8• 6 He shall cause them that come of Jacob to take root: Israelshall blossom and bud, and fill the face of the world with fruit.• 7 Hath he smitten him, as he smote those that smote him? or ishe slain according to the slaughter of them that are slain byhim?• 8 In measure, when it shooteth forth, thou wilt debate with it:he stayeth his rough wind in the day of the east wind.AD.
1224	DONATEISAIAH 27:2-8• 6 He shall cause them that come of Jacob to take root: Israelshall blossom and bud, and fill the face of the world with fruit.• 7 Hath he smitten him, as he smote those that smote him? or ishe slain according to the slaughter of them that are slain byhim?• 8 In measure, when it shooteth forth, thou wilt debate with it:he stayeth his rough wind in the day of the east wind.ADLIVE
1230	JEREMIAH 4:1-13Steer nee dah, and public in ler, salemy, Assemble yourselves,and let us go into the defenced cities• 6 Set up the standard toward Zion: retire, stay not: for I will bring evil fronhe north, and a great destruction• 7 The lion is come up from his thicket, and the destroone forth from his place totess his tate waste with is place to take.make thy land desolate; endShe tothis not turned back from, lament and howl: for the fierce anger of*Ring shall personed he heartol the princes and the priests shallber theasto shed, anch he prophes shol honder.ADLIVE
1236	ADLIVEREMIAH 4:1-13Blow ye the• ended a going the did out it her and a samble yourselves,• 6 Set up the standard toward Zion: retire, stay not: for I will bring evil fromhe north, and a great destruction.• 7 The lion is come up from his thicket, and the destroyer of the Gentiles isthy cities shall be faid waste, without an inhabitane thy land desolate; and8 for this gird you with sackcloth, lament and howl: for the fierce anger ofhe Lord is not turned back from us
1242	ADLIVEREMIAH 4:1-13and is go in the done i er nd a sam be yourselves,• 6 Set up the standard toward Zion: retire, stay not: for I will bring evil fromhe north, and a great destruction.8 For this gird you with sackcloth, lament and howl: for the ferce anger ohe Lord is not turned back from us
1248	ADREMIAH 4: 1-13and is go in the done i er nd a sam be yourselves,• 6 Set up the standard toward Zion: retire, stay not: for I will bring evil fromhe north, and a great destruction.• 7 The lion is come up from his thicket, and the destroyer of the Gentiles isthy cities shall be laid waste, withous an inhabitant thy land desolate; and8 For this gird you with sackcloth, lament and howl: for the fierce anger ofhe Lord is not turned back from us• 9 And it shall come to pass at that day, saith the Lord, that the heart of theastonished, and the prophets shall wonderes; and the priests shall be
1254	ADDONATEREMIAH 4: 1-13and is go in the done i her al a resemble yourselves,• 6 Set up the standard toward Zion: retire, stay not: for I will bring evil fronhe north, and a great destruction• 7 The lion is come up from his thicket, and the destroyer of the Gentiles isthy cities shall be faid waste, without ala in hobitane thy land desolate; and8 For this gird you with sackcloth, lament and howl: for the fierce anger ofhe Lord is not turned back from us
1260	UNATEREMIAH 4: 1-13• 10 Then said 1, Ah, Lord God! surely thou hast greatly deceived thissword reacheth sato the song, xe shall have peace; whereas the• 11 At that time shall it be said to this people and to Jerusalem, A drywind of the high places in the wilderness toward the daughter of mypeople, not to fan, nor to cleanse,• 12 Even a full wind from those places shall come unto me: now alsowill I give sentence against them.• 13 Behold, he shall come up as clouds, and his chariots shall be as awhirlwind: his horses are swifter than eagles. Woe unto us! for weare spoiled.ADLIVE
1266	REMIAH 4: 1-13DONATE• 10 Then said I, Ah, Lord God! surely thou hast greatly deceived thissword reacheth sato the song, xe shall have peace; whereas the• 11 At that time shall it be said to this people and to Jerusalem, A drywind of the high places in the wilderness toward the daughter of mypeople, not to fan, nor to cleanse,• 12 Even a full wind from those places shall come unto me: now alsowill I give sentence against them.• 13 Behold, he shall come up as clouds, and his chariots shall be as awhirlwind: his horses are swifter than eagles. Woe unto us! for weare spoiled.ADLIVE
1272	REMIAH 4: 1-13DONATE• 10 Then said I, Ah, Lord God! surely thou hast greatly deceived thissword reacheth sato the song, xe shall have peace; whereas the• 11 At that time shall it be said to this people and to Jerusalem, A drywind of the high places in the wilderness toward the daughter of mypeople, not to fan, nor to cleanse,• 12 Even a full wind from those places shall come unto me: now alsowill I give sentence against them.• 13 Behold, he shall come up as clouds, and his chariots shall be as awhirlwind: his horses are swifter than eagles. Woe unto us! for weare spoiled.ADLIVE
1278	DONATEREMIAH 4: 1-13• 10 Then said 1, Ah, Lord God! surely thou hast greatly deceived thissword reacheth sato the sons, xe shall have peace; whereas the• 11 At that time shall it be said to this people and to Jerusalem, A drywind of the high places in the wilderness toward the daughter of mypeople, not to fan, nor to cleanse,• 12 Even a full wind from those places shall come unto me: now alsowill I give sentence against them.• 13 Behold, he shall come up as clouds, and his chariots shall be as awhirlwind: his horses are swifter than eagles. Woe unto us! for weare spoiled.ADLIVE
1284	DONATEREMIAH 4: 1-13• 10 Then said 1, Ah, Lord God! surely thou hast greatly deceived thissword reacheth sato the song, xe shall have peace; whereas the• 11 At that time shall it be said to this people and to Jerusalem, A drywind of the high places in the wilderness toward the daughter of mypeople, not to fan, nor to cleanse,• 12 Even a full wind from those places shall come unto me: now alsowill I give sentence against them.• 13 Behold, he shall come up as clouds, and his chariots shall be as awhirlwind: his horses are swifter than eagles. Woe unto us! for weare spoiled.ADLIVE
1290	Someone scanned the QR codeDONATEREMIAH 4: 1-13• 10 Then said I, Ah, Lord God! surely thou hast greatly deceived thisdeople and Jerusalem.people encer sate the sons, le shall have peace; whereas the• 11 At that time shall it be said to this people and to Jerusalem, A drywind of the high places in the wilderness toward the daughter of mypeople, not to fan, nor to cleanse,• 12 Even a full wind from those places shall come unto me: now alsowill I give sentence against them.• 13 Behold, he shall come up as clouds, and his chariots shall be as awhirlwind: his horses are swifter than eagles. Woe unto us! for weare spoiled.ADLIVE
1296	DONATEREMIAH 4: 1-13• 10 Then said 1, Ah, Lord God! surely thou hast greatly deceived thissword reacheth sato the sons, xe shall have peace; whereas the• 11 At that time shall it be said to this people and to Jerusalem, A drywind of the high places in the wilderness toward the daughter of mypeople, not to fan, nor to cleanse,• 12 Even a full wind from those places shall come unto me: now alsowill I give sentence against them.• 13 Behold, he shall come up as clouds, and his chariots shall be as awhirlwind: his horses are swifter than eagles. Woe unto us! for weare spoiled.ADLIVE
1302	REMIAH 4: 1-13• 10 Then said 1, Ah, Lord God! surely thou hast greatly deceived thissword reacheth sato the sons, xe shall have peace; whereas the• 11 At that time shall it be said to this people and to Jerusalem, A drywind of the high places in the wilderness toward the daughter of mypeople, not to fan, nor to cleanse,• 12 Even a full wind from those places shall come unto me: now alsowill I give sentence against them.• 13 Behold, he shall come up as clouds, and his chariots shall be as awhirlwind: his horses are swifter than eagles. Woe unto us! for weare spoiled.ADLIVE
1308	DONATEAD.
1314	DONATEALL.
1320	DONATEAD.
1326	DONATEAD.
1332	DONATE4 Someone scanned the QR codeADILIVE
1338	DONATEMacKenzie DrebitVice PresidentALD.
1344	DONATEMacKenzie DrebitVice PresidentALD.
1350	DONATEMacKenzie DrebitVice PresidentALD.
1356	DONATEMacKenzie DrebitVice PresidentALD.
1362	DONATEMacKenzie DrebitVice PresidentAD.
1368	DONATEMacKenzie DrebitVice PresidentALD.
1374	DONATEMacKenzie DrebitVice PresidentALD.
1380	DONATEAL.
1386	ADILIVEDONATEWelcome to Judgment Day Studies
1392	ALDDONATEWelcome to Judgment Day Studies
1398	ADILIVEDONATEWelcome to Judgment Day Studies
1404	ALD.DONATEWelcome to Judgment Day Studies
1410	ALD.DONATEWelcome to Judgment Day Studies
1416	ALDDONATEWelcome to Judgment Day Studies
1422	ALD.DONATEWelcome to Judgment Day Studies
1428	ALD.DONATEWelcome to Judgment Day Studies
1434	ALD.DONATEWelcome to Judgment Day Studies
1440	ALD.DONATEWelcome to Judgment Day Studies
1446	ALD.DONATEWelcome to Judgment Day Studies
1452	ALD.DONATEWelcome to Judgment Day Studies
1458	ALDDONATEWelcome to Judgment Day Studies
1464	ADILIVEDONATEWelcome to Judgment Day Studies
1470	ALD.DONATEWelcome to Judgment Day Studies
1476	ALD.DONATEWelcome to Judgment Day Studies
1482	ALD.DONATEWelcome to Judgment Day Studies
1488	JEREMIAH 4:1-13• 10 Then said I, Ah, Lord God! surely thou hast greatly deceived thispeople and Jerusalem, saying, Ye shall have peace; whereas thesword reacheth unto the soul!• 11 At that time shall it be said to this people and to Jerusalem, A drywind of the high places in the wilderness toward the daughter of mypeople, not to tan, nor to cleanse,• 12 Even a full wind from those places shall come unto me: now alsowill I give sentence against them.• 13 Behold, he shall come up as clouds, and his chariots shall be as awhirlwind: his horses are swifter than eagles. Woe unto us! for weare spoiled.Welcome to Judgment Day StudiesADLIVE
1494	DONATEJEREMIAH 4:1-13• 10 Then said I, Ah, Lord God! surely thou hast greatly deceived thispeople and Jerusalem, saying, Ye shall have peace; whereas thesword reacheth unto the soul.• 11 At that time shall it be said to this people and to Jerusalem, A drywind of the high places in the wilderness toward the daughter of mypeople, not to fan, nor to cleanse,• 12 Even a full wind from those places shall come unto me: now alsowill I give sentence against them.• 13 Behold, he shall come up as clouds, and his chariots shall be as awhirlwind: his horses are swifter than eagles. Woe unto us! for weare spoiled.ADLIVE
1500	DONATEJEREMIAH 4:1-13• 10 Then said I, Ah, Lord God! surely thou hast greatly deceived thispeople and Jerusalem, saying, Ye shall have peace; whereas thesword reacheth unto the soul.• 11 At that time shall it be said to this people and to Jerusalem, A drywind of the high places in the wilderness toward the daughter of mypeople, not to fan, nor to cleanse,• 12 Even a full wind from those places shall come unto me: now alsowill I give sentence against them.• 13 Behold, he shall come up as clouds, and his chariots shall be as awhirlwind: his horses are swifter than eagles. Woe unto us! for weare spoiled.ADLIVE
1506	DONATEREVELATION 16:1, 2• 1 And I heard a great voice out of the temple saying to the seven angels, Goyour ways, and pour out the vials of the wrath ofGod upon the earth• 2 And the first went, and poured out his vial upon the earth; and there fella noisome and grievous sore upon the men which had the mark of thebeast, and upon them which worshipped his image.• 14 For they are the spirits of devils, working miracles, which go forth untothe kings of the earth and of the whole world, to gather them to the battleof that great day of God Almighty.• Revelation 18:8 Therefore shall her plagues come in one day, death, andis the Lord God who judgeth her.and famine; and she shall be utterly burned with fire: for strongADLIVE
1512	REVELATION 16:1, 2• 1 And I heard a great voice out of the temple saying to the seven angels, Goyour ways, and pour out the vials of the wrath ofGod upon the earth• 2 And the first went, and poured out his vial upon the earth; and there fella noisome and grievous sore upon the men which had the mark of thebeast, and upon them which worshipped his image.• 14 For they are the spirits of devils, working miracles, which go forth untothe kings of the earth and of the whole world, to gather them to the battleof that great day of God Almighty.• Revelation 18:8 Therefore shall her plagues come in one day, death, andin the mord Good who is get her.and famine; and she shall be utterly burned with fire: for strongADLIVE
1518	DONATEREVELATION 16:1, 2• 1 And I heard a great voice out of the temple saying to the seven angels, Goyour ways, and pour out the vials of the wrath ofGod upon the earth• 2 And the first went, and poured out his vial upon the earth; and there fella noisome and grievous sore upon the men which had the mark of thebeast, and upon them which worshipped his image.• 14 For they are the spirits of devils, working miracles, which go forth untothe kings of the earth and of the whole world, to gather them to the battleof that great day of God Almighty.• Revelation 18:8 Therefore shall her plagues come in one day, death, andmourning. God am idseth her.and famine; and she shall be utterly burned with fire: for strongADLIVE
1524	moMariREVELATION 16:1,2• 1 And T heard a great voice out of the temple saying to the seven angels, Goyour ways, and pour out the vials of the wrath of• 2 And the first went, and poured out his vial upon the earth; and there fella noisome and grievous sore upon the men which had the mark of thebeast, and upon them which worshipped his image.• 14 For they are the spirits of devils, working miracles, which go forth untothe kings of the earth and of the whole world, to gather them to the battieof that great day of God Almighty.…kennotoke nterthane sonilinee heeetamena cCeamesnrein the ord God whone dreths hers.and famine; and she shall be utterly burned with fire: for strongADLIVE
1530	REVELATION 16:1, 2• 1 And I heard a great voice out of the temple saying to the seven angels, Goyour ways, and pour out the vials of the wrath ofGod upon the earth• 2 And the first went, and poured out his vial upon the earth; and there fella noisome and grievous sore upon the men which had the mark of thebeast, and upon them which worshipped his image.• 14 For they are the spirits of devils, working miracles, which go forth untothe kings of the earth and of the whole world, to gather them to the battleof that great day of God Almighty.mourningand famine; and she shall be utterly burned with fire: for strongis the Lord God who judgeth her.ADLIVE
1536	REVELATION 16:1,2• 1 And I heard a great voice out of the temple saying to the seven angels, Goyour ways, and pour out the vials of the wrath ofGod upon the earth• 2 And the first went, and poured out his vial upon the earth; and there fella noisome and grievous sore upon the men which had the mark of thebeast, and upon them which worshipped his image.• 14 For they are the spirits of devils, working miracles, which go forth untothe kings of the earth and of the whole world, to gather them to the battleof that great day of God Almighty.• Revelation 18:8 Therefore shall her plagues come in one day, death, andin the mord Good who is areth her.and famine; and she shall be utterly burned with fire: for strongADLIVE
1542	REVELATION 16:1, 2• 1 And I heard a great voice out of the temple saying to the seven angels, Goyour ways, and pour out the vials of the wrath ofiod upon the earth• 2 And the first went, and poured out his vial upon the earth; and there fella noisome and grievous sore upon the men which had the mark of thebeast, and upon them which worshipped his image.• 14 For they are the spirits of devils, working miracles, which go forth untothe kings of the earth and of the whole world, to gather them to the battleof that great day of God Almighty.• Revelation 18:8 Therefore shall her plagues come in one day, death, andmourning. God am idseth her.and famine; and she shall be utterly burned with fire: for strongADLIVE
1548	REVELATION 16:1,2• 1 And I heard a great voice out of the temple saying to the seven angels, Goyour ways, and pour out the vials of the wrath ofGod upon the earth• 2 And the first went, and poured out his vial upon the earth; and there fella noisome and grievous sore upon the men which had the mark of thebeast, and upon them which worshipped his image.• 14 For they are the spirits of devils, working miracles, which go forth untothe kings of the earth and of the whole world, to gather them to the battleof that great day of God Almighty.• Revelation 18:8 Therefore shall her plagues come in one day, death, andi heard Good who i areth her.and famine; and she shall be utterly burned with fire: for strongADLIVE
1554	DONATEREVELATION 16:1, 2• 1 And I heard a great voice out of the temple saying to the seven angels, Goyour ways, and pour out the vials of the wrath of• 2 And the first went, and poured out his vial upon the earth; and there fella noisome and grievous sore upon the men which had the mark of thebeast, and upon them which worshipped his image.• 14 For they are the spirits of devils, working miracles, which go forth untothe kings of the earth and of the whole world, to gather them to the battleof that great day of God Almighty.• Revelation 18:8 Therefore shall her plagues come in one day, death, andmourning God am idgeth her.and famine; and she shall be utterly burned with fire: for strongADLIVE
1560	DONATEREVELATION 16:1, 2• 1 And I heard a great voice out of the temple saying to the seven angels, Goyour ways, and pour out the vials of the wrath ofGod upon the earth• 2 And the first went, and poured out his vial upon the earth; and there fella noisome and grievous sore upon the men which had the mark of thebeast, and upon them which worshipped his image.• 14 For they are the spirits of devils, working miracles, which go forth untothe kings of the earth and of the whole world, to gather them to the battleof that great day of God Almighty.• Revelation 18:8 Therefore shall her plagues come in one day, death, andin the mord Good ho get her.and famine; and she shall be utterly burned with fire: for strongADLIVE
1566	REVELATION 16:1,2• 1 And I heard a great voice out of the temple saying to the seven angels, Goyour ways, and pour out the vials of the wrath ofGod upon the earth• 2 And the first went, and poured out his vial upon the earth; and there fella noisome and grievous sore upon the men which had the mark of thebeast, and upon them which worshipped his image.• 14 For they are the spirits of devils, working miracles, which go forth untothe kings of the carth and of the whole world, to gather them to the battleof that great day of God Almighty.• Revelation 18:8 Therefore shall her plagues come in one day, death, andin the mord Good who is get hers.and famine; and she shall be utterly burned with fire: for strongADLIVE
1572	FIRE, BRIMSTONE, SMOKE - WRATH OF GODany man worship the beast and his image, a, lyme ve his mark in hisorehead, or in his handthen he pree of the man he names he ear and i yet ge andRev 9:18 By these three was the third part of men killed, by the fire, aney the smoke, and by the brimstone, which issued out of their mouth:ADLIVE
1578	FIRE, BRIMSTONE, SMOKE - WRATH OF GOD• Rey man wor the the beast and hiin age, and ving wethis mard in hisworship the beast and horchead, or in his handstone in the presence of the holy angels,• " And the smoke of their torment ascendethwhosoever receive the mai. his namehip the beast and his image; andRev 9:18 By these three was the third part of men killed, by the fire, aney the smoke, and by the brimstone, which issued out of their mouth:ADLIVE
1584	FIRE, BRIMSTONE, SMOKE - WRATH OF GOD• Rey man dor he the an el followed the and ying with a lourd yoine, Teorchead, or in his hand• I And the smoke of their torment ascendethWhosoever receively he man? his name ip the beast and his nige, andRev 9:18 By these three was the third part of men killed, by the fire, aney the smoke, and by the brimstone, which issued out of their mouth:ADtvLIVE
1590	FIRE, BRIMSTONE, SMOKE - WRATH OF GOD• Rev 14:9 And the third angel followed them, saying with a loud voice, Itпу та.worship the beast and his image, anorchead, or in his hand• " And the smoke of their torment ascendethWhosoever receive he man? his name ip the beast and his nige, andRev 9:18 By these three was the third part of men killed, by the fire, aney the smoke, and by the brimstone, which issued out of their mouth:ADLIVE
1596	FIRE, BRIMSTONE, SMOKE - WRATH OF GODRey man dot the the bansel followed the dying i his lour yoinesforehead, or in his hand.• I And the smoke of their torment ascendethWhosoever receive he mail his name ip the beast and his image, andRev 9:18 By these three was the third part of men killed, by the fire, aney the smoke, and by the brimstone, which issued out of their mouth:AD!LIVE
1602	FIRE, BRIMSTONE, SMOKE - WRATH OF GODany man worship the beast and his image, and reneive his mark in hiseceive his mark in his• I And the smoke of their torment ascendethWhosoever receively he man. his name ip the beast and his mage, andRev 9:18 By these three was the third part of men killed, by the fire, aney the smoke, and by the brimstone, which issued out of their mouth:ADLIVE
1608	RE, BRIMSTONE, SMOKE - WRATH OF GODDONATEADLIVE• 10 The same shall drink of the wine of the wrath of God.which is pourecout without mixture into the cup of his indignation: and he shall betormented with fire and brimstone in the presence of the holy angels,and in the presence of the Lamb:• 1 And the smoke of their torment ascendeth up for ever and ever: andhey have no rest day nor night, who worship the beast and his image, andwhosoever receiveth the mark of his name.Be Yess these the thes the stone to ss killed, b the fre, and
1614	DONATERE, BRIMSTONE, SMOKE - WRATH OF GODADLIVE• 10 The same shall drink of the wine of the wrath of God,which is pourecout without mixture into the cup of his indignation: and he shall betormented with fire and brimstone in the presence of the holy angels,and in the presence of the Lamb:• 11 And the smoke of their torment ascendeth up for ever and ever: andwhosoever receiveth the mark of his namship the beast and his image, andeYes these the thes the stone ted ss killed, the fire, and
1620	RE, BRIMSTONE, SMOKE - WRATH OF GODDONATEADLIVE• 10 The same shall drink of the wine of the wrath of God,which is pourecout without mixture into the cup of his indignation: and he shall betormented with fire and brimstone in the presence of the holy angels,and in the presence of the Lamb:• 11 And the smoke of their torment ascendeth up for ever and ever: andthey soever receivet the maght, his namship the beast and his image, andeYes these the thes the stone tod ss killed, the fire, and
1626	RE, BRIMSTONE, SMOKE - WRATH OF GODADLIVE• 10 The same shall drink of the wine of the wrath of God,which is pouredout without mixture into the cup of his indignation; and he shall betormented with fire and brimstone in the presence of the holy angels,and in the presence of the Lamb:• 11 And the smoke of their torment ascendeth up for ever and ever: andwhosoever receiveth the mark of his namship the beast and his image, andeYes these the thes the stone ted ss killed, the fire, and
1632	DONATERE, BRIMSTONE, SMOKE - WRATH OF GODADLIVE• 10 The same shall drink of the wine of the wrath of God,which is pourecout without mixture into the cup of his indignation: and he shall betormented with fire and brimstone in the presence of the holy angels,and in the presence of the Lamb:eYes these the thes the stone toemes tell od, the fire, and
1638	FIRE, BRIMSTONE, SMOKE - WRATH OF GODany man worship the beast and his image, and yeeive his mark in hisorehead, or in his hand,stone in the presence of the holy angels,• " And the smoke of their torment ascendethWhoever receively he mai. his name ip the beast and his image, andRev 9:18 By these three was the third part of men killed, by the fire, aney the smoke, and by the brimstone, which issued out of their mouth:ADILIVE
1644	FIRE, BRIMSTONE, SMOKE - WRATH OF GODany man worship the beast and his image, and yeceive his mark in his• " And the smoke of their torment ascendethWhosoever receively he man his name ip the beast and his image, andRev 9:18 By these three was the third part of men killed, by the fire, aney the smoke, and by the brimstone, which issued out of their mouth:ADILIVE
1650	FIRE, BRIMSTONE, SMOKE - WRATH OF GOD• Rey man or he the bansel followed the and ying within lourk yoie, Teorchead, or in his hand• I And the smoke of their torment ascendeththat he note he hat he namep the beast and his image, andRev 9:18 By these three was the third part of men killed, by the fire, aney the smoke, and by the brimstone, which issued out of their mouth:ADLIVE
1656	FIRE, BRIMSTONE, SMOKE - WRATH OF GOD• Rey man dor he the an el follied tea, ying with a loud yoies, eorchead, or in his hand• " And the smoke of their torment ascendethtoever react he mak of he namelp the beast and his image, andRev 9:18 By these three was the third part of men killed, by the fire, aney the smoke, and by the brimstone, which issued out of their mouth:ADLIVE
1662	DONATEJOEL 1• 15 Alas for the day! for the day of the Lord is at hand, and as adestruction from the Almighty shall it come.• 19 O Lord, to thee will I cry: for the fire hath devoured thepastures of the wilderness, and the flame hath burned all thetrees of the field.• 20 The beasts of the field cry also unto thee: for the rivers ofwaters are dried up, and the fire hath devoured the pastures ofthe wilderness.AD.
1668	DONATEJOEL 1• 15 Alas for the day! for the day of the Lord is at hand, and as adestruction from the Almighty shall it come.• 19 O Lord, to thee will I cry: for the fire hath devoured thepastures of the wilderness, and the flame hath burned all thetrees of the field.• 20 The beasts of the field cry also unto thee: for the rivers ofwaters are dried up, and the fire hath devoured the pastures ofthe wilderness.ADLIVE
1674	DONATEJOEL 1• 15 Alas for the day! for the day of the Lord is at hand, and as adestruction from the Almighty shall it come.• 19 O Lord, to thee will I cry: for the fire hath devoured thepastures of the wilderness, and the flame hath burned all thetrees of the field.• 20 The beasts of the field cry also unto thee: for the rivers ofwaters are dried up, and the fire hath devoured the pastures ofthe wilderness.ADLIVE
1680	DONATEJOEL 1• 15 Alas for the day! for the day of the Lord is at hand, and as adestruction from the Almighty shall it come.• 19 O Lord, to thee will I cry: for the fire hath devoured thepastures of the wilderness, and the flame hath burned all thetrees of the field.• 20 The beasts of the field cry also unto thee: for the rivers ofwaters are dried up, and the fire hath devoured the pastures ofthe wilderness.AD.
1686	DONATEJOEL 1• 15 Alas for the day! for the day of the Lord is at hand, and as adestruction from the Almighty shall it come.• 19 O Lord, to thee will I cry: for the fire hath devoured thepastures of the wilderness, and the flame hath burned all thetrees of the field.• 20 The beasts of the field cry also unto thee: for the rivers ofwaters are dried up, and the fire hath devoured the pastures ofthe wilderness.AD.
1692	DONATEJOEL 1• 15 Alas for the day! for the day of the Lord is at hand, and as adestruction from the Almighty shall it come.• 19 O Lord, to thee will I cry: for the fire hath devoured thepastures of the wilderness, and the flame hath burned all thetrees of the field.• 20 The beasts of the field cry also unto thee: for the rivers ofwaters are dried up, and the fire hath devoured the pastures ofthe wilderness.ADLIVE
1698	DONATEJOEL 1• 15 Alas for the day! for the day of the Lord is at hand, and as adestruction from the Almighty shall it come.• 19 O Lord, to thee will I cry: for the fire hath devoured thepastures of the wilderness, and the flame hath burned all thetrees of the field.• 20 The beasts of the field cry also unto thee: for the rivers ofwaters are dried up, and the fire hath devoured the pastures ofthe wilderness.ADLIVE
1704	DONATEJOEL 1• 15 Alas for the day! for the day of the Lord is at hand, and as adestruction from the Almighty shall it come.• 19 O Lord, to thee will I cry: for the fire hath devoured thepastures of the wilderness, and the flame hath burned all thetrees of the field.• 20 The beasts of the field cry also unto thee: for the rivers ofwaters are dried up, and the fire hath devoured the pastures ofthe wilderness.AD.
1710	DONATEJOEL 1• 15 Alas for the day! for the day of the Lord is at hand, and as adestruction from the Almighty shall it come.• 19 O Lord, to thee will I cry: for the fire hath devoured thepastures of the wilderness, and the flame hath burned all thetrees of the field.• 20 The beasts of the field cry also unto thee: for the rivers ofwaters are dried up, and the fire hath devoured the pastures ofthe wilderness.AD.
1716	DONATEJOEL 1• 15 Alas for the day! for the day of the Lord is at hand, and as adestruction from the Almighty shall it come.• 19 O Lord, to thee will I cry: for the fire hath devoured thepastures of the wilderness, and the flame hath burned all thetrees of the field.• 20 The beasts of the field cry also unto thee: for the rivers ofwaters are dried up, and the fire hath devoured the pastures ofthe wilderness.ADLIVE
1722	DONATEJOEL 1• 15 Alas for the day! for the day of the Lord is at hand, and as adestruction from the Almighty shall it come.• 19 O Lord, to thee will I cry: for the fire hath devoured thepastures of the wilderness, and the flame hath burned all thetrees of the field.• 20 The beasts of the field cry also unto thee: for the rivers ofwaters are dried up, and the fire hath devoured the pastures ofthe wilderness.AD.
1728	ALD.DONATEJOEL 2'The hepearance of them is as the appearance of horses; and as horsemen, so
1734	ADLIVEDONATEEL 2he inhabitants of the land tre, ables for the dal on he toy holy meth, tor it is halti day an et to ter upe in or rat, can to the ganes anygenerations.The ng i a dea on, ne had hen as he wild he aye, and*the hey earance of them is as the appearance of horses; and as horsemen, soSt a flame of tire that devoureth the stubble, ana strong people set in bathe noise, as a strong people set in batt
1740	ADIDONATEEL 2the inhabitants of the landi tre, able for the day of he toy a olymeon, tor ht Is nigh• 2 A day of darkness and of gloominess, a day of clouds and of thick darkness, asthe morning spread upon the mountains: a great people and a strong; there hathnot been ever the like, neither shall be any more after it, even to the years of manygenerations.The ng a death, ne hid hen as he wild he lange and* the hep earance of them is as the appearance of horses; and as horsemen, soSt a flame of tire that devoureth the siubble, ana strong people set in bathe noise, as a strong people set in batt
1746	ADDONATEEL 2he inhabitants of the land tre, ables for the dal othe toyh oy meth, tor i le halt• 2 A day of darkness and of gloominess, a day of clouds and of thick darkness,the morning spread upon the mountains: a great people and a strong; there hathnot been ever the like, neither shall be any more after it, even to the vears of manygenerations.* the hep earance of them is as the appearance of horses; and as horsemen, soSake the of lie ich devourth stubble, ant siong poper leti, like the noise
1752	EL 2ADLIVEDONATEhe inhabitants or the land tre, ables for the dal on he toy l meth, tor it le haltgenerations.• The fire devoureth before them; and behind them a flame burneth: the land is asgarden of Eden before them, and behind them a desolate wilderness; yea, andnothing shall escape them.* the hep earance of them is as the appearance of horses; and as horsemen, soike the of lie ich devourth stubble, ant siong poper leti, like the noise
1758	ADDONATEEL 2he inhabitants of the land tre, ables for the dal on he toy lo meth, tor it is halti day a real to ter upe in or ret, can to the gan a anygenerations.no in the 40p re ren, and behind him as he rid helena, anal* the hep earance of them is as the appearance of horses; and as horsemen, so5 Like the na kathe of irre that devoure the stubble, at stress lople leti, bae the noise
1764	ADDONATEEL 2he inhabitants of the land tre, ables for the dal orthe toy ly meth, tor it ls haltgenerations.The ng so a de en, ne thind hen as he wild he laye, and* the hep earance of them is as the appearance of horses; and as horsemen, soSake the of lie ich devourth stubble, ant siong ploper let, like the noise
1770	ADEL 2DONATEhe inhabitants of the land tre, ables for the dal on he Lord lo meth, tor it ls haltgenerations.The ng So a death, ne hid hen as he wild he angel, and* the hey earance of them is as the appearance of horses; and as horsemen, so5 Like the ni a flame of tire that devoureth the stubble, as strons people seti, batthe nois
1776	AD!EL 2DONATEthe inhabitants of the landi tremble: for the day of he toy holy meth, tor it Is nighgenerations.• The fire devoureth before them; and behind them a flame burneth: the land is asgarden of Eden before them, and behind them a desolate wilderness; yea, andnothing shall escape them.* the hep earance of them is as the appearance of horses; and as horsemen, soSake the of lie ich devourth stubble, ant siong poper leti, like the noise
1782	ADEL 2DONATEhe inhabitants of the land tre, ables for the day ohe toyh oly meth, tor it Is haltgenerations.The ng So a death, nd eid hen as he wild he angel, and*the hep earance of them is as the appearance of horses; and as horsemen, soSt a flame of tire that devoureth the stubble, ana strong people set in batthe noise, as a strong people set in batt
1788	ADIDONATEEL 2he inhabitants of the land tre, ables for the dal on he Lord lo meth, tor it is haltgenerations.The ng to a death, ne hid hen as he wild he angel, and* the hep earance of them is as the appearance of horses; and as horsemen, soSake the of lie ich devourth stubbe, ant siong ploper lear, like the noise
1794	ADEL 2DONATEhe inhabitants or the land tre, ables for the dal on he toy ly meth, tor i le haltgenerations.• The fire devoureth before them; and behind them a flame burneth: the land is asgarden of Eden before them, and behind them a desolate wilderness; yea, andnothing shall escape them.* the hep earance of them is as the appearance of horses; and as horsemen, soSike the of ie ich devourth stubble, ant siong poper leti, like the noise
1800	ADDONATEEL 2he inhabitants of the land tre, ables for the dal on he toyl ly meth, tor it ls haltgenerations.The ng So a death, nd hid hen as he wild he angel, and* the hep earance of them is as the appearance of horses; and as horsemen, soSake the of lie ich devourth stubble, ant siong poper lear, like the noise
1806	ADDONATEEL 2he inhabitants or the land tre, ables for the dal ofthe toyl y meth, tor it is halti day a rent to her upe in or ret, can to the gan a manygenerations.The ng a death, ne that hen as he wild he angel, and* the hep earance of them is as the appearance of horses; and as horsemen, soSake the of lie ich devourth stubble, ant siong ploper lear, like the noise
1812	DONATEJOEL 2hang biant of the land emBle. Tor the any or he Da comen, or thinTo done e The he de he are any to do cer to ho game maygenerations.No ding try stop de on, and hit sen as he atle the layed andescape them• She appearance of them is as the appearance of horses; and as horsemen, so5 Like the nHeme of fire that devoureth the stubble una strong people set in battle amongAD.
1818	DONATEJOEL 23A day of darkness and of gloominess, a day of clouds and of thick darkness, asnot mean cre the Tike, neither shu be any or peril, even to the seans of manygenerations.* The hey earance of them is as the appearance of horses; and as horsemen, soAD.
1824	DONATEJOEL 2• 3A day of darkness and of gloominess, a day of clouds and of thick darknessgenerations.1ho king any so te am, and chand he as he wide the linda ind' he appearance of them is as the appearance of horses; and as horsemen, soAD.
1830	DONATEJOEL 2generations.•The far eno de before hem, and behind them dese be wilde me; yels andsothing shall escape then'he hep earance of them is as the appearance of horses; and as horsemen, soAR.
1836	DONATEJOEL 2: 13, 16• 13 And rend your heart, and not your garments, and turn untothe Lord your God: for he is gracious and merciful, slow toanger, and of great kindness, and repenteth him of the evil.• 16 Gather the people, sanctify the congregation, assemble theelders, gather the children, and those that suck the breasts: letthe bridegroom go forth of his chamber, and the bride out of hercloset.AR.
1842	DONATEJOEL 2: 13, 16• 13 And rend your heart, and not your garments, and turn untothe Lord your God: for he is gracious and merciful, slow toanger, and of great kindness, and repenteth him of the evil.• 16 Gather the people, sanctify the congregation, assemble theelders, gather the children, and those that suck the breasts: letthe bridegroom go forth of his chamber, and the bride out of hercloset.AR.
1848	DONATEJOEL 2:13, 16• 13 And rend your heart, and not your garments, and turn untothe Lord your God: for he is gracious and merciful, slow toanger, and of great kindness, and repenteth him of the evil.• 16 Gather the people, sanctify the congregation, assemble theelders, gather the children, and those that suck the breasts: letthe bridegroom go forth of his chamber, and the bride out of hercloset.AD.
1854	DONATEJOEL 2:13, 16• 13 And rend your heart, and not your garments, and turn untothe Lord your God: for he is gracious and merciful, slow toanger, and of great kindness, and repenteth him of the evil.• 16 Gather the people, sanctify the congregation, assemble theelders, gather the children, and those that suck the breasts: letthe bridegroom go forth of his chamber, and the bride out of hercloset.AD.
1860	DONATEJOEL 2: 13, 16• 13 And rend your heart, and not your garments, and turn untothe Lord your God: for he is gracious and merciful, slow toanger, and of great kindness, and repenteth him of the evil.• 16 Gather the people, sanctify the congregation, assemble theelders, gather the children, and those that suck the breasts: letthe bridegroom go forth of his chamber, and the bride out of hercloset.AD.
1866	DONATEJOEL 2: 13, 16• 13 And rend your heart, and not your garments, and turn untothe Lord your God: for he is gracious and merciful, slow toanger, and of great kindness, and repenteth him of the evil.• 16 Gather the people, sanctify the congregation, assemble theelders, gather the children, and those that suck the breasts: letthe bridegroom go forth of his chamber, and the bride out of hercloset.AD.
1872	DONATEJOEL 2: 13, 16• 13 And rend your heart, and not your garments, and turn untothe Lord your God: for he is gracious and merciful, slow toanger, and of great kindness, and repenteth him of the evil.• 16 Gather the people, sanctify the congregation, assemble theelders, gather the children, and those that suck the breasts: letthe bridegroom go forth of his chamber, and the bride out of hercloset.AD.
1878	DONATEJOEL 2: 13, 16• 13 And rend your heart, and not your garments, and turn untothe Lord your God: for he is gracious and merciful, slow toanger, and of great kindness, and repenteth him of the evil.• 16 Gather the people, sanctify the congregation, assemble theelders, gather the children, and those that suck the breasts: letthe bridegroom go forth of his chamber, and the bride out of hercloset.ADLIVE
1884	DONATEJOEL 2: 13, 16• 13 And rend your heart, and not your garments, and turn untothe Lord your God: for he is gracious and merciful, slow toanger, and of great kindness, and repenteth him of the evil.• 16 Gather the people, sanctify the congregation, assemble theelders, gather the children, and those that suck the breasts: letthe bridegroom go forth of his chamber, and the bride out of hercloset.AR.
1890	DONATEREVELATION 16:15, 16• 15 Behold, I come as a thief. Blessed is he thatwatcheth, and keepeth his garments, lest he walknaked, and they see his shame.• 16 And he gathered them together into a placecalled in the Hebrew tongue Armageddon.ADLIVE
1896	DONATEREVELATION 16:15, 16• 15 Behold, I come as a thief. Blessed is he thatwatcheth, and keepeth his garments, lest he walknaked, and they see his shame.• 16 And he gathered them together into a placecalled in the Hebrew tongue Armageddon.ADtvLIVE
1902	DONATEREVELATION 16:15, 16• 15 Behold, I come as a thief. Blessed is he thatwatcheth, and keepeth his garments, lest he walknaked, and they see his shame.• 16 And he gathered them together into a placecalled in the Hebrew tongue Armageddon.ADLIVE
1908	DONATEREVELATION 16:15, 16• 15 Behold, I come as a thief. Blessed is he thatwatcheth, and keepeth his garments, lest he walknaked, and they see his shame.• 16 And he gathered them together into a placecalled in the Hebrew tongue Armageddon.ADLIVE
1914	DONATEREVELATION 16:15, 16• 15 Behold, I come as a thief. Blessed is he thatwatcheth, and keepeth his garments, lest he walknaked, and they see his shame.• 16 And he gathered them together into a placecalled in the Hebrew tongue Armageddon.ADLIVE
1920	DONATEREVELATION 16:15, 16• 15 Behold, I come as a thief. Blessed is he thatwatcheth, and keepeth his garments, lest he walknaked, and they see his shame.• 16 And he gathered them together into a placecalled in the Hebrew tongue Armageddon.ADLIVE
1926	REVELATION 16:15, 16• 15 Behold, I come as a thief. Blessed is he thatwatcheth, and keepeth his garments, lest he walknaked, and they see his shame.• 16 And he gathered them together into a placecalled in the Hebrew tongue Armageddon.ADLIVE
1932	DONATEREVELATION 16:15, 16• 15 Behold, I come as a thief. Blessed is he thatwatcheth, and keepeth his garments, lest he walknaked, and they see his shame.• 16 And he gathered them together into a placecalled in the Hebrew tongue Armageddon.
1938	DONATEREVELATION 16:15, 16• 15 Behold, I come as a thief. Blessed is he thatwatcheth, and keepeth his garments, lest he walknaked, and they see his shame.• 16 And he gathered them together into a placecalled in the Hebrew tongue Armageddon.ADLIVE
1944	DONATEREVELATION 16:15, 16• 15 Behold, I come as a thief. Blessed is he thatwatcheth, and keepeth his garments, lest he walknaked, and they see his shame.• 16 And he gathered them together into a placecalled in the Hebrew tongue Armageddon.ADLIVE
1950	DONATEREVELATION 16:15, 16• 15 Behold, I come as a thief. Blessed is he thatwatcheth, and keepeth his garments, lest he walknaked, and they see his shame.• 16 And he gathered them together into a placecalled in the Hebrew tongue Armageddon.
1956	AD.
1962	DONATEAD.
1968	DONATEMacKenzie DrebitVice PresidentALD.
1974	DONATEMacKenzie DrebitVice PresidentALD
1980	DONATEMacKenzie DrebitVice PresidentALD.
1986	DONATEDANIEL 11:40• 40 And at the time of the end shall the king of the south push athim: and the king of the north shall come against him like awhirlwind, with chariots, and with horsemen, and with manyships; and he shall enter into the countries, and shall overflowand pass over.AD.
1992	DONATEDANIEL 11:40• 40 And at the time of the end shall the king of the south push athim: and the king of the north shall come against him like awhirlwind, with chariots, and with horsemen, and with manyships; and he shall enter into the countries, and shall overflowand pass over.AD.
1998	DONATEDANIEL 11:40• 40 And at the time of the end shall the king of the south push athim: and the king of the north shall come against him like awhirlwind, with chariots, and with horsemen, and with manyships; and he shall enter into the countries, and shall overflowand pass over.AD.
2004	DONATEDANIEL 11:40• 40 And at the time of the end shall the king of the south push athim: and the king of the north shall come against him like awhirlwind, with chariots, and with horsemen, and with manyships; and he shall enter into the countries, and shall overflowand pass over.ALD.
2010	DONATEDANIEL 11:40• 40 And at the time of the end shall the king of the south push athim: and the king of the north shall come against him like awhirlwind, with chariots, and with horsemen, and with manyships; and he shall enter into the countries, and shall overflowand pass over.AR.
2016	WHEN TURKEY IS REMOVED FROM JERUSALEM - MICHAEL STANDS UP• Daniel 11:45 And he shall plant the tabernacles of hispalace between the seas in the glorious holynountain: yet he shall come to his end, and none shallhelp him.Cres one that are a he ten i The botADLIVE
2022	WHEN TURKEY IS REMOVED FROM JERUSALEM - MICHAEL STANDS UP• Daniel 11:45 And he shall plant the tabernacles of hispalace between the seas in the glomous holynountain: yet he shall come to his end, and none shallhelp him.AD!LIVE
2028	WHEN TURKEY IS REMOVED FROM JERUSALEM - MICHAEL STANDS UP• Daniel 11:45 And he shall plant the tabernacles of hispalace between the seas in the glorous holynountain: yet he shall come to his end, and none shallhelp him.cres one that alre a a ten the boseADLIVE
2034	WHEN TURKEY IS REMOVED FROM JERUSALEM - MICHAEL STANDS UP• Daniel 11:45 And he shall plant the tabernacles of hispalace between the seas in the glorious holynountain: yet he shall come to his end, and none shallhelp him.ADLIVE
2040	WHEN TURKEY IS REMOVED FROM JERUSALEM - MICHAEL STANDS UP• Daniel 11:45 And he shall plant the tabernacles of hispalace between the seas in the glorious holynountain: yet he shall come to his end, and none shallhelp him.cres one that hale a a tien the boseAD.
2046	WHEN TURKEY IS REMOVED FROM JERUSALEM - MICHAEL STANDS UP• Daniel 11:45 And he shall plant the tabernacles of hispalace between the seas in the glorious holynountain: yet he shall come to his end, and none shallhelp him.cres one that alre a a ten The bootAD.
2052	WHEN TURKEY IS REMOVED FROM JERUSALEM - MICHAEL STANDS UP• Daniel 11:45 And he shall plant the tabernacles of hispalace between the seas in the glorious holynountain: yet he shall come to his end, and none shallhelp him.cres one that share a a ten The boseADLIVE
2058	WHEN TURKEY IS REMOVED FROM JERUSALEM - MICHAEL STANDS UP• Daniel 11:45 And he shall plant the tabernacles of hispalace between the seas in the glorous holnountain: yet he shall come to his end, and none shallhelp him.ADLIVE
2064	WHEN TURKEY IS REMOVED FROM JERUSALEM - MICHAEL STANDS UP• Daniel 11:45 And he shall plant the tabernacles of hispalace between the seas in the glorous holynountain: yet he shall come to his end, and none shallhelp him.cres one that share a a ten The boseADLIVE
2070	WHEN TURKEY IS REMOVED FROM JERUSALEM - MICHAEL STANDS UP• Daniel 11:45 And he shall plant the tabernacles of hispalace between the seas in the glorious holynountain: yet he shall come to his end, and none shallhelp him.cres one that are a a ten The boseADLIVE
2076	WHEN TURKEY IS REMOVED FROM JERUSALEM - MICHAEL STANDS UP• Daniel 11:45 And he shall plant the tabernacles of hispalace between the seas in the glorious holynountain: yet he shall come to his end, and none shallhelp him.cres one that alre a a ten the boseADLIVE
2082	WHEN TURKEY IS REMOVED FROM JERUSALEM - MICHAEL STANDS UP• Daniel 11:45 And he shall plant the tabernacles of hispalace between the seas in the glorious holynountain: yet he shall come to his end, and none shallhelp him.cres one that share a a ten The boseADLIVE
2088	WHEN TURKEY IS REMOVED FROM JERUSALEM - MICHAEL STANDS UP• Daniel 11:45 And he shall plant the tabernacles of hispalace between the seas in the glorious holynountain: yet he shall come to his end, and none shallhelp him.ADLIVE
2094	WHEN TURKEY IS REMOVED FROM JERUSALEM - MICHAEL STANDS UP• Daniel 11:45 And he shall plant the tabernacles of hispalace between the seas in the glorious holynountain: yet he shall come to his end, and none shallhelp him.cres one that alre a a ten the boseAD!LIVE
2100	WHEN TURKEY IS REMOVED FROM JERUSALEM - MICHAEL STANDS UP• Daniel 11:45 And he shall plant the tabernacles of hispalace between the seas in the glorious holynountain: yet he shall come to his end, and none shallhelp him.ADLIVE
2106	WHEN TURKEY IS REMOVED FROM JERUSALEM - MICHAEL STANDS UP• Daniel 11:45 And he shall plant the tabernacles of hispalace between the seas in the glorious holynountain: yet he shall come to his end, and none shallhelp him.cres one that share a a ten The boseAD!LIVE
2112	WHEN TURKEY IS REMOVED FROM JERUSALEM - MICHAEL STANDS UP• Daniel 11:45 And he shall plant the tabernacles of hispalace between the seas in the glorious holynountain: yet he shall come to his end, and none shallhelp him.cres one that share a a ten the boseADLIVE
2118	WHEN TURKEY IS REMOVED FROM JERUSALEM - MICHAEL STANDS UP• Daniel 11:45 And he shall plant the tabernacles of hispalace between the seas in the glorious holynountain: yet he shall come to his end, and none shallhelp him.ADLIVE
2124	WHEN TURKEY IS REMOVED FROM JERUSALEM - MICHAEL STANDS UP• Daniel 11:45 And he shall plant the tabernacles of hispalace between the seas in the glorious holynountain: yet he shall come to his end, and none shallhelp him.cres one that share a he then The boseADLIVE
2130	WHEN TURKEY IS REMOVED FROM JERUSALEM - MICHAEL STANDS UP• Daniel 11:45 And he shall plant the tabernacles of hispalace between the seas in the glorous holnountain: yet he shall come to his end, and none shallhelp him.cres one that alre a a ten the boseADLIVE
2136	WHEN TURKEY IS REMOVED FROM JERUSALEM - MICHAEL STANDS UP• Daniel 11:45 And he shall plant the tabernacles of hispalace between the seas in the glorious holynountain: yet he shall come to his end, and none shallhelp him.cres one that hale a he in The botAD.
2142	y goes to JerusalemRev 13:17DONATENationalSundayLawTurkey Removed fromJerusalem Dan 11:45Close ofProbation3No Buy, NoSell Rev 13:17Grow your own FoodMichael Stands upDan 12:1Plagues Start/Timeof Trouble4 Winds Blow Rev 75AD.SecondComing6
2148	y goes to JerusalemRev 13:17DONATENationalSundayLawTurkey Removed fromJerusalem Dan 11:45Close ofProbation3No Buy, NoSell Rev 13:17Grow your own FoodMichael Stands upDan 12:1Plagues Start/Timeof Trouble4 Winds Blow Rev 75AD.SecondComing6
2154	Turkey goes to JerusalemTV 13:17NationalSundayLawTurkey Removed fromJerusalem Dan 11:45Close ofProbation3No Buy, NoSell Rev 13:17Grow your own FoodMichael Stands upDan 12:1Plagues Start/Timeof Trouble4 Winds Blow Rev 7O0009005AD.SecondComing6
2160	Turkey goes to JerusalemRev 13:17NationalSundayLawTurkey Removed fromJerusalem Dan 11:45Close ofProbation3No Buy, NoSell Rev 13:17Grow your own FoodMichael Stands upDan 12:1Plagues Start/Timeof Trouble4 Winds Blow Rev 75AD.SecondComing6
2166	Turkey goes to JerusalemRev 13:17NationalSundayLawTurkey Removed fromJerusalem Dan 11:45Close ofProbation3No Buy, NoSell Rev 13:17Grow your own FoodMichael Stands upDan 12:1Plagues Start/Timeof Trouble4 Winds Blow Rev 7000895AD.SecondComing6
2172	Turkey goes to JerusalemRev 13:17NationalSundayLawTurkey Removed fromJerusalem Dan 11:45Close ofProbation3No Buy, NoSell Rev 13:17Grow your own FoodMichael Stands upDan 12:1Plagues Start/Timeof Trouble4 Winds Blow Rev 7O0009005AD.SecondComing6
2178	Turkey goes to JerusalemRev 13:17NationalSundayLawTurkey Removed fromJerusalem Dan 11:45Close ofProbation3No Buy, NoSell Rev 13:17Grow your own FoodMichael Stands upDan 12:1Plagues Start/Timeof Trouble4 Winds Blow Rev 7000005AD.SecondComing6
2184	Turkey goes to JerusalemRev 13:17NationalSundayLawTurkey Removed fromJerusalem Dan 11:45Close ofProbation3No Buy, NoSell Rev 13:17Grow your own FoodMichael Stands upDan 12:1Plagues Start/Timeof Trouble4 Winds Blow Rev 75AD.SecondComing6
2190	Turkey goes to JerusalemRev 13:17NationalSundayLawTurkey Removed fromJerusalem Dan 11:45Close ofProbation3No Buy, NoSell Rev 13:17Grow your own FoodMichael Stands upDan 12:1Plagues Start/Timeof Trouble4 Winds Blow Rev 7000095AD.SecondComing6
2196	Turkey goes to JerusalemRev 13:17NationalSundayLawTurkey Removed fromJerusalem Dan 11:45Close ofProbation5AD.SecondComing6No Buy, NoSell Rev 13:172Grow your own FoodMichael Stands upDan 12:1Plagues Start/Timeof Trouble4 Winds Blow Rev 7300009
2202	Turkey goes to JerusalemRev 13:17NationalSundayLawTurkey Removed fromJerusalem Dan 11:45Close ofProbation3No Buy, NoSell Rev 13:17Grow your own FoodMichael Stands upDan 12:1Plagues Start/Timeof Trouble4 Winds Blow Rev 7000005AD.SecondComing6
2208	Turkey goes to JerusalemRev 13:17NationalSundayLawTurkey Removed fromJerusalem Dan 11:45Close ofProbation3No Buy, NoSell Rev 13:17Grow your own FoodMichael Stands upDan 12:1Plagues Start/Timeof Trouble4 Winds Blow Rev 75AD.SecondComing6
2214	Turkey goes to JerusalemRev 13:17NationalSundayLawTurkey Removed fromJerusalem Dan 11:45Close ofProbation3No Buy, NoSell Rev 13:17Grow your own FoodMichael Stands upDan 12:1Plagues Start/Timeof Trouble4 Winds Blow Rev 75AD.SecondComing6
2220	Turkey goes to JerusalemRev 13:17NationalSundayLawTurkey Removed fromJerusalem Dan 11:45Close ofProbation5AD.SecondComing6No Buy, NoSell Rev 13:172Grow your own FoodMichael Stands upDan 12:1Plagues Start/Timeof Trouble4 Winds Blow Rev 7300009
2226	Turkey goes to JerusalemRev 13:17NationalSundayLawTurkey Removed fromJerusalem Dan 11:45Close ofProdation5AD.SecondComing6No Buy, NoSell Rev 13:172Grow your own FoodMichael Stands upDan 12:1Plagues Start/Timeof Trouble4 Winds Blow Rev 7300009
2232	Turkey goes to JerusalemRev 13: 1XNationalSundayLawTurkey Removed fromJerusalem Dan 11:45Close ofProbation5AD.SecondComing6No Buy, NoSell Rev 13:172Grow your own FoodMichael Stands upDan 12:1Plagues Start/Timeof Trouble4 Winds Blow Rev 7300000
2238	Turkey goes to JerusalemRev 13:17-NationalSundayLawTurkey Removed fromJerusalem Dan 11:45Close ofProbationNo Buy, NoSell Rev 13:172Grow your own FoodMichael Stands upDan 12:1Plagues Start/Timeof Trouble4 Winds Blow Rev 735AD.SecondComing6
2244	Turkey goes to JerusalemRey 18:17 ThNationalSundayLawTurkey Removed fromJerusalem Dan 11:45Close ofProbation3No Buy, NoSell Rev 13:17Grow your own FoodMichael Stands upDan 12:1Plagues Start/Timeof Trouble4 Winds Blow Rev 75AD.SecondComing6
2250	Turkey goes to JerusalemRey 19:17 ThaNationalSundayLawTurkey Removed fromJerusalem Dan 11:45Close ofProbation3No Buy, NoSell Rev 13:17Grow your own FoodMichael Stands upDan 12:1Plagues Start/Timeof Trouble4 Winds Blow Rev 75ADLIVESecondComing6
2256	Turkey goes to JerusalemRev 18:17 ThalNationalSundayLawTurkey Removed fromJerusalem Dan 11:45Close ofProbation3No Buy, NoSell Rev 13:17Grow your own FoodMichael Stands upDan 12:1Plagues Start/Timeof Trouble4 Winds Blow Rev 75AD.SecondComing6
2262	Turkey goes to JerusalemRey 19:17 ThA 1ENationalSundayLawTurkey Removed fromJerusalem Dan 11:45Close ofProbation3No Buy, NoSell Rev 13:17Grow your own FoodMichael Stands upDan 12:1Plagues Start/Timeof Trouble4 Winds Blow Rev 75AD.SecondComing6
2268	Turkey goes to JerusalemRey 19:17 Than iNationalSundayLawTurkey Removed fromJerusalem Dan 11:45Close ofProbation3No Buy, NoSell Rev 13:17Grow your own FoodMichael Stands upDan 12:1Plagues Start/Timeof Trouble4 Winds Blow Rev 75AD.SecondComing6
2274	Turkey goes to JerusalemRev 13:17 ThoUNationalSundayLawTurkey Removed fromJerusalem Dan 11:45Cise ofProbation3No Buy, NoSell Rev 13:17Grow your own FoodMichael Stands upDan 12:1Plagues Start/Timeof Trouble4 Winds Blow Rev 7000005AD.SecondComing6
2280	Turkey goes to JerusalemRev 13:37 The llNationalSundayLawTurkey Removed fromJerusalem Dan 11:45Close ofProbation3No Buy, NoSell Rev 13:17Grow your own FoodMichael Stands upDan 12:1Plagues Start/Timeof Trouble *4 Winds Blow Rev 7000090095AD.SecondComing6
2286	Turkey goes to JerusalemRey 19:17 Tha llNationalSundayLawTurkey Removed fromJerusalem Dan 11:45Close ofProbation3No Buy, NoSell Rev 13:17Grow your own FoodMichael Stands upDan 12:1Plagues Start/Timeof Trouble4 Winds Blow Rev 7O000905AD.SecondComing6
2292	Turkey goes to JerusalemRey 13:17 ThallNationalSundayLawTurkey Removed fromJerusalem Dan 11:45Close ofProbation3No Buy, NoSell Rev 13:17Grow your own FoodMichael Stands upDan 12:1Plagues Start/Timeof Trouble4 Winds Blow Rev 7000005AD.SecondComing6
2298	Turkey goes to JerusalemRey 13:17 TellNationalSundayLawTurkey Removed fromJerusalem Dan 11:45Close ofProbationNo Buy, NoSell Rev 13:17Grow your own FoodMichael Stands upDan 12:1Plagues Start/Timeof Trouble4 Winds Blow Rev 735AD.SecondComing
2304	Turkey goes to JerusalemRey 18:17 ThallNationalSundayLawTurkey Removed fromJerusalem Dan 11:45Close ofProbation3No Buy, NoSell Rev 13:17Grow your own FoodMichael Stands upDan 12:1Plagues Start/Timeof Trouble4 Winds Blow Rev 75AD.SecondComing6
2310	Turkey goes to JerusalemRey 19:17 Tea inNationalSundayLawTurkey Removed fromJerusalem Dan 11:45Close ofProbationNo Buy, NoSell Rev 13:172Grow your own FoodMichael Stands upDan 12:1Plagues Start/Timeof Trouble4 Winds Blow Rev 735AD.SecondComing6
2316	Turkey goes to JerusalemRey 19:17 Tha lNationalSundayLawTurkey Removed fromJerusalem Dan 11:45Close ofProbation3No Buy, NoSell Rev 13:17Grow your own FoodMichael Stands upDan 12:1Plagues Start/Timeof Trouble4 Winds Blow Rev 7000095AD.SecondComing6
2322	Turkey goes to JerusalemRey 13:17 ThallNationalSundayLawTurkey Removed fromJerusalem Dan 11:45Close ofProbation3No Buy, NoSell Rev 13:17Grow your own FoodMichael Stands upDan 12:1Plagues Start/Timeof Trouble4 Winds Blow Rev 7000005ADLIVESecondComing6
2328	Turkey goes to JerusalemRev 13:17 The laNationalSundayLawTurkey Removed fromJerusalem Dan 11:45Close ofProbation3No Buy, NoSell Rev 13:17Grow your own FoodMichael Stands upDan 12:1Plagues Start/Timeof Trouble4 Winds Blow Rev 70000Q5AD.SecondComing6
2334	ALD00000
2340	THE OTTOMAN SUPREMACY CEASED.ADLIVEso sounded.IMAGE OF PAPACY.The Ice tunb like horns, (Republicanism & Protest.antism,) whoxe numes number 660, become unitedin action speak like a DRAGON, ant controllthe cont tegistutare, ant gauxe it tomake theCHURCH the /VA GE of papary which reciereddeadly umnd and was henled.Hew. /7:13.14. There have ONS MIND and shallgive their PONEN and STRENGTHl unrethe beast, the executive pomes ind cunseth«U to recteer their JANK, and worslip their/1/AGE. These shall make war with the Lal,28l0S? Hee cemetle quicklyThe when last plagues.Hew. 10.%. In thee days of the verce of the suenth angel, whenhe shall BEG toxound the MYSTERYof God shall be Finished,as he hath declared to his serrants the prophets.RevIl: Il:15.19 And the seventh angel sounital, ond there were greatvoices in heaven, saying. The kingdoms of this world are beeme ofcurter, and of has Christ, and he shall mign for ever and ever.And the nations wre ungry, and bywrath is come, and the time ofthe dead that they should be JUDGED, and that thorhandlest ainreward wite thy servants the prophets, and to thesthat fear thy name small and great; and sithem wlich corrupt the carth.
2346	THE OTTOMAN SUPREMACY CEASED.ADLIVEIMAGE OF PAPACYThe Ice tuncb like horns, (Republicanism & Protest-antism,) whoxe numes number 666, lecome unitedin action, speak like a DILIGOA; ana controllthe cmit tegistatare, and cruxe it tomake theCHURCH the IMAGE of papacy which recicord adeadly wound and was heated.Ren. /7-13.14. There have ONE MIND and shallgive their POWER and STRENGTH untethe beast the ececutive powers ind causeth«ll to recteve their JAK, and worslip theirIMAGE. These shall make var with the fan,S tree cemetle quicklyThe sten last plagues.Hew. 10. Y. In the days of thie verce of the wunith angel, whenhe shall BEGIN tosound te MYSTERYof God shall be Finished,as he hath declared to his serrunts the prophets.RecIl:15.19 And the serenth angel sountel, and there were grealwoices in heaven, saying. The kingdoms of this world are beome efcurterd, and of as Christ, and he shall mign for ever and ever.And the nations were ungry, and tupwrall is come, and the time ofthe dead that they should be JUDGED, and that thorauditest gotreward mitety servants the prophets, and to the sthat four thy name small and great, and sithem which corrupt the carth.
2352	THE OTTOMAN SUPREMACY CEASED.ADLIVEIMAGE OF PAPACY.The ice tub like horns, (Republicanism & Protest-antism,) whoxe numes number 666, lecome unitedin action, speak like a DIAGON; wal controllthe coit tegistatare. and cauxe it to make theCHURCH the IMAGE of papacy which reciered adeadly wound and was healed.Ren. /7-13.14. There have ONE MIND and shallgive deir POWER and STRENGTH unrethe beast the ececutior powest ind cunseth«ll to recieve their MARK, and worslop theirI/AGE. These shall make war with the taM,3é Tree cemetle quickeThe reten last plagues.Hew. 10.7. In the days of thie verce of the seventh angel, whenhe shall BEG) tosound, the MYSTERYof God shall be Finished,as hehath declared to his serrants the prophels.Rey II: 15.19 And the seventh angel sounited, und there were greatwoices in heaven, saying. The kingdoms of this world are beeme ofcurterd, and of has Christ, and he shall nign for ever and ever.And the nations were angry, and bupwrath is come , and the time ofthe dead that they should be JUDGED, and that thorhuddlest giareward mite thy servonts the prophets, and to thesthat feur thy name small and great; and sithem which corrupt the carth.
2358	3d Moe cometh quickly._The seren las/ plagues.3RD WOE COMETH QUICKLY._THE SEVEN LAST PLAGUES.
2364	3d Moe cometh quickly._The seven las/ plagues.3RD WOE COMETH QUICKLY._THE SEVEN LAST PLAGUES.0000000
2370	3d Moe cometh quickly._The seren las/ plagues.3RD WOE COMETH QUICKLY._THE SEVEN LAST PLAGUES.
2376	31 Moe cometh quickly._The seven las/ plagues.3RD WOE COMETH QUICKLY._THE SEVEN LAST PLAGUES.00000
2382	Turkey goes to JerusalemRev 13:17NationalSundayLawTurkey Removed fromJerusalem Dan 11:45Close ofProbationNo Buy, NoSell Rev 13:172Grow your own FoodMichael Stands upDan 12:1Plagues Start/Timeof Trouble4 Winds Blow Rev 70000QADLIVE3d WoeSecondComing356Jacobs TroubleRev 13:17Gather to the Battleof ArmageRev 16:1
2388	Turkey goes to JerusalemRev 13:17NationalSundayLawTurkey Removed fromJerusalem Dan 11:45Close ofProbationNo Buy, NoSell Rev 13:17Grow your own FoodMichael Stands upDan 12:1Plagues Start/Timeof Trouble4 Winds Blow Rev 7ADLIVE3id WoeSecondComing356Jacobs TroubleRev 13:17Gather to the Battleof ArmageRev 16:1
2394	Turkey goes to JerusalemRev 13:17NationalSundayLawTurkey Removed fromJerusalem Dan 11:45Close ofProbationNo Buy, NoSell Rev 13:17Grow your own FoodMichael Stands upDan 12:1Plagues Start/Timeof Trouble4 Winds Blow Rev 7ADLIVE3id WoeSecondComing356Jacobs TroubleRev 13:17Gather to the Battleof ArmageRev 16:1
2400	Turkey goes to JerusalemRev 13:17NationalSundayLawTurkey Removed fromJerusalem Dan 11:45Close ofProbationNo Buy, NoSell Rev 13:17Grow your own FoodMichael Stands upDan 12:1Plagues Start/Timeof Trouble4 Winds Blow Rev 7ADLIVE3id WoeSecondComing356Jacobs TroubleRev 13:17Gather to the Battleof ArmageRev 16:1
2406	Turkey goes to JerusalemRev 13:17NationalSundayLawTurkey Removed fromJerusalem Dan 11:45Close ofProbationNo Buy, NoSell Rev 13:17Grow your own FoodMichael Stands upDan 12:1Plagues Start/Timeof Trouble4 Winds Blow Rev 7ADLIVE3id WoeSecondComing356Jacobs TroubleRev 13:17Gather to the Battleof ArmageRev 16:1
2412	Turkey goes to JerusalemRev 13:17NationalSundayLawTurkey Removed fromJerusalem Dan 11:45Close ofProbationNo Buy, NoSell Rev 13:17Grow your own FoodMichael Stands upDan 12:1Plagues Start/Timeof Trouble4 Winds Blow Rev 7ADLIVE3id WoeSecondComing356Jacobs TroubleRev 13:17Gather to the Battleof ArmageRev 16:1
2418	Turkey goes to JerusalemRev 13:17NationalSundayLawTurkey Removed fromJerusalem Dan 11:45Close ofProbationNo Buy, NoSell Rev 13:17Grow your own FoodMichael Stands upDan 12:1Plagues Start/Timeof Trouble4 Winds Blow Rev 7ADLIVE3id WoeSecondComing356Jacobs TroubleRev 13:17Gather to the Battleof ArmageRev 16:1
2424	Turkey goes to JerusalemRev 13:12lNationalSundayNo Buy, NoSell Rev 13:17Turkey Removed fromJerusalem Dan 11:45Close ofProbation3d WoeSecondComing1230092Grow your own FoodMichael stands unDan 12:1Jacobs TroubleRev 13:17Plagues Start/Timeof TroubleGather to the Battleof Armageddon4 Winds Blow Rev 7AD.
2430	AD.
2436	AL.
2442	ALD.
2448	ALD
2454	AD.
2460	AD.
2466	AD.
2472	AD.
2478	Turkey goes to JerusalemRev 13a17NationalSundayNo Buy, NoSell Rev 13:17Tarkey Removed fromJerusalem Dan 11:45Close ofProbation3rd WoeSecondComing120002Grow your own FoodMichael stands upDan 12:1Rev 13:17Plagues Start/Timeof Trouble4 Winds Blow Rev 7Gather to the Battleof ArmageddonRex 16:16ADLIVE
2484	Turkey goes to JerusalemRev 18:17NationalSundayNo Buy, NoSell Rev 13:17Turkey Removed fromJerusalem Dan 11:45Close ofProbationGrow your own FoodNichael Stands urDan 12:1Plagues Start/Timeof Trouble4 Winds Blow Rev 73d WoeSecondComing34.."Jacohe TroubleREM 19:17Gather to the Battleof ArmageddonRev 16:16ADtyLIVE
2490	Turkey goes to JerusalemRev 18:17NationalSundayNo Buy, NoSell Rev 18:17Turkey Removed fromJerusalem Dan 11:45Close ofProbation3d WoeSecondComing2000°Grow your own FoodMichael Stands urDan 12:1Plagues Start/Timeof Trouble4 Winds Blow Rev 7Rey 13012Gather to the Battleof ArmageddonAD!LIVE
2496	Turkey goes to JerusalemRev 18:17lNationalSundayNo Buy, NoSell Rev 18:17Turkey Removed fromJerusalem Dan 11:45Close ofProbationGrow your own FoodMichael Stands urDan 12:1Plagues Start/Timeof Trouble4 Winds Blow Rev 73d WoeSecondComing300021X4 13:17Gather to the Battleof ArmageddonRev 16:16ADLIVE
2502	Turkey goes to JerusalemRev 18:17NationalSundayNo Buy, NoSell Rev 18:17Turkey Removed fromJerusalem Dan 11:45Close ofProbationgd WoeSecondComing2390°2Grow your own FoodMichael Stands urDan 12:1Rey 19xlPlagues Start/Timeof TroubleGather to the Battleof Armageddon4 Winds Blow Rev 7ADLIVE
2508	Turkey goes to JerusalemRev 18:17NationalSundayNo Buy, NoSell Rev 18:17Turkey Removed fromJerusalem Dan 11:45Close ofProbationGrow your own FoodMichael Stands unDan 12:1Plagues Start/Timeof Trouble4 Winds Blow Rev 73rd WoeSecondComingRey 13:17Gather to the Battleof ArmageddonADLIVE
2514	Turkey goes to JerusalemRev 18:17NationalSundayNo Buy, NoSell Rev 18:17Turkey Removed fromJerusalem Dan 11:45Close ofProbation3d WoeSecondComing2002Grow your own FoodMichael Stands unDan 12:1Plagues Start/Timeof Trouble4 Winds Blow Rev 7Rev 13:17Gather to the Battleof ArmageddonAD.
2520	Turkey goes to JerusalemRev 18:17NationalSundayNo Buy, NoSell Rev 13:17Turkey Removed fromJerusalem Dan 11:45Close ofProbation3d WoeSecondComing2000°Grow your own FoodMichael Stands urDan 12:1X ev 13:17Plagues Start/Timeof TroubleGather to the Battleof Armageddon4 Winds Blow Rev 7AD.
2526	Turkey goes to JerusalemRev 18:17NationalSundayNo Buy, NoSell Rev 13:17Turkey Removed fromJerusalem Dan 11:45Close ofProbation3rd WoeSecondComing230°2Grow your own FoodMichael Stands unDan 12:1Plagues Start/Timeof Trouble4 Winds Blow Rev 7Rey 13:17Gather to the Battleof ArmageddonAD.
2532	Turkey goes to JerusalemRev 13:17NationalSundayNo Buy, NoSell Rev 19:17Turkey Removed fromJerusalem Dan 11:45Close ofProbationGrow your own FoodMichael Stands urDan 12:1Plagues Start/Timeof Trouble4 Winds Blow Rev 73rd WoeSecondFoming340°2Rev 19:17Gather to the Battleof ArmageddonADtvLIVE
2538	REVELATION 16:16• 16 And he gathered them together into aplace called in the Hebrew tongueArmageddon.AD.
2544	REVELATION 16:16• 16 And he gathered them together into aplace called in the Hebrew tongueArmageddon.AL.
2550	REVELATION 16:16• 16 And he gathered them together into aplace called in the Hebrew tongueArmageddon.AD.
2556	LETTERS AND MANUSCRIPTS VOLUME 15, LETTER 79, 1900 PAR.34 - ALSO MAR P.257• The nations of the world are eager for conflict; but they are heldin check by the angels. When this restraining power is removed,there will come a time of trouble and anguish. Deadlyinstruments of warfare will be invented. Vessels, with theirliving cargo, will be entombed in the great deep. All who havenot the spirit of truth will unite under the leadership of satanicagencies. But they are to be kept under control till thetime shall come for the great battle of Armageddon.ADLIVE
2562	LETTERS AND MANUSCRIPTS VOLUME 15, LETTER 79, 1900 PAR.34 - ALSO MAR P.257• The nations of the world are eager for conflict; but they are heldin check by the angels. When this restraining power is removed,there will come a time of trouble and anguish. Deadlyinstruments of warfare will be invented. Vessels, with theirliving cargo, will be entombed in the great deep. All who havenot the spirit of truth will unite under the leadership of satanicagencies. But they are to be kept under control till thetime shall come for the great battle of Armageddon.ADILIVE
2568	LETTERS AND MANUSCRIPTS VOLUME 15, LETTER 79, 1900 PAR.34 - ALSO MAR P.257• The nations of the world are eager for conflict; but they are heldin check by the angels. When this restraining power is removed,there will come a time of trouble and anguish. Deadlyinstruments of warfare will be invented. Vessels, with theirliving cargo, will be entombed in the great deep. All who havenot the spirit of truth will unite under the leadership of satanicagencies. But they are to be kept under control till thetime shall come for the great battle of Armageddon.ADILIVE
2574	LETTERS AND MANUSCRIPTS VOLUME 15, LETTER 79, 1900 PAR.34 - ALSO MAR P.257• The nations of the world are eager for conflict; but they are heldin check by the angels. When this restraining power is removed,there will come a time of trouble and anguish. Deadlyinstruments of warfare will be invented. Vessels, with theirliving cargo, will be entombed in the great deep. All who havenot the spirit of truth will unite under the leadership of satanicagencies. But they are to be kept under control till thetime shall come for the great battle of Armageddon.ADILIVE
2580	LETTERS AND MANUSCRIPTS VOLUME 15, LETTER 79, 1900 PAR.34 - ALSO MAR P.257• The nations of the world are eager for conflict; but they are heldin check by the angels. When this restraining power is removed,there will come a time of trouble and anguish. Deadlyinstruments of warfare will be invented. Vessels, with theirliving cargo, will be entombed in the great deep. All who havenot the spirit of truth will unite under the leadership of satanicagencies. But they are to be kept under control till thetime shall come for the great battle of Armageddon.ADILIVE
2586	LETTERS AND MANUSCRIPTS VOLUME 15, LETTER 79, 1900 PAR.34 - ALSO MAR P.257• The nations of the world are eager for conflict; but they are heldin check by the angels. When this restraining power is removed,there will come a time of trouble and anguish. Deadlyinstruments of warfare will be invented. Vessels, with theirliving cargo, will be entombed in the great deep. All who havenot the spirit of truth will unite under the leadership of satanicagencies. But they are to be kept under control till thetime shall come for the great battle of Armageddon.ADILIVE
2592	LETTERS AND MANUSCRIPTS VOLUME 15, LETTER 79, 1900 PAR.34 - ALSO MAR P.257• The nations of the world are eager for conflict; but they are heldin check by the angels. When this restraining power is removed,there will come a time of trouble and anguish. Deadlyinstruments of warfare will be invented. Vessels, with theirliving cargo, will be entombed in the great deep. All who havenot the spirit of truth will unite under the leadership of satanicagencies. But they are to be kept under control till thetime shall come for the great battle of Armageddon.
2598	LETTERS AND MANUSCRIPTS VOLUME 15, LETTER 79, 1900 PAR.34 - ALSO MAR P.257• The nations of the world are eager for conflict; but they are heldin check by the angels. When this restraining power is removed,there will come a time of trouble and anguish. Deadlyinstruments of warfare will be invented. Vessels, with theirliving cargo, will be entombed in the great deep. All who havenot the spirit of truth will unite under the leadership of satanicagencies. But they are to be kept under control till thetime shall come for the great battle of Armageddon.ADLIVE
2604	LETTERS AND MANUSCRIPTS VOLUME 15, LETTER 79, 1900 PAR.34 - ALSO MAR P.257• The nations of the world are eager for conflict; but they are heldin check by the angels. When this restraining power is removed,there will come a time of trouble and anguish. Deadlyinstruments of warfare will be invented. Vessels, with theirliving cargo, will be entombed in the great deep. All who havenot the spirit of truth will unite under the leadership of satanicagencies. But they are to be kept under control till thetime shall come for the great battle of Armageddon.ADILIVE
2610	LETTERS AND MANUSCRIPTS VOLUME 15, LETTER 79, 1900 PAR.34 - ALSO MAR P.257• The nations of the world are eager for conflict; but they are heldin check by the angels. When this restraining power is removed,there will come a time of trouble and anguish. Deadlyinstruments of warfare will be invented. Vessels, with theirliving cargo, will be entombed in the great deep. All who havenot the spirit of truth will unite under the leadership of satanicagencies. But they are to be kept under control till thetime shall come for the great battle of Armageddon.ADItvLIVE
2616	LETTERS AND MANUSCRIPTS VOLUME 15, LETTER 79, 1900 PAR.34 - ALSO MAR P.257• The nations of the world are eager for conflict; but they are heldin check by the angels. When this restraining power is removed,there will come a time of trouble and anguish. Deadlyinstruments of warfare will be invented. Vessels, with theirliving cargo, will be entombed in the great deep. All who havenot the spirit of truth will unite under the leadership of satanicagencies. But they are to be kept under control till thetime shall come for the great battle of Armageddon.ADILIVE
2622	LETTERS AND MANUSCRIPTS VOLUME 15, LETTER 79, 1900 PAR.34 - ALSO MAR P.257• The nations of the world are eager for conflict; but they are heldin check by the angels. When this restraining power is removed,there will come a time of trouble and anguish. Deadlyinstruments of warfare will be invented. Vessels, with theirliving cargo, will be entombed in the great deep. All who havenot the spirit of truth will unite under the leadership of satanicagencies. But they are to be kept under control till thetime shall come for the great battle of Armageddon.ADILIVE
2628	LETTERS AND MANUSCRIPTS VOLUME 15, LETTER 79, 1900 PAR.34 - ALSO MAR P.257• The nations of the world are eager for conflict; but they are heldin check by the angels. When this restraining power is removed,there will come a time of trouble and anguish. Deadlyinstruments of warfare will be invented. Vessels, with theirliving cargo, will be entombed in the great deep. All who havenot the spirit of truth will unite under the leadership of satanicagencies. But they are to be kept under control till thetime shall come for the great battle of Armageddon.ADILIVE
2634	LETTERS AND MANUSCRIPTS VOLUME 15, LETTER 79, 1900 PAR.34 - ALSO MAR P.257• The nations of the world are eager for conflict; but they are heldin check by the angels. When this restraining power is removed,there will come a time of trouble and anguish. Deadlyinstruments of warfare will be invented. Vessels, with theirliving cargo, will be entombed in the great deep. All who havenot the spirit of truth will unite under the leadership of satanicagencies. But they are to be kept under control till thetime shall come for the great battle of Armageddon.ADILIVE
2640	LETTERS AND MANUSCRIPTS VOLUME 15, LETTER 79, 1900 PAR.34 - ALSO MAR P.257• The nations of the world are eager for conflict; but they are heldin check by the angels. When this restraining power is removed,there will come a time of trouble and anguish. Deadlyinstruments of warfare will be invented. Vessels, with theirliving cargo, will be entombed in the great deep. All who havenot the spirit of truth will unite under the leadership of satanicagencies. But they are to be kept under control till thetime shall come for the great battle of Armageddon.ADILIVE
2646	LETTERS AND MANUSCRIPTS VOLUME 15, LETTER 79, 1900 PAR.34 - ALSO MAR P.257• The nations of the world are eager for conflict; but they are heldin check by the angels. When this restraining power is removed,there will come a time of trouble and anguish. Deadlyinstruments of warfare will be invented. Vessels, with theirliving cargo, will be entombed in the great deep. All who havenot the spirit of truth will unite under the leadership of satanicagencies. But they are to be kept under control till thetime shall come for the great battle of Armageddon.ADILIVE
2652	LETTERS AND MANUSCRIPTS VOLUME 15, LETTER 79, 1900 PAR.34 - ALSO MAR P.257• The nations of the world are eager for conflict; but they are heldin check by the angels. When this restraining power is removed,there will come a time of trouble and anguish. Deadlyinstruments of warfare will be invented. Vessels, with theirliving cargo, will be entombed in the great deep. All who havenot the spirit of truth will unite under the leadership of satanicagencies. But they are to be kept under control till thetime shall come for the great battle of Armageddon.ADILIVE
2658	LETTERS AND MANUSCRIPTS VOLUME 15, LETTER 79, 1900 PAR.34 - ALSO MAR P.257• The nations of the world are eager for conflict; but they are heldin check by the angels. When this restraining power is removed,there will come a time of trouble and anguish. Deadlyinstruments of warfare will be invented. Vessels, with theirliving cargo, will be entombed in the great deep. All who havenot the spirit of truth will unite under the leadership of satanicagencies. But they are to be kept under control till thetime shall come for the great battle of Armageddon.ADILIVE
2664	LETTERS AND MANUSCRIPTS VOLUME 15, LETTER 79, 1900 PAR.34 - ALSO MAR P.257• The nations of the world are eager for conflict; but they are heldin check by the angels. When this restraining power is removed,there will come a time of trouble and anguish. Deadlyinstruments of warfare will be invented. Vessels, with theirliving cargo, will be entombed in the great deep. All who havenot the spirit of truth will unite under the leadership of satanicagencies. But they are to be kept under control till thetime shall come for the great battle of Armageddon.ADILIVE
2670	LETTERS AND MANUSCRIPTS VOLUME 15, LETTER 79, 1900 PAR.34 - ALSO MAR P.257• The nations of the world are eager for conflict; but they are heldin check by the angels. When this restraining power is removed,there will come a time of trouble and anguish. Deadlyinstruments of warfare will be invented. Vessels, with theirliving cargo, will be entombed in the great deep. All who havenot the spirit of truth will unite under the leadership of satanicagencies. But they are to be kept under control till thetime shall come for the great battle of Armageddon.ADLIVE
2676	AD.
2682	AD.
2688	ALD.You're Watching the Final Episode of the Judgment Day StudiesThe Battle of Armageddon
2694	You're Watching the Final Episode of the Judgment Day StudiesThe Battle of ArmageddonADILIVE
2700	ALDYou're Watching the Final Episode of the Judgment Day StudiesThe Battle of Armageddon
2706	ALD.You're Watching the Final Episode of the Judgment Day StudiesThe Battle of Armageddon
2712	ALD.You're Watching the Final Episode of the Judgment Day StudiesThe Battle of Armageddon
2718	AD.
2724	MacKenzie DrebitVice PresidentALD.
2730	MacKenzie DrebitVice PresidentALD.
2736	MacKenzie DrebitVice PresidentALD.
2742	MacKenzie DrebitVice PresidentALD.
2748	MacKenzie DrebitVice PresidentALD.
2754	MacKenzie DrebitVice PresidentALD.
2760	MacKenzie DrebitVice PresidentALD.
2766	MacKenzie DrebitVice PresidentALD.
2772	AL.
2778	AD.
2784	AR.
2790	AD.
2796	AL.
2802	LETTERS AND MANUSCRIPTS VOLUME 15, LETTER 79, 1900 PAR.34 - ALSO MAR P.257• The nations of the world are eager for conflict; but they are heldin check by the angels. When this restraining power is removed,there will come a time of trouble and anguish. Deadlyinstraments of warfare will be invented. Vessels, with theirliving cargo, will be entombed in the great deep. All who havenot the spirit of truth will unite under the leadership of satanicagencies. But they are to be kept under control till thetime shall come for the great battle of Armageddon.ADILIVE
2808	THE PRESENT TRUTH SEPTEMBER 10, 1896, P.592.16- ELLET JOSEPH WAGGONER• The Turk himself understands that he will be driven fromEurope, -and that "then the Messiah will come." The one surething in this world is the fulfilment of prophecy. It has beenfulfilled,-it will be. The events which will follow the removal ofthe Turkish capital to Jerusalem (Daniel 11:45) are narratedin Revelation 16:12-21. The battle of Armageddon is one ofthem.AD.
2814	THE PRESENT TRUTH SEPTEMBER 10, 1896, P.592.16- ELLET JOSEPH WAGGONER• The Turk himself understands that he will be driven fromEurope,-and that "then the Messiah will come." The one surething in this world is the fulfilment of prophecy. It has beenfulfilled,-it will be. The events which will follow the removal ofthe Turkish capital to Jerusalem (Daniel 11:45) are narratedin Revelation 16:12-21. The battle of Armageddon is one ofthem.AD.
2820	THE PRESENT TRUTH SEPTEMBER 10, 1896, P.592.16- ELLET JOSEPH WAGGONER• The Turk himself understands that he will be driven fromEurope, -and that "then the Messiah will come." The one surething in this world is the fulfilment of prophecy. It has beenfulfilled,-it will be. The events which will follow the removal ofthe Turkish capital to Jerusalem (Daniel 11:45) are narratedin Revelation 16:12-21. The battle of Armageddon is one ofthem.AD.
2826	THE PRESENT TRUTH SEPTEMBER 10, 1896, P.592.16- ELLET JOSEPH WAGGONER• The Turk himself understands that he will be driven fromEurope,-and that "then the Messiah will come." The one surething in this world is the fulfilment of prophecy. It has beenfulfilled,-it will be. The events which will follow the removal ofthe Turkish capital to Jerusalem (Daniel 11:45) are narratedin Revelation 16:12-21. The battle of Armageddon is one ofthem.ADLIVE
2832	THE PRESENT TRUTH SEPTEMBER 10, 1896, P.592.16- ELLET JOSEPH WAGGONER• The Turk himself understands that he will be driven fromEurope, -and that "then the Messiah will come." The one surething in this world is the fulfilment of prophecy. It has beenfulfilled,-it will be. The events which will follow the removal ofthe Turkish capital to Jerusalem (Daniel 11:45) are narratedin Revelation 16:12-21. The battle of Armageddon is one ofthem.AD.
2838	THE PRESENT TRUTH SEPTEMBER 10, 1896, P.592.16- ELLET JOSEPH WAGGONER• The Turk himself understands that he will be driven fromEurope,-and that "then the Messiah will come." The one surething in this world is the fulfilment of prophecy. It has beenfulfilled,-it will be. The events which will follow the removal ofthe Turkish capital to Jerusalem (Daniel 11:45) are narratedin Revelation 16:12-21. The battle of Armageddon is one ofthem.AD.
2844	THE PRESENT TRUTH SEPTEMBER 10, 1896, P.592.16- ELLET JOSEPH WAGGONER• The Turk himself understands that he will be driven fromEurope,-and that "then the Messiah will come."The one surething in this world is the fulfilment of prophecy. It has beenfulfilled,-it will be. The events which will follow the removal ofthe Turkish capital to Jerusalem (Daniel 11:45) are narratedin Revelation 16:12-21. The battle of Armageddon is one ofthem.ADLIVE
2850	THE PRESENT TRUTH SEPTEMBER 10, 1896, P.592.16- ELLET JOSEPH WAGGONER• The Turk himself understands that he will be driven fromEurope,-and that then the Messiah will come." The one surething in this world is the fulfilment of prophecy. It has beenfulfilled,-it will be. The events which will follow the removal ofthe Turkish capital to Jerusalem (Daniel 11:45) are narratedin Revelation 16:12-21. The battle of Armageddon is one ofthem.AD.
2856	THE PRESENT TRUTH APRIL 1, 1897 P. 195- ELLET JOSEPH WAGGONER• "And he shall plant the tabernacles of his palace between the seas inthe glorious holy mountain; yet he shall come to his end and noneshall help him.ADLIVEis to come• "And at that time shall Michael stand up, the great prince whichstandeth for the children of thy people: and there shall be aGrande storas coveres since people as a hates even a that sameshall be found written in the pes Danied evered, every one thatDaniel 12:1.
2862	THE PRESENT TRUTH APRIL 1, 1897 P. 195- ELLET JOSEPH WAGGONER• "And he shall plant the tabernacles of his palace between the seas inhe glorous holy mountain; yet he shall come to his end and nonehall help him.ADLIVEis to come• "And at that time shall Michael stand up, the great prince whichstandeth for the children of thy people: and there shall be agroute a steer y along we need, ven one thaneand at that time thyDaniel 12:1.
2868	THE PRESENT TRUTH APRIL 1, 1897 P. 195- ELLET JOSEPH WAGGONER• "And he shall plant the tabernacles of his palace between the seas inhe glorous holy mountain; yet he shall come to his end and nonehall help him.ADis to come• "And at that time shall Michael stand up, the great prince whichstandeth for the children of thy people: and there shall be ashas and wile th he bor bant a red, even one sameDaniel 12:1.
2874	THE PRESENT TRUTH APRIL 1, 1897 P. 195- ELLET JOSEPH WAGGONER• "And he shall plant the tabernacles of his palace between the seas inhe glorous holy mountain; yet he shall come to his end and nonehall help him.ADis to come• "And at that time shall Michael stand up, the great prince whichstandeth for the children of thy people: and there shall be a time ofand at that time thyDaniel 12:1.
2880	THE PRESENT TRUTH APRIL 1, 1897 P. 195- ELLET JOSEPH WAGGONER• "And he shall plant the tabernacles of his palace between the seas inhe glorous holy mountain; yet he shall come to his end and nonehall help him.ADis to come• "And at that time shall Michael stand up, the great prince whichstandeth for the children of thy people: and there shall be a time ofshas and wile th he bo bant a red, even one sameDaniel 12:1.
2886	THE PRESENT TRUTH APRIL 1, 1897 P. 195- ELLET JOSEPH WAGGONERhe depth eate are a he in one he read not ine battle o the last day, omemageddon, is to be fought, andThe t at on, phe hay deser bie the can that or the 0 on totime; and at that time thyshall be to at that time thy peoples. Dine delivered, every one thatDaniel 12:1ADLIVE
2892	THE PRESENT TRUTH APRIL 1, 1897 P. 195- ELLET JOSEPH WAGGONERhe hapte nate a yet sit me here the not inis to comeshall be to arth at ite thy peoplesh Dine denvered, every one thatDaniel 12:1ADLIVE
2898	ADLIVETHE PRESENT TRUTH APRIL 1, 1897 P. 195- ELLET JOSEPH WAGGONERshall help him.time; and at that time thyshall be to anth arite thy peoplesh Dane denvered, every one thatDaniel 12:1
2904	THE PRESENT TRUTH APRIL 1, 1897 P. 195- ELLET JOSEPH WAGGONERhe hapte nate a verdest me here the notinis to comeshali be found written in peopes. Danied invered, every one thatDaniel 12:1ADLIVE
2910	THE PRESENT TRUTH APRIL 1, 1897 P. 195- ELLET JOSEPH WAGGONERchat a hi. vers a , ya he hal come is one and not inshall help him.he battle of the last day, comes ageddon, is to be fought, andeis to cometime: and at that time thyshall be to arth arite thy peoplesh Dane delivered, every one thatDaniel 12:1ADLIVE
2916	THE PRESENT TRUTH APRIL 1, 1897 P. 195- ELLET JOSEPH WAGGONERheaphie are Ash ye lesh mero hite and non inshall help him.he battle of the last day, cArs ageddon, is to be fought, andetime: and at that time thyshali be to at that fiven thy people shallhe delivered, every one thatDaniel 12:1ADLIVE
2922	THE PRESENT TRUTH APRIL 1, 1897 P. 195- ELLET JOSEPH WAGGONERhe hapte ente a verse sit me it one the none inshali be found written in peopes. Daniel invered, every one thatDaniel 12:1ADLIVE
2928	THE PRESENT TRUTH APRIL 1, 1897 P. 195- ELLET JOSEPH WAGGONERho lap i vers a ya he hal come is one and not inshali help him.e battle of the last day, omenageddon, is to be fought, andthe fital connie here. And in his the thing of ere North into cos tois to cometo his end, and none shallAn a hat lie cat i and stand i got it that onesial se to at that firen thy people shallhe delivered, every one thatDaniel 12:1ADLIVE
2934	THE PRESENT TRUTH APRIL 1, 1897 P. 195- ELLET JOSEPH WAGGONERhe hapte nate a vee sit me it one the not inand at at lie at to and stand i got are it oneshall be to anth arite thy peoplesh Dane delivered, every one thatDaniel 12:1ADLIVE
2940	THE PRESENT TRUTH APRIL 1, 1897 P. 195- ELLET JOSEPH WAGGONERhe hapte ate ate a he site one here and some inle battle of the last day, comes ageddon, is to be fought, andeis to cometime; and at that time thysial de to at that firen thy people shallhe delivered, every one thatDaniel 12:1ADLIVE
2946	THE PRESENT TRUTH APRIL 1, 1897 P. 195- ELLET JOSEPH WAGGONERhe laph eat tan ye he sial one o he end at montinAnd a at lie cat i and stand i got it this oneshali be found written thy he ples Dine delivered, every one thatDaniel 12:1ADLIVE
2952	ADVENTIST REVIEW AND SABBATH HERALD OCTOBER 2, 1900, P.632.11 -ALONZO TREVIER JONES• What, then, are the scriptures that relate to Turkey in this time?The last verses of Daniel 11 relate to Turkey, which, as king ofthe north, with its center at Constantinople, occupies, in directdescent, the place of the original king of the north in the divisionof the empire of Alexander the Great, as in the fourth verse andonward. And of this Power it is written: "He shall plant thetabernacles of his palace between the seas in the glorious holymountain; yet he shall come to his end, and none shall helphim." Daniel 11:45.ADLIVE
2958	ADVENTIST REVIEW AND SABBATH HERALD OCTOBER 2, 1900, P.632.11 -ALONZO TREVIER JONES• What, then, are the scriptures that relate to Turkey in this time?The last verses of Daniel 11 relate to Turkey, which, as king ofthe north, with its center at Constantinople, occupies, in directdescent, the place of the original king of the north in the divisionof the empire of Alexander the Great, as in the fourth verse andonward. And of this Power it is written: "He shall plant thetabernacles of his palace between the seas in the glorious holymountain; yet he shall come to his end, and none shall helphim." Daniel 11:45.ADLIVE
2964	ADVENTIST REVIEW AND SABBATH HERALD OCTOBER 2, 1900, P.632.11 -ALONZO TREVIER JONES• What, then, are the scriptures that relate to Turkey in this time?The last verses of Daniel 11 relate to Turkey, which, as king ofthe north, with its center at Constantinople, occupies, in directdescent, the place of the original king of the north in the divisionof the empire of Alexander the Great, as in the fourth verse andonward. And of this Power it is written: "He shall plant thetabernacles of his palace between the seas in the glorious holymountain; yet he shall come to his end, and none shall helphim." Daniel 11:45.ALD
2970	ADVENTIST REVIEW AND SABBATH HERALD OCTOBER 2, 1900, P.632.11 -ALONZO TREVIER JONES• What, then, are the scriptures that relate to Turkey in this time?The last verses of Daniel 11 relate to Turkey, which, as king ofthe north, with its center at Constantinople, occupies, in directdescent, the place of the original king of the north in the divisionof the empire of Alexander the Great, as in the fourth verse andonward. And of this Power it is written: "He shall plant thetabernacles of his palace between the seas in the glorious holymountain; yet he shall come to his end, and none shall helphim." Daniel 11:45.ADtyLIVE
2976	ADVENTIST REVIEW AND SABBATH HERALD OCTOBER 2, 1900, P.632.11 -ALONZO TREVIER JONES• What, then, are the scriptures that relate to Turkey in this time?The last verses of Daniel 11 relate to Turkey, which, as king ofthe north, with its center at Constantinople, occupies, in directdescent, the place of the original king of the north in the divisionof the empire of Alexander the Great, as in the fourth verse andonward. And of this Power it is written: "He shall plant thetabernacles of his palace between the seas in the glorious holymountain; yet he shall come to his end, and none shall helphim." Daniel 11:45.ADLIVE
2982	AD.
2988	AD.DANIELREVELATION
2994	2024 Camp MeetingGo to AD YouTube LiveDANIELREVELATIONADLIVE
3000	2024 Camp MeetingGo to AD YouTube LiveDANIELREVELATIONADLIVE
3006	LIVEGet Exposing Deceptions on Thoughts on Daniel & Revelation:danielrevelationdeception.amazingdiscoveries.org
3012	Get Exposing Deceptions on Thoughts on Daniel & Revelation:danielrevelationdeception.amazingdiscoveries.orgADILIVE
3018	ADVENTIST REVIEW AND SABBATH HERALD DECEMBER 2, 1862 P.5.6 - JAMESWHITEPrepared by the diving up or consumption of the Ottoman power? Theanswer is obvious. For what is the way of these kings to be prepared? Ans.To come up to the greatoRlde, Where is the batte to be toughlaJerusalem. See Joe,and Zephaniah. ...Therefore the four allied powers ofsurope are pledged to sustain the integrity of the Sultan's throne. By thenlone it is now maintained, and when they shall withdraw their hands, andleave it to itself, as we believe they will do under the sixth plague, thatsymbolic river will be clean dried up,will be it open for the dear ds to uph To the holy hand, Theking oh cheEast, the nationalities, powers, and kingdoms lying east of Palestine, willact a conspicuous part in the matter; for Joel says in reference to thiscene, Lo"the heathen" be wakened and come up to the valley ofADtvLIVE
3024	ADVENTIST REVIEW AND SABBATH HERALD DECEMBER 2, 1862 P.5.6 - JAA RWHITE• Again, it may be asked how the way of the kings of the East will beprepared by the drying up or consumption of the Ottoman power? Theanswer is obvious. For what is the way of these kings to be prepared? Ans.To come up to the great battle. Where is the battle to be fought? AtJerusalem. See Joel and Zephaniah. ...Therefore the four allied powers ofEurope are pledged to sustain the integrity of the Sultan's throne. By themalone it is now maintained, and when they shall withdraw their hands, andleave it to itself, as we believe they will do under the sixth plague, that'symbolic river will be clean dried up, Turkey will be no more, and the waywill be all open for the nations to rush to the holy land. The kings of theJehoshaphat.
3030	ADVENTIST REVIEW AND SABBATH HERALD DECEMBER 2, 1862 P.5.6 - JAARWHITE• Again, it may be asked how the way of the kings of the East will beprepared by the drying up or consumption of the Ottoman power? Theanswer is obvious. For what is the way of these kings to be prepared? Ans.To come up to the great battle. Where is the battle to be fought? AtJerusalem. See Joel and Zephaniah. ...Therefore the four allied powers ofEurope are pledged to sustain the integrity of the Sultan's throne. By themalone it is now maintained, and when they shall withdraw their hands, andleave it to itself, as we believe they will do under the sixth plague, thatsymbolic river will be clean dried up, Turkey will be no more, and the waywill be all open for the nations to rush to the holy land. The kings of theJehoshaphat.
3036	ADVENTIST REVIEW AND SABBATH HERALD DECEMBER 2, 1862 P.5.6 - JAAR.WHITE• Again, it may be asked how the way of the kings of the East will beprepared by the drying up or consumption of the Ottoman power? Theanswer is obvious. For what is the way of these kings to be prepared? Ans.To come up to the great battle. Where is the battle to be tought? AtJerusalem. See Joel and Zephaniah. ...Therefore the four allied powers ofEurope are pledged to sustain the integrity of the Sultan's throne. By themalone it is now maintained, and when they shall withdraw their hands, andleave it to itself, as we believe they will do under the sixth plague, thatsymbolic river will be clean dried up, Turkey will be no more, and the waywill be all open for the nations to rush to the holy land. The kings of theEast, the nationalities, powers, and kingdoms lying east of Palestine, willact a conspicuous part in the matter; for Joel says in reference to thisscene, Let "the heathen" be wakened and come up to the valley of ..Jehoshaphat.
3042	ADVENTIST REVIEW AND SABBATH HERALD DECEMBER 2, 1862 P.5.6 - JAAR.WHITE• Again, it may be asked how the way of the kings of the East will beprepared by the drying up or consumption of the Ottoman power? Theanswer is obvious. For what is the way of these kings to be prepared? Ans.To come up to the great battle. Where is the battle to be fought? AtJerusalem. See Joel and Zephaniah. ...Therefore the four allied powers ofEurope are pledged to sustain the integrity of the Sultan's throne. By themalone it is now maintained, and when they shall withdraw their hands, andleave it to itself, as we believe they will do under the sixth plague, thatsymbolic river will be clean dried up, Turkey will be no more, and the waywill be all open for the nations to rush to the holy land. The kings of theJehoshaphat.
3048	ADVENTIST REVIEW AND SABBATH HERALD DECEMBER 2, 1862 P.5.6 - JAA RWHITE• Again, it may be asked how the way of the kings of the East will beprepared by the drying up or consumption of the Ottoman power? Theanswer is obvious. For what is the way of these kings to be prepared? Ans.To come up to the great battle. Where is the battle to be fought? AtJerusalem. See Joel and Zephaniah. ...Therefore the four allied powers ofEurope are pledged to sustain the integrity of the Sultan's throne. By themalone it is now maintained, and when they shall withdraw their hands, andleave it to itself, as we believe they will do under the sixth plague, thatsymbolic river will be clean dried up, Turkey will be no more, and the waywill be all open for the nations to rush to the holy land. The kings of theJehoshaphat.
3054	ADVENTIST REVIEW AND SABBATH HERALD DECEMBER 2, 1862 P.5.6 - JAA RWHITE• Again, it may be asked how the way of the kings of the East will beprepared by the drying up or consumption of the Ottoman power? Theanswer is obvious. For what is the way of these kings to be prepared? Ans.To come up to the great battle. Where is the battle to be fought? AtJerusalem. See Joel and Zephaniah. ...Therefore the four allied powers ofEurope are pledged to sustain the integrity of the Sultan's throne. By themalone it is now maintained, and when they shall withdraw their hands, andleave it to itself, as we believe they will do under the sixth plague, thatsymbolic river will be clean dried up, Turkey will be no more, and the waywill be all open for the nations to rush to the holy land. The kings of theJehoshaphat.
3060	ADVENTIST REVIEW AND SABBATH HERALD DECEMBER 2, 1862 P.5.6 - JAARWHITE• Again, it may be asked how the way of the kings of the East will beprepared by the drying up or consumption of the Ottoman power? Theanswer is obvious. For what is the way of these kings to be prepared? Ans.To come up to the great battle. Where is the battle to be fought? AtJerusalem. See Joel and Zephaniah. ...Therefore the four allied powers ofEurope are pledged to sustain the integrity of the Sultan's throne. By themalone it is now maintained, and when they shall withdraw their hands, andleave it to itself, as we believe they will do under the sixth plague, thatsymbolic river will be clean dried up, Turkey will be no more, and the waywill be all open for the nations to rush to the holy land. The kings of theJehoshaphat.
3066	ADVENTIST REVIEW AND SABBATH HERALD DECEMBER 2, 1862 P.5.6 - JAA. RWHITE• Again, it may be asked how the way of the kings of the East will beprepared by the drying up or consumption of the Ottoman power? Theanswer is obvious. For what is the way of these kings to be prepared? Ans.To come up to the great battle. Where is the battle to be fought? AtJerusalem. See Joel and Zephaniah. ...Therefore the four allied powers ofEurope are pledged to sustain the integrity of the Sultan's throne. By themalone it is now maintained, and when they shall withdraw their hands, andleave it to itself, as we believe they will do under the sixth plague, thatsymbolic river will be clean dried up, Turkey will be no more, and the waywill be all open for the nations to rush to the holy land. The kings of theEast, the nationalities, powers, and kingdoms lying east of Palestine, willact a conspicuous part in the matter; for Joel says in reference to thisscene, Let "the heathen" be wakened and come up to the valley of ..Jehoshaphat.
3072	ADVENTIST REVIEW AND SABBATH HERALD DECEMBER 2, 1862 P.5.6 - JAA RWHITE• Again, it may be asked how the way of the kings of the East will beprepared by the drying up or consumption of the Ottoman power? Theanswer is obvious. For what is the way of these kings to be prepared? Ans.To come up to the great battle. Where is the battle to be fought? AtJerusalem. See Joel and Zephaniah. ...Therefore the four allied powers ofEurope are pledged to sustain the integrity of the Sultan's throne. By themalone it is now maintained, and when they shall withdraw their hands, andleave it to itself, as we believe they will do under the sixth plague, thatsymbolic river will be clean dried up, Turkey will be no more, and the waywill be all open for the nations to rush to the holy land. The kings of theJehoshaphat.
3078	ADVENTIST REVIEW AND SABBATH HERALD DECEMBER 2, 1862 P.5.6 - JAA RWHITE• Again, it may be asked how the way of the kings of the East will beprepared by the drying up or consumption of the Ottoman power? Theanswer is obvious. For what is the way of these kings to be prepared? Ans.To come up to the great battle. Where is the battle to be fought? AtJerusalem. See Joel and Zephaniah. ...Therefore the four allied powers ofEurope are pledged to sustain the integrity of the Sultan's throne. By themalone it is now maintained, and when they shall withdraw their hands, andleave it to itself, as we believe they will do under the sixth plague, that'symbolic river will be clean dried up, Turkey will be no more, and the waywill be all open for the nations to rush to the holy land. The kings of theJehoshaphat.
3084	ADVENTIST REVIEW AND SABBATH HERALD DECEMBER 2, 1862 P.5.6 - JAARWHITE• Again, it may be asked how the way of the kings of the East will beprepared by the drying up or consumption of the Ottoman power? Theanswer is obvious. For what is the way of these kings to be prepared? Ans.To come up to the great battle. Where is the battle to be fought? AtJerusalem. See Joel and Zephaniah. ...Therefore the four allied powers ofEurope are pledged to sustain the integrity of the Sultan's throne. By themalone it is now maintained, and when they shall withdraw their hands, andleave it to itself, as we believe they will do under the sixth plague, thatsymbolic river will be clean dried up, Turkey will be no more, and the waywill be all open for the nations to rush to the holy land. The kings of theJehoshaphat.
3090	ADVENTIST REVIEW AND SABBATH HERALD DECEMBER 2, 1862 P.5.6 - JAARWHITE• Again, it may be asked how the way of the kings of the East will beprepared by the drying up or consumption of the Ottoman power? Theanswer is obvious. For what is the way of these kings to be prepared? Ans.To come up to the great battle. Where is the battle to be fought? AtJerusalem. See Joel and Zephaniah. ...Therefore the four allied powers ofEurope are pledged to sustain the integrity of the Sultan's throne. By themalone it is now maintained, and when they shall withdraw their hands, andleave it to itself, as we believe they will do under the sixth plague, thatsymbolic river will be clean dried up, Turkey will be no more, and the waywill be all open for the nations to rush to the holy land. The kings of theJehoshaphat.
3096	ADVENTIST REVIEW AND SABBATH HERALD DECEMBER 2, 1862 P.5.6 - JAA RWHITE• Again, it may be asked how the way of the kings of the East will beprepared by the drying up or consumption of the Ottoman power? Theanswer is obvious. For what is the way of these kings to be prepared? Ans.To come up to the great battle. Where is the battle to be fought? AtJerusalem. See Joel and Zephaniah. ...Therefore the four allied powers ofEurope are pledged to sustain the integrity of the Sultan's throne. By themalone it is now maintained, and when they shall withdraw their hands, andleave it to itself, as we believe they will do under the sixth plague, thatsymbolic river will be clean dried up, Turkey will be no more, and the waywill be all open for the nations to rush to the holy land. The kings of theEast, the nationalities, powers, and kingdoms lying east of Palestine, willact a conspicuous part in the matter; for Joel says in reference to thisscene, Let "the heathen" be wakened and come up to the valley of -Jehoshaphat.
3102	ADVENTIST REVIEW AND SABBATH HERALD DECEMBER 2, 1862 P.5.6 - JAA. RWHITE• Again, it may be asked how the way of the kings of the East will beprepared by the drying up or consumption of the Ottoman power? Theanswer is obvious. For what is the way of these kings to be prepared? Ans.To come up to the great battle. Where is the battle to be fought? AtJerusalem. See Joel and Zephaniah. ...Therefore the four allied powers ofEurope are pledged to sustain the integrity of the Sultan's throne. By themalone it is now maintained, and when they shall withdraw their hands, andleave it to itself, as we believe they will do under the sixth plague, thatsymbolic river will be clean dried up, Turkey will be no more, and the waywill be all open for the nations to rush to the holy land. The kings of theEast, the nationalities, powers, and kingdoms lying east of Palestine, willact a conspicuous part in the matter; for Joel says in reference to thisscene, Let "the heathen" be wakened and come up to the valley of ..Jehoshaphat.
3108	ADVENTIST REVIEW AND SABBATH HERALD DECEMBER 2, 1862 P.5.6 - JAA RWHITE• Again, it may be asked how the way of the kings of the East will beprepared by the drying up or consumption of the Ottoman power? Theanswer is obvious. For what is the way of these kings to be prepared? Ans.To come up to the great battle. Where is the battle to be fought? AtJerusalem. See Joel and Zephaniah. ...Therefore the four allied powers ofEurope are pledged to sustain the integrity of the Sultan's throne. By themalone it is now maintained, and when they shall withdraw their hands, andleave it to itself, as we believe they will do under the sixth plague, thatsymbolic river will be clean dried up, Turkey will be no more, and the waywill be all open for the nations to rush to the holy land. The kings of theJehoshaphat.
3114	ADVENTIST REVIEW AND SABBATH HERALD DECEMBER 2, 1862 P.5.6 - JAA RWHITE• Again, it may be asked how the way of the kings of the East will beprepared by the drying up or consumption of the Ottoman power? Theanswer is obvious. For what is the way of these kings to be prepared? Ans.To come up to the great battle. Where is the battle to be fought? AtJerusalem. See Joel and Zephaniah. ...Therefore the four allied powers ofEurope are pledged to sustain the integrity of the Sultan's throne. By themalone it is now maintained, and when they shall withdraw their hands, andleave it to itself, as we believe they will do under the sixth plague, thatsymbolic river will be clean dried up, Turkey will be no more, and the waywill be all open for the nations to rush to the holy land. The kings of theEast, the nationalities, powers, and kingdoms lying east of Palestine, willact a conspicuous part in the matter; for Joel says in reference to thisscene, Let "the heathen" be wakened and come up to the valley of ..Jehoshaphat.
3120	ADVENTIST REVIEW AND SABBATH HERALD DECEMBER 2, 1862 P.5.6 - JAA RWHITE• Again, it may be asked how the way of the kings of the East will beprepared by the drying up or consumption of the Ottoman power? Theanswer is obvious. For what is the way of these kings to be prepared? Ans.To come up to the great battle. Where is the battle to be fought? AtJerusalem. See Joel and Zephaniah. ...Therefore the four allied powers ofEurope are pledged to sustain the integrity of the Sultan's throne. By themalone it is now maintained, and when they shall withdraw their hands, andleave it to itself, as we believe they will do under the sixth plague, that'symbolic river will be clean dried up, Turkey will be no more, and the waywill be all open for the nations to rush to the holy land. The kings of theJehoshaphat.
3126	ADVENTIST REVIEW AND SABBATH HERALD DECEMBER 2, 1862 P.5.6 - JAARWHITE• Again, it may be asked how the way of the kings of the East will beprepared by the drying up or consumption of the Ottoman power? Theanswer is obvious. For what is the way of these kings to be prepared? Ans.To come up to the great battle. Where is the battle to be fought? AtJerusalem. See Joel and Zephaniah. ...Therefore the four allied powers ofEurope are pledged to sustain the integrity of the Sultan's throne. By themalone it is now maintained, and when they shall withdraw their hands, andleave it to itself, as we believe they will do under the sixth plague, that'symbolic river will be clean dried up, Turkey will be no more, and the waywill be all open for the nations to rush to the holy land. The kings of theJehoshaphat.
3132	ADVENTIST REVIEW AND SABBATH HERALD DECEMBER 2, 1862 P.5.6 - JAA RWHITE• Again, it may be asked how the way of the kings of the East will beprepared by the drying up or consumption of the Ottoman power? Theanswer is obvious. For what is the way of these kings to be prepared? Ans.To come up to the great battle. Where is the battle to be fought? AtJerusalem. See Joel and Zephaniah. ...Therefore the four allied powers ofEurope are pledged to sustain the integrity of the Sultan's throne. By themalone it is now maintained, and when they shall withdraw their hands, andleave it to itself, as we believe they will do under the sixth plague, thatsymbolic river will be clean dried up, Turkey will be no more, and the waywill be all open for the nations to rush to the holy land. The kings of theJehoshaphat.
3138	ADVENTIST REVIEW AND SABBATH HERALD DECEMBER 2, 1862 P.5.6 - JAARWHITE• Again, it may be asked how the way of the kings of the East will beprepared by the drying up or consumption of the Ottoman power? Theanswer is obvious. For what is the way of these kings to be prepared? Ans.To come up to the great battle. Where is the battle to be fought? AtJerusalem. See Joel and Zephaniah. ...Therefore the four allied powers ofEurope are pledged to sustain the integrity of the Sultan's throne. By themalone it is now maintained, and when they shall withdraw their hands, andleave it to itself, as we believe they will do under the sixth plague, thatsymbolic river will be clean dried up, Turkey will be no more, and the waywill be all open for the nations to rush to the holy land. The kings of theJehoshaphat.
3144	ADVENTIST REVIEW AND SABBATH HERALD DECEMBER 2, 1862 P.5.6 - JAMESWHITE• Again, it may be asked how the way of the kings of the East will beprepared by the drying up or consumption of the Ottoman power? Theanswer is obvious. For what is the way of these kings to be prepared? Ans.To come up to the great battle. Where is the battle to be fought? AtJerusalem. See Joeland Zephaniah. ...Therefore the four allied powers ofEurope are pledged to sustain the integrity of the Sultan's throne. By themalone it is now maintained, and when they shall withdraw their hands, andleave it to itself, as we believe they will do under the sixth plague, thatsymbolic river will be clean dried up. Turkey will be no more, and the waywill be all open for the nations to rush to the holy land. The kings of theEast, the nationalities, powers, and kingdoms lying east of Palestine, willact a conspicuous part in the matter; for Joel says in reference to thisscene, Let "the heathen" be wakened and come up to the valley ofJehoshaphat.ADtvLIVE
3150	ADVENTIST REVIEW AND SABBATH HERALD DECEMBER 2, 1862 P.5.6 - JAMESWHITE• Again, it may be asked how the way of the kings of the East will beprepared by the drying up or consumption of the Ottoman power? Theanswer is obvious. For what is the way of these kings to be prepared? Ans.To come up to the great battle. Where is the battle to be fought? AtJerusalem. See Joeland Zephaniah. …..Therefore the four allied powers ofEurope are pledged to sustain the integrity of the Sultan's throne. By themalone it is now maintained, and when they shall withdraw their hands, andleave it to itself, as we believe they will do under the sixth plague, thatsymbolic river will be clean dried up. Turkey will be no more, and the wayvill be all open for the nations to rush to the holy land. The kings of theEast, the nationalities, powers, and kingdoms lying east of Palestine, willact a conspicuous part in the matter; for Joel says in reference to thisscene, Let "the heathen" be wakened and come up to the valley ofJehoshaphat.ADtyLIVE
3156	INTERNATIONAL SABBATH-SCHOOL QUARTERLY THE PROPHECIES OF DANIEL -FIRST QUARTER 1904 - LESSON 12 NOTE 2.• It must be clear to every careful reader that the driving of theTurk from the soil of Europe will be the fulfilment o' the closingverse of the eleventh chapter of Daniel's prophecy. What makesthis line of prophecy of momentous interest to every one nowliving is the fact that the downfall of the Turkish Empire will bethe signal of the most sublime events that the world has everwitnessed. The prophecy closes with the first two verses ofchapter 12.ADItvLIVE
3162	INTERNATIONAL SABBATH-SCHOOL QUARTERLY THE PROPHECIES OF DANIAD.FIRST QUARTER 1904 - LESSON 12 NOTE 2.• It must be clear to every careful reader that the driving of theTurk from the soil of Europe will be the fulfilment o' the closingverse of the eleventh chapter of Daniel's prophecy. What makesthis line of prophecy of momentous interest to every one nowliving is the fact that the downfall of the Turkish Empire will bethe signal of the most sublime events that the world has everwitnessed. The prophecy closes with the first two verses ofchapter 12.
3168	INTERNATIONAL SABBATH-SCHOOL QUARTERLY THE PROPHECIES OF DANIA D.FIRST QUARTER 1904 - LESSON 12 NOTE 2.• It must be clear to every careful reader that the driving of theTurk from the soil of Europe will be the fulfilment o' the closingverse of the eleventh chapter of Daniel's prophecy. What makesthis line of prophecy of momentous interest to every one nowliving is the fact that the downfall of the Turkish Empire will bethe signal of the most sublime events that the world has everwitnessed. The prophecy closes with the first two verses ofchapter 12.
3174	INTERNATIONAL SABBATH-SCHOOL QUARTERLY THE PROPHECIES OF DANIA DFIRST QUARTER 1904 - LESSON 12 NOTE 2.• It must be clear to every careful reader that the driving of theTurk from the soil of Europe will be the fulfilment o' the closingverse of the eleventh chapter of Daniel's prophecy. What makesthis line of prophecy of momentous interest to every one nowliving is the fact that the downfall of the Turkish Empire will bethe signal of the most sublime events that the world has everwitnessed. The prophecy closes with the first two verses ofchapter 12.
3180	INTERNATIONAL SABBATH-SCHOOL QUARTERLY THE PROPHECIES OF DANIA DFIRST QUARTER 1904 - LESSON 12 NOTE 2.• It must be clear to every careful reader that the driving of theTurk from the soil of Europe will be the fulfilment o' the closingverse of the eleventh chapter of Daniel's prophecy. What makesthis line of prophecy of momentous interest to every one nowliving is the fact that the downfall of the Turkish Empire will bethe signal of the most sublime events that the world has everwitnessed. The prophecy closes with the first two verses ofchapter 12.
3186	INTERNATIONAL SABBATH-SCHOOL QUARTERLY THE PROPHECIES OF DANIA DFIRST QUARTER 1904 - LESSON 12 NOTE 2.• It must be clear to every careful reader that the driving of theTurk from the soil of Europe will be the fulfilment o' the closingverse of the eleventh chapter of Daniel's prophecy. What makesthis line of prophecy of momentous interest to every one nowliving is the fact that the downfall of the Turkish Empire will bethe signal of the most sublime events that the world has everwitnessed. The prophecy closes with the first two verses ofchapter 12.
3192	INTERNATIONAL SABBATH-SCHOOL QUARTERLY THE PROPHECIES OF DANIA DFIRST QUARTER 1904 - LESSON 12 NOTE 2.• It must be clear to every careful reader that the driving of theTurk from the soil of Europe will be the fulfilment o' the closingverse of the eleventh chapter of Daniel's prophecy. What makesthis line of prophecy of momentous interest to every one nowliving is the fact that the downfall of the Turkish Empire will bethe signal of the most sublime events that the world has everwitnessed. The prophecy closes with the first two verses ofchapter 12.
3198	INTERNATIONAL SABBATH-SCHOOL QUARTERLY THE PROPHECIES OF DANIEL -FIRST QUARTER 1904 - LESSON 12 NOTE 2.• It must be clear to every careful reader that the driving of theTurk from the soil of Europe will be the fulfilment o' the closingverse of the eleventh chapter of Daniel's prophecy. What makesthis line of prophecy of momentous interest to every one nowliving is the fact that the downfall of the Turkish Empire will bethe signal of the most sublime events that the world has everwitnessed. The prophecy closes with the first two verses ofchapter 12-ADILIVE
3204	REVIEW AND HERALD VOL.86 AUGUST 5, 1909 NO.31• For more than half a century the Seventh-day Adventist peoplehave maintained that the Scriptures plainly teach that in the lastdays the Ottoman empire in Europe will come to an end, andthat following this there will be world-wide war — " a time oftrouble, such as never was since there was a nation, even to thatsame time." And we have further declared that according to theWord of God this universal war would terminate in the battle ofArmageddon, the end of the world, and the coming of our Lordand Saviour Jesus Christ
3210	REVIEW AND HERALD VOL.86 AUGUST 5, 1909 N0.31• For more than half a century the Seventh-day Adventist peoplehave maintained that the Scriptures plainly teach that in the lastdays the Ottoman empire in Europe will come to an end, andthat following this there will be world-wide war — " a time oftrouble, such as never was since there was a nation, even to thatsame time." And we have further declared that according to theWord of God this universal war would terminate in the battle ofArmageddon, the end of the world, and the coming of our Lordand Saviour Jesus ChristAD.
3216	REVIEW AND HERALD VOL.86 AUGUST 5, 1909 N0.31• For more than half a century the Seventh-day Adventist peoplehave maintained that the Scriptures plainly teach that in the lastdays the Ottoman empire in Europe will come to an end, andthat following this there will be world-wide war — " a time oftrouble, such as never was since there was a nation, even to thatsame time." And we have further declared that according to theWord of God this universal war would terminate in the battle ofArmageddon, the end of the world, and the coming of our Lordand Saviour Jesus ChristAD.
3222	REVIEW AND HERALD VOL.86 AUGUST 5, 1909 NO.31• For more than half a century the Seventh-day Adventist peoplehave maintained that the Scriptures plainly teach that in the lastdays the Ottoman empire in Europe will come to an end, andthat following this there will be world-wide war — " a time oftrouble, such as never was since there was a nation, even to thatsame time." And we have further declared that according to theWord of God this universal war would terminate in the battle ofArmageddon, the end of the world, and the coming of our Lordand Saviour Jesus ChristALD.
3228	REVIEW AND HERALD VOL.86 AUGUST 5, 1909 N0.31• For more than half a century the Seventh-day Adventist peoplehave maintained that the Scriptures plainly teach that in the lastdays the Ottoman empire in Europe will come to an end, andthat following this there will be world-wide war — " a time oftrouble, such as never was since there was a nation, even to thatsame time." And we have further declared that according to theWord of God this universal war would terminate in the battle ofArmageddon, the end of the world, and the coming of our Lordand Saviour Jesus Christ
3234	REVIEW AND HERALD VOL.86 AUGUST 5, 1909 N0.31• For more than half a century the Seventh-day Adventist peoplehave maintained that the Scriptures plainly teach that in the lastdays the Ottoman empire in Europe will come to an end, andthat following this there will be world-wide war — " a time oftrouble, such as never was since there was a nation, even to thatsame time." And we have further declared that according to theWord of God this universal war would terminate in the battle ofArmageddon, the end of the world, and the coming of our Lordand Saviour Jesus ChristALD.
3240	REVIEW AND HERALD VOL.86 AUGUST 5, 1909 N0.31• For more than half a century the Seventh-day Adventist peoplehave maintained that the Scriptures plainly teach that in the lastdays the Ottoman empire in Europe will come to an end, andthat following this there will be world-wide war — " a time oftrouble, such as never was since there was a nation, even to thatsame time." And we have further declared that according to theWord of God this universal war would terminate in the battle ofArmageddon, the end of the world, and the coming of our Lordand Saviour Jesus Christ
3246	REVIEW AND HERALD VOL.86 AUGUST 5, 1909 N0.31• For more than half a century the Seventh-day Adventist peoplehave maintained that the Scriptures plainly teach that in the lastdays the Ottoman empire in Europe will come to an end, andthat following this there will be world-wide war — " a time oftrouble, such as never was since there was a nation, even to thatsame time." And we have further declared that according to theWord of God this universal war would terminate in the battle ofArmageddon, the end of the world, and the coming of our Lordand Saviour Jesus ChristALD.
3252	REVIEW AND HERALD VOL.86 AUGUST 5, 1909 NO.31• For more than half a century the Seventh-day Adventist peoplehave maintained that the Scriptures plainly teach that in the lastdays the Ottoman empire in Europe will come to an end, andthat following this there will be world-wide war — " a time oftrouble, such as never was since there was a nation, even to thatsame time." And we have further declared that according to theWord of God this universal war would terminate in the battle ofArmageddon, the end of the world, and the coming of our Lordand Saviour Jesus Christ
3258	REVIEW AND HERALD VOL.86 AUGUST 5, 1909 NO.31• For more than half a century the Seventh-day Adventist peoplehave maintained that the Scriptures plainly teach that in the lastdays the Ottoman empire in Europe will come to an end, andthat following this there will be world-wide war — " a time oftrouble, such as never was since there was a nation, even to thatsame time." And we have further declared that according to theWord of God this universal war would terminate in the battle ofArmageddon, the end of the world, and the coming of our Lordand Saviour Jesus ChristALD.
3264	LETTERS AND MANUSCRIPTS - VOLUME 13, MS 189, 1898 PAR.9• God alone can make the impression and give the increase. Healone can water the seed that has been sown. I pray to the Lordthat the labor put forth may not be in vain. Many seem to feeldeeply. We feel to thank and praise God that this large numbercould have a chance to hear the truth for themselves. Dr. Caro isnow speaking at five o'clock p.m. upon the health question.Elder Daniells speaks this evening upon the Eastern Question.May the Lord give His Holy Spirit to inspire the hearts to makethe truth plain.ALD.
3270	LETTERS AND MANUSCRIPTS - VOLUME 13, MS 189, 1898 PAR.9• God alone can make the impression and give the increase. Healone can water the seed that has been sown. I pray to the Lordthat the labor put forth may not be in vain. Many seem to feeldeeply. We feel to thank and praise God that this large numbercould have a chance to hear the truth for themselves. Dr. Caro isnow speaking at five o'clock p.m. upon the health question.Elder Daniells speaks this evening upon the Eastern Question.May the Lord give His Holy Spirit to inspire the hearts to makethe truth plain.ADLIVE
3276	LETTERS AND MANUSCRIPTS - VOLUME 13, MS 189, 1898 PAR.9• God alone can make the impression and give the increase. Healone can water the seed that has been sown. I pray to the Lordthat the labor put forth may not be in vain. Many seem to feeldeeply. We feel to thank and praise God that this large numbercould have a chance to hear the truth for themselves. Dr. Caro isnow speaking at five o'clock p.m. upon the health question.Elder Daniells speaks this evening upon the Eastern Question.May the Lord give His Holy Spirit to inspire the hearts to makethe truth plain.ADILIVE
3282	LETTERS AND MANUSCRIPTS - VOLUME 13, MS 189, 1898 PAR.9• God alone can make the impression and give the increase. Healone can water the seed that has been sown. I pray to the Lordthat the labor put forth may not be in vain. Many seem to feeldeeply. We feel to thank and praise God that this large numbercould have a chance to hear the truth for themselves. Dr. Caro isnow speaking at five o'clock p.m. upon the health question.Elder Daniells speaks this evening upon the Eastern Question.May the Lord give His Holy Spirit to inspire the hearts to makethe truth plain.ADILIVE
3288	LETTERS AND MANUSCRIPTS - VOLUME 13, MS 189, 1898 PAR.9• God alone can make the impression and give the increase. Healone can water the seed that has been sown. I pray to the Lordthat the labor put forth may not be in vain. Many seem to feeldeeply. We feel to thank and praise God that this large numbercould have a chance to hear the truth for themselves. Dr. Caro isnow speaking at five o'clock p.m. upon the health question.Elder Daniells speaks this evening upon the Eastern Question.May the Lord give His Holy Spirit to inspire the hearts to makethe truth plain.ADILIVE
3294	LETTERS AND MANUSCRIPTS - VOLUME 13, MS 189, 1898 PAR.9• God alone can make the impression and give the increase. Healone can water the seed that has been sown. I pray to the Lordthat the labor put forth may not be in vain. Many seem to feeldeeply. We feel to thank and praise God that this large numbercould have a chance to hear the truth for themselves. Dr. Caro isnow speaking at five o'clock p.m. upon the health question.Elder Daniells speaks this evening upon the Eastern Question.May the Lord give His Holy Spirit to inspire the hearts to makethe truth plain.ADILIVE
3300	LETTERS AND MANUSCRIPTS - VOLUME 13, MS 189, 1898 PAR.9• God alone can make the impression and give the increase. Healone can water the seed that has been sown. I pray to the Lordthat the labor put forth may not be in vain. Many seem to feeldeeply. We feel to thank and praise God that this large numbercould have a chance to hear the truth for themselves. Dr. Caro isnow speaking at five o'clock p.m. upon the health question.Elder Daniells speaks this evening upon the Eastern Question.May the Lord give His Holy Spirit to inspire the hearts to makethe truth plain.ADILIVE
3306	LETTERS AND MANUSCRIPTS - VOLUME 13, MS 189, 1898 PAR.9• God alone can make the impression and give the increase. Healone can water the seed that has been sown. I pray to the Lordthat the labor put forth may not be in vain. Many seem to feeldeeply. We feel to thank and praise God that this large numbercould have a chance to hear the truth for themselves. Dr. Caro isnow speaking at five o'clock p.m. upon the health question.Elder Daniells speaks this evening upon the Eastern Question.May the Lord give His Holy Spirit to inspire the hearts to makethe truth plain.ADLIVE
3312	LETTERS AND MANUSCRIPTS - VOLUME 13, MS 189, 1898 PAR.9• God alone can make the impression and give the increase. Healone can water the seed that has been sown. I pray to the Lordthat the labor put forth may not be in vain. Many seem to feeldeeply. We feel to thank and praise God that this large numbercould have a chance to hear the truth for themselves. Dr. Caro isnow speaking at five o'clock p.m. upon the health question.Elder Daniells speaks this evening upon the Eastern Question.May the Lord give His Holy Spirit to inspire the hearts to makethe truth plain.ADILIVE
3318	LETTERS AND MANUSCRIPTS - VOLUME 13, MS 189, 1898 PAR.9• God alone can make the impression and give the increase. Healone can water the seed that has been sown. I pray to the Lordthat the labor put forth may not be in vain. Many seem to feeldeeply. We feel to thank and praise God that this large numbercould have a chance to hear the truth for themselves. Dr. Caro isnow speaking at five o'clock p.m. upon the health question.Elder Daniells speaks this evening upon the Eastern Question.May the Lord give His Holy Spirit to inspire the hearts to makethe truth plain.ADILIVE
3324	LETTERS AND MANUSCRIPTS - VOLUME 13, MS 189, 1898 PAR.9• God alone can make the impression and give the increase. Healone can water the seed that has been sown. I pray to the Lordthat the labor put forth may not be in vain. Many seem to feeldeeply. We feel to thank and praise God that this large numbercould have a chance to hear the truth for themselves. Dr. Caro isnow speaking at five o'clock p.m. upon the health question.Elder Daniells speaks this evening upon the Eastern Question.May the Lord give His Holy Spirit to inspire the hearts to makethe truth plain.ADLIVE
3330	LETTERS AND MANUSCRIPTS - VOLUME 13, MS 189, 1898 PAR.9• God alone can make the impression and give the increase. Healone can water the seed that has been sown. I pray to the Lordthat the labor put forth may not be in vain. Many seem to feeldeeply. We feel to thank and praise God that this large numbercould have a chance to hear the truth for themselves. Dr. Caro isnow speaking at five o'clock p.m. upon the health question.Elder Daniells speaks this evening upon the Eastern Question.May the Lord give His Holy Spirit to inspire the hearts to makethe truth plain.ADILIVE
3336	LETTERS AND MANUSCRIPTS - VOLUME 13, MS 189, 1898 PAR.9• God alone can make the impression and give the increase. Healone can water the seed that has been sown. I pray to the Lordthat the labor put forth may not be in vain. Many seem to feeldeeply. We feel to thank and praise God that this large numbercould have a chance to hear the truth for themselves. Dr. Caro isnow speaking at five o'clock p.m. upon the health question.Elder Daniells speaks this evening upon the Eastern Question.May the Lord give His Holy Spirit to inspire the hearts to makethe truth plain.ADLIVE
3342	THE REVIEW AND HERALD VOL.93 OCTOBER 9, 1916• But the clash of nations that will bring Turkey's end will be theArmageddon, the battle of the great day of God, foretold by John inRev, 15: 13-17. That will be the time of trouble that the prophetDaniel says will attend Turkey's overthrow. And at that time Christ,the Prince of Peace, will establish his everlasting kingdom. Thendeliverance from all the sin, suffering, and sorrow...• This is the outlook presented by the prophet. After foretelling thedisintegration of Turkey, the transfer of her capital to Jerusalem, andher final overthrow and ruin, the prophet says: — "At that time shallMichael stand upADLIVE
3348	THE REVIEW AND HERALD VOL.93 OCTOBER 9, 1916• But the clash of nations that will bring Turkey's end will be theArmageddon, the battle of the great day of God, foretold by John inRev, 15: 13-17. That will be the time of trouble that the prophetDaniel says will attend Turkey's overthrow. And at that time Christ,the Prince of Peace, will establish his everlasting kingdom. Thendeliverance from all the sin, suffering, and sorrow...• This is the outlook presented by the prophet. After foretelling thedisintegration of Turkey, the transfer of her capital to Jerusalem, andher final overthrow and ruin, the prophet says: — "At that time shallMichael stand upADLIVE
3354	AD!LIVETHE REVIEW AND HERALD VOL.93 OCTOBER 9, 1916• But the clash of nations that will bring Turkey's end will be theArmageddon, the battle of the great day of God, foretold by John inRev, 15: 13-17. That will be the time of trouble that the prophetDaniel says will attend Turkey's overthrow. And at that time Christ,the Prince of Peace, will establish his everlasting kingdom. Thendeliverance from all the sin, suffering, and sorrow ...• This is the outlook presented by the prophet. After foretelling thedisintegration of Turkey, the transfer of her capital to Jerusalem, andher final overthrow and ruin, the prophet says: — "At that time chall.Michael stand up
3360	ADLIVETHE REVIEW AND HERALD VOL.93 OCTOBER 9, 1916• But the clash of nations that will bring Turkey's end will be theArmageddon, the battle of the great day of God, foretold by John inRev, 15: 13-17. That will be the time of trouble that the prophetDaniel says will attend Turkey's overthrow. And at that time Christ,the Prince of Peace, will establish his everlasting kingdom. Thendeliverance from all the sin, suffering, and sorrow ...• This is the outlook presented by the prophet. After foretelling thedisintegration of Turkey, the transfer of her capital to Jerusalem, andher final overthrow and ruin, the prophet says: — "At that time chall.Michael stand up
3366	ADLIVETHE REVIEW AND HERALD VOL.93 OCTOBER 9, 1916• But the clash of nations that will bring Turkey's end will be theArmageddon, the battle of the great day of God, foretold by John inRev, 15: 13-17. That will be the time of trouble that the prophetDaniel says will attend Turkey's overthrow. And at that time Christ,the Prince of Peace, will establish his everlasting kingdom. Thendeliverance from all the sin, suffering, and sorrow ...• This is the outlook presented by the prophet. After foretelling thedisintegration of Turkey, the transfer of her capital to Jerusalem, andher final overthrow and ruin, the prophet says: — "At that time chall.Michael stand up
3372	ADLIVETHE REVIEW AND HERALD VOL.93 OCTOBER 9, 1916• But the clash of nations that will bring Turkey's end will be theArmageddon, the battle of the great day of God, foretold by John inRev, 15: 13-17. That will be the time of trouble that the prophetDaniel says will attend Turkey's overthrow. And at that time Christ,the Prince of Peace, will establish his everlasting kingdom. Thendeliverance from all the sin, suffering, and sorrow ...• This is the outlook presented by the prophet. After foretelling thedisintegration of Turkey, the transfer of her capital to Jerusalem, andher final overthrow and ruin, the prophet says: — "At that time challMichael stand up
3378	ADLIVETHE REVIEW AND HERALD VOL.93 OCTOBER 9, 1916• But the clash of nations that will bring Turkey's end will be theArmageddon, the battle of the great day of God, foretold by John inRev, 15: 13-17. That will be the time of trouble that the prophetDaniel says will attend Turkey's overthrow. And at that time Christ,the Prince of Peace, will establish his everlasting kingdom. Thendeliverance from all the sin, suffering, and sorrow ...• This is the outlook presented by the prophet. After foretelling thedisintegration of Turkey, the transfer of her capital to Jerusalem, andher final overthrow and ruin, the prophet says: — "At that time challMichael stand up
3384	ADLIVETHE REVIEW AND HERALD VOL.93 OCTOBER 9, 1916• But the clash of nations that will bring Turkey's end will be theArmageddon, the battle of the great day of God, foretold by John inRev, 15: 13-17. That will be the time of trouble that the prophetDaniel says will attend Turkey's overthrow. And at that time Christ,the Prince of Peace, will establish his everlasting kingdom. Thendeliverance from all the sin, suffering, and sorrow ...• This is the outlook presented by the prophet. After foretelling thedisintegration of Turkey, the transfer of her capital to Jerusalem, andher final overthrow and ruin, the prophet says: — "At that time challMichael stand up
3390	THE REVIEW AND HERALD VOL.93 OCTOBER 9, 1916• But the clash of nations that will bring Turkey's end will be theArmageddon, the battle of the great day of God, foretold by John inRev, 15: 13-17. That will be the time of trouble that the prophetDaniel says will attend Turkey's overthrow. And at that time Christ,the Prince of Peace, will establish his everlasting kingdom. Thendeliverance from all the sin, suffering, and sorrow ...This is the outlook presented by the prophet. After foretelling theisintegration of Turkey, the transfer of her capital to Jerusalem, anoher final overthrow and ruin, the prophet says: — "At that time shallMichael stand upADLIVE
3396	THE REVIEW AND HERALD VOL.93 OCTOBER 9, 1916• But the clash of nations that will bring Turkey's end will be theArmageddon, the battle of the great day of God, foretold by John inRev, 15: 13-17. That will be the time of trouble that the prophetDaniel says will attend Turkey's overthrow. And at that time Christ,the Prince of Peace, will establish his everlasting kingdom. Thendeliverance from all the sin, suffering, and sorrow...• This is the outlook presented by the prophet. After foretelling thedisintegration of Turkey, the transfer of her capital to Jerusalem, andher final overthrow and ruin, the prophet says: — "At that time shallMichael stand upADLIVE
3402	THE MEDICAL MISSIONARY, VOL. 15 AUGUST 21, 1906 - ALONZO TREVIER JONES• In answer to this question there is one thing that is certainlyclear; that is, that the Spirit of God is saying to men and to theworld, that the last plagues, the preparing of the way of thekings of the East, and the gathering of these kings to the world-war, and the world-battle of Armageddon, is the finalmeaning and the only culmination of the Eastern Question.ALD
3408	THE MEDICAL MISSIONARY, VOL. 15 AUGUST 21, 1906 - ALONZO TREVIER JONES• In answer to this question there is one thing that is certainlyclear; that is, that the Spirit of God is saying to men and to theworld, that the last plagues, the preparing of the way of thekings of the East, and the gathering of these kings to the world-war, and the world-battle of Armageddon, is the finalmeaning and the only culmination of the Eastern Question.ADLIVE
3414	THE MEDICAL MISSIONARY, VOL. 15 AUGUST 21, 1906 - ALONZO TREVIER JONES• In answer to this question there is one thing that is certainlyclear; that is, that the Spirit of God is saying to men and to theworld, that the last plagues, the preparing of the way of thekings of the East, and the gathering of these kings to the world-war, and the world-battle of Armageddon, is the finalmeaning and the only culmination of the Eastern Question.ADLIVE
3420	THE MEDICAL MISSIONARY, VOL. 15 AUGUST 21, 1906 - ALONZO TREVIER JONES• In answer to this question there is one thing that is certainlyclear; that is, that the Spirit of God is saying to men and to theworld, that the last plagues, the preparing of the way of thekings of the East, and the gathering of these kings to the world-war, and the world-battle of Armageddon, is the finalmeaning and the only culmination of the Eastern Question.ADLIVE
3426	THE MEDICAL MISSIONARY, VOL. 15 AUGUST 21, 1906 - ALONZO TREVIER JONES• In answer to this question there is one thing that is certainlyclear; that is, that the Spirit of God is saying to men and to theworld, that the last plagues, the preparing of the way of thekings of the East, and the gathering of these kings to the world-war, and the world-battle of Armageddon, is the finalmeaning and the only culmination of the Eastern Question.ADLIVE
3432	THE MEDICAL MISSIONARY, VOL. 15 AUGUST 21, 1906 - ALONZO TREVIER JONES• In answer to this question there is one thing that is certainlyclear; that is, that the Spirit of God is saying to men and to theworld, that the last plagues, the preparing of the way of thekings of the East, and the gathering of these kings to the world-war, and the world-battle of Armageddon, is the finalmeaning and the only culmination of the Eastern Question.ADLIVE
3438	THE MEDICAL MISSIONARY, VOL. 15 AUGUST 21, 1906 - ALONZO TREVIER JONES• In answer to this question there is one thing that is certainlyclear; that is, that the Spirit of God is saying to men and to theworld, that the last plagues, the preparing of the way of thekings of the East, and the gathering of these kings to the world-war, and the world-battle of Armageddon, is the finalmeaning and the only culmination of the Eastern Question.ADLIVE
3444	THE MEDICAL MISSIONARY, VOL. 15 AUGUST 21, 1906 - ALONZO TREVIER JONES• In answer to this question there is one thing that is certainlyclear; that is, that the Spirit of God is saying to men and to theworld, that the last plagues, the preparing of the way of thekings of the East, and the gathering of these kings to the world-war, and the world-battle of Armageddon, is the finalmeaning and the only culmination of the Eastern Question.AD!LIVE
3450	THE MEDICAL MISSIONARY, VOL. 15 AUGUST 21, 1906 - ALONZO TREVIER JONES• In answer to this question there is one thing that is certainlyclear; that is, that the Spirit of God is saying to men and to theworld, that the last plagues, the preparing of the way of thekings of the East, and the gathering of these kings to the world-war, and the world-battle of Armageddon, is the finalmeaning and the only culmination of the Eastern Question.ADLIVE
3456	THE MEDICAL MISSIONARY, VOL. 15 AUGUST 21, 1906 - ALONZO TREVIER JONES• In answer to this question there is one thing that is certainlyclear; that is, that the Spirit of God is saying to men and to theworld, that the last plagues, the preparing of the way of thekings of the East, and the gathering of these kings to the world-war, and the world-battle of Armageddon, is the finalmeaning and the only culmination of the Eastern Question.ADLIVE
3462	THE MEDICAL MISSIONARY, VOL. 15 AUGUST 21, 1906 - ALONZO TREVIER JONES• In answer to this question there is one thing that is certainlyclear; that is, that the Spirit of God is saying to men and to theworld, that the last plagues, the preparing of the way of thekings of the East, and the gathering of these kings to the world-war, and the world-battle of Armageddon, is the finalmeaning and the only culmination of the Eastern Question.ADtvLIVE
3468	THE MEDICAL MISSIONARY, VOL. 15 AUGUST 21, 1906 - ALONZO TREVIER JONES• In answer to this question there is one thing that is certainlyclear; that is, that the Spirit of God is saying to men and to theworld, that the last plagues, the preparing of the way of thekings of the East, and the gathering of these kings to the world-war, and the world-battle of Armageddon, is the finalmeaning and the only culmination of the Eastern Question.ALD.
3474	DONATEgoes to JerusalemRev AgESNationalSundayLawNo Buy, NoSell Ree 19112Turkey Removed fromJerusalem Dan 11:45Close ofProbationGrow your own FoodMichael Stands upDan 1281Plagues Start/Timeof Trouble4 Winds Blow Rev 7AD.3rd WoeSecondComingJacobs TroubleRev 13:17Gather to the Battleof ArmageddonRey 16216
3480	y goes to JerusalemRev 13:17DONATENationalSundayLawTurkey Removed fromJerusalem Dan 11:45Close ofProbationNo Buy, NoSell Rev 13:17Grow your own FoodMichael Stands upDan 12:1Plagues Start/Timeof Trouble4 Winds Blow Rev 7ADLIVE3rd WoeSecondComing356Jacobs TroubleRev 13:17Gather to the Battleof ArmageRev 16:1
3486	y goes to JerusalemRev 13:17DONATENationalSundayLawTurkey Removed fromJerusalem Dan 11:45Close ofProbationNo Buy, NoSell Rev 13:17Grow your own FoodMichael Stands upDan 12:1Plagues Start/Timeof Trouble4 Winds Blow Rev 73rd WoeAD.SecondComing356Jacobs TroubleRev 13:17Gather to the Battleof ArmageRev 16:1
3492	Turkey goes to JerusalemRev 13:17NationalSundayLawTurkey Removed fromJerusalem Dan 11:45Close ofProbationNo Buy, NoSell Rev 13:17Grow your own FoodMichael Stands upDan 12:1Plagues Start/Timeof Trouble4 Winds Blow Rev 7ADLIVE3rd WoeSecondComing356Jacobs TroubleRev 13:17Gather to the Battleof ArmageRev 16:1
3498	Turkey goes to JerusalemRev 13:17NationalSundayLawTurkey Removed fromJerusalem Dan 11:45Close ofProbationNo Buy, NoSell Rev 13:17Grow your own FoodMichael Stands upDan 12:1Plagues Start/Timeof Trouble4 Winds Blow Rev 7ADLIVE3rd WoeSecondComing356Jacobs TroubleRev 13:17Gather to the Battleof ArmageRev 16:1
3504	Turkey goes to JerusalemRev 13:17NationalSundayLawTurkey Removed fromJerusalem Dan 11:45Close ofProbationNo Buy, NoSell Rev 13:17Grow your own FoodMichael Stands upDan 12:1Plagues Start/Timeof Trouble4 Winds Blow Rev 7ADLIVE3id WoeSecondComing356Jacobs TroubleRev 13:17Gather to the Battleof ArmageRev 16:1
3510	Turkey goes to JerusalemRev 13:17NationalSundayLawTurkey Removed fromJerusalem Dan 11:45Close ofProbationNo Buy, NoSell Rev 13:17Grow your own FoodMichael Stands upDan 12:1Plagues Start/Timeof Trouble4 Winds Blow Rev 7ADLIVE3rd WoeSecondComing356Jacobs TroubleRev 13:17Gather to the Battleof ArmageRev 16:1
3516	Turkey goes to JerusalemRev 13:17NationalSundayLawTurkey Removed fromJerusalem Dan 11:45Close ofProbationNo Buy, NoSell Rev 13:17Grow your own FoodMichael Stands upDan 12:1Plagues Start/Timeof Trouble4 Winds Blow Rev 7ADLIVE3rd WoeSecondComing356Jacobs TroubleRev 13:17Gather to the Battleof ArmageRev 16:1
3522	Turkey goes to JerusalemRev 13:17NationalSundayLawTurkey Removed fromJerusalem Dan 11:45Close ofProbationNo Buy, NoSell Rev 13:17Grow your own FoodMichael Stands upDan 12:1Plagues Start/Timeof Trouble4 Winds Blow Rev 7ADLIVE3rd WoeSecondComing356Jacobs TroubleRev 13:17Gather to the Battleof ArmageRev 16:1
3528	Turkey goes to JerusalemRev 13:17NationalSundayLawTurkey Removed fromJerusalem Dan 11:45Close ofProbationNo Buy, NoSell Rev 13:17Grow your own FoodMichael Stands upDan 12:1Plagues Start/Timeof Trouble4 Winds Blow Rev 7AD!LIVE3rd WoeSecondComing356Jacobs TroubleRev 13:17Gather to the Battleof ArmageRev 16:1
3534	Turkey goes to JerusalemRev 13:17NationalSundayLawTurkey Removed fromJerusalem Dan 11:45Close ofProbationNo Buy, NoSell Rev 13:17Grow your own FoodMichael Stands upDan 12:1Plagues Start/Timeof Trouble4 Winds Blow Rev 7ADLIVE3rd WoeSecondComing356Jacobs TroubleRev 13:17Gather to the Battleof ArmageRev 16:1
3540	Turkey goes to JerusalemRev 13:17NationalSundayLawTurkey Removed fromJerusalem Dan 11:45Close ofProbationNo Buy, NoSell Rev 13:17Grow your own FoodMichael Stands upDan 12:1Plagues Start/Timeof Trouble4 Winds Blow Rev 7ADLIVE3rd WoeSecondComing356Jacobs TroubleRev 13:17Gather to the Battleof ArmageRev 16:1
3546	Turkey goes to JerusalemRev 13:17NationalSundayLawTurkey Removed fromJerusalem Dan 11:45Close ofProbationNo Buy, NoSell Rev 13:17Grow your own FoodMichael Stands upDan 12:1Plagues Start/Timeof Trouble4 Winds Blow Rev 7ADLIVE3rd WoeSecondComing356Jacobs TroubleRev 13:17Gather to the Battleof ArmageRev 16:1
3552	Turkey goes to JerusalemRev 13:17NationalSundayLawTurkey Removed fromJerusalem Dan 11:45Close ofProbationNo Buy, NoSell Rev 13:17Grow your own FoodMichael Stands upDan 12:1Plagues Start/Timeof Trouble4 Winds Blow Rev 7ADLIVE3rd WoeSecondComing356Jacobs TroubleRev 13:17Gather to the Battleof ArmageRev 16:1
3558	Turkey goes to JerusalemRev 13:17NationalSundayLawTurkey Removed fromJerusalem Dan 11:45Close ofProbationNo Buy, NoSell Rev 13:17Grow your own FoodMichael Stands upDan 12:1Plagues Start/Timeof Trouble4 Winds Blow Rev 7ADLIVE3rd WoeSecondComing356Jacobs TroubleRev 13:17Gather to the Battleof ArmageRev 16:1
3564	Turkey goes to JerusalemRev 13:17NationalSundayLawTurkey Removed fromJerusalem Dan 11:45Close ofProbationNo Buy, NoSell Rev 13:172Grow your own FoodMichael Stands upDan 12:1Plagues Start/Timeof Trouble4 Winds Blow Rev 7ADLIVE3rd WoeSecondComing356Jacobs TroubleRev 13:17Gather to the Battleof ArmageRev 16:1
3570	Turkey goes to JerusalemRev 13:17NationalSundayLawTurkey Removed fromJerusalem Dan 11:45Close ofProbationNo Buy, NoSell Rev 13:172Grow your own FoodMichael Stands upDan 12:1Plagues Start/Timeof Trouble4 Winds Blow Rev 7ADLIVE3rd WoeSecondComing356Jacobs TroubleRev 13:17Gather to the Battleof ArmageRev 16:1
3576	Turkey goes to JerusalemRev 13:17NationalSundayLawTurkey Removed fromJerusalem Dan 11:45Close ofProbationNo Buy, NoSell Rev 13:17Grow your own FoodMichael Stands upDan 12:1Plagues Start/Timeof Trouble4 Winds Blow Rev 7ADLIVE3rd WoeSecondComing356Jacobs TroubleRev 13:17Gather to the Battleof ArmageRev 16:1
3582	Turkey goes to JerusalemRev 13:17NationalSundayLawTurkey Removed fromJerusalem Dan 11:45Close ofProbationNo Buy, NoSell Rev 13:17Grow your own FoodMichael Stands upDan 12:1Plagues Start/Timeof Trouble4 Winds Blow Rev 7ADLIVE3id WoeSecondComing356Jacobs TroubleRev 13:17Gather to the Battleof ArmageRev 16:1
3588	Turkey goes to JerusalemRev 13:17NationalSundayNo Buy, NoSell Rev 19:17Turkey Removed fromJerusalem Dan 11:45Close ofProbation3rd WoeSecondComing2300°2Grow your own Foodslichael stands unDan 12:1Plagues Start/Timeof Trouble4 Winds Blow Rev 7Rev 19:17Gather to the Battleof ArmageddonAD.
3594	Turkey goes to JerusalemRev 18:17NationalSundayNo Buy, NoSell Rev 18:17Turkey Removed fromJerusalem Dan 11:45Close ofProbation3d WoeSecondComing8002Grow your own FoodNichael Stands unDan 12:1Plagues Start/Timeof Trouble4 Winds Blow Rev 7Rev 13:17Gather to the Battleof ArmageddonADLIVE
3600	DONATEAL.
3606	DONATEAD.
3612	DONATEAL.
3618	DONATEAD.
3624	DONATEAD.
3630	AD.
3636	DONATEAD.
3642	DONATEAD.
3648	DONATEALD.
3654	DONATEAL.
3660	DONATEAL.
3666	AD.
3672	DONATEAD.
3678	DONATEAD.
3684	DONATEAD.
3690	DONATEAD.
3696	DONATEALD.
3702	DONATEAD.
3708	DONATEAL.
3714	DONATEAD.
3720	DONATEAD.
3726	DONATEALL.
3732	DONATEAD.
3738	DONATEAL.
3744	DONATEALD.
3750	DONATEAD.
3756	DONATEAD.
3762	AD.
3768	AD.
3774	AD.
3780	DONATEAD.
3786	DONATEAR.
3792	AD.
3798	AL.
3804	DONATEAD.LIVE
3810	DONATEAD.LIVE
3816	DONATEAD.
3822	DONATEALD.
3828	DONATEALD.
3834	AD.
3840	DONATEAD.
3846	DONATEAD.
3852	DONATEAD.
3858	DONATEAD.
3864	DONATEAL.
3870	DONATEAD.
3876	DONATEALD.
3882	DONATEAL.
3888	DONATEALD.
3894	DONATEAD.
3900	DONATEAL.
3906	DONATEAL.
3912	DONATEAL.
3918	DONATEAD.
3924	DONATEAD.
3930	DONATEAD.
3936	DONATEAL.
3942	DONATEAL.
3948	DONATEALD.
3954	DONATEAL.
3960	DONATEAL.
3966	DONATEAL.
3972	DONATEAD.
3978	DONATEAD.
3984	DONATEAL.
3990	DONATEAD.
3996	DONATEALD.
4002	DONATEAD.
4008	DONATEAD.
4014	DONATEAL.
4020	DONATE
4026	DONATEAL.
4032	DONATEAD.
4038	DONATEAD.
4044	AD.
4050	DONATEAL.
4056	DONATEAL.
4062	DONATEAD.
4068	DONATEAD.
4074	DONATEAL.
4080	DONATEAD.
4086	
4092	DONATEAD.
4098	DONATEAL.
4104	DONATEAL.
4110	DONATEALL.
4116	DONATEAD.
4122	DONATEAD.
4128	DONATEAD.
4134	DONATEAD.
4140	DONATEAL.
4146	DONATEAD.
4152	DONATEAD.
4158	DONATEAD.
4164	DONATEAD.
4170	AD.
4176	DONATEADLIVE
4182	DONATEAD.
4188	DONATEAD.
4194	DONATEAD.
4200	DONATEAL.
4206	DONATEAD.
4212	DONATEALD.
4218	DONATEAD.
4224	DONATEAD.
4230	DONATEAL.
4236	DONATEAL.
4242	DONATEAD.
4248	DONATEAD.
4254	DONATEAL.
4260	DONATEAD.
4266	DONATEAD.
4272	DONATEAL.
4278	DONATEAD.
4284	DONATEAD.
4290	DONATEEngage With Us!Write your questions in the chat.ALD.
4296	DONATEEngage With Us!Write your questions in the chat.ALD.
4302	DONATEEngage With Us!Write your questions in the chat.ALD.
4308	DONATEEngage With Us!Write your questions in the chat.ALD.
4314	DONATEEngage With Us!Write your questions in the chat.ALD
4320	DONATEEngage With Us!Write your questions in the chat.ALD
4326	DONATEEngage With Us!Write your questions in the chat.ADLIVE
4332	DONATEEngage With Us!Write your questions in the chat.ADLIVE
4338	DONATEEngage With Us!Write your questions in the chat.ALD.
4344	DONATEEngage With Us!Write your questions in the chat.ALD
4350	DONATEEngage With Us!Write your questions in the chat.ADLIVE
4356	DONATEEngage With Us!Write your questions in the chat.ADLIVE
4362	DONATEAD.
4368	DONATEALD.
4374	DONATEAD.
4380	DONATEAD.
4386	DONATEAL.
4392	DONATEAD.
4398	DONATEAD.
4404	DONATEAL.
4410	DONATEAD.
4416	DONATEAL.
4422	DONATEAD.
4428	DONATEAD.
4434	DONATEAD.
4440	DONATEAD.
4446	DONATEAL.
4452	DONATEADLIVE
4458	DONATEAD.
4464	DONATEAL.
4470	DONATEAD.
4476	DONATEAL.
4482	DONATEAD.
4488	DONATEAL.
4494	DONATEAL.
4500	DONATEAD.
4506	DONATEAL.
4512	DONATEALL.
4518	DONATEAD.
4524	DONATEAD.
4530	DONATEALD.
4536	DONATEAD.
4542	DONATEAD.
4548	DONATEAD.
4554	DONATEAD.
4560	DONATEAD.
4566	DONATEAD.
4572	DONATEAD.
4578	DONATEAD.
4584	DONATEALD.
4590	DONATEALD.
4596	DONATEAD.
4602	DONATEAD.
4608	DONATEAL.
4614	DONATEAD.
4620	DONATEAD.
4626	DONATE
4632	DONATEAL.
4638	DONATEAR.
4644	DONATEAL.
4650	DONATEAD.
4656	DONATEAD.
4662	DONATEALD.
4668	DONATEAD.
4674	DONATEAL.
4680	DONATEAD.
4686	DONATEAL.
4692	DONATEAD.
4698	DONATEAD.
4704	DONATEAD.
4710	DONATEAD.
4716	DONATEAL.
4722	DONATEAD.
4728	DONATEAD.
4734	DONATEAL.
4740	AD.
4746	DONATEAL.
4752	DONATEALD.
4758	DONATEAD.
4764	DONATEAD.
4770	DONATEAD.
4776	DONATEAD.
4782	DONATEAD.
4788	DONATEAL.
4794	DONATEAL.
4800	DONATEALD.
4806	DONATEAD.
4812	DONATEAD.
4818	DONATEAD.
4824	DONATEALD.
4830	DONATEAD.
4836	DONATEALD.
4842	DONATEAD.
4848	DONATEAL.
4854	DONATEALL.
4860	DONATEAD.
4866	DONATEAD.
4872	DONATEALD.
4878	DONATEAD.
4884	DONATEALD.
4890	DONATEAD.
4896	DONATEAD.
4902	DONATEAD.
4908	DONATEAL.
4914	DONATEALD.
4920	DONATEAD.
4926	DONATEAD.
4932	DONATEAD.
4938	DONATEALD.
4944	DONATEAD.
4950	DONATEAD.
4956	DONATEAD.
4962	DONATEAD.
4968	DONATEAD.
4974	DONATEAL.
4980	DONATEAD.
4986	DONATEAD.
4992	DONATEAD.
4998	DONATEAD.
5004	DONATEAD.
5010	DONATEAL.
5016	DONATEALL.
5022	DONATEALD.
5028	DONATEAD.
5034	DONATEAD.
5040	DONATEAL.
5046	DONATEAL.
5052	DONATEAL.
5058	DONATEAD.
5064	DONATEAD.
5070	DONATEAD.
5076	DONATEAD.
5082	DONATEAD.
5088	DONATEALD.
5094	DONATEAR.
5100	DONATEAL.
5106	DONATEALD.
5112	DONATEAD.
5118	DONATEAD.
5124	DONATEAR.
5130	DONATEALD.
5136	DONATEALD.
5142	DONATEAD.
5148	DONATEALD.
5154	DONATEAD.
5160	DONATEAD.
5166	DONATEAD.
5172	DONATEAD.
5178	DONATEAD.
5184	DONATEAL.
5190	DONATEAD.
5196	DONATEAD.
5202	DONATEAL.
5208	DONATEAD.
5214	AD.
5220	AD.
5226	DONATEAD.
5232	DONATEAD.
5238	DONATEALL.
5244	DONATEALL.
5250	DONATEAD.
5256	DONATEAD.
5262	DONATEAD.
5268	DONATEAD.
5274	DONATEAD.
5280	DONATEAL.
5286	DONATEAL.
5292	DONATEAD.
5298	DONATEAD.
5304	AD.
5310	ALD.
5316	DONATEALD.
5322	DONATEAD.
5328	DONATEAD.
5334	DONATEALD.
5340	AD.
5346	DONATEALD.
5352	DONATEAD.
5358	DONATEAD.
5364	DONATEAD.
5370	DONATEALD.
5376	DONATEAD.
5382	DONATEAD.
5388	DONATEAD.
5394	DONATEAD.
5400	DONATEAL.
5406	DONATEAL.
5412	DONATEALD.
5418	DONATEAD.
5424	DONATEALD.
5430	DONATEAL.
5436	DONATEALD.
5442	DONATEAD.
5448	DONATEAD.
5454	DONATEAD.
5460	DONATEAD.
5466	AID.
5472	DONATEAD.
5478	DONATEAD.
5484	DONATEAD.
5490	DONATEALD.
5496	DONATEAD.
5502	DONATEALD.
5508	DONATEAD.
5514	DONATEAD.
5520	DONATEAD.
5526	DONATEAL.
5532	DONATEAD.
5538	DONATEALD.
5544	DONATEAD.
5550	DONATEAD.
5556	DONATEAD.
5562	DONATEALD.
5568	ALD.
5574	DONATEAD.
5580	DONATEALD.
5586	AD.
5592	DONATEAD.
5598	DONATEAD.
5604	DONATEAD.
5610	DONATEAD.
5616	DONATEALD.
5622	DONATEAD.
5628	DONATEAL.
5634	DONATEAD.
5640	DONATEAL.
5646	DONATEAD.
5652	DONATEAD.
5658	DONATEAD.
5664	DONATEAD.
5670	DONATEAD.
5676	DONATEAD.
5682	DONATEAD.
5688	DONATEAD.
5694	DONATEAL.
5700	DONATEALD.
5706	DONATEAD.
5712	DONATEAD.
5718	DONATEAD.
5724	DONATEHow to Country YouTubeLook for the channel!ALD.
5730	DONATEHow to Country YouTubeLook for the channel!ALD.
5736	DONATEHow to Country YouTubeLook for the channel!ALD
5742	DONATEHow to Country YouTubeLook for the channel!ALD.
5748	DONATEHow to Country YouTubeLook for the channel!ALD.
5754	DONATEHow to Country YouTubeLook for the channel!ALD.
5760	DONATEHow to Country YouTubehttps://www.youtube.com/@howtocountryALD.
5766	DONATEHow to Country YouTubehttps://www.youtube.com/@howtocountryALD.
5772	DONATEHow to Country YouTubehttps://www.youtube.com/@howtocountryALD
5778	DONATEHow to Country YouTubehttps://www.youtube.com/@howtocountryADLIVE
5784	DONATEAD.
5790	DONATEAD.
5796	DONATEAD.
5802	DONATEFarm Programfarm.amazingdiscoveries.orgALD
5808	DONATEFarm Programfarm.amazingdiscoveries.orgALD
5814	DONATEFarm Programfarm.amazingdiscoveries.orgALD.
5820	DONATEFarm Programfarm.amazingdiscoveries.orgALD.
5826	DONATEFarm Programfarm.amazingdiscoveries.orgALD.
5832	DONATEFarm Programfarm.amazingdiscoveries.orgALD
5838	DONATEFarm Programfarm.amazingdiscoveries.orgALD
5844	DONATEFarm Programfarm.amazingdiscoveries.orgALD
5850	DONATEFarm Programfarm.amazingdiscoveries.orgAD.
5856	DONATEFarm Programfarm.amazingdiscoveries.orgALD
5862	DONATEFarm Programfarm.amazingdiscoveries.orgALD.
5868	DONATEFarm Programfarm.amazingdiscoveries.orgALD.
5874	DONATEFarm Programfarm.amazingdiscoveries.orgALD.
5880	DONATEFarm Programfarm.amazingdiscoveries.orgALD.
5886	DONATEFarm Programfarm.amazingdiscoveries.orgALD.
5892	DONATEFarm Programfarm.amazingdiscoveries.orgADLIVE
5898	DONATEFarm Programfarm.amazingdiscoveries.orgALD.
5904	DONATEFarm Programfarm.amazingdiscoveries.orgALD
5910	DONATEFarm Programfarm.amazingdiscoveries.orgALD.
5916	DONATEFarm Programfarm.amazingdiscoveries.orgALD
5922	DONATEFarm Programfarm.amazingdiscoveries.orgALD.
5928	DONATEFarm Programfarm.amazingdiscoveries.orgALD
5934	DONATEFarm Programfarm.amazingdiscoveries.orgALD.
5940	DONATEFarm Programfarm.amazingdiscoveries.orgALD
5946	DONATEFarm Programfarm.amazingdiscoveries.orgALD.
5952	DONATEFarm Programfarm.amazingdiscoveries.orgALD
5958	DONATEALD.
5964	DONATEAD.
5970	DONATEAD.
5976	DONATEAD.
5982	DONATEALD.
5988	DONATEAD.
5994	DONATE
6000	DONATEAD.
6006	DONATEALD.
6012	DONATEAD.
6018	AD.
6024	AD.
6030	DONATEALD.
6036	DONATEAD.
6042	DONATEAD.
6048	DONATEAD.
6054	DONATEAD.
6060	DONATEAL.
6066	DONATEAD.
6072	DONATEAD.
6078	DONATEAL.
6084	DONATEAL.
6090	DONATEAD.
6096	DONATEAD.
6102	AD.DONATEBarbara BeckWho is battling who in Armageddon?
6108	ALDDONATEBarbara BeckWho is battling who in Armageddon?
6114	ALDDONATEBarbara BeckWho is battling who in Armageddon?
6120	ALD.DONATEBarbara BeckWho is battling who in Armageddon?
6126	ALD.DONATEBarbara BeckWho is battling who in Armageddon?
6132	ALD.DONATEBarbara BeckWho is battling who in Armageddon?
6138	ALD.DONATEBarbara BeckWho is battling who in Armageddon?
6144	ALDDONATEBarbara BeckWho is battling who in Armageddon?
6150	ALD.DONATEBarbara BeckWho is battling who in Armageddon?
6156	ALD.DONATEBarbara BeckWho is battling who in Armageddon?
6162	ALDDONATEBarbara BeckWho is battling who in Armageddon?
6168	ALD.DONATEBarbara BeckWho is battling who in Armageddon?
6174	AD.DONATEBarbara BeckWho is battling who in Armageddon?
6180	AD.DONATEBarbara BeckWho is battling who in Armageddon?
6186	ALDDONATEBarbara BeckWho is battling who in Armageddon?
6192	DONATEAD.
6198	DONATEAD.
6204	ADLIVEDONATEMessy VeganNOSo 4 winds are times of trouble? and King of the North is not papacy but rather Turkey? I'mtrying to "wake up" and understand. Thank you
6210	ADLIVEDONATEMessy VeganNOSo 4 winds are times of trouble? and King of the North is not papacy but rather Turkey? I'mtrying to "wake up" and understand. Thank you
6216	ADLIVEDONATEMessy VeganNOSo 4 winds are times of trouble? and King of the North is not papacy but rather Turkey? I'mtrying to "wake up" and understand. Thank you
6222	ADLIVEDONATEMessy VeganSo 4 winds are times of trouble? and King of the North is not papacy but rather Turkey? I'mtrying to "wake up" and understand. Thank you
6228	ADLIVEDONATEMessy VeganNOSo 4 winds are times of trouble? and King of the North is not papacy but rather Turkey? I'mtrying to "wake up" and understand. Thank you
6234	AD.DONATEMessy VeganNOSo 4 winds are times of trouble? and King of the North is not papacy but rather Turkey? I'mtrying to "wake up" and understand. Thank you
6240	AD.DONATEMessy VeganNOSo 4 winds are times of trouble? and King of the North is not papacy but rather Turkey? I'mtrying to "wake up" and understand. Thank you
6246	ADLIVEDONATEMessy VeganNOSo 4 winds are times of trouble? and King of the North is not papacy but rather Turkey? I'mtrying to "wake up" and understand. Thank you
6252	ADLIVEDONATEMessy VeganNOSo 4 winds are times of trouble? and King of the North is not papacy but rather Turkey? I'mtrying to "wake up" and understand. Thank you
6258	ADLIVEDONATEMessy VeganSo 4 winds are times of trouble? and King of the North is not papacy but rather Turkey? I'mtrying to "wake up" and understand. Thank you
6264	AD!LIVEDONATEMessy VeganSo 4 winds are times of trouble? and King of the North is not papacy but rather Turkey? I'mtrying to "wake up" and understand. Thank you
6270	ADLIVEDONATEMessy VeganNOSo 4 winds are times of trouble? and King of the North is not papacy but rather Turkey? I'mtrying to "wake up" and understand. Thank you
6276	ADLIVEDONATEMessy VeganSo 4 winds are times of trouble? and King of the North is not papacy but rather Turkey? I'mtrying to "wake up" and understand. Thank you
6282	ADLIVEDONATEMessy VeganNOSo 4 winds are times of trouble? and King of the North is not papacy but rather Turkey? I'mtrying to "wake up" and understand. Thank you
6288	AL.DONATEMessy VeganNOSo 4 winds are times of trouble? and King of the North is not papacy but rather Turkey? I'mtrying to "wake up" and understand. Thank you
6294	AL.DONATEMessy VeganSo 4 winds are times of trouble? and King of the North is not papacy but rather Turkey? I'mtrying to "wake up" and understand. Thank you
6300	ADLIVEDONATEMessy VeganNOSo 4 winds are times of trouble? and King of the North is not papacy but rather Turkey? I'mtrying to "wake up" and understand. Thank you
6306	ADLIVEDONATEMessy VeganNOSo 4 winds are times of trouble? and King of the North is not papacy but rather Turkey? I'mtrying to "wake up" and understand. Thank you
6312	ADLIVEDONATEMessy VeganNOSo 4 winds are times of trouble? and King of the North is not papacy but rather Turkey? I'mtrying to "wake up" and understand. Thank you
6318	ADLIVEDONATEMessy VeganNOSo 4 winds are times of trouble? and King of the North is not papacy but rather Turkey? I'mtrying to "wake up" and understand. Thank you
6324	ADLIVEDONATEMessy VeganNOSo 4 winds are times of trouble? and King of the North is not papacy but rather Turkey? I'mtrying to "wake up" and understand. Thank you
6330	DONATEMessy VeganSo 4 winds are times of trouble? and King of the North is not papacy but rather Turkey? I'mtrying to "wake up" and understand. Thank you
6336	ADLIVEDONATEMessy VeganNOSo 4 winds are times of trouble? and King of the North is not papacy but rather Turkey? I'mtrying to "wake up" and understand. Thank you
6342	AL.DONATEMessy VeganSo 4 winds are times of trouble? and King of the North is not papacy but rather Turkey? I'mtrying to "wake up" and understand. Thank you
6348	ADLIVEDONATEMessy VeganSo 4 winds are times of trouble? and King of the North is not papacy but rather Turkey? I'mtrying to "wake up" and understand. Thank you
6354	ADLIVEDONATEMessy VeganNOSo 4 winds are times of trouble? and King of the North is not papacy but rather Turkey? I'mtrying to "wake up" and understand. Thank you
6360	AD.DONATEMessy VeganNOSo 4 winds are times of trouble? and King of the North is not papacy but rather Turkey? I'mtrying to "wake up" and understand. Thank you
6366	AD.DONATEMessy VeganNOSo 4 winds are times of trouble? and King of the North is not papacy but rather Turkey? I'mtrying to "wake up" and understand. Thank you
6372	ADLIVEDONATEMessy VeganSo 4 winds are times of trouble? and King of the North is not papacy but rather Turkey? I'mtrying to "wake up" and understand. Thank you
6378	AD.DONATEMessy VeganSo 4 winds are times of trouble? and King of the North is not papacy but rather Turkey? I'mtrying to "wake up" and understand. Thank you
6384	ADLIVEDONATEMessy VeganNOSo 4 winds are times of trouble? and King of the North is not papacy but rather Turkey? I'mtrying to "wake up" and understand. Thank you
6390	DONATE2024 Camp MeetingGo to AD YouTube LiveALD.
6396	DONATE2024 Camp MeetingGo to AD YouTube LiveALD.
6402	DONATE2024 Camp MeetingGo to AD YouTube LiveALD.
6408	DONATE2024 Camp MeetingGo to AD YouTube LiveALD.
6414	DONATE2024 Camp MeetingGo to AD YouTube LiveADLIVE
6420	ADLIVEDONATERicky BokovoyHow do we know that Verse 44 was fulfilled in the Crimean War? I've read those verses manytimes and feel that Verse 44 is speaking of a worldwide Caliphate. But I'm not dogmatic.
6426	DONATERicky BokovoyHow do we know that Verse 44 was fulfilled in the Crimean War? I've read those verses manytimes and feel that Verse 44 is speaking of a worldwide Caliphate. But I'm not dogmatic.
6432	ADLIVEDONATERicky BokovoyHow do we know that Verse 44 was fulfilled in the Crimean War? I've read those verses manytimes and feel that Verse 44 is speaking of a worldwide Caliphate. But I'm not dogmatic.
6438	AL.DONATERicky BokovoyHow do we know that Verse 44 was fulfilled in the Crimean War? I've read those verses manytimes and feel that Verse 44 is speaking of a worldwide Caliphate. But I'm not dogmatic.
6444	ADLIVEDONATERicky BokovoyHow do we know that Verse 44 was fulfilled in the Crimean War? I've read those verses manytimes and feel that Verse 44 is speaking of a worldwide Caliphate. But I'm not dogmatic.
6450	AL.DONATERicky BokovoyHow do we know that Verse 44 was fulfilled in the Crimean War? I've read those verses manytimes and feel that Verse 44 is speaking of a worldwide Caliphate. But I'm not dogmatic.
6456	ADLIVEDONATERicky BokovoyHow do we know that Verse 44 was fulfilled in the Crimean War? I've read those verses manytimes and feel that Verse 44 is speaking of a worldwide Caliphate. But I'm not dogmatic.
6462	ADLIVEDONATERicky BokovoyHow do we know that Verse 44 was fulfilled in the Crimean War? I've read those verses manytimes and feel that Verse 44 is speaking of a worldwide Caliphate. But I'm not dogmatic.
6468	ADLIVEDONATERicky BokovoyHow do we know that Verse 44 was fulfilled in the Crimean War? I've read those verses manytimes and feel that Verse 44 is speaking of a worldwide Caliphate. But I'm not dogmatic.
6474	AD.DONATERicky BokovoyHow do we know that Verse 44 was fulfilled in the Crimean War? I've read those verses manytimes and feel that Verse 44 is speaking of a worldwide Caliphate. But I'm not dogmatic.
6480	ADLIVEDONATERicky BokovoyHow do we know that Verse 44 was fulfilled in the Crimean War? I've read those verses manytimes and feel that Verse 44 is speaking of a worldwide Caliphate. But I'm not dogmatic.
6486	AL.DONATERicky BokovoyHow do we know that Verse 44 was fulfilled in the Crimean War? I've read those verses manytimes and feel that Verse 44 is speaking of a worldwide Caliphate. But I'm not dogmatic.
6492	ADLIVEDONATERicky BokovoyHow do we know that Verse 44 was fulfilled in the Crimean War? I've read those verses manytimes and feel that Verse 44 is speaking of a worldwide Caliphate. But I'm not dogmatic.
6498	AD.DONATERicky BokovoyHow do we know that Verse 44 was fulfilled in the Crimean War? I've read those verses manytimes and feel that Verse 44 is speaking of a worldwide Caliphate. But I'm not dogmatic.
6504	ADLIVEDONATERicky BokovoyHow do we know that Verse 44 was fulfilled in the Crimean War? I've read those verses manytimes and feel that Verse 44 is speaking of a worldwide Caliphate. But I'm not dogmatic.
6510	ALD.DONATEGTWhat's the papacy's mark? Does the papacy control the ability to buy/sell, have a job?
6516	ALDDONATEGTWhat's the papacy's mark? Does the papacy control the ability to buy/sell, have a job?
6522	AD.DONATEGTWhat's the papacy's mark? Does the papacy control the ability to buy/sell, have a job?
6528	ALDDONATEGTWhat's the papacy's mark? Does the papacy control the ability to buy/sell, have a job?
6534	ALDDONATEGTWhat's the papacy's mark? Does the papacy control the ability to buy/sell, have a job?
6540	ADILIVEDONATEGTWhat's the papacy's mark? Does the papacy control the ability to buy/sell, have a job?
6546	ALD.DONATEGTWhat's the papacy's mark? Does the papacy control the ability to buy/sell, have a job?
6552	ALDDONATEGTWhat's the papacy's mark? Does the papacy control the ability to buy/sell, have a job?
6558	ALDDONATEGTWhat's the papacy's mark? Does the papacy control the ability to buy/sell, have a job?
6564	ALD.DONATEGTWhat's the papacy's mark? Does the papacy control the ability to buy/sell, have a job?
6570	ALD.DONATEGTWhat's the papacy's mark? Does the papacy control the ability to buy/sell, have a job?
6576	ALDDONATEGTWhat's the papacy's mark? Does the papacy control the ability to buy/sell, have a job?
6582	ALD.DONATEGTWhat's the papacy's mark? Does the papacy control the ability to buy/sell, have a job?
6588	ALD.DONATEGTWhat's the papacy's mark? Does the papacy control the ability to buy/sell, have a job?
6594	ALD.DONATEGTWhat's the papacy's mark? Does the papacy control the ability to buy/sell, have a job?
6600	ALD.DONATEGTWhat's the papacy's mark? Does the papacy control the ability to buy/sell, have a job?
6606	ALDDONATEGTWhat's the papacy's mark? Does the papacy control the ability to buy/sell, have a job?
6612	ALD.DONATEGTWhat's the papacy's mark? Does the papacy control the ability to buy/sell, have a job?
6618	ALD.DONATEGTWhat's the papacy's mark? Does the papacy control the ability to buy/sell, have a job?
6624	ALDDONATEGTWhat's the papacy's mark? Does the papacy control the ability to buy/sell, have a job?
6630	ALDDONATEGTWhat's the papacy's mark? Does the papacy control the ability to buy/sell, have a job?
6636	ALDDONATEGTWhat's the papacy's mark? Does the papacy control the ability to buy/sell, have a job?
6642	ADILIVEDONATEGTWhat's the papacy's mark? Does the papacy control the ability to buy/sell, have a job?
6648	ALD.DONATEGTWhat's the papacy's mark? Does the papacy control the ability to buy/sell, have a job?
6654	ADILIVEDONATEGTWhat's the papacy's mark? Does the papacy control the ability to buy/sell, have a job?
6660	ALD.DONATEGTWhat's the papacy's mark? Does the papacy control the ability to buy/sell, have a job?
6666	ALD.DONATEGTWhat's the papacy's mark? Does the papacy control the ability to buy/sell, have a job?
6672	ALD.DONATEGTWhat's the papacy's mark? Does the papacy control the ability to buy/sell, have a job?
6678	ALD.DONATEGTWhat's the papacy's mark? Does the papacy control the ability to buy/sell, have a job?
6684	ALD.DONATEGTWhat's the papacy's mark? Does the papacy control the ability to buy/sell, have a job?
6690	DONATEGTWhat's the papacy's mark? Does the papacy control the ability to buy/sell, have a job?
6696	ALD.DONATEGTWhat's the papacy's mark? Does the papacy control the ability to buy/sell, have a job?
6702	ALDDONATEGTWhat's the papacy's mark? Does the papacy control the ability to buy/sell, have a job?
6708	ALD.DONATEGTWhat's the papacy's mark? Does the papacy control the ability to buy/sell, have a job?
6714	ALDDONATEGTWhat's the papacy's mark? Does the papacy control the ability to buy/sell, have a job?
6720	ALDDONATEGTWhat's the papacy's mark? Does the papacy control the ability to buy/sell, have a job?
6726	ALDDONATEGTWhat's the papacy's mark? Does the papacy control the ability to buy/sell, have a job?
6732	ALD.DONATEGTWhat's the papacy's mark? Does the papacy control the ability to buy/sell, have a job?
6738	ALD.DONATEGTWhat's the papacy's mark? Does the papacy control the ability to buy/sell, have a job?
6744	ALD.DONATEGTWhat's the papacy's mark? Does the papacy control the ability to buy/sell, have a job?
6750	ALD.DONATEGTWhat's the papacy's mark? Does the papacy control the ability to buy/sell, have a job?
6756	ALDDONATEGTWhat's the papacy's mark? Does the papacy control the ability to buy/sell, have a job?
6762	DONATEAL.
6768	DONATEAL.
6774	DONATEAD.
6780	DONATEALD.
6786	AD.DONATEMandy HoweMy Question is, Where does it say why we should not move to the country next to the sea oroceans, please?
6792	DONATEMandy HoweMy Question is, Where does it say why we should not move to the country next to the sea oroceans, please?
6798	AD.DONATEMandy HoweMy Question is, Where does it say why we should not move to the country next to the sea oroceans, please?
6804	ADILIVEDONATEMandy HoweMy Question is, Where does it say why we should not move to the country next to the sea oroceans, please?
6810	AL.DONATEMandy HoweMy Question is, Where does it say why we should not move to the country next to the sea oroceans, please?
6816	AL.DONATEMandy HoweMy Question is, Where does it say why we should not move to the country next to the sea oroceans, please?
6822	ADLIVEDONATEMandy HoweMy Question is, Where does it say why we should not move to the country next to the sea oroceans, please?
6828	AL.DONATEMandy HoweMy Question is, Where does it say why we should not move to the country next to the sea oroceans, please?
6834	ADLIVEDONATEMandy HoweMy Question is, Where does it say why we should not move to the country next to the sea oroceans, please?
6840	ADLIVEDONATEMandy HoweMy Question is, Where does it say why we should not move to the country next to the sea oroceans, please?
6846	AD.DONATEMandy HoweMy Question is, Where does it say why we should not move to the country next to the sea oroceans, please?
6852	ALLDONATEMandy HoweMy Question is, Where does it say why we should not move to the country next to the sea oroceans, please?
6858	AL.DONATEMandy HoweMy Question is, Where does it say why we should not move to the country next to the sea oroceans, please?
6864	AL.DONATEMandy HoweMy Question is, Where does it say why we should not move to the country next to the sea oroceans, please?
6870	AL.DONATEMandy HoweMy Question is, Where does it say why we should not move to the country next to the sea oroceans, please?
6876	AD.DONATEMandy HoweMy Question is, Where does it say why we should not move to the country next to the sea oroceans, please?
6882	AL.DONATEMandy HoweMy Question is, Where does it say why we should not move to the country next to the sea oroceans, please?
6888	ADLIVEDONATEMandy HoweMy Question is, Where does it say why we should not move to the country next to the sea oroceans, please?
6894	ADLIVEDONATEMandy HoweMy Question is, Where does it say why we should not move to the country next to the sea oroceans, please?
6900	AD.DONATEMandy HoweMy Question is, Where does it say why we should not move to the country next to the sea oroceans, please?
6906	AD.DONATEMandy HoweMy Question is, Where does it say why we should not move to the country next to the sea oroceans, please?
6912	AD.DONATEMandy HoweMy Question is, Where does it say why we should not move to the country next to the sea oroceans, please?
6918	AL.DONATEMandy HoweMy Question is, Where does it say why we should not move to the country next to the sea oroceans, please?
6924	AD.DONATEMandy HoweMy Question is, Where does it say why we should not move to the country next to the sea oroceans, please?
6930	AD.DONATEMandy HoweMy Question is, Where does it say why we should not move to the country next to the sea oroceans, please?
6936	AD.DONATEMandy HoweMy Question is, Where does it say why we should not move to the country next to the sea oroceans, please?
6942	AD.DONATEMandy HoweMy Question is, Where does it say why we should not move to the country next to the sea oroceans, please?
6948	AL.DONATEMandy HoweMy Question is, Where does it say why we should not move to the country next to the sea oroceans, please?
6954	AD.DONATEMandy HoweMy Question is, Where does it say why we should not move to the country next to the sea oroceans, please?
6960	AL.DONATEMandy HoweMy Question is, Where does it say why we should not move to the country next to the sea oroceans, please?
6966	AL.DONATEMandy HoweMy Question is, Where does it say why we should not move to the country next to the sea oroceans, please?
6972	AL.DONATEMandy HoweMy Question is, Where does it say why we should not move to the country next to the sea oroceans, please?
6978	AL.DONATEMandy HoweMy Question is, Where does it say why we should not move to the country next to the sea oroceans, please?
6984	AL.DONATEMandy HoweMy Question is, Where does it say why we should not move to the country next to the sea oroceans, please?
6990	AD.DONATEMandy HoweMy Question is, Where does it say why we should not move to the country next to the sea oroceans, please?
6996	AD.DONATEMandy HoweMy Question is, Where does it say why we should not move to the country next to the sea oroceans, please?
7002	DONATEAD.
7008	DONATE55/55PreviousBack to searchNextNext resultarmies was the signal for füght to the Judean Christians, so the assumption of power onthe part of our nation, in the decree enforcing the papal Sabbath, will be a warning to us. Itwill then be time to leave the large cities, preparatory to leaving the smaller ones forretired homes in secluded places among the mountains. And now, instead of seekingexpensive dwellings here, we should be preparing to move to a better countryheavenly. Instead of spending our means in self-gratification, we should be studyeconomize -Testimonies for the Church 5464-485 (1885). (CL 321)AIR.
7014	DONATE55/55PreviousBack to searchNextNext resultwill then be time to leave the large cities, preparatory to leaving the smaller ones forretired homes in secluded places among the mountains. And now, instead of seekingexpensive dwellings here, we should be preparing to move to a better country. even aheavenly, Instead of spending our means in self-gratification, we should be studying toeconomize.- Testimonies for the Church 5464, 465 (1885). (CL 321}DrovinicRank to coarchAD.
7020	DONATE55/55PreviousBack to searchNextNext resultseek a refuge in desolate and solitary places. As the siege of Jerusalem by the Romanarmies was the signal for flight to the Judean Christians, so the assumption of power onthe part of our nation, in the decree enforcing the papal Sabbath, will be a warning to us. Itwill then be time to leave the large cities, preparatory to leaving the smaller ones forretired homes in secluded place ramong the mountains. And now, instead of sexpensive dwellings here, we should be preparing to move to a better countryheavenly. Instead of spending our means in self-gratification, we should be studying toAD.
7026	DONATE55/55PreviousBack to searchNextNext resultwill then be time to leave the large cities, preparatory to leaving the smaller ones forretired homes in secluded places among the mountains. And now, instead of seekingexpensive dwellings here, we should be preparing to move to a better country. even aheavenly. Instead of spending our means in self-gratification, we should be studying toeconomize.—Testimonies for the Church 5:464, 465 (1885). (CL 321}PreviousBack to searchNextAR.
7032	DONATE55/55PreviousBack to searchNextNext resultwill then be time to leave the large cities, preparatory to leaving the smaller ones forretired homes in (sectuded places among the mountaing. And now. instead of seekingexpensive dwellings here, we should be preparing to move to a better country. even aheavenly. Instead of spending our means in self-gratification, we should be studying toeconomize.-Testimonies for the Church 5464: 465 (1885). (CL 321}PreviousBack to searchNextAD.
7038	DONATE55/55PreviousBack to searchNextNext resultwill then be time to leave the large citie- preparatory to leaving the smaller ones forretired homes in secluded places among the mountains. And now. instead of seekingexpensive dwellings here. we should be preparing to move to a better country. even aheavenly. Instead of spending our means in self-gratification, we should be studying toeconomize. - Testimonies for the Church 5464. 465 (CL (CL 323)PreviousBack to searchNextAD.
7044	DONATEAD.
7050	AD.
7056	DONATEAD.
7062	DONATEAD.
7068	DONATEAD.
7074	AD.
7080	AD.
7086	DONATEAD.
7092	DONATEAL.
7098	DONATEAD.
7104	DONATEAL.
7110	DONATEAD.
7116	DONATEAL.
7122	DONATEAD.
7128	ALD.
7134	DONATEAL.
7140	DONATEAL.
7146	DONATEAR.
7152	AL.
7158	DONATEAD.
7164	ALD.DONATEGTAgain, who was the papacy/pope paired with (false prophet)?
7170	ALDDONATEGTAgain, who was the papacy/pope paired with (false prophet)?
7176	ALD.DONATEGTGTAgain, who was the papacy/pope paired with (false prophet)?
7182	ALDDONATEGTAgain, who was the papacy/pope paired with (false prophet)?
7188	ALD.DONATEGTAgain, who was the papacy/pope paired with (false prophet)?
7194	ALD.DONATEGTAgain, who was the papacy/pope paired with (false prophet)?
7200	ADILIVEDONATEGTGTAgain, who was the papacy/pope paired with (false prophet)?
7206	ALD.DONATEGTGTAgain, who was the papacy/pope paired with (false prophet)?
7212	ALDDONATEGTGTAgain, who was the papacy/pope paired with (false prophet)?
7218	ALDDONATEGTAgain, who was the papacy/pope paired with (false prophet)?
7224	ALDDONATEGTAgain, who was the papacy/pope paired with (false prophet)?
7230	DONATEAL.
7236	DONATEAD.
7242	DONATEAD.
7248	DONATEAL.
7254	ALD.DONATEFor Previous Judgment Day Studies Go To:judgmentdaydocumentary.com/bible-studies
7260	DONATEFor Previous Judgment Day Studies Go To:judgmentdaydocumentary.com/bible-studies
7266	ALDDONATEFor Previous Judgment Day Studies Go To:judgmentdaydocumentary.com/bible-studies
7272	DONATEFor Previous Judgment Day Studies Go To:judgmentdaydocumentary.com/bible-studiesALD
7278	ALD.DONATEFor Previous Judgment Day Studies Go To:judgmentdaydocumentary.com/bible-studies
7284	ALD.DONATESCOTT HOLDERquestion: Lord coming like a thief in the night, is the CLOSE OF PROBATION??
7290	ALDDONATESCOTT HOLDERquestion: Lord coming like a thief in the night, is the CLOSE OF PROBATION??
7296	ALDDONATESCOTT HOLDERquestion: Lord coming like a thief in the night, is the CLOSE OF PROBATION??
7302	ALD.DONATESCOTT HOLDERquestion: Lord coming like a thief in the night, is the CLOSE OF PROBATION??
7308	ALDDONATESCOTT HOLDERquestion: Lord coming like a thief in the night, is the CLOSE OF PROBATION??
7314	ALDDONATESCOTT HOLDERquestion: Lord coming like a thief in the night, is the CLOSE OF PROBATION??
7320	ALD.DONATESCOTT HOLDERquestion: Lord coming like a thief in the night, is the CLOSE OF PROBATION??
7326	ALDDONATESCOTT HOLDERquestion: Lord coming like a thief in the night, is the CLOSE OF PROBATION??
7332	ALD.DONATESCOTT HOLDERquestion: Lord coming like a thief in the night, is the CLOSE OF PROBATION??
7338	ALD.DONATESCOTT HOLDERquestion: Lord coming like a thief in the night, is the CLOSE OF PROBATION??
7344	ALD.DONATESCOTT HOLDERquestion: Lord coming like a thief in the night, is the CLOSE OF PROBATION??
7350	ALD.DONATESCOTT HOLDERquestion: Lord coming like a thief in the night, is the CLOSE OF PROBATION??
7356	DONATEAD.
7362	DONATEAL.
7368	DONATEAL.
7374	DONATEAD.
7380	DONATEAD.
7386	DONATEAL.
7392	AL.
7398	AD.
7404	DONATEAD.
7410	DONATEAL.
7416	DONATEAD.
7422	DONATEAD.
7428	DONATEAL.
7434	DONATEAD.
7440	AD.
7446	ALD.DONATECassandra SimmonsWho are the two witnesses?
7452	ALD.DONATECassandra SimmonsWho are the two witnesses?
7458	ALD.DONATECassandra SimmonsWho are the two witnesses?
7464	ALD.DONATECassandra SimmonsWho are the two witnesses?
7470	ALD.DONATECassandra SimmonsWho are the two witnesses?
7476	ALDDONATECassandra SimmonsWho are the two witnesses?
7482	AL.DONATEBrian Haynesdo you think the UFO/UAP/Demons/spirits of devils, will manifest during the 6th plague togather to the battle of Armageddon?
7488	AD.DONATEBrian Haynesdo you think the UFO/UAP/Demons/spirits of devils, will manifest during the 6th plague togather to the battle of Armageddon?
7494	AD.DONATEBrian Haynesdo you think the UFO/UAP/Demons/spirits of devils, will manifest during the 6th plague togather to the battle of Armageddon?
7500	AD.DONATEBrian Haynesdo you think the UFO/UAP/Demons/spirits of devils, will manifest during the 6th plague togather to the battle of Armageddon?
7506	ADLIVEDONATEBrian Haynesdo you think the UFO/UAP/Demons/spirits of devils, will manifest during the 6th plague togather to the battle of Armageddon?
7512	ADLIVEDONATEBrian Haynesdo you think the UFO/UAP/Demons/spirits of devils, will manifest during the 6th plague togather to the battle of Armageddon?
7518	AD.DONATEBrian Haynesdo you think the UFO/UAP/Demons/spirits of devils, will manifest during the 6th plague togather to the battle of Armageddon?
7524	ALL.DONATEBrian Haynesdo you think the UFO/UAP/Demons/spirits of devils, will manifest during the 6th plague togather to the battle of Armageddon?
7530	ADLIVEDONATEBrian Haynesdo you think the UFO/UAP/Demons/spirits of devils, will manifest during the 6th plague togather to the battle of Armageddon?
7536	AD.DONATEBrian Haynesdo you think the UFO/UAP/Demons/spirits of devils, will manifest during the 6th plague togather to the battle of Armageddon?
7542	DONATEBrian Haynesdo you think the UFO/UAP/Demons/spirits of devils, will manifest during the 6th plague togather to the battle of Armageddon?
7548	AL.DONATEBrian Haynesdo you think the UFO/UAP/Demons/spirits of devils, will manifest during the 6th plague togather to the battle of Armageddon?
7554	ADLIVEDONATEBrian Haynesdo you think the UFO/UAP/Demons/spirits of devils, will manifest during the 6th plague togather to the battle of Armageddon?
7560	ADLIVEDONATEBeth WienhoffHOW CAN WE KEEP OUR PROPERTIES IF WE CAN'T BUY OR SELL.. $$ FOR TAXES ???..Sorry lam not screaming Lol!
7566	AL.DONATEBeth WienhoffHOW CAN WE KEEP OUR PROPERTIES IF WE CAN'T BUY OR SELL.. $$ FOR TAXES ???..Sorry lam not screaming Lol!
7572	DONATEBeth WienhoffHOW CAN WE KEEP OUR PROPERTIES IF WE CAN'T BUY OR SELL.. $$ FOR TAXES ???..Sorry lam not screaming Lol!
7578	AD.DONATEBeth WienhoffHOW CAN WE KEEP OUR PROPERTIES IF WE CAN'T BUY OR SELL.. $$ FOR TAXES ???..Sorry lam not screaming Lol!
7584	AL.DONATEBeth WienhoffHOW CAN WE KEEP OUR PROPERTIES IF WE CAN'T BUY OR SELL.. $$ FOR TAXES ???..Sorry lam not screaming Lol!
7590	AD.DONATEBeth WienhoffHOW CAN WE KEEP OUR PROPERTIES IF WE CAN'T BUY OR SELL.. $$ FOR TAXES ???..Sorry lam not screaming Lol!
7596	AD.DONATEBeth WienhoffHOW CAN WE KEEP OUR PROPERTIES IF WE CAN'T BUY OR SELL.. $$ FOR TAXES ???..Sorry lam not screaming Lol!
7602	AL.DONATEBeth WienhoffHOW CAN WE KEEP OUR PROPERTIES IF WE CAN'T BUY OR SELL.. $$ FOR TAXES ???..Sorry lam not screaming Lol!
7608	AD.DONATEBeth WienhoffHOW CAN WE KEEP OUR PROPERTIES IF WE CAN'T BUY OR SELL.. $$ FOR TAXES ???..Sorry lam not screaming Lol!
7614	AD.DONATEBeth WienhoffHOW CAN WE KEEP OUR PROPERTIES IF WE CAN'T BUY OR SELL.. $$ FOR TAXES ???..Sorry lam not screaming Lol!
7620	DONATEBeth WienhoffHOW CAN WE KEEP OUR PROPERTIES IF WE CAN'T BUY OR SELL.. $$ FOR TAXES ???..Sorry lam not screaming Lol!
7626	AD.DONATEBeth WienhoffHOW CAN WE KEEP OUR PROPERTIES IF WE CAN'T BUY OR SELL.. $$ FOR TAXES ???..Sorry lam not screaming Lol!
7632	AL.DONATEBeth WienhoffHOW CAN WE KEEP OUR PROPERTIES IF WE CAN'T BUY OR SELL.. $$ FOR TAXES ???..Sorry lam not screaming Lol!
7638	AD.DONATEBeth WienhoffHOW CAN WE KEEP OUR PROPERTIES IF WE CAN'T BUY OR SELL.. $$ FOR TAXES ???..Sorry lam not screaming Lol!
7644	AL.DONATEBeth WienhoffHOW CAN WE KEEP OUR PROPERTIES IF WE CAN'T BUY OR SELL.. $$ FOR TAXES ???..Sorry lam not screaming Lol!
7650	AD.DONATEBeth WienhoffHOW CAN WE KEEP OUR PROPERTIES IF WE CAN'T BUY OR SELL.. $$ FOR TAXES ???..Sorry lam not screaming Lol!
7656	AD.DONATEBeth WienhoffHOW CAN WE KEEP OUR PROPERTIES IF WE CAN'T BUY OR SELL... $$ FOR TAXES ???..Sorry lam not screaming Lol!
7662	AD.DONATEBeth WienhoffHOW CAN WE KEEP OUR PROPERTIES IF WE CAN'T BUY OR SELL.. $$ FOR TAXES ???..Sorry lam not screaming Lol!
7668	AD.DONATEBeth WienhoffHOW CAN WE KEEP OUR PROPERTIES IF WE CAN'T BUY OR SELL.. $$ FOR TAXES ???..Sorry lam not screaming Lol!
7674	AD.DONATEBeth WienhoffHOW CAN WE KEEP OUR PROPERTIES IF WE CAN'T BUY OR SELL.. $$ FOR TAXES ???..Sorry lam not screaming Lol!
7680	AL.DONATEBeth WienhoffHOW CAN WE KEEP OUR PROPERTIES IF WE CAN'T BUY OR SELL.. $$ FOR TAXES ???..Sorry Iam not screaming Lol!
7686	AD.DONATEBeth WienhoffHOW CAN WE KEEP OUR PROPERTIES IF WE CAN'T BUY OR SELL.. $$ FOR TAXES ???..Sorry lam not screaming Lol!
7692	DONATEBeth WienhoffHOW CAN WE KEEP OUR PROPERTIES IF WE CAN'T BUY OR SELL.. $$ FOR TAXES ???..Sorry lam not screaming Lol!
7698	AL.DONATEBeth WienhoffHOW CAN WE KEEP OUR PROPERTIES IF WE CAN'T BUY OR SELL.. $$ FOR TAXES ???..Sorry lam not screaming Lol!
7704	AD.DONATEBeth WienhoffHOW CAN WE KEEP OUR PROPERTIES IF WE CAN'T BUY OR SELL.. $$ FOR TAXES ???..Sorry lam not screaming Lol!
7710	DONATEBeth WienhoffHOW CAN WE KEEP OUR PROPERTIES IF WE CAN'T BUY OR SELL.. $$ FOR TAXES ???..Sorry lam not screaming Lol!
7716	AD.DONATEBeth WienhoffHOW CAN WE KEEP OUR PROPERTIES IF WE CAN'T BUY OR SELL... $$ FOR TAXES ???..Sorry lam not screaming Lol!
7722	AL.DONATEBeth WienhoffHOW CAN WE KEEP OUR PROPERTIES IF WE CAN'T BUY OR SELL.. $$ FOR TAXES ???..Sorry lam not screaming Lol!
7728	AD.DONATEBeth WienhoffHOW CAN WE KEEP OUR PROPERTIES IF WE CAN'T BUY OR SELL.. $$ FOR TAXES ???..Sorry lam not screaming Lol!
7734	AD.DONATEBeth WienhoffHOW CAN WE KEEP OUR PROPERTIES IF WE CAN'T BUY OR SELL.. $$ FOR TAXES ???..Sorry lam not screaming Lol!
7740	AD.DONATEBeth WienhoffHOW CAN WE KEEP OUR PROPERTIES IF WE CAN'T BUY OR SELL.. $$ FOR TAXES ???..Sorry Iam not screaming Lol!
7746	AD.DONATEBeth WienhoffHOW CAN WE KEEP OUR PROPERTIES IF WE CAN'T BUY OR SELL.. $$ FOR TAXES ???..Sorry lam not screaming Lol!
7752	AR.DONATEBeth WienhoffHOW CAN WE KEEP OUR PROPERTIES IF WE CAN'T BUY OR SELL.. $$ FOR TAXES ???..Sorry lam not screaming Lol!
7758	AD.DONATEBeth WienhoffHOW CAN WE KEEP OUR PROPERTIES IF WE CAN'T BUY OR SELL.. $$ FOR TAXES ???..Sorry lam not screaming Lol!
7764	AD.DONATEBeth WienhoffHOW CAN WE KEEP OUR PROPERTIES IF WE CAN'T BUY OR SELL.. $$ FOR TAXES ???..Sorry lam not screaming Lol!
7770	AD.DONATEBeth WienhoffHOW CAN WE KEEP OUR PROPERTIES IF WE CAN'T BUY OR SELL.. $$ FOR TAXES ???..Sorry lam not screaming Lol!
7776	AL.DONATEBeth WienhoffHOW CAN WE KEEP OUR PROPERTIES IF WE CAN'T BUY OR SELL.. $$ FOR TAXES ???..Sorry lam not screaming Lol!
7782	AD.DONATEBeth WienhoffHOW CAN WE KEEP OUR PROPERTIES IF WE CAN'T BUY OR SELL.. $$ FOR TAXES ???..Sorry lam not screaming Lol!
7788	AL.DONATEBeth WienhoffHOW CAN WE KEEP OUR PROPERTIES IF WE CAN'T BUY OR SELL.. $$ FOR TAXES ???..Sorry lam not screaming Lol!
7794	DONATEMIDNIGHTAD.
7800	DONATEAL.
7806	DONATEMIDNIGHTGet the free ebook True Midnight Cry & Waymarksjudgmentdaydocumentary.com
7812	AD.DONATEGet the free ebook True Midnight Cry & Waymarksjudgmentdaydocumentary.com
7818	ALDDONATEGet the free ebook True Midnight Cry & Waymarksjudgmentdaydocumentary.com
7824	ALD.DONATEGet the free ebook True Midnight Cry & Waymarksjudgmentdaydocumentary.com
7830	ALDDONATEGet the free ebook True Midnight Cry & Waymarksjudgmentdaydocumentary.com
7836	ADLIVEDONATEGet the free ebook True Midnight Cry & Waymarksjudgmentdaydocumentary.com
7842	ALD.DONATEGet the free ebook True Midnight Cry & Waymarksjudgmentdaydocumentary.com
7848	DONATEAD.
7854	AL.
7860	DONATEALD.
7866	AD.
7872	DONATEAL.
7878	DONATEALD.
7884	DONATEAD.
7890	ALDDONATEanna Moraleshow will we know when a death decree is given and know when to flee if we will be cut off
7896	ALD.DONATEanna Moraleshow will we know when a death decree is given and know when to flee if we will be cut off
7902	ADLIVEDONATEanna Moraleshow will we know when a death decree is given and know when to flee if we will be cut off
7908	ALD.DONATEanna Moraleshow will we know when a death decree is given and know when to flee if we will be cut off
7914	ALD.DONATEanna Moraleshow will we know when a death decree is given and know when to flee if we will be cut off
7920	ADLIVEDONATEanna Moraleshow will we know when a death decree is given and know when to flee if we will be cut off
7926	ALDDONATEanna Moraleshow will we know when a death decree is given and know when to flee if we will be cut off
7932	ALD.DONATEanna Moraleshow will we know when a death decree is given and know when to flee if we will be cut off
7938	ALD.DONATEanna Moraleshow will we know when a death decree is given and know when to flee if we will be cut off
7944	ALD.DONATEanna Moraleshow will we know when a death decree is given and know when to flee if we will be cut off
7950	ADLIVEDONATEanna Moraleshow will we know when a death decree is given and know when to flee if we will be cut off
7956	ALD.DONATEanna Moraleshow will we know when a death decree is given and know when to flee if we will be cut off
7962	ADILIVEDONATEGTThank you. Adventists are very kind. You guys have been great, thanks
7968	ALDDONATEGTGTThank you. Adventists are very kind. You guys have been great, thanks
7974	ALD.DONATEGTThank you. Adventists are very kind. You guys have been great, thanks
7980	ALD.DONATEG TGTThank you. Adventists are very kind. You guys have been great, thanks
7986	DONATEAL.
7992	DONATEAD.
7998	DONATEAD.
8004	DONATEALD.
8010	DONATEAD.
8016	ALD.DONATEAmazing DiscoveriesE: support@amazingdiscoveries.org P: 1-866-572-9457
8022	DONATESign up for Our E-Newsletterswelcome.amazingdiscoveries.orgALD
8028	DONATESign up for Our E-Newsletterswelcome.amazingdiscoveries.orgALD.
8034	DONATESign up for Our E-Newsletterswelcome.amazingdiscoveries.orgALD
8040	AD.DONATEDGMIENIEIDAYHAYOU FOR JOINING US!SIGN-UP ATWELEMAZINGDISQOVERIES.ORGTO THE BIBLE/ PROPHECY E-NEWSLETTER TOJOIN MORE STUDIES
8046	JUDGMENT DAYTHANK YOU FOR JOINING US!SIGN-UP AT WELCOME.AMAZINGDISCOVERIES. ORGTO THE BIBLE/ PROPHECY E-NEWSLETTER TOJOIN MORE STUDIES.
8052	JUDGMENT DAYTHANK YOU FOR JOINING US!SIGN-UP AT WELCOME.AMAZINGDISCOVERIES.ORGTO THE BIBLE/ PROPHECY E-NEWSLETTER TOJOIN MORE STUDIES.
8058	JUDGMENT DAYTHANK YOU FOR JOINING US!SIGN-UP AT WELCOME.AMAZINGDISCOVERIES.ORGTO THE BIBLE/ PROPHECY E-NEWSLETTER TOJOIN MORE STUDIES.
8064	JUDGMENT DAYTHANK YOU FOR JOINING US!SIGN-UP AT WELCOME.AMAZINGDISCOVERIES.ORCTO THE BIBLE/ PROPHECY E-NEWSLETTER TOJOIN MORE STUDIES.
